Time (sec),S:Load (lbs),S:HL1 (DIM),S:LVDT (in),S:Position (in),Ch:Position (mm),Ch:Load (N),Ch:Stress (MPa),Ch:Strain (mm/mm),Ch:HL1 (DIM),Set Point (),Cycles ()
0.1,0.023307133554418578,-780.0182257424293,-0.03301129233885067,-0.03301129233885067,-0.8384868254068069,0.1036752576194358,0.005280125165237372,0.0,-780.0182257424293,-7.998482801320824,0.0
0.2,0.05541215206315054,-779.9981178706319,-0.03300559139878185,-0.03300559139878185,-0.8383420215290589,0.2464854430503475,0.012553371176488285,0.0,-779.9981178706319,-7.091629044742749,0.0
0.3,0.02228557104977185,-779.9635575452842,-0.03300768673008388,-0.03300768673008388,-0.8383952429441304,0.09913112285501614,0.005048694823275586,0.0,-779.9635575452842,-6.202651027957195,0.0
0.4,-0.08788845189341091,-780.0110581308824,-0.03301495645940446,-0.03301495645940446,-0.8385798940688731,-0.39094716948130825,-0.01991072928348909,0.0,-780.0110581308824,-5.307997032543961,0.0
0.5,0.06105965082705785,-779.9241701364549,-0.03299038731724731,-0.03299038731724731,-0.8379558378580816,0.2716067600019353,0.01383278635100256,0.0,-779.9241701364549,-4.406351992579998,0.0
0.6,0.030104709683694466,-780.0453859150011,-0.03298689002697014,-0.03298689002697014,-0.8378670066850414,0.1339123717092034,0.006820085139251509,0.0,-780.0453859150011,-3.5078954496873345,0.0
0.7,-0.03621357995065117,-779.9356742823833,-0.032991999567929434,-0.032991999567929434,-0.8379967890254075,-0.16108597060808555,-0.008204021930638428,0.0,-779.9356742823833,-2.6047737466105034,0.0
0.8,0.03919217827780684,-780.0428910775555,-0.032997574296845626,-0.032997574296845626,-0.8381383871398789,0.17433543125890594,0.008878809842572239,0.0,-780.0428910775555,-1.7012010935210664,0.0
0.9,0.02458774944940284,-780.0081533240988,-0.033000520313843144,-0.033000520313843144,-0.8382132159716158,0.10937171885582271,0.005570242875264716,0.0,-780.0081533240988,-0.7942494827738604,0.0
1.0,0.019837091914666493,-779.9817976907316,-0.03299760619699475,-0.03299760619699475,-0.8381391974036667,0.08823974899665779,0.004494003004668082,0.0,-779.9817976907316,0.10349929556148059,0.0
1.1,0.0019168729052832449,-779.897258006937,-0.03300731555917091,-0.03300731555917091,-0.8383858152029412,0.008526672394739036,0.0004342588436332587,0.0,-779.897258006937,0.002318819204596898,0.0
1.2,0.2702375736183818,-779.9552086926674,-0.032970627247071525,-0.032970627247071525,-0.8374539320756167,1.2020761797207582,0.06122109395063703,0.0,-779.9552086926674,0.003071631069516056,0.0
1.3,0.4170630817211262,-780.0202931424778,-0.0329486764829117,-0.0329486764829117,-0.8368963826659571,1.8551883413735482,0.0944837454226406,0.0,-780.0202931424778,0.0067710612362636285,0.0
1.4,0.6891102209003055,-779.9350440442204,-0.03292937167388809,-0.03292937167388809,-0.8364060405167575,3.065313866813157,0.1561147882257783,0.0,-779.9350440442204,0.015737257534286342,0.0
1.5,0.9009476467315248,-780.0106852452446,-0.03292357229448136,-0.03292357229448136,-0.8362587362798265,4.007613341144103,0.20410559415045088,0.0,-780.0106852452446,0.021449579326265355,0.0
1.6,1.2072166580060135,-780.039572292815,-0.03289704447196075,-0.03289704447196075,-0.835584929587803,5.369965282475509,0.27348944652281687,0.0,-780.039572292815,0.0272326131402615,0.0
1.7,1.4028735841902251,-779.9775657654106,-0.03287905202664605,-0.03287905202664605,-0.8351279214768097,6.240290334666644,0.31781463380018554,0.0,-779.9775657654106,0.03299960913300292,0.0
1.8,1.6138363122484147,-779.9952764575984,-0.03283907417365263,-0.03283907417365263,-0.8341124840107768,7.178698960869643,0.36560728092027717,0.0,-779.9952764575984,0.0357441101700995,0.0
1.9,1.8141921333003181,-779.9523166816368,-0.032834728662589116,-0.032834728662589116,-0.8340021080297635,8.06992573118914,0.41099698147130836,0.0,-779.9523166816368,0.03189920987181995,0.0
2.0,2.082946185541083,-780.0274869182074,-0.03283491203662369,-0.03283491203662369,-0.8340067657302417,9.265402881447557,0.4718819903971253,0.0,-780.0274869182074,0.041136607612645926,0.0
2.1,2.3342068268938463,-779.980924825117,-0.03279167197425212,-0.03279167197425212,-0.8329084681460037,10.383065491525745,0.5288039466017694,0.0,-779.980924825117,0.04777504250098967,0.0
2.2,2.548436059708705,-779.9682725333582,-0.03275640007134576,-0.03275640007134576,-0.8320125618121823,11.336004249517455,0.5773366055267356,0.0,-779.9682725333582,0.0655770891320281,0.0
2.3,2.887664402651792,-779.9860977220225,-0.03274793667975029,-0.03274793667975029,-0.8317975916656573,12.844966549163754,0.6541872446734787,0.0,-779.9860977220225,0.06014737466535675,0.0
2.4,3.101651218503818,-780.0014491766045,-0.032725559342888094,-0.032725559342888094,-0.8312292073093576,13.796826983173053,0.7026649851374104,0.0,-780.0014491766045,0.07084921909152883,0.0
2.5,3.084272636836431,-780.0348809187045,-0.03271355923039611,-0.03271355923039611,-0.8309244044520611,13.71952322862855,0.6987279464542169,0.0,-780.0348809187045,0.07998555224446614,0.0
2.6,3.3730863766326893,-779.9548124104323,-0.03271319944100249,-0.03271319944100249,-0.8309152658014632,15.00423028226506,0.7641573864153328,0.0,-779.9548124104323,0.07952148953528766,0.0
2.7,3.722065210842952,-779.9931387749843,-0.03269115382675721,-0.03269115382675721,-0.8303553071996331,16.556564912175837,0.8432169550382397,0.0,-779.9931387749843,0.08108102487573912,0.0
2.8,3.938744419128664,-779.9751848013746,-0.03266507643004009,-0.03266507643004009,-0.8296929413230182,17.520401700056507,0.8923046447698755,0.0,-779.9751848013746,0.08676918907571589,0.0
2.9,4.214992515324337,-780.017538912043,-0.03263345097573917,-0.03263345097573917,-0.8288896547837749,18.74921400651602,0.9548873952898406,0.0,-780.017538912043,0.08831364210689585,0.0
3.0,4.448606402181149,-779.9993494154629,-0.032608648373479904,-0.032608648373479904,-0.8282596686863896,19.788379970310228,1.0078115594759474,0.0,-779.9993494154629,0.1001486114258971,0.0
3.1,4.810148171910517,-780.0518613995853,-0.03258441991999947,-0.03258441991999947,-0.8276442659679865,21.3965973012558,1.0897172040364551,0.0,-780.0518613995853,0.1094465773664383,0.0
3.2,4.825683471067039,-779.9957237352432,-0.03257428434502455,-0.03257428434502455,-0.8273868223636236,21.465701729669824,1.0932366554453692,0.0,-779.9957237352432,0.11184559684956746,0.0
3.3,5.108580227613839,-779.9617394838173,-0.032540876175088836,-0.032540876175088836,-0.8265382548472564,22.724088740076432,1.1573256297466987,0.0,-779.9617394838173,0.11804343704838455,0.0
3.4,5.505182749099473,-779.995350335696,-0.03253280865833279,-0.03253280865833279,-0.8263333399216528,24.488264008199256,1.2471741282505349,0.0,-779.995350335696,0.12296556738660823,0.0
3.5,5.644393871829437,-779.9570303594741,-0.0325166217689785,-0.0325166217689785,-0.8259221929320539,25.107505708549137,1.2787117753271777,0.0,-779.9570303594741,0.13458758937907217,0.0
3.6,5.878863029512588,-779.9843544758938,-0.032480626159746624,-0.032480626159746624,-0.8250079044575642,26.150476105138484,1.331829697231397,0.0,-779.9843544758938,0.126588719947558,0.0
3.7,6.032844028770247,-779.9318071684991,-0.03247785272980816,-0.03247785272980816,-0.8249374593371273,26.83541746565639,1.366713392699587,0.0,-779.9318071684991,0.13573571614834895,0.0
3.8,6.189725128173282,-780.0095024816077,-0.03247556483236137,-0.03247556483236137,-0.8248793467419788,27.533259109642955,1.402254092673438,0.0,-780.0095024816077,0.1436657884908814,0.0
3.9,6.54553582509487,-780.0819315113276,-0.032438439253718684,-0.032438439253718684,-0.8239363570444546,29.115983367903503,1.482861388739674,0.0,-780.0819315113276,0.15156505130352466,0.0
4.0,6.774959524196233,-779.9783755885458,-0.032406463793750215,-0.032406463793750215,-0.8231241803612555,30.136510454720167,1.534836284936092,0.0,-779.9783755885458,0.13838081897734605,0.0
4.1,6.9181971430903495,-780.0082594743939,-0.03241777286987178,-0.03241777286987178,-0.8234114308947432,30.773662895837354,1.5672861164164682,0.0,-780.0082594743939,0.15309763455797096,0.0
4.2,7.188260202353657,-780.0487146691141,-0.03237010817581912,-0.03237010817581912,-0.8222007476658055,31.974962797313584,1.62846767493321,0.0,-780.0487146691141,0.15985718562204462,0.0
4.3,7.462845807011929,-779.9674367321038,-0.032349423402021,-0.032349423402021,-0.8216753544113334,33.1963799756666,1.690673795552157,0.0,-779.9674367321038,0.1609428638204921,0.0
4.4,7.637353790146073,-779.9867835430373,-0.032339932761199106,-0.032339932761199106,-0.8214342921344573,33.972629876403566,1.7302077859130922,0.0,-779.9867835430373,0.17551594846064023,0.0
4.5,7.92780857437428,-779.9777330699033,-0.032320058939231434,-0.032320058939231434,-0.8209294970564784,35.26463665670316,1.7960089970309732,0.0,-779.9777330699033,0.17756553581669876,0.0
4.6,8.174241570569055,-780.0166187975393,-0.032289424227142496,-0.032289424227142496,-0.8201513753694194,36.36082483903668,1.8518372721689167,0.0,-780.0166187975393,0.17967865149077497,0.0
4.7,8.403567738477305,-779.9901476417876,-0.032269836312433894,-0.032269836312433894,-0.8196538423358208,37.38091808564952,1.9037900731168584,0.0,-779.9901476417876,0.1786806085943659,0.0
4.8,8.600387795742028,-779.9872830477922,-0.03223133182871967,-0.03223133182871967,-0.8186758284494796,38.256417000775606,1.9483787624535576,0.0,-779.9872830477922,0.18542266087136622,0.0
4.9,8.907943223029138,-779.9112672446729,-0.0322197480864383,-0.0322197480864383,-0.8183816013955327,39.62449120354267,2.018054046526237,0.0,-779.9112672446729,0.19230516035527123,0.0
5.0,9.161367727322085,-780.0341979882229,-0.03221887097442073,-0.03221887097442073,-0.8183593227502864,40.75177915202865,2.0754662160442394,0.0,-780.0341979882229,0.20469620549058032,0.0
5.1,9.356269663112647,-780.0005247099779,-0.03219117463774008,-0.03219117463774008,-0.8176558357985979,41.618745840850934,2.1196203636797013,0.0,-780.0005247099779,0.20151615222694141,0.0
5.2,9.512812892572962,-779.9818070093866,-0.032155142410846535,-0.032155142410846535,-0.816740617235502,42.3150845650009,2.155084520753802,0.0,-779.9818070093866,0.20245562885342622,0.0
5.3,9.850706934929175,-780.0862393463048,-0.03212279976150422,-0.03212279976150422,-0.8159191139422072,43.81811160209065,2.231632880167591,0.0,-780.0862393463048,0.21073049199152274,0.0
5.4,10.000909621185984,-780.0801484183714,-0.0321174602373324,-0.0321174602373324,-0.8157834900282428,44.48624619515192,2.2656606159995882,0.0,-780.0801484183714,0.22022357985768468,0.0
5.5,10.327386835614124,-779.8917090814587,-0.03209778380989929,-0.03209778380989929,-0.815283708771442,45.93848866991546,2.339622544940945,0.0,-779.8917090814587,0.23674008035543836,0.0
5.6,10.429175387706287,-780.0883559476831,-0.032061849113780204,-0.032061849113780204,-0.8143709674900171,46.39126654310286,2.3626822787421875,0.0,-780.0883559476831,0.2460736661856276,0.0
5.7,10.79649954652462,-779.9712535427673,-0.03206024905593816,-0.03206024905593816,-0.8143303260208293,48.02520521284175,2.445897897267214,0.0,-779.9712535427673,0.2363474309058966,0.0
5.8,10.96683803841885,-780.0424112703032,-0.03204267905415736,-0.03204267905415736,-0.8138840479755968,48.782908299255496,2.4844873083399794,0.0,-780.0424112703032,0.24866392856270914,0.0
5.9,11.117337935685923,-780.0381580051376,-0.03203328623547297,-0.03203328623547297,-0.8136454703810133,49.45236495227684,2.5185823759753925,0.0,-780.0381580051376,0.25614100302121834,0.0
6.0,11.413752481110226,-780.0991262452136,-0.032003849611548375,-0.032003849611548375,-0.8128977801333287,50.770882061524134,2.5857337439024257,0.0,-780.0991262452136,0.26074796947809414,0.0
6.1,11.671937285134879,-780.0450369286162,-0.03195649802637616,-0.03195649802637616,-0.8116950498699543,51.919344870482675,2.6442243376869197,0.0,-780.0450369286162,0.2589316425439258,0.0
6.2,11.92005203707046,-779.9607810692248,-0.031972068270803074,-0.031972068270803074,-0.812090534078398,53.023013872337565,2.700433606943599,0.0,-779.9607810692248,0.2581954858490987,0.0
6.3,12.068778593874171,-780.0694371420458,-0.0319373046428861,-0.0319373046428861,-0.8112075379293069,53.68458231684296,2.7341269323576753,0.0,-780.0694371420458,0.26745467197763123,0.0
6.4,12.29370155341074,-779.970228655983,-0.031931065537309795,-0.031931065537309795,-0.8110490646476688,54.685089123912725,2.7850822064635965,0.0,-779.970228655983,0.2657765933401937,0.0
6.5,12.615212080709458,-779.9843351125326,-0.0318952632086258,-0.0318952632086258,-0.8101396854990952,56.11523868165343,2.8579189550116335,0.0,-779.9843351125326,0.28146999504401987,0.0
6.6,12.803638471224984,-779.8990848850324,-0.03186723719714784,-0.03186723719714784,-0.809427824807555,56.953400720472395,2.9006060972993324,0.0,-779.8990848850324,0.2893545979930287,0.0
6.7,13.084366234761866,-780.0237266791629,-0.03185811586545653,-0.03185811586545653,-0.8091961429825959,58.202139572792426,2.9642036960933242,0.0,-780.0237266791629,0.28119248709066336,0.0
6.8,13.353072921248026,-779.9368292980398,-0.03182794160263145,-0.03182794160263145,-0.8084297167068388,59.397406029753895,3.0250779745227345,0.0,-779.9368292980398,0.2955886547455708,0.0
6.9,13.424015953986565,-779.9555565522879,-0.0318076023401554,-0.0318076023401554,-0.8079130994399472,59.71297624684212,3.04114979612132,0.0,-779.9555565522879,0.30249984071145414,0.0
7.0,13.785737030866215,-780.0143334208659,-0.03178990623332546,-0.03178990623332546,-0.8074636183264667,61.32199117543972,3.1230960619016916,0.0,-780.0143334208659,0.3124749781439484,0.0
7.1,14.084539684296677,-780.0831477994468,-0.031756779704568416,-0.031756779704568416,-0.8066222044960377,62.65113111448217,3.1907884448424837,0.0,-780.0831477994468,0.3183118007019256,0.0
7.2,14.215245930877371,-779.9245279810207,-0.03174571951209863,-0.03174571951209863,-0.8063412756073053,63.23254125464734,3.2203993508860367,0.0,-779.9245279810207,0.3206153662460787,0.0
7.3,14.4139941857022,-780.0682194452921,-0.031736123186376,-0.031736123186376,-0.8060975289339505,64.11661721672424,3.2654248646154436,0.0,-780.0682194452921,0.31836563762314773,0.0
7.4,14.752776846375943,-780.0236707976311,-0.03171944752927562,-0.03171944752927562,-0.8056739672436007,65.6235970235864,3.342174536469895,0.0,-780.0236707976311,0.32514788106983095,0.0
7.5,14.952502374889727,-779.955841173,-0.03170065806034179,-0.03170065806034179,-0.8051967147326813,66.51202011403198,3.3874214471113815,0.0,-779.955841173,0.3382013942581687,0.0
7.6,15.229195805095037,-779.9442022215603,-0.03166701202556644,-0.03166701202556644,-0.8043421054493876,67.74281336413985,3.450105086026985,0.0,-779.9442022215603,0.3343407094831711,0.0
7.7,15.378858512759757,-780.0422723348079,-0.03165457362116133,-0.03165457362116133,-0.8040261699774978,68.40854601362821,3.4840104921633923,0.0,-780.0422723348079,0.34234931406989805,0.0
7.8,15.535568728224762,-780.0016000842949,-0.03160361043570483,-0.03160361043570483,-0.8027317050669026,69.10562752826395,3.519512479157828,0.0,-780.0016000842949,0.35555491773380543,0.0
7.9,15.86145291031115,-780.0129289221035,-0.03159204333311473,-0.03159204333311473,-0.8024379006611141,70.55523206470427,3.5933400593177622,0.0,-780.0129289221035,0.3535805841646938,0.0
8.0,16.07217024606501,-779.9409220712208,-0.03159217875224202,-0.03159217875224202,-0.8024413403069471,71.49254913195131,3.6410771139267277,0.0,-779.9409220712208,0.351258911290489,0.0
8.1,16.38789381105385,-779.874768331291,-0.031572890527864626,-0.031572890527864626,-0.8019514194077615,72.89695700820596,3.712602852467836,0.0,-779.874768331291,0.36184385062015073,0.0
8.2,16.582028766527255,-780.091494341276,-0.03153226315286588,-0.03153226315286588,-0.8009194840827932,73.76051199984187,3.75658324419872,0.0,-780.091494341276,0.37170872055061904,0.0
8.3,16.692346524977452,-779.9541788545008,-0.031547564219288136,-0.031547564219288136,-0.8013081311699186,74.25122965933521,3.7815752309312556,0.0,-779.9541788545008,0.37275076753640746,0.0
8.4,16.95509614829568,-780.1429087688454,-0.03151281183514418,-0.03151281183514418,-0.8004254206126621,75.41999778877181,3.84109996377753,0.0,-780.1429087688454,0.38469929393946756,0.0
8.5,17.328672077261462,-779.9992966813918,-0.03147835445811722,-0.03147835445811722,-0.7995502032361773,77.08174570751598,3.9257318924123235,0.0,-779.9992966813918,0.3904930927752691,0.0
8.6,17.548277914649496,-780.0554392261974,-0.0314765487064124,-0.0314765487064124,-0.7995043371428749,78.05860078550218,3.975482596664231,0.0,-780.0554392261974,0.3860192666833691,0.0
8.7,17.692618745080345,-779.9004090604946,-0.03145176173351019,-0.03145176173351019,-0.7988747480311589,78.7006605542413,4.008182355703656,0.0,-779.9004090604946,0.39194537429655907,0.0
8.8,17.969093527024448,-779.991681573585,-0.031430070548516244,-0.031430070548516244,-0.7983237919323125,79.93048120878069,4.070816460849538,0.0,-779.991681573585,0.39913244625996425,0.0
8.9,18.232580717145453,-780.0368385873978,-0.03139951675496627,-0.03139951675496627,-0.7975477255761433,81.10253019762075,4.1305082861024065,0.0,-780.0368385873978,0.39883547083616777,0.0
9.0,18.467486256520385,-780.0249656427354,-0.03138431527415915,-0.03138431527415915,-0.7971616079636423,82.1474417159791,4.183725068295344,0.0,-780.0249656427354,0.41192369364276765,0.0
9.1,18.728357715624732,-780.0287647876021,-0.031361235371980545,-0.031361235371980545,-0.7965753784483058,83.30785535779624,4.242824311576075,0.0,-780.0287647876021,0.4143237778785773,0.0
9.2,18.919925424296785,-779.9905844195719,-0.031338869111907634,-0.031338869111907634,-0.7960072754424539,84.15999067086544,4.286223105213416,0.0,-779.9905844195719,0.42434124243104565,0.0
9.3,19.12959762888199,-780.007907423519,-0.03132408826995374,-0.03132408826995374,-0.7956318420568249,85.09265876474544,4.333723390106719,0.0,-780.007907423519,0.42260501920585647,0.0
9.4,19.351901464121973,-779.967205721301,-0.031292847693329066,-0.031292847693329066,-0.7948383314105583,86.08151513073665,4.3840853135083595,0.0,-779.967205721301,0.4263970143531355,0.0
9.5,19.67392680084843,-779.9229869459037,-0.031290808647098656,-0.031290808647098656,-0.7947865396363059,87.51395467407,4.457038689792208,0.0,-779.9229869459037,0.44517507666199513,0.0
9.6,19.684286711341503,-779.9649293976546,-0.031277445976419904,-0.031277445976419904,-0.7944471278010655,87.5600378351235,4.459385680423911,0.0,-779.9649293976546,0.4367798399372837,0.0
9.7,20.060104896757956,-780.0613001523852,-0.03126041918258781,-0.03126041918258781,-0.7940146472377303,89.23175980385668,4.544525582065529,0.0,-780.0613001523852,0.4434386683525543,0.0
9.8,20.305047573257692,-780.0811903403243,-0.031238426265405354,-0.031238426265405354,-0.7934560271412959,90.32131871631633,4.600016232050742,0.0,-780.0811903403243,0.44789465543845725,0.0
9.9,20.440058333579966,-780.0377709762828,-0.031207287027987245,-0.031207287027987245,-0.792665090510876,90.92187628059708,4.630602306116479,0.0,-780.0377709762828,0.45522428614132854,0.0
10.0,20.79199934727522,-779.9473392367845,-0.03117104710483525,-0.03117104710483525,-0.7917445964628153,92.48738733653657,4.710332943037258,0.0,-779.9473392367845,0.4573574848944753,0.0
10.1,20.958995110988027,-780.0167524076833,-0.031159171609270137,-0.031159171609270137,-0.7914429588754615,93.23022123259916,4.748165074234742,0.0,-780.0167524076833,0.46690309657338636,0.0
10.2,21.29445064744188,-780.0333786409539,-0.03114646444601525,-0.03114646444601525,-0.7911201969287873,94.72240125896393,4.824161001220469,0.0,-780.0333786409539,0.4687939573298885,0.0
10.3,21.461180534819754,-779.9930858721098,-0.031130743238926097,-0.031130743238926097,-0.7907208782687228,95.46405247859593,4.861932899342802,0.0,-779.9930858721098,0.4754242749532097,0.0
10.4,21.748146080854834,-780.0707762974796,-0.03110489924258529,-0.03110489924258529,-0.7900644407616664,96.74053835978009,4.926943639408204,0.0,-780.0707762974796,0.48451305188555394,0.0
10.5,22.01858445689099,-780.0569663860834,-0.031083212753001993,-0.031083212753001993,-0.7895136039262506,97.94350775283165,4.98821022423385,0.0,-780.0569663860834,0.49139717747037365,0.0
10.6,22.195573921665595,-779.9744837287395,-0.031064392786133065,-0.031064392786133065,-0.7890355767677798,98.73079582983134,5.028306382980969,0.0,-779.9744837287395,0.4954144335011451,0.0
10.7,22.344052878618296,-780.0151576746454,-0.031052632938507543,-0.031052632938507543,-0.7887368766380916,99.39126289572748,5.061943615774254,0.0,-780.0151576746454,0.49458956386735525,0.0
10.8,22.534349904676468,-780.0226618121045,-0.03102263127658738,-0.03102263127658738,-0.7879748344253195,100.23774593297996,5.10505454204125,0.0,-780.0226618121045,0.5054460296212193,0.0
10.9,22.9880983947474,-779.9841182487341,-0.03098726754011841,-0.03098726754011841,-0.7870765955190075,102.25611904148329,5.207849199973683,0.0,-779.9841182487341,0.5080482045680615,0.0
11.0,23.095705345511046,-780.029243560159,-0.030998750693944196,-0.030998750693944196,-0.7873682676261825,102.73477843200915,5.2322270655466845,0.0,-780.029243560159,0.5133092040011948,0.0
11.1,23.290138277650865,-780.0343145523282,-0.03095897639432873,-0.03095897639432873,-0.7863580004159496,103.59965888941213,5.276274962536904,0.0,-780.0343145523282,0.5104192957763125,0.0
11.2,23.579671820156758,-780.0229905081267,-0.030957349494228653,-0.030957349494228653,-0.7863166771534077,104.88756778385769,5.341867470530057,0.0,-780.0229905081267,0.5275780393577876,0.0
11.3,23.79039920283432,-779.9698689705444,-0.030913871237650593,-0.030913871237650593,-0.785212329436325,105.82492954203167,5.38960680122392,0.0,-779.9698689705444,0.5287137377562816,0.0
11.4,24.094145052218032,-779.997009003214,-0.030902742310741495,-0.030902742310741495,-0.7849296546928339,107.1760579041773,5.458419042738848,0.0,-779.997009003214,0.5431334133547082,0.0
11.5,24.272328248913418,-780.0597298792338,-0.03089568999658938,-0.03089568999658938,-0.7847505259133702,107.96865596338165,5.498785636026567,0.0,-780.0597298792338,0.5429928971415541,0.0
11.6,24.50433311919668,-780.0151528457264,-0.030853391801085164,-0.030853391801085164,-0.7836761517475631,109.00066466747306,5.551345284821648,0.0,-780.0151528457264,0.5394001121419293,0.0
11.7,24.68857838861717,-779.9675888036775,-0.03081579047252502,-0.03081579047252502,-0.7827210780021354,109.82022815981468,5.5930852131303626,0.0,-779.9675888036775,0.5433120425353948,0.0
11.8,25.00180629318825,-779.9064624028422,-0.030812441313803063,-0.030812441313803063,-0.7826360093705977,111.21353478948583,5.664045571147738,0.0,-779.9064624028422,0.5611182140505085,0.0
11.9,25.133776348043064,-780.0571176996061,-0.030781478017374804,-0.030781478017374804,-0.7818495416413199,111.80056662689212,5.69394278721121,0.0,-780.0571176996061,0.5561792770265119,0.0
12.0,25.481778275189814,-779.9830732352975,-0.030773376679310356,-0.030773376679310356,-0.781643767654483,113.34855575926484,5.772781041979365,0.0,-779.9830732352975,0.5691664006739598,0.0
12.1,25.773013129964276,-780.0129374138407,-0.03077380324664633,-0.03077380324664633,-0.7816546024648168,114.6440324649697,5.838758974533725,0.0,-780.0129374138407,0.5694304016369401,0.0
12.2,25.800771473393837,-779.9587240281594,-0.030726888206534513,-0.030726888206534513,-0.7804629604459766,114.76750768337993,5.845047501063403,0.0,-779.9587240281594,0.5866437411469757,0.0
12.3,25.97063702090754,-779.9775222511342,-0.03071554153758492,-0.03071554153758492,-0.7801747550546569,115.52310700914133,5.883529768736508,0.0,-779.9775222511342,0.581715846051826,0.0
12.4,26.41193594040538,-779.9263911546129,-0.03070554529686957,-0.03070554529686957,-0.7799208505404871,117.48610168883003,5.983504033044564,0.0,-779.9263911546129,0.5940840563010132,0.0
12.5,26.77553486353321,-779.9740274548863,-0.030662641783929655,-0.030662641783929655,-0.7788311013118132,119.10346969066569,6.065875716356795,0.0,-779.9740274548863,0.598366237585473,0.0
12.6,26.769558424515026,-780.0272556656114,-0.03064718727809039,-0.03064718727809039,-0.7784385568634958,119.07688517509622,6.064521781262858,0.0,-780.0272556656114,0.5945805319598688,0.0
12.7,26.98607896773411,-780.026929658909,-0.03063487565322815,-0.03063487565322815,-0.7781258415919949,120.04001618585421,6.113573526144854,0.0,-780.026929658909,0.6004458664205993,0.0
12.8,27.343516704966476,-779.9797224945141,-0.030600506565642994,-0.030600506565642994,-0.777252866767332,121.62997787736597,6.194549420797859,0.0,-779.9797224945141,0.6147139962432017,0.0
12.9,27.48046027488554,-779.9802528405288,-0.030597473682650984,-0.030597473682650984,-0.777175831539335,122.23913300395137,6.225573364092251,0.0,-779.9802528405288,0.6124921382922773,0.0
13.0,27.736398856064866,-779.8801031366207,-0.0305618843426617,-0.0305618843426617,-0.7762718623036071,123.37760411952486,6.283555086301241,0.0,-779.8801031366207,0.6133436627442754,0.0
13.1,27.980414369891275,-779.9161833640168,-0.030557288973817574,-0.030557288973817574,-0.7761551399349663,124.46303880843777,6.338835691797187,0.0,-779.9161833640168,0.6289056570054743,0.0
13.2,28.27313778501681,-780.0586789176187,-0.030522110524584124,-0.030522110524584124,-0.7752616073244367,125.76513695806747,6.405150850932898,0.0,-780.0586789176187,0.6409519141881934,0.0
13.3,28.443289205007623,-779.9824887602114,-0.03051802325472272,-0.03051802325472272,-0.775157790669957,126.52200790749902,6.443697881716273,0.0,-779.9824887602114,0.6331004961416509,0.0
13.4,28.72273083428383,-780.0665494430684,-0.030471689596323057,-0.030471689596323057,-0.7739809157466055,127.76502575167802,6.507004112639573,0.0,-780.0665494430684,0.6455003667703749,0.0
13.5,28.925449551893326,-780.0827838447859,-0.030463604106429152,-0.030463604106429152,-0.7737755443033004,128.66676320572293,6.552929116665288,0.0,-780.0827838447859,0.6428993412986872,0.0
13.6,29.113754296332587,-779.9628226999279,-0.030431384133345424,-0.030431384133345424,-0.7729571569869738,129.50438413603254,6.595588700587346,0.0,-779.9628226999279,0.6556946850500867,0.0
13.7,29.382517023335645,-779.9724126233477,-0.030433503047356595,-0.030433503047356595,-0.7730109774028575,130.69989987354208,6.656475674741129,0.0,-779.9724126233477,0.6529218929384336,0.0
13.8,29.573355215131375,-780.0519283897169,-0.03040960531438712,-0.03040960531438712,-0.7724039749854328,131.5487901350517,6.699709199646126,0.0,-780.0519283897169,0.665987698240752,0.0
13.9,29.8712578995868,-779.9178156630951,-0.030376013345748337,-0.030376013345748337,-0.7715507389820077,132.8739268141,6.767197698706391,0.0,-779.9178156630951,0.6672491825593463,0.0
14.0,30.02838769975551,-780.048878496475,-0.03039141286829262,-0.03039141286829262,-0.7719418868546325,133.57287473380646,6.802794740708248,0.0,-780.048878496475,0.6688158951843682,0.0
14.1,30.26384229535063,-780.0583864190573,-0.030354209308432044,-0.030354209308432044,-0.7709969164341739,134.62022857502458,6.856135909092161,0.0,-780.0583864190573,0.6761198394954426,0.0
14.2,30.669177269591376,-779.967369088929,-0.030312775333438798,-0.030312775333438798,-0.7699444934693455,136.42324771414175,6.9479627050747,0.0,-779.967369088929,0.6774272183898271,0.0
14.3,30.800694701969686,-779.9889530727143,-0.030298021712798714,-0.030298021712798714,-0.7695697515050873,137.0082661871956,6.977757381573496,0.0,-779.9889530727143,0.6797081590370959,0.0
14.4,31.03401206086538,-780.0080254000485,-0.030272450815689522,-0.030272450815689522,-0.7689202507185138,138.0461131293826,7.030614368697866,0.0,-780.0080254000485,0.6852582243214888,0.0
14.5,31.305512530121376,-780.003353291645,-0.030264901821060588,-0.030264901821060588,-0.7687285062549389,139.25380694673652,7.09212156591477,0.0,-780.003353291645,0.6954586771172974,0.0
14.6,31.475995162949133,-779.988809960437,-0.030235729921449753,-0.030235729921449753,-0.7679875400048237,140.0121512037336,7.13074363146084,0.0,-779.988809960437,0.6956554955903949,0.0
14.7,31.722331624333297,-780.0069789992874,-0.030228244061043994,-0.030228244061043994,-0.7677973991505174,141.10790997799185,7.186550037076233,0.0,-780.0069789992874,0.7083496722057269,0.0
14.8,31.999783619643786,-780.008625243414,-0.03021422092509409,-0.03021422092509409,-0.7674412114973899,142.3420774925719,7.249405525468392,0.0,-780.008625243414,0.7140089182890773,0.0
14.9,32.223523096515606,-780.0947978344333,-0.03019701497423108,-0.03019701497423108,-0.7670041803454694,143.33731990838265,7.300092686956081,0.0,-780.0947978344333,0.7189067119728474,0.0
15.0,32.35965586714835,-780.0670980683005,-0.03016514982328026,-0.03016514982328026,-0.7661948055113186,143.94286842136663,7.330932947357607,0.0,-780.0670980683005,0.7192685634442336,0.0
15.1,32.72741062766327,-779.9694525214838,-0.030144687844870243,-0.030144687844870243,-0.7656750712597041,145.5787225021843,7.414246116739713,0.0,-779.9694525214838,0.7272353569736334,0.0
15.2,32.86475298522413,-780.0352150445224,-0.030125057907698007,-0.030125057907698007,-0.7651764708555293,146.1896515239337,7.4453604035616845,0.0,-780.0352150445224,0.7320217019557346,0.0
15.3,33.066714462315986,-779.9727403370445,-0.03013381788650806,-0.03013381788650806,-0.7653989743173047,147.0880206055632,7.491113858190129,0.0,-779.9727403370445,0.7439609918982101,0.0
15.4,33.31057457890903,-779.9382268050377,-0.03009788157587449,-0.03009788157587449,-0.764486192027212,148.17276405339476,7.54635925914921,0.0,-779.9382268050377,0.7385052276632605,0.0
15.5,33.578331389819944,-780.0177475413224,-0.030062787567842104,-0.030062787567842104,-0.7635948042231894,149.36380525482488,7.607018347584663,0.0,-780.0177475413224,0.7458115166187997,0.0
15.6,33.94778612979022,-779.9858515109329,-0.030034156779750236,-0.030034156779750236,-0.762867582205656,151.00722121825544,7.690716639585201,0.0,-779.9858515109329,0.7517604807289027,0.0
15.7,33.992121040355315,-779.8961761776611,-0.030022380575352725,-0.030022380575352725,-0.7625684666139592,151.2044326541293,7.700760512051403,0.0,-779.8961761776611,0.75740785313118,0.0
15.8,34.31556408565738,-779.9652532178843,-0.030004927324181807,-0.030004927324181807,-0.7621251540342179,152.64317847710285,7.774035063768925,0.0,-779.9652532178843,0.7595674240631067,0.0
15.9,34.393953240993575,-779.9079063084624,-0.029998808788585858,-0.029998808788585858,-0.7619697432300807,152.99187068565243,7.791793770595998,0.0,-779.9079063084624,0.7653631757139484,0.0
16.0,34.7713939950976,-779.9233296473043,-0.029935074767940623,-0.029935074767940623,-0.7603508991056918,154.67081019687305,7.877301257798474,0.0,-779.9233296473043,0.7787819881577408,0.0
16.1,35.06553463762953,-779.9623319825239,-0.029945866574201094,-0.029945866574201094,-0.7606250109847078,155.97921248579644,7.943937483361163,0.0,-779.9623319825239,0.7757003854696976,0.0
16.2,35.22226999736349,-780.0055946880711,-0.02989758719810548,-0.02989758719810548,-0.7593987148318792,156.6764058476722,7.979445166675437,0.0,-780.0055946880711,0.7886731745734183,0.0
16.3,35.429151582175045,-780.0420996766618,-0.029878380008388578,-0.029878380008388578,-0.7589108522130699,157.59666065086267,8.026313249343655,0.0,-780.0420996766618,0.7994567806694683,0.0
16.4,35.72057648474721,-780.0555848994761,-0.029870813279975546,-0.029870813279975546,-0.7587186573113788,158.89298273098225,8.092334236362731,0.0,-780.0555848994761,0.8008638920065595,0.0
16.5,35.98554865111144,-779.975683553266,-0.029858844367761223,-0.029858844367761223,-0.758414646941135,160.07163722084695,8.15236247623361,0.0,-779.975683553266,0.7906182350742543,0.0
16.6,36.21645315441772,-779.9765908311663,-0.029831361821474816,-0.029831361821474816,-0.7577165902654602,161.09875125054398,8.204672841891723,0.0,-779.9765908311663,0.8087216256878736,0.0
16.7,36.53808903767231,-780.0087311104016,-0.029823780099603077,-0.029823780099603077,-0.7575240145299181,162.5294584191547,8.277537989261761,0.0,-780.0087311104016,0.8124364948959619,0.0
16.8,36.65253265090613,-779.9575766809456,-0.029789208081671747,-0.029789208081671747,-0.7566458852744623,163.03852878841369,8.303464669641643,0.0,-779.9575766809456,0.8179570194637673,0.0
16.9,36.83183785885679,-780.0302268557172,-0.029771351564536273,-0.029771351564536273,-0.7561923297392213,163.83611780052394,8.344085449479191,0.0,-780.0302268557172,0.812288950428614,0.0
17.0,37.09666099185536,-779.9444890465944,-0.029745627106411328,-0.029745627106411328,-0.7555389285028477,165.01410935719085,8.404079926518504,0.0,-779.9444890465944,0.829410610718708,0.0
17.1,37.33363364092556,-779.9979996467607,-0.02972100812368042,-0.02972100812368042,-0.7549136063414826,166.06821583423792,8.457765003016954,0.0,-779.9979996467607,0.8253542233842603,0.0
17.2,37.57922245228526,-780.001816328789,-0.029692749810368766,-0.029692749810368766,-0.7541958451833666,167.16064889670434,8.513402031917716,0.0,-780.001816328789,0.8424629236461955,0.0
17.3,37.80322952134316,-780.000013664849,-0.029693527056664108,-0.029693527056664108,-0.7542155872392683,168.15708162142909,8.564149815198832,0.0,-780.000013664849,0.8465376033665662,0.0
17.4,38.05035318190283,-780.0049295638393,-0.02965877571721739,-0.02965877571721739,-0.7533329032173217,169.2563420308038,8.620134557209258,0.0,-780.0049295638393,0.8591137659892524,0.0
17.5,38.1592995658235,-779.8755867855836,-0.029656692000277315,-0.029656692000277315,-0.7532799768070437,169.74095951468743,8.644815865275651,0.0,-779.8755867855836,0.849614896226726,0.0
17.6,38.561304410173285,-780.0805759914574,-0.029637286657022283,-0.029637286657022283,-0.7527870810883659,171.529165503421,8.735888235468348,0.0,-780.0805759914574,0.8491074987832103,0.0
17.7,38.69995578448676,-779.9911388728109,-0.029614087274976306,-0.029614087274976306,-0.7521978167843981,172.1459173196697,8.767299074085546,0.0,-779.9911388728109,0.8671631160474234,0.0
17.8,38.8929625277412,-779.937794690533,-0.02959729207025705,-0.02959729207025705,-0.751771218584529,173.00445377514896,8.81102387446646,0.0,-779.937794690533,0.8714776419199758,0.0
17.9,39.24846096094899,-779.9641243473714,-0.02955723547359185,-0.02955723547359185,-0.750753781029233,174.58578901571252,8.891560428607717,0.0,-779.9641243473714,0.8703792667288345,0.0
18.0,39.52765909819499,-780.0151040985853,-0.02953737140846662,-0.02953737140846662,-0.7502492337750521,175.82772375377291,8.954811497518355,0.0,-780.0151040985853,0.8842871344227681,0.0
18.1,39.70543198855811,-779.9129939487891,-0.02951344640545689,-0.02951344640545689,-0.749641538698605,176.61849668014395,8.995085137771527,0.0,-779.9129939487891,0.8861165088853336,0.0
18.2,39.9164156253928,-780.0534246428883,-0.029505988229295968,-0.029505988229295968,-0.7494521010241175,177.55699831318478,9.042882521679896,0.0,-780.0534246428883,0.8814169961647754,0.0
18.3,40.076040913254424,-780.065314806486,-0.029482557113118497,-0.029482557113118497,-0.7488569506732098,178.26704671115658,9.079044905075456,0.0,-780.065314806486,0.891289057845021,0.0
18.4,40.56594441998131,-779.9715964718533,-0.02947065090214141,-0.02947065090214141,-0.7485545329143918,180.44624528784925,9.19003031769031,0.0,-779.9715964718533,0.896005377220578,0.0
18.5,40.66501093840697,-780.0727234900617,-0.02945594194770995,-0.02945594194770995,-0.7481809254718327,180.88691495644068,9.212473387137289,0.0,-780.0727234900617,0.902876869757059,0.0
18.6,40.762172566302105,-780.1188974876484,-0.02941952785680218,-0.02941952785680218,-0.7472560075627753,181.31911125287635,9.234484912293167,0.0,-780.1188974876484,0.9095753824992415,0.0
18.7,41.019794561160275,-779.9558556681136,-0.029400880010270372,-0.029400880010270372,-0.7467823522608674,182.46507056284435,9.292848004219218,0.0,-779.9558556681136,0.9103248871297394,0.0
18.8,41.31160733867139,-779.961932484369,-0.029394199577110158,-0.029394199577110158,-0.7466126692585979,183.76311799602485,9.358956862542644,0.0,-779.961932484369,0.918006026215541,0.0
18.9,41.43425171542584,-779.9633856568528,-0.029356841822869156,-0.029356841822869156,-0.7456637823008765,184.30866716559152,9.386741388621925,0.0,-779.9633856568528,0.9271321540752375,0.0
19.0,41.78384565309955,-780.0243735572342,-0.029359678124037666,-0.029359678124037666,-0.7457358243505566,185.86373791103048,9.465940306138553,0.0,-780.0243735572342,0.9290038075941143,0.0
19.1,41.974877502900156,-779.9908526936156,-0.029323616538528954,-0.029323616538528954,-0.7448198600786354,186.71348960595054,9.509217703384289,0.0,-779.9908526936156,0.9332098891776061,0.0
19.2,42.32190731045143,-780.0482663289122,-0.02930769539513491,-0.02930769539513491,-0.7444154630364267,188.25715453649624,9.587835728876813,0.0,-780.0482663289122,0.9382275490467523,0.0
19.3,42.53746038622795,-779.9132824396694,-0.029286250722002027,-0.029286250722002027,-0.7438707683388515,189.21598203922687,9.636668298407276,0.0,-779.9132824396694,0.944439249167338,0.0
19.4,42.52307940988643,-779.9604487874248,-0.02927135824046809,-0.02927135824046809,-0.7434924993078894,189.152012292645,9.633410353585178,0.0,-779.9604487874248,0.9405513836530822,0.0
19.5,42.94211414530321,-779.9628871963815,-0.029230564425077266,-0.029230564425077266,-0.7424563363969625,191.01597098342063,9.728340768190508,0.0,-779.9628871963815,0.9561225058572868,0.0
19.6,43.06358099228284,-780.0974992370453,-0.029213995586947435,-0.029213995586947435,-0.7420354879084649,191.55628224149237,9.755858530251711,0.0,-780.0974992370453,0.955366633897188,0.0
19.7,43.480870140159674,-779.9596348978005,-0.029187386569475858,-0.029187386569475858,-0.7413596188646867,193.41247617486107,9.850393489934355,0.0,-779.9596348978005,0.966230966692751,0.0
19.8,43.65073643380091,-779.925301398901,-0.02917748150173356,-0.02917748150173356,-0.7411080301440324,194.16807881956188,9.88887592663926,0.0,-779.925301398901,0.9635285985760639,0.0
19.9,43.90975063693267,-779.9391868957176,-0.029171332714838013,-0.029171332714838013,-0.7409518509568855,195.32023097821664,9.947554417021474,0.0,-779.9391868957176,0.9806921788127572,0.0
20.0,44.03429556264227,-779.9605434832101,-0.029141707896551544,-0.029141707896551544,-0.7401993805724092,195.8742342076566,9.975769503827685,0.0,-779.9605434832101,0.9824559422936786,0.0
20.1,44.462810513291444,-780.0000478584515,-0.029129398762501875,-0.029129398762501875,-0.7398867285675476,197.78036298143326,10.072847618102024,0.0,-780.0000478584515,0.9797044744187369,0.0
20.2,44.70910121439963,-780.0170916423627,-0.029092581335874383,-0.029092581335874383,-0.7389515659312093,198.87591820391674,10.128643656934898,0.0,-780.0170916423627,0.9928380956882397,0.0
20.3,44.734416725054245,-779.9699179157191,-0.02906462793130974,-0.02906462793130974,-0.7382415494552673,198.9885271647208,10.134378770803197,0.0,-779.9699179157191,0.9930435350881165,0.0
20.4,45.064737197756756,-779.9808615322102,-0.02905301978976047,-0.02905301978976047,-0.7379467026599159,200.45786529780557,10.209211372437258,0.0,-779.9808615322102,1.01104076422744,0.0
20.5,45.22754996750737,-779.9881812734807,-0.02904187160589091,-0.02904187160589091,-0.7376635387896291,201.18209231646566,10.246095865366215,0.0,-779.9881812734807,1.0096799488971202,0.0
20.6,45.50473545545443,-780.0154612373394,-0.029019145371053188,-0.029019145371053188,-0.7370862924247509,202.41507434766152,10.308890977726586,0.0,-780.0154612373394,1.008431874696862,0.0
20.7,45.65433286093974,-779.9159371736038,-0.02899297330287773,-0.02899297330287773,-0.7364215218930943,203.08051651868936,10.342781589951075,0.0,-779.9159371736038,1.018733484116657,0.0
20.8,46.09898196369962,-780.0583921646098,-0.028989047079915946,-0.028989047079915946,-0.736321795829865,205.05841355056793,10.44351482304904,0.0,-780.0583921646098,1.0226377527921822,0.0
20.9,46.1410582944652,-780.0011316227906,-0.02895266318762389,-0.02895266318762389,-0.7353976449656467,205.24557832660602,10.453047024527935,0.0,-780.0011316227906,1.0339847955886665,0.0
21.0,46.41981946018151,-780.0290090436395,-0.028931739933357282,-0.028931739933357282,-0.734866194307275,206.48556931916858,10.516199099524755,0.0,-780.0290090436395,1.0349727738834829,0.0
21.1,46.70697529050676,-779.9483978475954,-0.02891874304396509,-0.02891874304396509,-0.7345360733167132,207.762901626738,10.581252947631167,0.0,-779.9483978475954,1.0409502874844303,0.0
21.2,46.86284644815612,-779.9284759246353,-0.028897046670955065,-0.028897046670955065,-0.7339849854422587,208.45625082761703,10.616564849891368,0.0,-779.9284759246353,1.0379818694947398,0.0
21.3,47.12374558496639,-779.9377955579595,-0.028870733574929804,-0.028870733574929804,-0.733316632803217,209.6167875859592,10.675670363430568,0.0,-779.9377955579595,1.052730819781744,0.0
21.4,47.33523783551349,-779.962229640912,-0.028860220612909257,-0.028860220612909257,-0.7330496035678951,210.5575516446878,10.7235829714636,0.0,-779.962229640912,1.0644325190181156,0.0
21.5,47.5976160477454,-780.070130098824,-0.028839808055452706,-0.028839808055452706,-0.7325311246084987,211.72466765590204,10.783023562816503,0.0,-780.070130098824,1.062340493183878,0.0
21.6,47.76103820754367,-779.8959383646227,-0.0288033694219447,-0.0288033694219447,-0.7316055833173953,212.4516053755599,10.8200461102908,0.0,-779.8959383646227,1.0641490266433207,0.0
21.7,48.04380943998865,-779.9741651955213,-0.028788501126469444,-0.028788501126469444,-0.7312279286123238,213.7094340271463,10.884106647677427,0.0,-779.9741651955213,1.0703577774666067,0.0
21.8,48.292760892255856,-780.0054231622498,-0.028753513900732715,-0.028753513900732715,-0.7303392530786109,214.81682485615033,10.940505467591052,0.0,-780.0054231622498,1.0699643866769877,0.0
21.9,48.51757269563102,-779.9989249701943,-0.028759746019806194,-0.028759746019806194,-0.7304975489030773,215.8168372161598,10.991435559773862,0.0,-779.9989249701943,1.08085153864429,0.0
22.0,48.77726917452514,-780.0169759566826,-0.02874724160137951,-0.02874724160137951,-0.7301799366750394,216.9720242875062,11.050268616628784,0.0,-780.0169759566826,1.0796200265409484,0.0
22.1,48.98704401287887,-779.9788059713638,-0.028699609857127314,-0.028699609857127314,-0.7289700903710338,217.90514891896805,11.097792152735831,0.0,-779.9788059713638,1.090524287265378,0.0
22.2,49.29097600636747,-779.9844916095944,-0.028679021904857126,-0.028679021904857126,-0.728447156383371,219.25710529104393,11.166646564351613,0.0,-779.9844916095944,1.0935541470870827,0.0
22.3,49.45174595108007,-780.0180050022833,-0.028675550885381762,-0.028675550885381762,-0.7283589924886967,219.9722453745134,11.203068264553774,0.0,-780.0180050022833,1.0965316927132147,0.0
22.4,49.69769291021968,-780.1284945718388,-0.02866242332532609,-0.02866242332532609,-0.7280255524632826,221.0662715570974,11.258786430206131,0.0,-780.1284945718388,1.1087796778910588,0.0
22.5,49.89544004543939,-780.0017560667524,-0.02862778236418514,-0.02862778236418514,-0.7271456720503026,221.94589431892442,11.303585144839541,0.0,-780.0017560667524,1.1036199250644538,0.0
22.6,50.1381308818866,-779.976158202188,-0.02862440521524131,-0.02862440521524131,-0.7270598924671292,223.02543655142563,11.358565650696491,0.0,-779.976158202188,1.1160580378110305,0.0
22.7,50.32172542049433,-779.9736916077554,-0.02858988151089184,-0.02858988151089184,-0.7261829903766527,223.8421054499513,11.400158158897442,0.0,-779.9736916077554,1.1148247793740846,0.0
22.8,50.6753602670726,-780.0076732500388,-0.028587866689501414,-0.028587866689501414,-0.7261318139133359,225.41515104719767,11.480272525958627,0.0,-780.0076732500388,1.1357939658911305,0.0
22.9,50.79668326867276,-779.9773342615268,-0.028548002728213024,-0.028548002728213024,-0.7251192692966107,225.95482244937554,11.507757700502955,0.0,-779.9773342615268,1.1417095334169134,0.0
23.0,51.056800971838584,-779.9485840529782,-0.028546402476355343,-0.028546402476355343,-0.7250786228994257,227.11188321895182,11.566686183801975,0.0,-779.9485840529782,1.1412573257753857,0.0
23.1,51.36469774825631,-780.0235125141282,-0.028507143072743796,-0.028507143072743796,-0.7240814340476923,228.4814758177487,11.636438798968612,0.0,-780.0235125141282,1.1517022134154415,0.0
23.2,51.60098572365254,-779.926686047729,-0.028469175267200362,-0.028469175267200362,-0.7231170517868891,229.5325367156657,11.689968765758374,0.0,-779.926686047729,1.1503712471621048,0.0
23.3,51.7802160334511,-780.097757915091,-0.028466593035139168,-0.028466593035139168,-0.7230514630925349,230.32979256431784,11.730572577760011,0.0,-780.097757915091,1.1553068613131416,0.0
23.4,51.904381871897016,-780.063052426686,-0.028435799400138902,-0.028435799400138902,-0.7222693047635281,230.88210953020976,11.75870178406976,0.0,-780.063052426686,1.155656836780075,0.0
23.5,52.30229294937798,-780.0452572475187,-0.02842948825648118,-0.02842948825648118,-0.7221090017146219,232.65210554328212,11.848846729986356,0.0,-780.0452572475187,1.15849522536576,0.0
23.6,52.524803826811194,-780.1222233354738,-0.0284115680225007,-0.0284115680225007,-0.7216538277715178,233.64188287849808,11.89925555785577,0.0,-780.1222233354738,1.1688011796457358,0.0
23.7,52.6454091209351,-780.0499881310517,-0.028397199678926,-0.028397199678926,-0.7212888718447203,234.17836175992593,11.92657813903366,0.0,-780.0499881310517,1.1706737900257624,0.0
23.8,53.02598231048439,-779.9375814012182,-0.028351391513633188,-0.028351391513633188,-0.720125344446283,235.87123503314285,12.012795265247917,0.0,-779.9375814012182,1.1763509320704264,0.0
23.9,53.16011140454192,-779.9379235467374,-0.02834195009864358,-0.02834195009864358,-0.7198855325055469,236.46787075191148,12.043181601828952,0.0,-779.9379235467374,1.1873754082981673,0.0
24.0,53.36480806725668,-779.9951320768637,-0.028304722821736024,-0.028304722821736024,-0.718939959672095,237.37840654093253,12.089554700327604,0.0,-779.9951320768637,1.1882809598346389,0.0
24.1,53.68058335082456,-779.913949901663,-0.028312309892591873,-0.028312309892591873,-0.7191326712718336,238.78304447280485,12.161092155477709,0.0,-779.913949901663,1.1863035330797933,0.0
24.2,53.89545625302544,-779.9880254890027,-0.028282328334574922,-0.028282328334574922,-0.718371139698203,239.73884641383285,12.209770634776309,0.0,-779.9880254890027,1.1982128681699644,0.0
24.3,54.15452406294809,-780.0248905978308,-0.028258881245761393,-0.028258881245761393,-0.7177755836423394,240.89123702728696,12.268461269533331,0.0,-780.0248905978308,1.2006664130655689,0.0
24.4,54.265928324864625,-779.9879184615309,-0.02822512709973197,-0.02822512709973197,-0.716918228333192,241.3867876932293,12.293699398687512,0.0,-779.9879184615309,1.2081986523700725,0.0
24.5,54.72981179648159,-780.0068573305182,-0.02820060517328142,-0.02820060517328142,-0.716295371401348,243.45024342934536,12.398790090621102,0.0,-780.0068573305182,1.209371536528989,0.0
24.6,54.80031093197674,-779.963203326975,-0.028204886156445567,-0.028204886156445567,-0.7164041083737174,243.76383909383756,12.41476134931691,0.0,-779.963203326975,1.2260504386031645,0.0
24.7,54.97048283794165,-780.0751525319877,-0.028189308765064605,-0.028189308765064605,-0.716008442632641,244.52080116938882,12.453313021104599,0.0,-780.0751525319877,1.234753421278401,0.0
24.8,55.349423792493376,-779.9500292528335,-0.028174910083804107,-0.028174910083804107,-0.7156427161286243,246.2064139022449,12.539160371899408,0.0,-779.9500292528335,1.2248701772301847,0.0
24.9,55.51712421831236,-780.0229763365594,-0.02812375010041095,-0.02812375010041095,-0.7143432525504381,246.95238229038142,12.577152141094036,0.0,-780.0229763365594,1.2388607237893523,0.0
25.0,55.79632827487864,-779.9572338491745,-0.028117562977483107,-0.028117562977483107,-0.7141860996280709,248.19434335888067,12.64040455099978,0.0,-779.9572338491745,1.243797065237172,0.0
25.1,55.98488059666525,-780.0770520100923,-0.028102743507390317,-0.028102743507390317,-0.713809685087714,249.0330655676983,12.683120222444526,0.0,-780.0770520100923,1.2406242471952151,0.0
25.2,56.2371214266558,-780.0209629327726,-0.02807634884139268,-0.02807634884139268,-0.713139260571374,250.15508827247885,12.740264235929658,0.0,-780.0209629327726,1.2516915594138072,0.0
25.3,56.491091833920414,-779.9960968389825,-0.028080989229128456,-0.028080989229128456,-0.7132571264198627,251.28480451748146,12.797800077284515,0.0,-779.9960968389825,1.2634309794123184,0.0
25.4,56.6575257255491,-779.9549273685525,-0.02805223217773525,-0.02805223217773525,-0.7125266973144753,252.02513908290203,12.835504918915305,0.0,-779.9549273685525,1.2657985572564379,0.0
25.5,56.98702382314539,-780.0608765534586,-0.028005193527685723,-0.028005193527685723,-0.7113319156032173,253.4908191105918,12.910151215207119,0.0,-780.0608765534586,1.2748476602713892,0.0
25.6,57.1429222218881,-779.9166277872046,-0.027990156928091973,-0.027990156928091973,-0.7109499859735361,254.18428948584707,12.945469288813193,0.0,-779.9166277872046,1.2660864159178908,0.0
25.7,57.34932527079524,-779.9758668262498,-0.027972182161775612,-0.027972182161775612,-0.7104934269091006,255.10241565605682,12.99222896134743,0.0,-779.9758668262498,1.273392069826897,0.0
25.8,57.646540371112884,-780.0262887709201,-0.02796326552888682,-0.02796326552888682,-0.7102669444337252,256.42449380959175,13.059561691346664,0.0,-780.0262887709201,1.2837679615439876,0.0
25.9,57.904725654380705,-779.9391348982906,-0.0279269409123699,-0.0279269409123699,-0.7093442991741954,257.57295875032935,13.11805239370152,0.0,-779.9391348982906,1.2892689808866615,0.0
26.0,58.09262690425236,-779.9948644488488,-0.027894601012679324,-0.027894601012679324,-0.7085228657220548,258.40878484803346,13.160620567763353,0.0,-779.9948644488488,1.2928048505340046,0.0
26.1,58.28327173524066,-779.9420851509644,-0.0279041984513704,-0.0279041984513704,-0.7087666406648081,259.2568149981322,13.203810287656337,0.0,-779.9420851509644,1.2959337534141608,0.0
26.2,58.61660819111593,-779.8838426095626,-0.02787137310337293,-0.02787137310337293,-0.7079328768256724,260.7395688878857,13.27932614656917,0.0,-779.8838426095626,1.3010014157605079,0.0
26.3,58.68945260443351,-779.961573581117,-0.027855439012446432,-0.027855439012446432,-0.7075281509161393,261.06359686409326,13.2958287172953,0.0,-779.961573581117,1.3052010010635833,0.0
26.4,58.97201544542681,-780.0263339731785,-0.027827046759890943,-0.027827046759890943,-0.70680698770123,262.32049854465646,13.359842044545783,0.0,-780.0263339731785,1.3156802346949001,0.0
26.5,59.277571014105455,-780.0212853717695,-0.02781008283344983,-0.02781008283344983,-0.7063761039696257,263.67967693636416,13.42906426974098,0.0,-780.0212853717695,1.3048125130996886,0.0
26.6,59.41647772220116,-779.9708722826811,-0.027791260483942436,-0.027791260483942436,-0.7058980162921379,264.29756453344964,13.460532953065934,0.0,-779.9708722826811,1.3317960943634282,0.0
26.7,59.74352503157508,-779.9856047291453,-0.02777817814093454,-0.02777817814093454,-0.7055657247797372,265.7523429159529,13.534624034425917,0.0,-779.9856047291453,1.3263444797534365,0.0
26.8,59.97130267500476,-780.0416514981777,-0.02774908154308488,-0.02774908154308488,-0.7048266711943559,266.7655479850097,13.586226024191987,0.0,-780.0416514981777,1.327017069843691,0.0
26.9,60.268982006467695,-780.0334054757813,-0.027734634305213595,-0.027734634305213595,-0.7044597113524252,268.08969114080975,13.653663923647045,0.0,-780.0334054757813,1.3420774140640757,0.0
27.0,60.38003839341249,-779.9667108985359,-0.027709521062486107,-0.027709521062486107,-0.7038218349871471,268.5836943823453,13.678823243307628,0.0,-779.9667108985359,1.337514548758965,0.0
27.1,60.63288727053379,-779.8826650814569,-0.02768825793754456,-0.02768825793754456,-0.7032817516136318,269.70842181453384,13.736105007106381,0.0,-779.8826650814569,1.3516571244960878,0.0
27.2,60.930936545578604,-780.1315183690654,-0.027660645547650665,-0.027660645547650665,-0.7025803969103268,271.03421056077366,13.803626715598352,0.0,-780.1315183690654,1.3529032251507909,0.0
27.3,60.97608689813872,-779.9638041931089,-0.027652577379238815,-0.027652577379238815,-0.7023754654326658,271.2350492620386,13.81385532274197,0.0,-779.9638041931089,1.3630508073228504,0.0
27.4,61.58427265569413,-780.0105523591511,-0.02762955411103364,-0.02762955411103364,-0.7017906744202544,273.94039331251173,13.951637041635433,0.0,-780.0105523591511,1.3692293338328991,0.0
27.5,61.56144428275487,-779.961031764313,-0.0275951659430576,-0.0275951659430576,-0.700917214953663,273.8388476874359,13.946465377511375,0.0,-779.961031764313,1.376941247863978,0.0
27.6,61.79270689725188,-779.9566139310967,-0.02758763458710755,-0.02758763458710755,-0.7007259185125317,274.86755467449376,13.99885687163197,0.0,-779.9566139310967,1.3731760338108618,0.0
27.7,62.133371489566514,-779.997358095748,-0.027567636660432417,-0.027567636660432417,-0.7002179711749833,276.38290572731955,14.07603288654543,0.0,-779.997358095748,1.3793824766906104,0.0
27.8,62.305974121188875,-780.050798677351,-0.027535940019829362,-0.027535940019829362,-0.6994128765036658,277.1506802053548,14.11513522818206,0.0,-780.050798677351,1.3859624663153145,0.0
27.9,62.42201677433027,-780.0698525946751,-0.0275214231625304,-0.0275214231625304,-0.6990441483282721,277.66686345591137,14.141424163784636,0.0,-780.0698525946751,1.384136255495361,0.0
28.0,62.81767370752509,-780.0937089344296,-0.027502801701216713,-0.027502801701216713,-0.6985711632109045,279.42683253928726,14.23105844355932,0.0,-780.0937089344296,1.3993619061946814,0.0
28.1,63.06644679426743,-779.9388827199882,-0.027481077875679893,-0.027481077875679893,-0.6980193780422692,280.53342995919627,14.287416855574039,0.0,-779.9388827199882,1.4022276246903482,0.0
28.2,63.211777972018204,-780.0104851182879,-0.027475235736666336,-0.027475235736666336,-0.6978709877113249,281.1798950106908,14.320340973297213,0.0,-780.0104851182879,1.4000677819162954,0.0
28.3,63.45649744594085,-780.027013748368,-0.027437789200193744,-0.027437789200193744,-0.696919845684921,282.268461068983,14.375781057753144,0.0,-780.027013748368,1.4180105112352657,0.0
28.4,63.74163122313767,-780.0138859705413,-0.027408698960087657,-0.027408698960087657,-0.6961809535862264,283.5367988393854,14.440376818914459,0.0,-780.0138859705413,1.4239758504730147,0.0
28.5,63.88093027524949,-780.0669733859198,-0.027395703478391653,-0.027395703478391653,-0.695850868351148,284.1564316689703,14.471934385992885,0.0,-780.0669733859198,1.4157489500410787,0.0
28.6,64.20515275704524,-779.984769271024,-0.02739663011652003,-0.02739663011652003,-0.6958744049596087,285.59864459694376,14.545385515505156,0.0,-779.984769271024,1.4303832905558371,0.0
28.7,64.42239364612182,-779.9340649251978,-0.02735778144601122,-0.02735778144601122,-0.6948876487286849,286.564979864552,14.59460045146687,0.0,-779.9340649251978,1.438964293640573,0.0
28.8,64.59679890167818,-779.9430769684615,-0.02734922700124812,-0.02734922700124812,-0.6946703658317022,287.34077281042295,14.634111169362003,0.0,-779.9430769684615,1.4420987216079277,0.0
28.9,64.78179683485736,-780.0782899535614,-0.02732199885139353,-0.02732199885139353,-0.6939787708253956,288.1636843167492,14.676021610224048,0.0,-780.0782899535614,1.4381816137614847,0.0
29.0,65.09383425581501,-779.9318244058096,-0.02729799206101504,-0.02729799206101504,-0.6933689983497819,289.55169541340143,14.74671226959009,0.0,-779.9318244058096,1.4412874253089105,0.0
29.1,65.28337464623797,-780.0382118447363,-0.027290767166519188,-0.027290767166519188,-0.6931854860295873,290.3948127688887,14.789651783493184,0.0,-780.0382118447363,1.4528838459469002,0.0
29.2,65.64331907994834,-780.0956476132621,-0.027245041509966355,-0.027245041509966355,-0.6920240543531454,291.99592479780785,14.871195558839206,0.0,-780.0956476132621,1.4561680284559344,0.0
29.3,65.81886454006114,-780.0614736117706,-0.027238644884030452,-0.027238644884030452,-0.6918615800543735,292.7767896243908,14.910964584893852,0.0,-780.0614736117706,1.4637963503612224,0.0
29.4,66.0952586999622,-780.0483257055622,-0.027209589906620715,-0.027209589906620715,-0.6911235836281662,294.0062516543459,14.973580425482345,0.0,-780.0483257055622,1.4685092391294374,0.0
29.5,66.28495783974674,-780.000347392017,-0.027190724875009755,-0.027190724875009755,-0.6906444118252477,294.85007516191826,15.016555903331716,0.0,-780.000347392017,1.476848472894806,0.0
29.6,66.52697510468849,-780.0515987736493,-0.027163191809959117,-0.027163191809959117,-0.6899450719729615,295.9266212001774,15.07138381462579,0.0,-780.0515987736493,1.4765959126378039,0.0
29.7,66.68980254430308,-780.075512273039,-0.02714427339600545,-0.02714427339600545,-0.6894645442585384,296.6509134736198,15.10827163094575,0.0,-780.075512273039,1.4837773680631554,0.0
29.8,67.02103080794062,-780.0132247017566,-0.027150488384727143,-0.027150488384727143,-0.6896224049720694,298.1242896604976,15.183309888489818,0.0,-780.0132247017566,1.504614694985128,0.0
29.9,67.32970653397427,-779.9038048028603,-0.02711487437687069,-0.02711487437687069,-0.6887178091725156,299.4973471985551,15.253238971151264,0.0,-779.9038048028603,1.4943125314661172,0.0
30.0,67.42182125284826,-780.0351175441194,-0.027116212244142804,-0.027116212244142804,-0.6887517910012272,299.9070937333447,15.274107142008896,0.0,-780.0351175441194,1.503831367453993,0.0
30.1,67.40272910100799,-779.9767873242275,-0.02709932595879286,-0.02709932595879286,-0.6883228793533387,299.8221676416858,15.269781901791992,0.0,-779.9767873242275,1800.001587801085,0.0
30.2,67.4320624855207,-779.9960026584386,-0.02708770396211544,-0.02708770396211544,-0.6880276806377321,299.9526489893429,15.276427246719779,0.0,-779.9960026584386,1800.001232440425,0.0
30.3,67.41024857469272,-779.8670966142903,-0.027085705222448374,-0.027085705222448374,-0.6879769126501887,299.85561591491967,15.271485404375841,0.0,-779.8670966142903,1799.9955793249735,0.0
30.4,67.39539775694635,-780.094912907983,-0.027081949929394236,-0.027081949929394236,-0.6878815282066135,299.78955621040393,15.26812101911912,0.0,-780.094912907983,1800.0027714392502,0.0
30.5,67.45202757354413,-779.9452309176393,-0.027098605965472877,-0.027098605965472877,-0.688304591523011,300.04145809319044,15.280950246661085,0.0,-779.9452309176393,1799.9998755393829,0.0
30.6,67.42308715398181,-780.06406924979,-0.0270916285481652,-0.0270916285481652,-0.688127365123396,299.91272474008497,15.274393926156606,0.0,-780.06406924979,1800.0042183603377,0.0
30.7,67.53974895085062,-780.029620762701,-0.02709385145266806,-0.02709385145266806,-0.6881838268977687,300.4316620781528,15.300823125956342,0.0,-780.029620762701,1800.010384569139,0.0
30.8,67.44272101939349,-780.0048340826696,-0.02708215132085862,-0.02708215132085862,-0.6878866435498089,300.0000604928865,15.278841889120779,0.0,-780.0048340826696,1800.0010493280372,0.0
30.9,67.46455292078392,-779.8406956899101,-0.02707893518906951,-0.02707893518906951,-0.6878049538023655,300.0971735932894,15.283787807144863,0.0,-779.8406956899101,1800.0039315173117,0.0
31.0,67.50691435234766,-780.0381502655142,-0.027098403521963174,-0.027098403521963174,-0.6882994494578646,300.2856065603999,15.293384596913668,0.0,-780.0381502655142,1799.9950051265664,0.0
31.1,67.42242363108134,-780.0944442056624,-0.027056971839303716,-0.027056971839303716,-0.6872470847183143,299.90977324424864,15.274243608059518,0.0,-780.0944442056624,1800.0007054264836,0.0
31.2,67.53960482215959,-779.935131819983,-0.027094848596318173,-0.027094848596318173,-0.6882091543464816,300.4310209620267,15.300790474256516,0.0,-779.935131819983,1800.0078769130048,0.0
31.3,67.40003680938531,-780.0419618054165,-0.027098477073309323,-0.027098477073309323,-0.6883013176620568,299.81019173624395,15.269171975362562,0.0,-780.0419618054165,1799.9998186085843,0.0
31.4,67.38819161134884,-780.0121475176845,-0.027088809788608906,-0.027088809788608906,-0.6880557686306662,299.75750168943415,15.26648849958921,0.0,-780.0121475176845,1799.9969319207926,0.0
31.5,67.41800538065674,-780.0012020911472,-0.0270872162651258,-0.0270872162651258,-0.6880152931341953,299.89011989434493,15.273242673508781,0.0,-780.0012020911472,1800.001148021608,0.0
31.6,67.43497056854423,-779.995150560721,-0.027089332046428757,-0.027089332046428757,-0.6880690339792904,299.96558478240985,15.277086059710202,0.0,-779.995150560721,1799.999191576961,0.0
31.7,67.348198726675,-780.0085069314179,-0.02710128495531149,-0.02710128495531149,-0.6883726378649118,299.57960453997026,15.25742829335219,0.0,-780.0085069314179,1799.9989111756672,0.0
31.8,67.4403405327887,-779.9866121782013,-0.027080050179261204,-0.027080050179261204,-0.6878332745532345,299.98947156476135,15.278302600700856,0.0,-779.9866121782013,1799.9982500670474,0.0
31.9,67.33024760980081,-779.9806320198882,-0.02709422995033743,-0.02709422995033743,-0.6881934407385707,299.49975402286816,15.253361549420328,0.0,-779.9806320198882,1800.0100458293457,0.0
32.0,67.53659700288287,-779.957303859089,-0.02707938348730956,-0.02707938348730956,-0.6878163405776627,300.41764152016367,15.300109066471283,0.0,-779.957303859089,1799.9957569090507,0.0
32.1,67.43724476635097,-780.021361656795,-0.02708082257036124,-0.02708082257036124,-0.6878528932871754,299.9757009145777,15.277601268886055,0.0,-780.021361656795,1799.9980467937833,0.0
32.2,67.39941205304396,-780.0374365071677,-0.027107476741269718,-0.027107476741269718,-0.6885299092282507,299.80741268259123,15.269030439653232,0.0,-780.0374365071677,1799.997258798178,0.0
32.3,67.38144663809679,-780.0531775139334,-0.02710453132024569,-0.02710453132024569,-0.6884550955342404,299.7274985645149,15.264960456557926,0.0,-780.0531775139334,1800.0063105575005,0.0
32.4,67.4167803880513,-779.9703645549915,-0.027104730520354482,-0.027104730520354482,-0.6884601552170038,299.88467085773755,15.272965157002165,0.0,-779.9703645549915,1799.9987151293265,0.0
32.5,67.4276623367259,-780.0023149072598,-0.027092217413370465,-0.027092217413370465,-0.6881423222996098,299.9330761594709,15.275430413010994,0.0,-780.0023149072598,1800.0066306297488,0.0
32.6,67.37226277259592,-779.9723397714287,-0.02709416704775137,-0.02709416704775137,-0.6881918430128848,299.6866467103166,15.262879893573546,0.0,-779.9723397714287,1800.000941100035,0.0
32.7,67.38067394864758,-779.9730901879092,-0.02709201243658104,-0.02709201243658104,-0.6881371158891584,299.72406147185313,15.264785407275433,0.0,-779.9730901879092,1799.9999912725584,0.0
32.8,67.43008383094396,-779.9157061533323,-0.027102815297070208,-0.027102815297070208,-0.6884115085455832,299.94384749848155,15.275978991519302,0.0,-779.9157061533323,1799.992803936962,0.0
32.9,67.40758435411497,-779.9896247452217,-0.027090416715317225,-0.027090416715317225,-0.6880965845690574,299.8437648756613,15.270881837314045,0.0,-779.9896247452217,1800.006164156959,0.0
33.0,67.50605049460313,-779.9623814341655,-0.027080637142878696,-0.027080637142878696,-0.6878481834291188,300.2817639311035,15.29318889386827,0.0,-779.9623814341655,1800.0028116708336,0.0
33.1,67.51944847877886,-780.0601294913148,-0.027108024136122837,-0.027108024136122837,-0.68854381305752,300.34136111227366,15.296224146283352,0.0,-780.0601294913148,1800.0021316906184,0.0
33.2,67.44378793339357,-780.0540150838095,-0.027096626141412856,-0.027096626141412856,-0.6882543039918865,300.00480636107994,15.279083593637887,0.0,-780.0540150838095,1799.9995191181906,0.0
33.3,67.474648257419,-780.0155868872902,-0.027092178131431346,-0.027092178131431346,-0.6881413245383562,300.1420798716164,15.28607485977165,0.0,-780.0155868872902,1799.9980226565297,0.0
33.4,67.35265870121363,-780.0608358837907,-0.02709595869476218,-0.02709595869476218,-0.6882373508469594,299.5994434879125,15.258438680311304,0.0,-780.0608358837907,1799.9937655614146,0.0
33.5,67.48569659612829,-779.9655203391104,-0.02709662946342397,-0.02709662946342397,-0.6882543883709688,300.1912253128298,15.288577810686517,0.0,-779.9655203391104,1800.0048346508972,0.0
33.6,67.4406447880604,-780.0666526394137,-0.027076965549130926,-0.027076965549130926,-0.6877549249479255,299.99082495914604,15.278371528349682,0.0,-780.0666526394137,1800.0014505986799,0.0
33.7,67.47539476347511,-779.9965808490632,-0.027081817513928533,-0.027081817513928533,-0.6878781648537847,300.14540049478524,15.28624397732545,0.0,-779.9965808490632,1799.9983102890799,0.0
33.8,67.55063977039761,-780.122904781075,-0.02708615423954312,-0.02708615423954312,-0.6879883176843952,300.4801068394781,15.303290391620987,0.0,-780.122904781075,1799.996954108893,0.0
33.9,67.2888801977188,-780.0552389861703,-0.027102260184610295,-0.027102260184610295,-0.6883974086891015,299.3157426730967,15.243989950246837,0.0,-780.0552389861703,1800.0006861682211,0.0
34.0,67.46030647173836,-780.0169517668135,-0.02707223212177666,-0.02707223212177666,-0.6876346958931271,300.07828445371604,15.282825793415636,0.0,-780.0169517668135,1799.9996516920485,0.0
34.1,67.36857985464964,-780.0129519843433,-0.027091029162349154,-0.027091029162349154,-0.6881121407236684,299.67026428104964,15.262045545253354,0.0,-780.0129519843433,1800.008320549536,0.0
34.2,67.48264676824019,-780.0895822871684,-0.027100417948404787,-0.027100417948404787,-0.6883506158894815,300.17765900742137,15.28788688604132,0.0,-780.0895822871684,1800.0039759144192,0.0
34.3,67.35413400613537,-779.9945665460453,-0.02709801196179107,-0.02709801196179107,-0.688289503829493,299.60600596877146,15.258772903935393,0.0,-779.9945665460453,1799.9971263626585,0.0
34.4,67.4092963319932,-779.9512567985648,-0.027099531475167957,-0.027099531475167957,-0.6883280994692661,299.8513801298988,15.27126967812064,0.0,-779.9512567985648,1799.9945790264974,0.0
34.5,67.45638033342058,-779.9675879797381,-0.027073422822536768,-0.027073422822536768,-0.6876649396924338,300.0608201267281,15.281936344625827,0.0,-779.9675879797381,1799.998927713876,0.0
34.6,67.48408415409548,-780.0329291532219,-0.027092576319219613,-0.027092576319219613,-0.6881514385081782,300.1840528159306,15.288212519273266,0.0,-780.0329291532219,1799.9955497718863,0.0
34.7,67.44775173593054,-780.0293648419084,-0.02709399499214695,-0.02709399499214695,-0.6881874728005325,300.02243822680094,15.279981575085353,0.0,-780.0293648419084,1800.0004887103403,0.0
34.8,67.38923675499495,-780.059315014085,-0.027116154310569563,-0.027116154310569563,-0.6887503194884669,299.76215071830364,15.266725272131582,0.0,-780.059315014085,1800.002130283138,0.0
34.9,67.40537570863972,-779.9685106002694,-0.02708725008645361,-0.02708725008645361,-0.6880161521959216,299.8339403346854,15.270381478720925,0.0,-779.9685106002694,1800.0032931777753,0.0
35.0,67.50236068975339,-779.9279170581124,-0.02710520314854723,-0.02710520314854723,-0.6884721599730996,300.2653508673748,15.292352985351403,0.0,-779.9279170581124,1800.0021954681902,0.0
35.1,67.442336511075,-780.026297773775,-0.027105917755313843,-0.027105917755313843,-0.6884903109849716,299.99835011529404,15.27875478050899,0.0,-780.026297773775,1799.9991656514508,0.0
35.2,67.32914641833086,-780.0848909033474,-0.02708849261199674,-0.02708849261199674,-0.6880477123447172,299.4948556809477,15.253112079498226,0.0,-780.0848909033474,1800.0031234707633,0.0
35.3,67.49960631724171,-779.9899997878698,-0.027103252274148244,-0.027103252274148244,-0.6884226077633654,300.2530988124809,15.291728994778756,0.0,-779.9899997878698,1799.9956787588026,0.0
35.4,67.47078034447802,-779.9646115287946,-0.02708625983947132,-0.02708625983947132,-0.6879909999225715,300.124874543914,15.285198601676292,0.0,-779.9646115287946,1799.999735880108,0.0
35.5,67.50161292912121,-780.1361061924863,-0.027083399258096896,-0.027083399258096896,-0.6879183411556611,300.2620246635756,15.292183583579096,0.0,-780.1361061924863,1800.0041930822376,0.0
35.6,67.42000435232227,-779.9930821980184,-0.027112512138181288,-0.027112512138181288,-0.6886578083098047,299.899011760087,15.273695531453372,0.0,-779.9930821980184,1800.0015735259512,0.0
35.7,67.49856053781691,-779.891780651016,-0.027095979289325063,-0.027095979289325063,-0.6882378739488566,300.248446955528,15.291492078203614,0.0,-779.891780651016,1799.993780374576,0.0
35.8,67.37114632909332,-779.9589676195285,-0.027110356368665493,-0.027110356368665493,-0.6886030517641035,299.6816805239995,15.262626968372777,0.0,-779.9589676195285,1799.9943634129334,0.0
35.9,67.48114975052034,-779.9724770599539,-0.027095237528804526,-0.027095237528804526,-0.6882190332316349,300.17099994325963,15.287547743481518,0.0,-779.9724770599539,1799.9920666961816,0.0
36.0,67.40963484429987,-779.9798939361337,-0.027085496209191318,-0.027085496209191318,-0.6879716037134594,299.85288590711156,15.271346366545023,0.0,-779.9798939361337,1800.0091652959552,0.0
36.1,67.4881875247798,-779.9469050589353,-0.02710825646263543,-0.02710825646263543,-0.6885497141509399,300.202305511476,15.289142119250116,0.0,-779.9469050589353,1799.9923989524123,0.0
36.2,67.51053078195883,-780.0470583626903,-0.02707659659086899,-0.02707659659086899,-0.6877455534080723,300.3016932349249,15.294203882603764,0.0,-780.0470583626903,1799.9994598398366,0.0
36.3,67.39307025156072,-780.0422668901218,-0.027097734600365173,-0.027097734600365173,-0.6882824588492753,299.7792029543974,15.267593733353573,0.0,-780.0422668901218,1800.0093362290665,0.0
36.4,67.43925236524956,-779.9796215345553,-0.027106463866976776,-0.027106463866976776,-0.68850418222121,299.9846311561504,15.27805608129108,0.0,-779.9796215345553,1800.0055415691797,0.0
36.5,67.4453346255214,-780.0342664672245,-0.027095881362496188,-0.027095881362496188,-0.6882353866074031,300.0116863879368,15.279433989709027,0.0,-780.0342664672245,1800.0067440651944,0.0
36.6,67.52294163628423,-779.9870648789893,-0.02708672044169913,-0.02708672044169913,-0.6880026992191579,300.3568994453522,15.297015505238207,0.0,-779.9870648789893,1799.9976652384073,0.0
36.7,67.49062938150787,-780.0956281241815,-0.02710841752193666,-0.02710841752193666,-0.6885538050571911,300.21316742741095,15.28969531079251,0.0,-780.0956281241815,1800.0038572761846,0.0
36.8,67.36047604138214,-779.9621022668142,-0.02709463084858786,-0.02709463084858786,-0.6882036235541317,299.6342167367969,15.260209663193116,0.0,-779.9621022668142,1800.0153909162361,0.0
36.9,67.47356976008663,-779.95765142939,-0.02710838631393911,-0.02710838631393911,-0.6885530123740533,300.13728247821257,15.285830531103262,0.0,-779.95765142939,1799.9999828589123,0.0
37.0,67.49295825359665,-779.9978161048952,-0.027082612727261136,-0.027082612727261136,-0.6878983632724328,300.2235267628137,15.29022290617844,0.0,-779.9978161048952,1800.0022340330588,0.0
37.1,67.5859426397027,-779.9917788529426,-0.027093109460048052,-0.027093109460048052,-0.6881649802852204,300.63714176877835,15.311288096194465,0.0,-779.9917788529426,1799.9985920198678,0.0
37.2,67.32946105879964,-779.9189674457149,-0.027098915037519513,-0.027098915037519513,-0.6883124419529956,299.49625527097373,15.253183359866245,0.0,-779.9189674457149,1800.0001039617648,0.0
37.3,67.40653436880815,-780.0541547313941,-0.02708431332423257,-0.02708431332423257,-0.6879415584355072,299.8390943100198,15.270643967915445,0.0,-780.0541547313941,1800.0020401273134,0.0
37.4,67.53263358296716,-780.0456578328143,-0.027107554301572356,-0.027107554301572356,-0.6885318792599379,300.4000113564262,15.299211171704924,0.0,-780.0456578328143,1800.0071068782172,0.0
37.5,67.35131781036415,-780.0546903146958,-0.027098605056912438,-0.027098605056912438,-0.6883045684455759,299.593478910418,15.258134907584314,0.0,-780.0546903146958,1799.9956726263094,0.0
37.6,67.36181255082316,-780.0212365085628,-0.027076213003306298,-0.027076213003306298,-0.6877358102839799,299.6401618248226,15.260512443331937,0.0,-780.0212365085628,1799.9930330587836,0.0
37.7,67.47758084326182,-780.0505574960504,-0.02709591885278102,-0.02709591885278102,-0.6882363388606378,300.1551246586141,15.286739223764405,0.0,-780.0505574960504,1800.0003054824483,0.0
37.8,67.51139165739636,-779.9981475761406,-0.027081112579667804,-0.027081112579667804,-0.6878602595235622,300.3055225982636,15.294398910021064,0.0,-779.9981475761406,1800.0012051487938,0.0
37.9,67.39760979757911,-780.0325368402999,-0.027092730829473166,-0.027092730829473166,-0.6881553630686184,299.79939585378736,15.26862214686974,0.0,-780.0325368402999,1800.0072361191883,0.0
38.0,67.47913505889719,-780.0724574559828,-0.02710168443859323,-0.02710168443859323,-0.6883827847402679,300.1620381516876,15.287091324251978,0.0,-780.0724574559828,1800.0037688352866,0.0
38.1,67.45059520006407,-780.0775088868087,-0.02709715040268752,-0.02709715040268752,-0.6882676202282629,300.035086580829,15.280625748959968,0.0,-780.0775088868087,1799.997059464777,0.0
38.2,67.54513596679247,-779.939417144656,-0.027093918848560716,-0.027093918848560716,-0.6881855387534421,300.4556247102056,15.30204352993153,0.0,-779.939417144656,1800.0030157892431,0.0
38.3,67.44260501236165,-780.0034439408977,-0.027098788326132807,-0.027098788326132807,-0.6883092234837732,299.9995444680874,15.278815608255021,0.0,-780.0034439408977,1800.005763211699,0.0
38.4,67.50949237978122,-780.0113668912168,-0.027102935206273982,-0.027102935206273982,-0.6884145542393592,300.29707419359045,15.293968637310437,0.0,-780.0113668912168,1800.0016138095368,0.0
38.5,67.38179870649512,-779.9986715207299,-0.02710251210575735,-0.02710251210575735,-0.6884038074862366,299.72906464220574,15.265040216053258,0.0,-779.9986715207299,1799.9984837121963,0.0
38.6,67.43023868989425,-780.0041181057923,-0.027109532868344017,-0.027109532868344017,-0.688582134855938,299.9445363451614,15.276014074110586,0.0,-780.0041181057923,1800.003565997804,0.0
38.7,67.4361854098654,-779.9621943532209,-0.027093597156276992,-0.027093597156276992,-0.6881773677694355,299.9709886638715,15.277361276489506,0.0,-779.9621943532209,1799.9984075615814,0.0
38.8,67.51953194406876,-779.9718870485902,-0.02709076738052733,-0.02709076738052733,-0.6881054914653941,300.3417323842456,15.296243054965396,0.0,-779.9718870485902,1799.9908448530791,0.0
38.9,67.4817980926879,-780.0294853873177,-0.027087215189955893,-0.027087215189955893,-0.6880152658248796,300.17388391185614,15.287694622452564,0.0,-780.0294853873177,1800.0068338971626,0.0
39.0,67.39200715356073,-780.0411763528607,-0.027112764051433688,-0.027112764051433688,-0.6886642069064156,299.7744740606119,15.267352893333939,0.0,-780.0411763528607,1799.9937282273938,0.0
39.1,67.48870117240244,-780.0543360394281,-0.027086649511761086,-0.027086649511761086,-0.6880008975987315,300.204590329104,15.289258483784263,0.0,-780.0543360394281,1799.9985004269558,0.0
39.2,67.49468087975151,-780.0625565648106,-0.027094879249703965,-0.027094879249703965,-0.6882099329424807,300.2311893829283,15.290613159303705,0.0,-780.0625565648106,1799.9985908395865,0.0
39.3,67.43517773026159,-779.9298927179965,-0.027108994348495053,-0.027108994348495053,-0.6885684564517743,299.96650628330417,15.277132991255623,0.0,-779.9298927179965,1799.9984915952423,0.0
39.4,67.42532997592082,-780.0458269617333,-0.0270937298378519,-0.0270937298378519,-0.6881807378814382,299.9227013054905,15.27490202727224,0.0,-780.0458269617333,1799.9987409824744,0.0
39.5,67.42963680446857,-780.1009522896771,-0.02708656224086475,-0.02708656224086475,-0.6879986809179646,299.9418590263732,15.275877719703244,0.0,-780.1009522896771,1799.9929601461188,0.0
39.6,67.32839254313035,-780.0421742230928,-0.027089483981664556,-0.027089483981664556,-0.6880728931342797,299.4915022782033,15.252941292498258,0.0,-780.0421742230928,1800.0027868869277,0.0
39.7,67.45543675952119,-780.0394180847156,-0.027087454916600057,-0.027087454916600057,-0.6880213548816414,300.05662290243737,15.281722582247891,0.0,-780.0394180847156,1800.000291623599,0.0
39.8,67.45852799069475,-779.983507419292,-0.027085254844625314,-0.027085254844625314,-0.6879654730534829,300.0703733787682,15.282422886619209,0.0,-779.983507419292,1800.0003477146975,0.0
39.9,67.38433383305508,-780.0442991292892,-0.02708574861642778,-0.02708574861642778,-0.6879780148572656,299.7403414428723,15.265614537452116,0.0,-780.0442991292892,1800.0055075416396,0.0
40.0,67.4927800052521,-779.9732623466482,-0.02709506268946487,-0.02709506268946487,-0.6882145923124077,300.2227338749625,15.290182524826202,0.0,-779.9732623466482,1800.0056434477285,0.0
40.1,67.35011081269653,-779.9805736512699,-0.027115530495061324,-0.027115530495061324,-0.6887344745745576,299.58810991925293,15.257861467749066,0.0,-779.9805736512699,1800.0068376224592,0.0
40.2,67.40549166938283,-779.9366585240982,-0.02710230050470061,-0.02710230050470061,-0.6883984328193955,299.8344561535821,15.270407749100182,0.0,-779.9366585240982,1800.0093941728167,0.0
40.3,67.41065735941625,-779.8916503460463,-0.02709114222759256,-0.02709114222759256,-0.6881150125808511,299.85743427930254,15.271578012696843,0.0,-779.8916503460463,1800.0024063696133,0.0
40.4,67.57675046413998,-779.8575547937435,-0.027099396917190124,-0.027099396917190124,-0.6883246816966291,300.5962529495967,15.309205650603346,0.0,-779.8575547937435,1799.9924489186417,0.0
40.5,67.33485411715758,-779.9324582678558,-0.02708784436689329,-0.02708784436689329,-0.6880312469190896,299.52024478102265,15.254405132723333,0.0,-779.9324582678558,1800.0012036477895,0.0
40.6,67.48065272773421,-780.0579850160639,-0.027086720007926546,-0.027086720007926546,-0.6880026882013343,300.1687890765619,15.287435145228514,0.0,-780.0579850160639,1800.0002040657766,0.0
40.7,67.50624676461072,-780.0202099696501,-0.027094214632863087,-0.027094214632863087,-0.6881930516747223,300.2826369832767,15.293233357946354,0.0,-780.0202099696501,1800.0004843281201,0.0
40.8,67.46818225474728,-779.9876176928494,-0.027075896317952697,-0.027075896317952697,-0.6877277664759984,300.11331766921194,15.284610016257291,0.0,-779.9876176928494,1799.997137569688,0.0
40.9,67.52241174746437,-779.8965936248002,-0.027104443518391894,-0.027104443518391894,-0.6884528653671541,300.354542383306,15.296895461334657,0.0,-779.8965936248002,1799.995695128996,0.0
41.0,67.37508007559474,-779.9661689833702,-0.02708537760565044,-0.02708537760565044,-0.6879685911835212,299.69917869386205,15.263518140762008,0.0,-779.9661689833702,1800.0041216316206,0.0
41.1,67.28892060628888,-779.9398313797699,-0.027099414049010912,-0.027099414049010912,-0.6883251168448772,299.31592241930633,15.243999104624717,0.0,-779.9398313797699,1800.0049892674658,0.0
41.2,67.49442369457694,-780.0086975940806,-0.02710249285211749,-0.02710249285211749,-0.6884033184437842,300.23004536669106,15.29055489517143,0.0,-780.0086975940806,1799.9945505622477,0.0
41.3,67.3620575310121,-779.9704857751844,-0.02708880003627713,-0.02708880003627713,-0.6880555209214391,299.64125155059867,15.260567942480195,0.0,-779.9704857751844,1800.0028375151935,0.0
41.4,67.42069412867085,-779.9640903872015,-0.0271008443266699,-0.0271008443266699,-0.6883614458974154,299.9020800370362,15.273851797149794,0.0,-779.9640903872015,1799.9992945472088,0.0
41.5,67.36320285434905,-780.0228154247732,-0.02708609529915922,-0.02708609529915922,-0.6879868205986441,299.64634620077254,15.260827410276166,0.0,-780.0228154247732,1799.9982004652468,0.0
41.6,67.51368020401078,-779.9611336018173,-0.02710635112584856,-0.02710635112584856,-0.6885013185965534,300.3157025570849,15.29491736985408,0.0,-779.9611336018173,1800.0035604789812,0.0
41.7,67.50105549421122,-779.9464594703137,-0.02709433234963582,-0.02709433234963582,-0.6881960416807498,300.2595450704602,15.29205729923403,0.0,-779.9464594703137,1799.999881949127,0.0
41.8,67.39414437717288,-780.0079182867378,-0.027103117488199414,-0.027103117488199414,-0.688419184200265,299.7839809014279,15.267837071628618,0.0,-780.0079182867378,1799.9973655223994,0.0
41.9,67.50364135617907,-779.9490926732941,-0.02709703296957254,-0.02709703296957254,-0.6882646374271425,300.2710475533829,15.292643114508932,0.0,-779.9490926732941,1800.0004133048665,0.0
42.0,67.45088668676368,-779.917602264484,-0.02709840230239288,-0.02709840230239288,-0.6882994184807791,300.0363831777959,15.280691783946825,0.0,-779.917602264484,1799.9901482463235,0.0
42.1,67.43330665992961,-779.9966850030762,-0.027105967882787414,-0.027105967882787414,-0.6884915842228003,299.9581833508321,15.27670910877678,0.0,-779.9966850030762,1799.9971661004813,0.0
42.2,67.44657975518584,-779.9999838911111,-0.02708812539231336,-0.02708812539231336,-0.6880383849647593,300.01722499861273,15.279716068174826,0.0,-779.9999838911111,1799.9979248658465,0.0
42.3,67.4290334542907,-780.0154808647513,-0.02710713062438839,-0.02710713062438839,-0.688521117859465,299.939175192045,15.275741033462948,0.0,-780.0154808647513,1799.9931281300312,0.0
42.4,67.48418504011566,-780.0309654728513,-0.02710447908464594,-0.02710447908464594,-0.6884537687500069,300.1845015791433,15.288235374542564,0.0,-780.0309654728513,1800.000998269146,0.0
42.5,67.46363810043859,-779.9921924426677,-0.027085760677289756,-0.027085760677289756,-0.6879783212031597,300.0931042711329,15.283580558753904,0.0,-779.9921924426677,1800.0014514029588,0.0
42.6,67.41913840953683,-780.0205913425914,-0.0270849407854663,-0.0270849407854663,-0.687957495950844,299.8951598560699,15.273499356051431,0.0,-780.0205913425914,1799.9970881634704,0.0
42.7,67.51057203190145,-780.01559903292,-0.027087993736222973,-0.027087993736222973,-0.6880350409000635,300.30187672374467,15.294213227590763,0.0,-780.01559903292,1799.99924129005,0.0
42.8,67.40146784906565,-780.038674563708,-0.027091267783066624,-0.027091267783066624,-0.6881182016898922,299.81655731557083,15.269496170897419,0.0,-780.038674563708,1800.0034524590728,0.0
42.9,67.46205900178504,-780.0768024049979,-0.027071885463640307,-0.027071885463640307,-0.6876258907764637,300.0860800929202,15.283222821131663,0.0,-780.0768024049979,1800.00538088415,0.0
43.0,67.47117872123584,-780.0468622045863,-0.027106762243100997,-0.027106762243100997,-0.6885117609747653,300.1266466113757,15.285288852119972,0.0,-780.0468622045863,1799.996276979692,0.0
43.1,67.54244217191392,-779.9835501285022,-0.02710209807078978,-0.02710209807078978,-0.6883932909980603,300.44364211795096,15.301433262946317,0.0,-779.9835501285022,1800.0017678817035,0.0
43.2,67.40861908606034,-780.0591569186963,-0.027104600963516644,-0.027104600963516644,-0.6884568644733228,299.84836759099534,15.271116251132941,0.0,-780.0591569186963,1800.005253830438,0.0
43.3,67.56026561948221,-780.0323986946785,-0.02708567360065189,-0.02708567360065189,-0.687976109456558,300.52292473389315,15.30547108397724,0.0,-780.0323986946785,1799.999911981885,0.0
43.4,67.4545884613366,-779.9178919936525,-0.027091778089507138,-0.027091778089507138,-0.6881311634734812,300.0528494854867,15.281530404150073,0.0,-779.9178919936525,1799.996199512076,0.0
43.5,67.42962509201529,-779.9436742117762,-0.027083548329649664,-0.027083548329649664,-0.6879221275731014,299.94180692680425,15.27587506630019,0.0,-779.9436742117762,1799.99621846715,0.0
43.6,67.39735403705716,-780.0346708026183,-0.027084930565653847,-0.027084930565653847,-0.6879572363676076,299.7982581747184,15.268564205486038,0.0,-780.0346708026183,1799.998435619674,0.0
43.7,67.48224863557026,-779.9698310286612,-0.027096904438554177,-0.027096904438554177,-0.688261372739276,300.17588802571635,15.287796690894643,0.0,-779.9698310286612,1799.9948766420107,0.0
43.8,67.44600774542013,-780.0325142972254,-0.027102842155661153,-0.027102842155661153,-0.6884121907537932,300.0146805733327,15.27958648196245,0.0,-780.0325142972254,1800.010100335349,0.0
43.9,67.36827702321865,-779.9186205416702,-0.02710457268862943,-0.02710457268862943,-0.6884561462911876,299.66891722022166,15.26197694016917,0.0,-779.9186205416702,1799.997182028716,0.0
44.0,67.36663965521544,-780.0292846847668,-0.027072531451860116,-0.027072531451860116,-0.6876422988772469,299.6616338471224,15.261606001890623,0.0,-780.0292846847668,1800.0019185965389,0.0
44.1,67.40524170064876,-779.995914164982,-0.027084969955506303,-0.027084969955506303,-0.68795823686986,299.83334423765984,15.2703511198197,0.0,-779.995914164982,1800.0009398426637,0.0
44.2,67.39711574491339,-779.9307595691876,-0.027088712868884476,-0.027088712868884476,-0.6880533068696656,299.79719819883866,15.268510221484014,0.0,-779.9307595691876,1800.003204987419,0.0
44.3,67.5162403652513,-780.0413938379743,-0.027098031493396582,-0.027098031493396582,-0.6882899999322731,300.32709071751816,15.295497362746021,0.0,-780.0413938379743,1799.9980894117145,0.0
44.4,67.53547744702173,-779.9347732896181,-0.027096622170683995,-0.027096622170683995,-0.6882542031353734,300.41266148939104,15.299855436179833,0.0,-779.9347732896181,1799.9935175978903,0.0
44.5,67.50128543263604,-780.0408725669786,-0.027098079110334013,-0.027098079110334013,-0.6882912094024839,300.2605678871603,15.292109390739,0.0,-780.0408725669786,1800.0081985882025,0.0
44.6,67.46684306689178,-779.9880902127564,-0.027097876037261957,-0.027097876037261957,-0.6882860513464537,300.10736066700935,15.284306629335845,0.0,-779.9880902127564,1799.9996124034885,0.0
44.7,67.41382587588892,-780.0147807346423,-0.027118673182662395,-0.027118673182662395,-0.6888142988396248,299.8715285376466,15.272295825701379,0.0,-780.0147807346423,1800.0005849907193,0.0
44.8,67.44638191530007,-780.0044252518302,-0.027095250183142693,-0.027095250183142693,-0.6882193546518244,300.0163449632761,15.279671248447979,0.0,-780.0044252518302,1800.0010018011528,0.0
44.9,67.50237445580672,-779.9919954849986,-0.02709845952564372,-0.02709845952564372,-0.6883008719513505,300.2654121018086,15.292356103988213,0.0,-779.9919954849986,1800.006308397291,0.0
45.0,67.58642595692592,-780.0037172196029,-0.027091738625743707,-0.027091738625743707,-0.6881301610938901,300.639291670117,15.311397589514488,0.0,-780.0037172196029,1800.0038453393684,0.0
45.1,67.50427581405384,-780.0508666704562,-0.027092539793344684,-0.027092539793344684,-0.6881505107509549,300.27386976159056,15.29278684805656,0.0,-780.0508666704562,0.00587032156789136,0.0
45.2,66.74255619695262,-779.9566710088295,-0.02714575264349791,-0.02714575264349791,-0.6895021171448469,296.8855733264086,15.120222731164175,0.0,-779.9566710088295,0.0041141642420975694,0.0
45.3,66.08279299632778,-779.9639730335525,-0.02721406795069027,-0.02721406795069027,-0.6912373259475328,293.9508014621252,14.970756376986257,0.0,-779.9639730335525,0.0007692335024769724,0.0
45.4,65.36644487879317,-779.9355081737883,-0.027265618774417962,-0.027265618774417962,-0.6925467168702162,290.7643274387454,14.808470967086599,0.0,-779.9355081737883,0.0012763439696983176,0.0
45.5,64.66498246624562,-779.9307525921586,-0.027358849157010402,-0.027358849157010402,-0.6949147685880642,287.6440683060031,14.64955784598946,0.0,-779.9307525921586,-0.003708825719773807,0.0
45.6,64.02408429614981,-780.0671983913138,-0.027403903132096043,-0.027403903132096043,-0.6960591395552395,284.7932122478195,14.504365278727755,0.0,-780.0671983913138,-0.009685783245748928,0.0
45.7,63.36846339116396,-779.9357244356726,-0.027435283567734458,-0.027435283567734458,-0.6968562026204552,281.87686622584334,14.355837342798234,0.0,-779.9357244356726,-0.001188840663084652,0.0
45.8,62.797849311383445,-779.935113266311,-0.027524384819137045,-0.027524384819137045,-0.699119374406081,279.3386492638821,14.22656731672432,0.0,-779.935113266311,-0.005356659137679344,0.0
45.9,61.996300879579195,-780.0266121596778,-0.027574634312304905,-0.027574634312304905,-0.7003957115325445,275.77318549856176,14.04498016290103,0.0,-780.0266121596778,0.01294319766270704,0.0
46.0,61.403096103556415,-779.9481297697065,-0.02762442686371849,-0.02762442686371849,-0.7016604423384496,273.1344801497617,13.910592317278416,0.0,-779.9481297697065,0.007802108426714297,0.0
46.1,60.74951698011949,-779.9265884414202,-0.02769997172953834,-0.02769997172953834,-0.7035792819302737,270.2272164213071,13.762526937677977,0.0,-779.9265884414202,0.005860928353725259,0.0
46.2,59.954388278400025,-780.0269417751753,-0.027743572423027097,-0.027743572423027097,-0.7046867395448883,266.69030902774455,13.582394144524804,0.0,-780.0269417751753,-0.002745907819069384,0.0
46.3,59.37626810334212,-780.0689379674611,-0.027824730366893653,-0.027824730366893653,-0.7067481513190987,264.1187033026485,13.451423646684415,0.0,-780.0689379674611,0.01030158634030317,0.0
46.4,58.63481150379957,-780.0179768263105,-0.027889234498725903,-0.027889234498725903,-0.7083865562676379,260.8205412274313,13.283450024315318,0.0,-780.0179768263105,-0.008513166092643019,0.0
46.5,57.87719514486012,-779.8603646467794,-0.02794304559435616,-0.02794304559435616,-0.7097533580966464,257.4504969872697,13.111815481908309,0.0,-779.8603646467794,-0.006034448717518717,0.0
46.6,57.241999845535794,-779.98818697736,-0.028005941379938115,-0.028005941379938115,-0.7113509110504281,254.62500855290924,12.967914874097744,0.0,-779.98818697736,-0.0038966150129928706,0.0
46.7,56.54441885980572,-780.0607104725872,-0.028049232934000863,-0.028049232934000863,-0.7124505165236219,251.52201486056498,12.809881072603257,0.0,-780.0607104725872,-0.004782264822198886,0.0
46.8,55.84596687570872,-780.0126473636203,-0.028111885368037055,-0.028111885368037055,-0.7140418883481412,248.41514677586503,12.651649950387828,0.0,-780.0126473636203,0.0006703593984768619,0.0
46.9,55.16699063550071,-780.0497026107298,-0.028165074833248052,-0.028165074833248052,-0.7153929007645005,245.39491108464696,12.497830969424342,0.0,-780.0497026107298,0.000977035663351366,0.0
47.0,54.50888337701019,-780.0199640297908,-0.02823836818831814,-0.02823836818831814,-0.7172545519832807,242.4675052152843,12.348739761409945,0.0,-780.0199640297908,0.009557732319194559,0.0
47.1,53.84720039388431,-779.9952427940722,-0.028262233304357738,-0.028262233304357738,-0.7178607259306865,239.52419373608407,12.198838489232699,0.0,-779.9952427940722,0.004994696283264106,0.0
47.2,53.07699974396247,-780.1280798502471,-0.02834826872081012,-0.02834826872081012,-0.720046025508577,236.09817180108874,12.024353032904951,0.0,-780.1280798502471,0.006112228036673775,0.0
47.3,52.45480597513938,-779.9819799609261,-0.028407423320868666,-0.028407423320868666,-0.7215485523500641,233.3305170347345,11.883397862731576,0.0,-779.9819799609261,0.0021001414082479977,0.0
47.4,51.67152789125691,-779.9292665181484,-0.02846205918007696,-0.02846205918007696,-0.7229363031739547,229.8463237964468,11.705949773182928,0.0,-779.9292665181484,-0.0007282941885185831,0.0
47.5,51.110548921256445,-780.0098684402673,-0.02852870341342791,-0.02852870341342791,-0.7246290667010689,227.35096592251134,11.578862537433732,0.0,-780.0098684402673,-0.00342411096387765,0.0
47.6,50.453777934805075,-780.0191347461453,-0.028592234258185575,-0.028592234258185575,-0.7262427501579135,224.42950408515864,11.43007405577584,0.0,-780.0191347461453,-0.007537780756141449,0.0
47.7,49.74153878711691,-779.9453204777043,-0.02864471269936731,-0.02864471269936731,-0.7275757025639297,221.26130766362917,11.268719514317757,0.0,-779.9453204777043,-0.004340708975412972,0.0
47.8,49.06852047052389,-780.063331931303,-0.02869603454345468,-0.02869603454345468,-0.7288792774037488,218.2675741273938,11.116250273867776,0.0,-780.063331931303,-0.0018963866227151261,0.0
47.9,48.407789651272424,-780.0622945090554,-0.028758216363189443,-0.028758216363189443,-0.7304586956250119,215.32849808258302,10.966564710088262,0.0,-780.0622945090554,0.003822011803253408,0.0
48.0,47.64190662061387,-780.0695268031349,-0.028815104784626414,-0.028815104784626414,-0.7319036615295109,211.92168186794703,10.793057390779069,0.0,-780.0695268031349,-0.008424330353043992,0.0
48.1,46.98940125108734,-780.0078688978433,-0.028889815029602143,-0.028889815029602143,-0.7338013017518944,209.01919443311172,10.645235265246331,0.0,-780.0078688978433,-0.006823564594374667,0.0
48.2,46.35874185039202,-779.9802986511191,-0.02895157187419218,-0.02895157187419218,-0.7353699256044813,206.2138826737508,10.502362244652446,0.0,-779.9802986511191,0.0011053238192327108,0.0
48.3,45.710614302062794,-780.004528647203,-0.028983428820799455,-0.028983428820799455,-0.7361790920483061,203.33086875072175,10.355531894612769,0.0,-780.004528647203,-0.0052369216534380834,0.0
48.4,44.98843951522262,-779.9725111888351,-0.029065511023636272,-0.029065511023636272,-0.7382639800003613,200.1184764204036,10.191926479266797,0.0,-779.9725111888351,0.0016847610733299898,0.0
48.5,44.452737228914835,-779.9584626400019,-0.02911798682297951,-0.02911798682297951,-0.7395968653036795,197.73555479640353,10.07056556131416,0.0,-779.9584626400019,-0.002050873087728273,0.0
48.6,43.59316440457946,-779.9751707366364,-0.029175036176505065,-0.029175036176505065,-0.7410459188832286,193.91198576773846,9.875833245110183,0.0,-779.9751707366364,-0.003751426950392276,0.0
48.7,42.98550634588608,-780.0404326903271,-0.029227862005828914,-0.029227862005828914,-0.7423876949480543,191.20898903789737,9.738171073995282,0.0,-780.0404326903271,-0.00665784833348371,0.0
48.8,42.32227861532543,-780.0134043844569,-0.02931523094613824,-0.02931523094613824,-0.7446068660319112,188.2588061822629,9.58791984630827,0.0,-780.0134043844569,-0.0004623890619850356,0.0
48.9,41.54658580164253,-779.9375876402395,-0.029366170990550566,-0.029366170990550566,-0.7459007431599843,184.80835389458232,9.412190165244834,0.0,-779.9375876402395,-0.003636205384369543,0.0
49.0,40.81903052311284,-780.0523343296612,-0.02942535486576311,-0.02942535486576311,-0.747404013590383,181.572027953521,9.247365823963381,0.0,-780.0523343296612,-0.003057673837746478,0.0
49.1,40.113370721236954,-780.0126711852243,-0.029483684374043535,-0.029483684374043535,-0.7488855831007057,178.43309790962064,9.087501803392954,0.0,-780.0126711852243,-0.0031795173154457006,0.0
49.2,39.52283359580338,-780.0208636906832,-0.029564447552775274,-0.029564447552775274,-0.7509369678404919,175.8062588575245,8.953718301885639,0.0,-780.0208636906832,0.000938393491869847,0.0
49.3,38.90553082213433,-780.009004432948,-0.029600932797026278,-0.029600932797026278,-0.7518636930444674,173.06036031363436,8.813871164432612,0.0,-780.009004432948,0.0007461482319749158,0.0
49.4,38.16773231014346,-780.0537834245866,-0.029688560203200848,-0.029688560203200848,-0.7540894291613015,169.77847021662632,8.64672626517068,0.0,-780.0537834245866,-0.00856460599819151,0.0
49.5,37.47982867063176,-780.0674666751294,-0.029716289171007895,-0.029716289171007895,-0.7547937449436005,166.7185234892776,8.49088482247403,0.0,-780.0674666751294,-0.0008024491337308501,0.0
49.6,36.761356109063804,-779.8722018010126,-0.029773543262288957,-0.029773543262288957,-0.7562479988621394,163.5225994714598,8.328118129435182,0.0,-779.8722018010126,0.001993664222880286,0.0
49.7,36.14352921525884,-779.9527049457456,-0.029832589150495727,-0.029832589150495727,-0.7577477644225914,160.77436952589866,8.18815225494773,0.0,-779.9527049457456,0.005197308890856246,0.0
49.8,35.28040615354557,-780.0356308617488,-0.029910265824989683,-0.029910265824989683,-0.7597207519547379,156.93500826032448,7.992615648603232,0.0,-780.0356308617488,0.003916384782814748,0.0
49.9,34.758884794562086,-780.0029482488221,-0.029948316164622454,-0.029948316164622454,-0.7606872305814103,154.61516652086695,7.874467355277155,0.0,-780.0029482488221,0.0010477190252850762,0.0
50.0,34.063870358934,-779.9661645742353,-0.030026157349952294,-0.030026157349952294,-0.7626643966887883,151.5235894080174,7.717014994042137,0.0,-779.9661645742353,-0.005712247694243179,0.0
50.1,33.28831451926387,-780.017183048944,-0.030089438183240717,-0.030089438183240717,-0.7642717298543141,148.07374641087995,7.541316343818688,0.0,-780.017183048944,-0.0038496989081354236,0.0
50.2,32.84622272095099,-779.9691738217024,-0.03014661983590317,-0.03014661983590317,-0.7657241438319404,146.1072248317886,7.441162456419078,0.0,-779.9691738217024,0.004572744273580131,0.0
50.3,31.92468413315349,-780.0307642346655,-0.030204943563240095,-0.030204943563240095,-0.7672055665062983,142.00801845477602,7.232392078165318,0.0,-780.0307642346655,-0.0035108309512207657,0.0
50.4,31.264344669302577,-780.017926457491,-0.030254389720696488,-0.030254389720696488,-0.7684614989056907,139.07068324488512,7.082795174172911,0.0,-780.017926457491,0.005131323071140427,0.0
50.5,30.574786640807,-780.0042384377921,-0.030307516342494168,-0.030307516342494168,-0.7698109150993518,136.00337743137052,6.926578937171913,0.0,-780.0042384377921,0.0063698375135538875,0.0
50.6,30.049422841914502,-780.0228747755378,-0.030396428644444216,-0.030396428644444216,-0.772069287568883,133.66644367386093,6.8075601565500845,0.0,-780.0228747755378,-0.005310879939900247,0.0
50.7,29.233402314787163,-780.1226411245312,-0.030440472488820914,-0.030440472488820914,-0.7731880012160511,130.03660484468256,6.6226944153136005,0.0,-780.1226411245312,0.0022030733043423,0.0
50.8,28.657153692177214,-779.9989423957985,-0.030485691636386147,-0.030485691636386147,-0.7743365675642081,127.47332419661653,6.492147909173237,0.0,-779.9989423957985,-0.0005603657427326589,0.0
50.9,27.97044149978657,-779.9869188992136,-0.030552321037926215,-0.030552321037926215,-0.7760289543633259,124.41867728818062,6.336576383406193,0.0,-779.9869188992136,0.010138518232706466,0.0
51.0,27.26709163113238,-779.9761901765753,-0.03060891688891397,-0.03060891688891397,-0.7774664889784147,121.29002233543568,6.1772356677074445,0.0,-779.9761901765753,0.004190229794207444,0.0
51.1,26.480152625054764,-780.049699250415,-0.030688632965959257,-0.030688632965959257,-0.779491277335365,117.7895445098211,5.998958212876042,0.0,-780.049699250415,-0.002552296983495429,0.0
51.2,25.845817706435117,-779.9827876317202,-0.030723750516586837,-0.030723750516586837,-0.7803832631213056,114.96788323811882,5.8552525204033,0.0,-779.9827876317202,0.0020365423250829694,0.0
51.3,25.318699752310437,-779.9892149706554,-0.030808578966917972,-0.030808578966917972,-0.7825379057597165,112.62314661222233,5.735836343887055,0.0,-779.9892149706554,-0.004588418688197411,0.0
51.4,24.437568908708272,-780.0884408935704,-0.030850640444987483,-0.030850640444987483,-0.783606267302682,108.70368277109431,5.536220156409183,0.0,-780.0884408935704,-0.000757412617270292,0.0
51.5,23.787292348961046,-780.1100967652729,-0.03089858022017368,-0.03089858022017368,-0.7848239375924114,105.81110957249551,5.388902957600993,0.0,-780.1100967652729,0.001024947088098707,0.0
51.6,23.151199597472456,-779.9761764707682,-0.03095305092463887,-0.03095305092463887,-0.7862074934858273,102.98162907346892,5.244799036081941,0.0,-779.9761764707682,0.0007468566024460163,0.0
51.7,22.53546295408303,-780.0477092668084,-0.031026380697491664,-0.031026380697491664,-0.7880700697162882,100.24269702161122,5.105306698324992,0.0,-780.0477092668084,0.0015388426465236201,0.0
51.8,21.81663423276691,-779.9498896836078,-0.03108233800542733,-0.03108233800542733,-0.7894913853378541,97.04518872687842,4.9424593189141035,0.0,-779.9498896836078,-0.004534701645324248,0.0
51.9,21.168469002698277,-779.8929814351834,-0.031156862648243414,-0.031156862648243414,-0.7913843112653827,94.16200718718254,4.795620432247646,0.0,-779.8929814351834,-0.00926639881646045,0.0
52.0,20.36520285399537,-780.0291363452983,-0.03121526540767884,-0.03121526540767884,-0.7928677413550426,90.58890263919929,4.61364413746877,0.0,-780.0291363452983,-0.00181457393150912,0.0
52.1,19.819662889192234,-780.0344697378206,-0.03125840836709739,-0.03125840836709739,-0.7939635725242736,88.16222085696268,4.490054538169731,0.0,-780.0344697378206,-0.004461785892535667,0.0
52.2,19.11308197289219,-780.0005848062542,-0.03132973817144132,-0.03132973817144132,-0.7957753495546095,85.0191934934585,4.329981843313394,0.0,-780.0005848062542,-0.0035009206737096044,0.0
52.3,18.285923909259147,-779.9662626661558,-0.03139067900795944,-0.03139067900795944,-0.7973232468021698,81.33981245164472,4.142592943806708,0.0,-779.9662626661558,0.010686680100243064,0.0
52.4,17.816082309384647,-780.0567899606805,-0.031463163085177485,-0.031463163085177485,-0.7991643423635081,79.24985365025098,4.036152464998777,0.0,-780.0567899606805,0.00581443992965258,0.0
52.5,17.185592240408145,-779.9377264168696,-0.031507203228851456,-0.031507203228851456,-0.8002829620128269,76.44529511562833,3.8933178057360998,0.0,-779.9377264168696,-0.0008722557918558569,0.0
52.6,16.297912315516932,-779.9504389211194,-0.03156190213901436,-0.03156190213901436,-0.8016723143309646,72.49669952012873,3.692217953660745,0.0,-779.9504389211194,-0.007167177346857826,0.0
52.7,15.672261161083473,-779.9669446760829,-0.03163595410229238,-0.03163595410229238,-0.8035532341982263,69.71366554195473,3.5504795284927284,0.0,-779.9669446760829,-0.0064909789291090125,0.0
52.8,15.081514277980613,-780.0269920490111,-0.03169273484021924,-0.03169273484021924,-0.8049954649415687,67.08589344159893,3.4166485073388806,0.0,-780.0269920490111,0.0018059803765343814,0.0
52.9,14.206129995264508,-779.9541848952078,-0.03173151111048932,-0.03173151111048932,-0.8059803822064288,63.19199156753549,3.2183341771090137,0.0,-779.9541848952078,0.005346744081013244,0.0
53.0,13.490587810481422,-779.9571393569985,-0.031805184649412836,-0.031805184649412836,-0.807851690095086,60.00910251033967,3.056231347610882,0.0,-779.9571393569985,-0.001442574656479321,0.0
53.1,12.856080485924167,-780.0600485449143,-0.031869504881814954,-0.031869504881814954,-0.8094854239980998,57.1866743390976,2.9124865973566383,0.0,-780.0600485449143,0.0006754983421548265,0.0
53.2,12.224065920648645,-779.895490785033,-0.03193764040770728,-0.03193764040770728,-0.8112160663557649,54.37533450954771,2.7693065703869473,0.0,-779.895490785033,0.0012740286608595543,0.0
53.3,11.542059262256824,-780.0150263666366,-0.03199211800458148,-0.03199211800458148,-0.8125997973163696,51.34161885155605,2.614801061958546,0.0,-780.0150263666366,0.005330965956583983,0.0
53.4,10.940792639977627,-779.9815407012892,-0.03204807381123387,-0.03204807381123387,-0.8140210748053403,48.66705263700128,2.478586841711295,0.0,-779.9815407012892,-0.00940235674911836,0.0
53.5,10.236702853306348,-780.026207771832,-0.0320915342046661,-0.0320915342046661,-0.8151249687985189,45.535106366134364,2.319078500949038,0.0,-780.026207771832,0.0007797614208904796,0.0
53.6,9.453313740067198,-779.9807551614232,-0.03217098206461484,-0.03217098206461484,-0.8171429444412169,42.05041924484171,2.141605258204314,0.0,-779.9807551614232,0.002027654698346582,0.0
53.7,8.894378736880379,-779.9419958791204,-0.03220658539441315,-0.03220658539441315,-0.818047269018094,39.56415338496604,2.0149810738459912,0.0,-779.9419958791204,0.0047504604871192475,0.0
53.8,8.301266746280698,-780.0403684328995,-0.0322934672647121,-0.0322934672647121,-0.8202540685236872,36.92586076614073,1.8806142483392272,0.0,-780.0403684328995,0.0019806899651908768,0.0
53.9,7.574366739292219,-780.0827712933815,-0.03234740788904564,-0.03234740788904564,-0.8216241603817591,33.692449617054436,1.715938355846928,0.0,-780.0827712933815,-0.005503484463774889,0.0
54.0,6.8792376585095525,-780.0224992743317,-0.03239504821897305,-0.03239504821897305,-0.8228342247619155,30.60036253733536,1.5584600222732548,0.0,-780.0224992743317,-0.002902767873676927,0.0
54.1,6.1325160741338545,-780.0653023006464,-0.032465537239218294,-0.032465537239218294,-0.8246246458761446,27.278780651283693,1.3892936415219603,0.0,-780.0653023006464,-0.0076209129669974375,0.0
54.2,5.516254515473065,-780.037928636362,-0.032531089544785737,-0.032531089544785737,-0.8262896744375576,24.5375136608176,1.2496823865962616,0.0,-780.037928636362,0.0009660123816904022,0.0
54.3,4.70351766911941,-780.0063241502615,-0.032583756992931326,-0.032583756992931326,-0.8276274276204556,20.922281366130342,1.0655605483132335,0.0,-780.0063241502615,0.0009618001718532645,0.0
54.4,4.138087273767728,-780.0032078701327,-0.03263760306833701,-0.03263760306833701,-0.82899511793576,18.407122572919082,0.9374648623844706,0.0,-780.0032078701327,0.0025591580978123903,0.0
54.5,3.4003130748188726,-779.9354635518488,-0.032718899169874575,-0.032718899169874575,-0.8310600389148142,15.125340625670805,0.7703254711316936,0.0,-779.9354635518488,-0.004849359934496158,0.0
54.6,2.801229217659191,-780.0507399175574,-0.03276387882563835,-0.03276387882563835,-0.8322025221712142,12.460483830575967,0.6346057464006094,0.0,-780.0507399175574,-0.0057011534121866525,0.0
54.7,2.075147419931218,-779.9823645798236,-0.032822138462880165,-0.032822138462880165,-0.8336823169571561,9.230712256286443,0.470115215497145,0.0,-779.9823645798236,0.007627992784226231,0.0
54.8,1.2889744942679005,-780.0253783726444,-0.03288473420868969,-0.03288473420868969,-0.835272248900718,5.73364212489236,0.2920113127014189,0.0,-780.0253783726444,0.0009109105033528556,0.0
54.9,0.6898716602022987,-779.9317471482411,-0.03293299480488143,-0.03293299480488143,-0.8364980680439883,3.0687009163450694,0.15628728883855714,0.0,-779.9317471482411,0.008730017107354326,0.0
55.0,0.08216015416133549,-779.8736150752167,-0.03300568552169516,-0.03300568552169516,-0.838344412251057,0.36546644094353575,0.018613009470004365,0.0,-779.8736150752167,0.002197220742666006,0.0
