date,name,mixing_temp,bath_temp,polymer_wt,additive_wt,pullcast_speed,nitrogen,coupon_to_bath_wait_time,nips_bath_wait_time,cosolvent_type,nips_bath_solvent,nips_bath_solvent_wt_percent,formatted_parameters,initial_report,Air Temp Mean,Humidity Mean,Coupon Temp Mean,Coupon Humidity Mean,Thickness Mean,Thickness SD,Elastic Modulus Mean,Elastic Modulus SD,Yield Strength Mean,Yield Strength SD,Pore Fraction Mean,Pore Fraction SD,Slope Plateau Mean,Slope Plateau SD,Slope Densification Mean,Slope Densification SD,Creep Strain Mean,Creep Strain SD,Strain at 50 bar Mean,Strain at 50 bar SD,Strain at 80 bar Mean,Strain at 80 bar SD,Strain at 150 bar Mean,Strain at 150 bar SD,Strain at 500 bar Mean,Strain at 500 bar SD,CV Mean,Discarded Fit Quality Mean,Discarded Fit Reasons,formatted_parameters_withProp,final_report,quality_result,quality_report
"2026-08-22
18:07:04",17-0add-5deg-cosolv-none-bathSolv-none-0wt-30s-N2-1200s_preDiscard,25,5,17.0,0.0,10.0,True,30,1200,none,none,0.0,"mixing_temp=25; bath_temp=5; polymer_wt=17; additive_wt=0; pullcast_speed=10; nitrogen=True; coupon_to_bath_wait_time=30; nips_bath_wait_time=1200; cosolvent_type=none; nips_bath_solvent=none; nips_bath_solvent_wt_percent=0.0; Air Temp Mean=22.89 [room air temperature during casting]; Humidity Mean=49.07 [room air humidity during casting]; Coupon Temp Mean=22.62 [coupon-stage temperature measured at the end of the wait period; during N2 it is the temperature during the N2 blow window, otherwise it is the no-N2 wait condition]; Coupon Humidity Mean=46.34 [coupon-stage humidity measured at the end of the wait period; during N2 it is the humidity during the N2 blow window, otherwise it is the no-N2 wait condition]",,22.89,49.07,22.62,46.34,94.00257757694146,1.5254583278751448,51.45255486140855,32.24355298306729,9.310499484370002,6.887536251480085,0.6844601065211167,0.0217340757433282,71.00957853121852,8.30387297246916,668.2771079656754,75.52472721941503,0.0750832644517067,0.0043730423552416,0.6173625065044612,0.0394097259347629,0.7293602691698189,0.0311424807641996,0.8402571299587878,0.0362770894747961,,,0.0684676631288805,,,"mixing_temp=25; bath_temp=5; polymer_wt=17; additive_wt=0; pullcast_speed=10; nitrogen=True; coupon_to_bath_wait_time=30; nips_bath_wait_time=1200; cosolvent_type=none; nips_bath_solvent=none; nips_bath_solvent_wt_percent=0.0; Air Temp Mean=22.89 [room air temperature during casting]; Humidity Mean=49.07 [room air humidity during casting]; Coupon Temp Mean=22.62 [coupon-stage temperature measured at the end of the wait period; during N2 it is the temperature during the N2 blow window, otherwise it is the no-N2 wait condition]; Coupon Humidity Mean=46.34 [coupon-stage humidity measured at the end of the wait period; during N2 it is the humidity during the N2 blow window, otherwise it is the no-N2 wait condition]

{'Air Temp Mean': 22.89, 'Humidity Mean': 49.07, 'Coupon Temp Mean': 22.62, 'Coupon Humidity Mean': 46.34, 'Thickness Mean': 94.00257757694146, 'Elastic Modulus Mean': 51.45255486140855, 'Strain at 50 bar Mean': 0.6173625065044612, 'CV Mean': 0.06846766312888052}",,"{""image_path"": ""C:\\Users\\opentrons\\Documents\\Auto-Membranes\\data\\raw\\17-0add-5deg-cosolv-none-bathSolv-none-0wt-30s-N2-1200s\\2026-08-22_17-41-56.jpg""}","- **Presence:** Membrane is visible — a pale white/light-blue sheet occupies the aperture.
- **Vertical Coverage:** Membrane spans fully from top to bottom edge of the aperture; no vertical gaps detected.
- **Uniformity:** Mostly uniform in color and opacity; a subtle light-blue tonal gradient is present but consistent. A few small dark specks are visible, likely surface particulates.
- **Defects:** No wrinkles or trapped air bubbles observed within the membrane material itself; surface texture appears smooth and flat.
- **Summary:** The membrane coupon presents with full vertical coverage, generally uniform appearance, and no significant structural defects."
"2026-08-22
18:07:04",17-0add-5deg-cosolv-none-bathSolv-none-0wt-30s-N2-1200s_postDiscard,25,5,17.0,0.0,10.0,True,30,1200,none,none,0.0,"mixing_temp=25; bath_temp=5; polymer_wt=17; additive_wt=0; pullcast_speed=10; nitrogen=True; coupon_to_bath_wait_time=30; nips_bath_wait_time=1200; cosolvent_type=none; nips_bath_solvent=none; nips_bath_solvent_wt_percent=0.0; Air Temp Mean=22.89 [room air temperature during casting]; Humidity Mean=49.07 [room air humidity during casting]; Coupon Temp Mean=22.62 [coupon-stage temperature measured at the end of the wait period; during N2 it is the temperature during the N2 blow window, otherwise it is the no-N2 wait condition]; Coupon Humidity Mean=46.34 [coupon-stage humidity measured at the end of the wait period; during N2 it is the humidity during the N2 blow window, otherwise it is the no-N2 wait condition]",,22.89,49.07,22.62,46.34,94.00257757694146,1.5254583278751448,105.35622647779446,0.0,20.99867049178753,0.0,0.6525765734489604,0.0,82.03309321254824,0.0,665.0829805335117,0.0,0.0802075753349814,0.0,0.6173625065044612,0.0394097259347629,0.6809820507210378,0.0,0.7931511784543395,0.0,,,,43.0,"3 failed due to plateau slope >= elastic modulus, no real transition","mixing_temp=25; bath_temp=5; polymer_wt=17; additive_wt=0; pullcast_speed=10; nitrogen=True; coupon_to_bath_wait_time=30; nips_bath_wait_time=1200; cosolvent_type=none; nips_bath_solvent=none; nips_bath_solvent_wt_percent=0.0; Air Temp Mean=22.89 [room air temperature during casting]; Humidity Mean=49.07 [room air humidity during casting]; Coupon Temp Mean=22.62 [coupon-stage temperature measured at the end of the wait period; during N2 it is the temperature during the N2 blow window, otherwise it is the no-N2 wait condition]; Coupon Humidity Mean=46.34 [coupon-stage humidity measured at the end of the wait period; during N2 it is the humidity during the N2 blow window, otherwise it is the no-N2 wait condition]

{'Air Temp Mean': 22.89, 'Humidity Mean': 49.07, 'Coupon Temp Mean': 22.62, 'Coupon Humidity Mean': 46.34, 'Thickness Mean': 94.00257757694146, 'Elastic Modulus Mean': 105.35622647779446, 'Strain at 50 bar Mean': 0.6173625065044612, 'CV Mean': nan}, 'Discarded Fit Quality Mean': '43.0/100', 'Discarded Fit Reasons': '3 failed due to plateau slope >= elastic modulus, no real transition'",,"{""image_path"": ""C:\\Users\\opentrons\\Documents\\Auto-Membranes\\data\\raw\\17-0add-5deg-cosolv-none-bathSolv-none-0wt-30s-N2-1200s\\2026-08-22_17-41-56.jpg""}","- **Presence:** Membrane is visible — a pale white/light-blue sheet occupies the aperture.
- **Vertical Coverage:** Membrane spans fully from top to bottom edge of the aperture; no vertical gaps detected.
- **Uniformity:** Mostly uniform in color and opacity; a subtle light-blue tonal gradient is present but consistent. A few small dark specks are visible, likely surface particulates.
- **Defects:** No wrinkles or trapped air bubbles observed within the membrane material itself; surface texture appears smooth and flat.
- **Summary:** The membrane coupon presents with full vertical coverage, generally uniform appearance, and no significant structural defects."
"2026-08-23
00:03:59",13-0add-25deg-cosolv-none-bathSolv-none-0wt-300s-NoN2-1800s_preDiscard,60,25,13.0,0.0,2.0,False,300,1800,none,none,0.0,"mixing_temp=60; bath_temp=25; polymer_wt=13.0; additive_wt=0.0; pullcast_speed=2; nitrogen=False; coupon_to_bath_wait_time=300; nips_bath_wait_time=1800; cosolvent_type=none; nips_bath_solvent=none; nips_bath_solvent_wt_percent=0.0; Air Temp Mean=22.57 [room air temperature during casting]; Humidity Mean=44.9 [room air humidity during casting]; Coupon Temp Mean=22.49 [coupon-stage temperature measured at the end of the wait period; during N2 it is the temperature during the N2 blow window, otherwise it is the no-N2 wait condition]; Coupon Humidity Mean=50.86 [coupon-stage humidity measured at the end of the wait period; during N2 it is the humidity during the N2 blow window, otherwise it is the no-N2 wait condition]",,22.57,44.9,22.49,50.86,66.42609116340466,41.004312957562206,219.04549965439656,193.6672854493384,59.71191374622647,51.60006948297015,-0.9144063123037796,1.3475517243413628,-102.2611264811788,211.4745714594922,-0.002909269241829,0.0135132932867273,0.0527399895525853,0.0002351558505682,-0.9333712792750064,0.9653279332938098,-0.867181402012646,0.9509756650260894,,,,,-1.447540987580114,,,"mixing_temp=60; bath_temp=25; polymer_wt=13.0; additive_wt=0.0; pullcast_speed=2; nitrogen=False; coupon_to_bath_wait_time=300; nips_bath_wait_time=1800; cosolvent_type=none; nips_bath_solvent=none; nips_bath_solvent_wt_percent=0.0; Air Temp Mean=22.57 [room air temperature during casting]; Humidity Mean=44.9 [room air humidity during casting]; Coupon Temp Mean=22.49 [coupon-stage temperature measured at the end of the wait period; during N2 it is the temperature during the N2 blow window, otherwise it is the no-N2 wait condition]; Coupon Humidity Mean=50.86 [coupon-stage humidity measured at the end of the wait period; during N2 it is the humidity during the N2 blow window, otherwise it is the no-N2 wait condition]

{'Air Temp Mean': 22.57, 'Humidity Mean': 44.9, 'Coupon Temp Mean': 22.49, 'Coupon Humidity Mean': 50.86, 'Thickness Mean': 66.42609116340466, 'Elastic Modulus Mean': 219.04549965439656, 'Strain at 50 bar Mean': -0.9333712792750064, 'CV Mean': -1.447540987580114}",,"{""image_path"": ""C:\\Users\\opentrons\\Documents\\Auto-Membranes\\data\\raw\\13-0add-25deg-cosolv-none-bathSolv-none-0wt-300s-NoN2-1800s\\2026-08-22_23-31-04.jpg""}","- **Presence:** Membrane is visible within the circular aperture.
- **Vertical Coverage:** Membrane spans the full top-to-bottom extent of the aperture with no gaps at the top or bottom edges.
- **Uniformity:** Non-uniform — significant color/opacity variation across the membrane surface, with darker streaked regions on the right and center-right, and a lighter region on the left, indicating uneven thickness or composition.
- **Defects:** Several elongated bubble-like features visible in the upper-center of the membrane material itself, consistent with trapped air bubbles; not attributable to lighting artifacts.
- **Summary:** Membrane is present with full vertical coverage, but exhibits notable non-uniformity and apparent trapped air bubbles near the upper-center region."
"2026-08-23
00:03:59",13-0add-25deg-cosolv-none-bathSolv-none-0wt-300s-NoN2-1800s_postDiscard,60,25,13.0,0.0,2.0,False,300,1800,none,none,0.0,"mixing_temp=60; bath_temp=25; polymer_wt=13.0; additive_wt=0.0; pullcast_speed=2; nitrogen=False; coupon_to_bath_wait_time=300; nips_bath_wait_time=1800; cosolvent_type=none; nips_bath_solvent=none; nips_bath_solvent_wt_percent=0.0; Air Temp Mean=nan [room air temperature during casting]; Humidity Mean=nan [room air humidity during casting]; Coupon Temp Mean=nan [coupon-stage temperature measured at the end of the wait period; during N2 it is the temperature during the N2 blow window, otherwise it is the no-N2 wait condition]; Coupon Humidity Mean=nan [coupon-stage humidity measured at the end of the wait period; during N2 it is the humidity during the N2 blow window, otherwise it is the no-N2 wait condition]",,,,,,66.42609116340466,41.004312957562206,,,,,,,,,,,,,-0.9333712792750064,0.9653279332938098,,,,,,,,34.0,"2 failed due to insufficient data to fit; 1 failed due to poor plateau fit (early); 1 failed due to plateau slope >= elastic modulus, no real transition","mixing_temp=60; bath_temp=25; polymer_wt=13.0; additive_wt=0.0; pullcast_speed=2; nitrogen=False; coupon_to_bath_wait_time=300; nips_bath_wait_time=1800; cosolvent_type=none; nips_bath_solvent=none; nips_bath_solvent_wt_percent=0.0; Air Temp Mean=nan [room air temperature during casting]; Humidity Mean=nan [room air humidity during casting]; Coupon Temp Mean=nan [coupon-stage temperature measured at the end of the wait period; during N2 it is the temperature during the N2 blow window, otherwise it is the no-N2 wait condition]; Coupon Humidity Mean=nan [coupon-stage humidity measured at the end of the wait period; during N2 it is the humidity during the N2 blow window, otherwise it is the no-N2 wait condition]

{'Air Temp Mean': nan, 'Humidity Mean': nan, 'Coupon Temp Mean': nan, 'Coupon Humidity Mean': nan, 'Thickness Mean': 66.42609116340466, 'Elastic Modulus Mean': nan, 'Strain at 50 bar Mean': -0.9333712792750064, 'CV Mean': nan}, 'Discarded Fit Quality Mean': '34.0/100', 'Discarded Fit Reasons': '2 failed due to insufficient data to fit; 1 failed due to poor plateau fit (early); 1 failed due to plateau slope >= elastic modulus, no real transition'",,"{""image_path"": ""C:\\Users\\opentrons\\Documents\\Auto-Membranes\\data\\raw\\13-0add-25deg-cosolv-none-bathSolv-none-0wt-300s-NoN2-1800s\\2026-08-22_23-31-04.jpg""}","- **Presence:** Membrane is visible within the circular aperture.
- **Vertical Coverage:** Membrane spans the full top-to-bottom extent of the aperture with no gaps at the top or bottom edges.
- **Uniformity:** Non-uniform — significant color/opacity variation across the membrane surface, with darker streaked regions on the right and center-right, and a lighter region on the left, indicating uneven thickness or composition.
- **Defects:** Several elongated bubble-like features visible in the upper-center of the membrane material itself, consistent with trapped air bubbles; not attributable to lighting artifacts.
- **Summary:** Membrane is present with full vertical coverage, but exhibits notable non-uniformity and apparent trapped air bubbles near the upper-center region."
"2026-08-23
02:20:26",15-0add-15deg-cosolv-none-bathSolv-none-0wt-550s-NoN2-1500s,75,15,15.0,0.0,18.0,False,550,1500,none,none,0.0,"mixing_temp=75; bath_temp=15; polymer_wt=15.0; additive_wt=0.0; pullcast_speed=18; nitrogen=False; coupon_to_bath_wait_time=550; nips_bath_wait_time=1500; cosolvent_type=none; nips_bath_solvent=none; nips_bath_solvent_wt_percent=0.0; Air Temp Mean=22.94 [room air temperature during casting]; Humidity Mean=42.21 [room air humidity during casting]; Coupon Temp Mean=22.21 [coupon-stage temperature measured at the end of the wait period; during N2 it is the temperature during the N2 blow window, otherwise it is the no-N2 wait condition]; Coupon Humidity Mean=47.43 [coupon-stage humidity measured at the end of the wait period; during N2 it is the humidity during the N2 blow window, otherwise it is the no-N2 wait condition]",,22.94,42.21,22.21,47.43,151.53003439086504,4.106147043141217,181.26548000520708,35.19539107855531,16.865141809543957,0.8980224605159862,0.5853978598367272,0.0100037901613685,44.75004296188123,1.1903056376862515,960.1881294685372,13.775074393822347,0.0648366094323824,0.0033391287717572,0.5498533035132229,0.006099198789931,0.6264538677206263,0.0088816897052947,0.6965948923098171,0.0104437157311328,,,0.0210766116914245,,,"mixing_temp=75; bath_temp=15; polymer_wt=15.0; additive_wt=0.0; pullcast_speed=18; nitrogen=False; coupon_to_bath_wait_time=550; nips_bath_wait_time=1500; cosolvent_type=none; nips_bath_solvent=none; nips_bath_solvent_wt_percent=0.0; Air Temp Mean=22.94 [room air temperature during casting]; Humidity Mean=42.21 [room air humidity during casting]; Coupon Temp Mean=22.21 [coupon-stage temperature measured at the end of the wait period; during N2 it is the temperature during the N2 blow window, otherwise it is the no-N2 wait condition]; Coupon Humidity Mean=47.43 [coupon-stage humidity measured at the end of the wait period; during N2 it is the humidity during the N2 blow window, otherwise it is the no-N2 wait condition]

{'Air Temp Mean': 22.94, 'Humidity Mean': 42.21, 'Coupon Temp Mean': 22.21, 'Coupon Humidity Mean': 47.43, 'Thickness Mean': 151.53003439086504, 'Elastic Modulus Mean': 181.26548000520708, 'Strain at 50 bar Mean': 0.5498533035132229, 'CV Mean': 0.021076611691424586}",,"{""image_path"": ""C:\\Users\\opentrons\\Documents\\Auto-Membranes\\data\\raw\\15-0add-15deg-cosolv-none-bathSolv-none-0wt-550s-NoN2-1500s\\2026-08-23_01-56-51.jpg""}","- **Presence**: Membrane is clearly visible as a pale white/grey sheet within the aperture.

- **Vertical Coverage**: Membrane spans the full top-to-bottom extent of the aperture with no gaps at the top or bottom edges. Coverage is complete vertically.

- **Uniformity**: The membrane is largely uniform in color and opacity across its surface, with a consistent pale white appearance and no obvious dark spots or significant thickness variation.

- **Defects**: No wrinkles or trapped air bubbles are detectable within the membrane material itself. Bright arcs visible at the aperture rim are specular lighting artifacts on the metal, not membrane defects.

- **Summary**: The membrane coupon presents as fully seated vertically, visually uniform, and free of observable wrinkles or bubble defects."
"2026-08-23
04:28:29",14-0add-5deg-cosolv-none-bathSolv-none-0wt-0s-N2-1350s,80,5,14.0,0.0,20.0,True,0,1350,none,none,0.0,"mixing_temp=80; bath_temp=5; polymer_wt=14.0; additive_wt=0.0; pullcast_speed=20; nitrogen=True; coupon_to_bath_wait_time=0; nips_bath_wait_time=1350; cosolvent_type=none; nips_bath_solvent=none; nips_bath_solvent_wt_percent=0.0; Air Temp Mean=23.17 [room air temperature during casting]; Humidity Mean=40.71 [room air humidity during casting]; Coupon Temp Mean=22.08 [coupon-stage temperature measured at the end of the wait period; during N2 it is the temperature during the N2 blow window, otherwise it is the no-N2 wait condition]; Coupon Humidity Mean=46.91 [coupon-stage humidity measured at the end of the wait period; during N2 it is the humidity during the N2 blow window, otherwise it is the no-N2 wait condition]",,23.17,40.71,22.08,46.91,134.12922632396288,3.144927346774959,62.71633404547623,7.241636657705976,7.815158461720189,0.274526763947552,0.5898642060082253,0.0120800526626916,39.02484381616336,1.2629815053433526,911.6751895217428,24.772349413543765,0.0459282484286888,0.0019858711373539,0.5801690537900762,0.0143692142616191,0.6479714337732151,0.0121386115919598,0.7213830477489335,0.0105189304774107,,,0.0279997838237863,,,"mixing_temp=80; bath_temp=5; polymer_wt=14.0; additive_wt=0.0; pullcast_speed=20; nitrogen=True; coupon_to_bath_wait_time=0; nips_bath_wait_time=1350; cosolvent_type=none; nips_bath_solvent=none; nips_bath_solvent_wt_percent=0.0; Air Temp Mean=23.17 [room air temperature during casting]; Humidity Mean=40.71 [room air humidity during casting]; Coupon Temp Mean=22.08 [coupon-stage temperature measured at the end of the wait period; during N2 it is the temperature during the N2 blow window, otherwise it is the no-N2 wait condition]; Coupon Humidity Mean=46.91 [coupon-stage humidity measured at the end of the wait period; during N2 it is the humidity during the N2 blow window, otherwise it is the no-N2 wait condition]

{'Air Temp Mean': 23.17, 'Humidity Mean': 40.71, 'Coupon Temp Mean': 22.08, 'Coupon Humidity Mean': 46.91, 'Thickness Mean': 134.12922632396288, 'Elastic Modulus Mean': 62.71633404547623, 'Strain at 50 bar Mean': 0.5801690537900762, 'CV Mean': 0.027999783823786314}",,"{""image_path"": ""C:\\Users\\opentrons\\Documents\\Auto-Membranes\\data\\raw\\14-0add-5deg-cosolv-none-bathSolv-none-0wt-0s-N2-1350s\\2026-08-23_04-01-43.jpg""}","- **Presence:** Membrane is clearly visible as a white/pale coupon centered in the aperture.

- **Vertical Coverage:** The membrane spans the full top-to-bottom extent of the aperture with no gaps at the top or bottom edges. ✓

- **Uniformity:** The membrane surface appears visually uniform — consistent white opacity with no patchiness, dark spots, or notable thickness variation across the face.

- **Defects:** No wrinkles or trapped air bubbles are detected within the membrane material itself. A few minor specks/dust particles are visible on the surface but no structural defects.

- **Summary:** The membrane coupon presents as a clean, uniform, fully vertically covering sample with no significant defects observed."
"2026-08-23
06:39:47",16-0add-10deg-cosolv-none-bathSolv-none-0wt-150s-NoN2-1650s_preDiscard,45,10,16.0,0.0,6.0,False,150,1650,none,none,0.0,"mixing_temp=45; bath_temp=10; polymer_wt=16.0; additive_wt=0.0; pullcast_speed=6; nitrogen=False; coupon_to_bath_wait_time=150; nips_bath_wait_time=1650; cosolvent_type=none; nips_bath_solvent=none; nips_bath_solvent_wt_percent=0.0; Air Temp Mean=22.39 [room air temperature during casting]; Humidity Mean=42.88 [room air humidity during casting]; Coupon Temp Mean=21.8 [coupon-stage temperature measured at the end of the wait period; during N2 it is the temperature during the N2 blow window, otherwise it is the no-N2 wait condition]; Coupon Humidity Mean=47.69 [coupon-stage humidity measured at the end of the wait period; during N2 it is the humidity during the N2 blow window, otherwise it is the no-N2 wait condition]",,22.39,42.88,21.8,47.69,162.99153332190264,16.681027800199406,40.98968711950718,8.744323662693876,6.43941985324407,0.653622006149704,0.5814164814380988,0.0557633016512731,84.77907217892506,4.308633288530941,675.847435548064,60.44236198170673,0.0979119333094034,0.0113146971468514,0.5310822233087902,0.0487172377959121,0.6294908461426322,0.0563093350861606,0.7413203073080115,0.0595512181107449,,,0.1058811535074704,,,"mixing_temp=45; bath_temp=10; polymer_wt=16.0; additive_wt=0.0; pullcast_speed=6; nitrogen=False; coupon_to_bath_wait_time=150; nips_bath_wait_time=1650; cosolvent_type=none; nips_bath_solvent=none; nips_bath_solvent_wt_percent=0.0; Air Temp Mean=22.39 [room air temperature during casting]; Humidity Mean=42.88 [room air humidity during casting]; Coupon Temp Mean=21.8 [coupon-stage temperature measured at the end of the wait period; during N2 it is the temperature during the N2 blow window, otherwise it is the no-N2 wait condition]; Coupon Humidity Mean=47.69 [coupon-stage humidity measured at the end of the wait period; during N2 it is the humidity during the N2 blow window, otherwise it is the no-N2 wait condition]

{'Air Temp Mean': 22.39, 'Humidity Mean': 42.88, 'Coupon Temp Mean': 21.8, 'Coupon Humidity Mean': 47.69, 'Thickness Mean': 162.99153332190264, 'Elastic Modulus Mean': 40.98968711950718, 'Strain at 50 bar Mean': 0.5310822233087902, 'CV Mean': 0.1058811535074704}",,"{""image_path"": ""C:\\Users\\opentrons\\Documents\\Auto-Membranes\\data\\raw\\16-0add-10deg-cosolv-none-bathSolv-none-0wt-150s-NoN2-1650s\\2026-08-23_06-14-36.jpg""}","- **Presence:** Membrane is visible — a pale/white sheet occupies the aperture.

- **Vertical Coverage:** Membrane spans the full top-to-bottom extent of the aperture with no gap at either the top or bottom edge. ✓

- **Uniformity:** Mostly uniform in opacity; a cluster of small dark particulate specks is visible near the upper-centre of the membrane surface, and subtle tonal variation (slightly darker lower region) is present.

- **Defects:** Several distinct wrinkles/fold lines are visible within the membrane material itself — most notably a pronounced fold along the right-centre area and lighter crease lines across the lower-centre portion.

- **Summary:** Membrane is present with full vertical coverage, but exhibits visible surface particulate contamination and multiple wrinkles/creases within the membrane sheet."
"2026-08-23
06:39:47",16-0add-10deg-cosolv-none-bathSolv-none-0wt-150s-NoN2-1650s_postDiscard,45,10,16.0,0.0,6.0,False,150,1650,none,none,0.0,"mixing_temp=45; bath_temp=10; polymer_wt=16.0; additive_wt=0.0; pullcast_speed=6; nitrogen=False; coupon_to_bath_wait_time=150; nips_bath_wait_time=1650; cosolvent_type=none; nips_bath_solvent=none; nips_bath_solvent_wt_percent=0.0; Air Temp Mean=nan [room air temperature during casting]; Humidity Mean=nan [room air humidity during casting]; Coupon Temp Mean=nan [coupon-stage temperature measured at the end of the wait period; during N2 it is the temperature during the N2 blow window, otherwise it is the no-N2 wait condition]; Coupon Humidity Mean=nan [coupon-stage humidity measured at the end of the wait period; during N2 it is the humidity during the N2 blow window, otherwise it is the no-N2 wait condition]",,,,,,162.99153332190264,16.681027800199406,,,,,,,,,,,,,0.5310822233087902,0.0487172377959121,,,,,,,,42.5,"4 failed due to plateau slope >= elastic modulus, no real transition","mixing_temp=45; bath_temp=10; polymer_wt=16.0; additive_wt=0.0; pullcast_speed=6; nitrogen=False; coupon_to_bath_wait_time=150; nips_bath_wait_time=1650; cosolvent_type=none; nips_bath_solvent=none; nips_bath_solvent_wt_percent=0.0; Air Temp Mean=nan [room air temperature during casting]; Humidity Mean=nan [room air humidity during casting]; Coupon Temp Mean=nan [coupon-stage temperature measured at the end of the wait period; during N2 it is the temperature during the N2 blow window, otherwise it is the no-N2 wait condition]; Coupon Humidity Mean=nan [coupon-stage humidity measured at the end of the wait period; during N2 it is the humidity during the N2 blow window, otherwise it is the no-N2 wait condition]

{'Air Temp Mean': nan, 'Humidity Mean': nan, 'Coupon Temp Mean': nan, 'Coupon Humidity Mean': nan, 'Thickness Mean': 162.99153332190264, 'Elastic Modulus Mean': nan, 'Strain at 50 bar Mean': 0.5310822233087902, 'CV Mean': nan}, 'Discarded Fit Quality Mean': '42.5/100', 'Discarded Fit Reasons': '4 failed due to plateau slope >= elastic modulus, no real transition'",,"{""image_path"": ""C:\\Users\\opentrons\\Documents\\Auto-Membranes\\data\\raw\\16-0add-10deg-cosolv-none-bathSolv-none-0wt-150s-NoN2-1650s\\2026-08-23_06-14-36.jpg""}","- **Presence:** Membrane is visible — a pale/white sheet occupies the aperture.

- **Vertical Coverage:** Membrane spans the full top-to-bottom extent of the aperture with no gap at either the top or bottom edge. ✓

- **Uniformity:** Mostly uniform in opacity; a cluster of small dark particulate specks is visible near the upper-centre of the membrane surface, and subtle tonal variation (slightly darker lower region) is present.

- **Defects:** Several distinct wrinkles/fold lines are visible within the membrane material itself — most notably a pronounced fold along the right-centre area and lighter crease lines across the lower-centre portion.

- **Summary:** Membrane is present with full vertical coverage, but exhibits visible surface particulate contamination and multiple wrinkles/creases within the membrane sheet."
"2026-08-23
08:49:50",15p5-0add-20deg-cosolv-none-bathSolv-none-0wt-450s-N2-1800s_preDiscard,35,20,15.5,0.0,14.0,True,450,1800,none,none,0.0,"mixing_temp=35; bath_temp=20; polymer_wt=15.5; additive_wt=0.0; pullcast_speed=14; nitrogen=True; coupon_to_bath_wait_time=450; nips_bath_wait_time=1800; cosolvent_type=none; nips_bath_solvent=none; nips_bath_solvent_wt_percent=0.0; Air Temp Mean=22.37 [room air temperature during casting]; Humidity Mean=40.64 [room air humidity during casting]; Coupon Temp Mean=21.9 [coupon-stage temperature measured at the end of the wait period; during N2 it is the temperature during the N2 blow window, otherwise it is the no-N2 wait condition]; Coupon Humidity Mean=44.1 [coupon-stage humidity measured at the end of the wait period; during N2 it is the humidity during the N2 blow window, otherwise it is the no-N2 wait condition]",,22.37,40.64,21.9,44.1,35.678526673157776,14.256587720174016,,,,,,,,,,,,,,,,,,,,,,,,"mixing_temp=35; bath_temp=20; polymer_wt=15.5; additive_wt=0.0; pullcast_speed=14; nitrogen=True; coupon_to_bath_wait_time=450; nips_bath_wait_time=1800; cosolvent_type=none; nips_bath_solvent=none; nips_bath_solvent_wt_percent=0.0; Air Temp Mean=22.37 [room air temperature during casting]; Humidity Mean=40.64 [room air humidity during casting]; Coupon Temp Mean=21.9 [coupon-stage temperature measured at the end of the wait period; during N2 it is the temperature during the N2 blow window, otherwise it is the no-N2 wait condition]; Coupon Humidity Mean=44.1 [coupon-stage humidity measured at the end of the wait period; during N2 it is the humidity during the N2 blow window, otherwise it is the no-N2 wait condition]

{'Air Temp Mean': 22.37, 'Humidity Mean': 40.64, 'Coupon Temp Mean': 21.9, 'Coupon Humidity Mean': 44.1, 'Thickness Mean': 35.678526673157776, 'Elastic Modulus Mean': nan, 'Strain at 50 bar Mean': nan, 'CV Mean': nan}",,"{""image_path"": ""C:\\Users\\opentrons\\Documents\\Auto-Membranes\\data\\raw\\15p5-0add-20deg-cosolv-none-bathSolv-none-0wt-450s-N2-1800s\\2026-08-23_08-33-35.jpg""}","- **Presence**: Membrane material is partially visible as white/pale streaks, but coverage is severely incomplete.

- **Vertical Coverage**: The membrane does **not** span the full vertical extent of the aperture — substantial bare backing is exposed above, below, and around the membrane remnants, indicating a critical vertical coverage defect.

- **Uniformity**: Highly non-uniform; membrane exists only as narrow, irregular vertical streaks concentrated near the center, with large areas of exposed substrate.

- **Defects**: The membrane material itself shows ragged, torn edges and fragmented streaks consistent with delamination or wash-off; no wrinkles or trapped bubbles are discernible within the sparse membrane material present.

- **Summary**: This coupon exhibits severe membrane loss/delamination, with only fragmented residual material remaining and grossly inadequate vertical coverage — the sample is defective."
"2026-08-23
08:49:50",15p5-0add-20deg-cosolv-none-bathSolv-none-0wt-450s-N2-1800s_postDiscard,35,20,15.5,0.0,14.0,True,450,1800,none,none,0.0,"mixing_temp=35; bath_temp=20; polymer_wt=15.5; additive_wt=0.0; pullcast_speed=14; nitrogen=True; coupon_to_bath_wait_time=450; nips_bath_wait_time=1800; cosolvent_type=none; nips_bath_solvent=none; nips_bath_solvent_wt_percent=0.0; Air Temp Mean=nan [room air temperature during casting]; Humidity Mean=nan [room air humidity during casting]; Coupon Temp Mean=nan [coupon-stage temperature measured at the end of the wait period; during N2 it is the temperature during the N2 blow window, otherwise it is the no-N2 wait condition]; Coupon Humidity Mean=nan [coupon-stage humidity measured at the end of the wait period; during N2 it is the humidity during the N2 blow window, otherwise it is the no-N2 wait condition]",,,,,,35.678526673157776,14.256587720174016,,,,,,,,,,,,,,,,,,,,,,,4 failed due to insufficient data to fit,"mixing_temp=35; bath_temp=20; polymer_wt=15.5; additive_wt=0.0; pullcast_speed=14; nitrogen=True; coupon_to_bath_wait_time=450; nips_bath_wait_time=1800; cosolvent_type=none; nips_bath_solvent=none; nips_bath_solvent_wt_percent=0.0; Air Temp Mean=nan [room air temperature during casting]; Humidity Mean=nan [room air humidity during casting]; Coupon Temp Mean=nan [coupon-stage temperature measured at the end of the wait period; during N2 it is the temperature during the N2 blow window, otherwise it is the no-N2 wait condition]; Coupon Humidity Mean=nan [coupon-stage humidity measured at the end of the wait period; during N2 it is the humidity during the N2 blow window, otherwise it is the no-N2 wait condition]

{'Air Temp Mean': nan, 'Humidity Mean': nan, 'Coupon Temp Mean': nan, 'Coupon Humidity Mean': nan, 'Thickness Mean': 35.678526673157776, 'Elastic Modulus Mean': nan, 'Strain at 50 bar Mean': nan, 'CV Mean': nan}, 'Discarded Fit Reasons': '4 failed due to insufficient data to fit'",,"{""image_path"": ""C:\\Users\\opentrons\\Documents\\Auto-Membranes\\data\\raw\\15p5-0add-20deg-cosolv-none-bathSolv-none-0wt-450s-N2-1800s\\2026-08-23_08-33-35.jpg""}","- **Presence**: Membrane material is partially visible as white/pale streaks, but coverage is severely incomplete.

- **Vertical Coverage**: The membrane does **not** span the full vertical extent of the aperture — substantial bare backing is exposed above, below, and around the membrane remnants, indicating a critical vertical coverage defect.

- **Uniformity**: Highly non-uniform; membrane exists only as narrow, irregular vertical streaks concentrated near the center, with large areas of exposed substrate.

- **Defects**: The membrane material itself shows ragged, torn edges and fragmented streaks consistent with delamination or wash-off; no wrinkles or trapped bubbles are discernible within the sparse membrane material present.

- **Summary**: This coupon exhibits severe membrane loss/delamination, with only fragmented residual material remaining and grossly inadequate vertical coverage — the sample is defective."
"2026-08-25
17:20:49",13p5-0add-25deg-cosolv-none-bathSolv-none-0wt-600s-N2-1200s,50,25,13.5,0.0,4.0,True,600,1200,none,none,0.0,"mixing_temp=50; bath_temp=25; polymer_wt=13.5; additive_wt=0; pullcast_speed=4; nitrogen=True; coupon_to_bath_wait_time=600; nips_bath_wait_time=1200; cosolvent_type=none; nips_bath_solvent=none; nips_bath_solvent_wt_percent=0.0; Air Temp Mean=23.45 [room air temperature during casting]; Humidity Mean=42.7 [room air humidity during casting]; Coupon Temp Mean=23.48 [coupon-stage temperature measured at the end of the wait period; during N2 it is the temperature during the N2 blow window, otherwise it is the no-N2 wait condition]; Coupon Humidity Mean=44.38 [coupon-stage humidity measured at the end of the wait period; during N2 it is the humidity during the N2 blow window, otherwise it is the no-N2 wait condition]",,23.45,42.7,23.48,44.38,138.0086333180898,3.7093194195825343,169.53541695365658,14.760424987147514,25.29898741537781,2.6478928352431192,0.605047387640244,0.0260796409517231,66.71600504545872,4.507793361912944,1184.292664581004,214.70769789750432,0.0402256561108456,0.001270019844471,0.5186104325436642,0.013490333530879,0.6211547187294936,0.0282304846233595,0.681887928861619,0.0323106076865066,,,0.0578398250767045,,,"mixing_temp=50; bath_temp=25; polymer_wt=13.5; additive_wt=0; pullcast_speed=4; nitrogen=True; coupon_to_bath_wait_time=600; nips_bath_wait_time=1200; cosolvent_type=none; nips_bath_solvent=none; nips_bath_solvent_wt_percent=0.0; Air Temp Mean=23.45 [room air temperature during casting]; Humidity Mean=42.7 [room air humidity during casting]; Coupon Temp Mean=23.48 [coupon-stage temperature measured at the end of the wait period; during N2 it is the temperature during the N2 blow window, otherwise it is the no-N2 wait condition]; Coupon Humidity Mean=44.38 [coupon-stage humidity measured at the end of the wait period; during N2 it is the humidity during the N2 blow window, otherwise it is the no-N2 wait condition]

{'Air Temp Mean': 23.45, 'Humidity Mean': 42.7, 'Coupon Temp Mean': 23.48, 'Coupon Humidity Mean': 44.38, 'Thickness Mean': 138.0086333180898, 'Elastic Modulus Mean': 169.53541695365658, 'Strain at 50 bar Mean': 0.5186104325436642, 'CV Mean': 0.057839825076704536}",,"{""image_path"": ""C:\\Users\\opentrons\\Documents\\Auto-Membranes\\data\\raw\\13p5-0add-25deg-cosolv-none-bathSolv-none-0wt-600s-N2-1200s\\2026-08-25_16-58-37.jpg""}","- **Presence**: Membrane is visible — a pale white/light-grey sheet occupies the aperture.

- **Vertical Coverage**: Membrane spans fully from the top to the bottom edge of the aperture with no gaps at either end. ✓

- **Uniformity**: Color and opacity are largely uniform across the membrane surface; no significant patchiness, dark spots, or obvious thickness variation detected.

- **Defects**: Two small bright circular features are visible on the left interior edge of the membrane — these appear to be trapped air bubbles within the membrane material, not rim reflections. No wrinkles detected in the membrane body.

- **Summary**: Membrane is present with full vertical coverage and good overall uniformity, but two small trapped air bubbles are noted near the left edge."
"2026-08-26
00:21:17",14p5-0add-5deg-cosolv-none-bathSolv-none-0wt-90s-NoN2-1450s,65,5,14.5,0.0,8.0,False,90,1450,none,none,0.0,"mixing_temp=65; bath_temp=5; polymer_wt=14.5; additive_wt=0; pullcast_speed=8; nitrogen=False; coupon_to_bath_wait_time=90; nips_bath_wait_time=1450; cosolvent_type=none; nips_bath_solvent=none; nips_bath_solvent_wt_percent=0.0; Air Temp Mean=23.55 [room air temperature during casting]; Humidity Mean=49.58 [room air humidity during casting]; Coupon Temp Mean=22.86 [coupon-stage temperature measured at the end of the wait period; during N2 it is the temperature during the N2 blow window, otherwise it is the no-N2 wait condition]; Coupon Humidity Mean=54.4 [coupon-stage humidity measured at the end of the wait period; during N2 it is the humidity during the N2 blow window, otherwise it is the no-N2 wait condition]",,23.55,49.58,22.86,54.4,130.69251677264972,6.366139308799567,84.03618733834239,8.454093539233497,11.115790524313889,1.3170718419644616,0.5411678648291599,0.0165949221778976,55.89470212730102,4.2757029277590055,901.4982796390698,46.64443465692876,0.0544959328674168,0.0026344417407601,0.517615935441757,0.0117578872420831,0.5899985271660302,0.0157127124932659,0.6671201595157299,0.0207785780987537,,,0.033102656357122,,,"mixing_temp=65; bath_temp=5; polymer_wt=14.5; additive_wt=0; pullcast_speed=8; nitrogen=False; coupon_to_bath_wait_time=90; nips_bath_wait_time=1450; cosolvent_type=none; nips_bath_solvent=none; nips_bath_solvent_wt_percent=0.0; Air Temp Mean=23.55 [room air temperature during casting]; Humidity Mean=49.58 [room air humidity during casting]; Coupon Temp Mean=22.86 [coupon-stage temperature measured at the end of the wait period; during N2 it is the temperature during the N2 blow window, otherwise it is the no-N2 wait condition]; Coupon Humidity Mean=54.4 [coupon-stage humidity measured at the end of the wait period; during N2 it is the humidity during the N2 blow window, otherwise it is the no-N2 wait condition]

{'Air Temp Mean': 23.55, 'Humidity Mean': 49.58, 'Coupon Temp Mean': 22.86, 'Coupon Humidity Mean': 54.4, 'Thickness Mean': 130.69251677264972, 'Elastic Modulus Mean': 84.03618733834239, 'Strain at 50 bar Mean': 0.517615935441757, 'CV Mean': 0.03310265635712208}",,"{""image_path"": ""C:\\Users\\opentrons\\Documents\\Auto-Membranes\\data\\raw\\14p5-0add-5deg-cosolv-none-bathSolv-none-0wt-90s-NoN2-1450s\\2026-08-26_00-01-10.jpg""}","- **Presence:** Membrane is visible — a pale white/grey sheet occupies the aperture.

- **Vertical Coverage:** The membrane spans the full top-to-bottom extent of the aperture with no gap at the top or bottom edge. ✓

- **Uniformity:** The membrane surface is largely uniform in color and opacity across the central area, with no obvious dark spots or significant thickness variation.

- **Defects:** A distinct diagonal fold or wrinkle is visible within the membrane material itself on the right side, running from upper-right toward lower-center — this is a genuine membrane defect, not a lighting artifact.

- **Summary:** Membrane is present with full vertical coverage and generally uniform appearance, but a clear diagonal fold/wrinkle within the membrane material on the right side constitutes a notable defect."
"2026-08-27
11:47:09",16p5-0add-10deg-cosolv-none-bathSolv-none-0wt-225s-NoN2-1750s,40,10,16.5,0.0,16.0,False,225,1750,none,none,0.0,"mixing_temp=40; bath_temp=10; polymer_wt=16.5; additive_wt=0; pullcast_speed=16; nitrogen=False; coupon_to_bath_wait_time=225; nips_bath_wait_time=1750; cosolvent_type=none; nips_bath_solvent=none; nips_bath_solvent_wt_percent=0.0; Air Temp Mean=23.64 [room air temperature during casting]; Humidity Mean=50.53 [room air humidity during casting]; Coupon Temp Mean=23.41 [coupon-stage temperature measured at the end of the wait period; during N2 it is the temperature during the N2 blow window, otherwise it is the no-N2 wait condition]; Coupon Humidity Mean=54.05 [coupon-stage humidity measured at the end of the wait period; during N2 it is the humidity during the N2 blow window, otherwise it is the no-N2 wait condition]",,23.64,50.53,23.41,54.05,124.6148650043328,3.0016707899183155,308.0968763894235,77.74635558490657,26.22070420366197,1.7547852850900998,0.4858180044964574,0.0129559441996988,56.322078597502944,3.608174902427895,780.461676446764,93.2729099730562,0.0964933054000104,0.0031126375622457,0.4167883866450871,0.0134007003786572,0.5216615079960776,0.0108660685727757,0.6130877252486899,0.0118009051592044,,,0.042107778900056,,,"mixing_temp=40; bath_temp=10; polymer_wt=16.5; additive_wt=0; pullcast_speed=16; nitrogen=False; coupon_to_bath_wait_time=225; nips_bath_wait_time=1750; cosolvent_type=none; nips_bath_solvent=none; nips_bath_solvent_wt_percent=0.0; Air Temp Mean=23.64 [room air temperature during casting]; Humidity Mean=50.53 [room air humidity during casting]; Coupon Temp Mean=23.41 [coupon-stage temperature measured at the end of the wait period; during N2 it is the temperature during the N2 blow window, otherwise it is the no-N2 wait condition]; Coupon Humidity Mean=54.05 [coupon-stage humidity measured at the end of the wait period; during N2 it is the humidity during the N2 blow window, otherwise it is the no-N2 wait condition]

{'Air Temp Mean': 23.64, 'Humidity Mean': 50.53, 'Coupon Temp Mean': 23.41, 'Coupon Humidity Mean': 54.05, 'Thickness Mean': 124.61486500433281, 'Elastic Modulus Mean': 308.0968763894235, 'Strain at 50 bar Mean': 0.4167883866450871, 'CV Mean': 0.04210777890005604}",,"{""image_path"": ""C:\\Users\\opentrons\\Documents\\Auto-Membranes\\data\\raw\\16p5-0add-10deg-cosolv-none-bathSolv-none-0wt-225s-NoN2-1750s\\2026-08-27_11-24-59.jpg""}","- **Presence:** Membrane is visible — a pale white/grey coupon is seated within the aperture.

- **Vertical Coverage:** The membrane appears to span the full top-to-bottom extent of the aperture with no discernible gap at the top or bottom edge.

- **Uniformity:** The membrane surface appears visually uniform in color and opacity, with no obvious patchiness, dark spots, or thickness variation.

- **Defects:** No wrinkles or trapped air bubbles are detected within the membrane material itself. Bright highlights visible on the metal rim and at the boundary edge are lighting/specular artifacts.

- **Summary:** The membrane coupon presents as fully seated vertically, uniform in appearance, and free of observable wrinkles or bubble defects."
"2026-08-27
15:13:05",13-0add-20deg-cosolv-none-bathSolv-none-0wt-375s-N2-1550s_preDiscard,55,20,13.0,0.0,12.0,True,375,1550,none,none,0.0,"mixing_temp=55; bath_temp=20; polymer_wt=13.0; additive_wt=0.0; pullcast_speed=12; nitrogen=True; coupon_to_bath_wait_time=375; nips_bath_wait_time=1550; cosolvent_type=none; nips_bath_solvent=none; nips_bath_solvent_wt_percent=0.0; Air Temp Mean=24.0 [room air temperature during casting]; Humidity Mean=47.0 [room air humidity during casting]; Coupon Temp Mean=23.73 [coupon-stage temperature measured at the end of the wait period; during N2 it is the temperature during the N2 blow window, otherwise it is the no-N2 wait condition]; Coupon Humidity Mean=45.35 [coupon-stage humidity measured at the end of the wait period; during N2 it is the humidity during the N2 blow window, otherwise it is the no-N2 wait condition]",,24.0,47.0,23.73,45.35,127.81437261296968,2.839779543367929,195.87724148498,83.37265687247246,19.153662362094035,2.9004386203432144,0.6594995320742478,0.0224505439590158,45.887894425185294,14.383159516161587,1022.1454017207992,47.23208689316269,0.0444899732307129,0.0041666538260145,0.6331464706224814,0.0100691638584038,0.6940075775966689,0.0130598257180637,0.7575632939053791,0.0108453912518888,,,0.0406423882799241,,,"mixing_temp=55; bath_temp=20; polymer_wt=13.0; additive_wt=0.0; pullcast_speed=12; nitrogen=True; coupon_to_bath_wait_time=375; nips_bath_wait_time=1550; cosolvent_type=none; nips_bath_solvent=none; nips_bath_solvent_wt_percent=0.0; Air Temp Mean=24.0 [room air temperature during casting]; Humidity Mean=47.0 [room air humidity during casting]; Coupon Temp Mean=23.73 [coupon-stage temperature measured at the end of the wait period; during N2 it is the temperature during the N2 blow window, otherwise it is the no-N2 wait condition]; Coupon Humidity Mean=45.35 [coupon-stage humidity measured at the end of the wait period; during N2 it is the humidity during the N2 blow window, otherwise it is the no-N2 wait condition]

{'Air Temp Mean': 24.0, 'Humidity Mean': 47.0, 'Coupon Temp Mean': 23.73, 'Coupon Humidity Mean': 45.35, 'Thickness Mean': 127.81437261296968, 'Elastic Modulus Mean': 195.87724148497998, 'Strain at 50 bar Mean': 0.6331464706224814, 'CV Mean': 0.040642388279924134}",,"{""image_path"": ""C:\\Users\\opentrons\\Documents\\Auto-Membranes\\data\\raw\\13-0add-20deg-cosolv-none-bathSolv-none-0wt-375s-N2-1550s\\2026-08-27_14-53-04.jpg""}","**Presence:** Membrane is visible — a pale white/light-blue sheet seated within the circular aperture.

**Vertical Coverage:** The membrane does not fully reach the top edge of the aperture; a small gap exposing the backing/rim is visible at the upper portion. This is a vertical coverage defect.

**Uniformity:** The membrane body appears largely uniform in color and opacity, with only very subtle tonal gradation — no significant patchiness or dark spots detected.

**Defects:** No wrinkles or trapped air bubbles are evident within the membrane material itself; surface texture is smooth and consistent.

**Summary:** The membrane is present and internally uniform, but exhibits a notable vertical gap at the top edge of the aperture, constituting a seating/coverage defect."
"2026-08-27
15:13:05",13-0add-20deg-cosolv-none-bathSolv-none-0wt-375s-N2-1550s_postDiscard,55,20,13.0,0.0,12.0,True,375,1550,none,none,0.0,"mixing_temp=55; bath_temp=20; polymer_wt=13.0; additive_wt=0.0; pullcast_speed=12; nitrogen=True; coupon_to_bath_wait_time=375; nips_bath_wait_time=1550; cosolvent_type=none; nips_bath_solvent=none; nips_bath_solvent_wt_percent=0.0; Air Temp Mean=24.0 [room air temperature during casting]; Humidity Mean=47.0 [room air humidity during casting]; Coupon Temp Mean=23.73 [coupon-stage temperature measured at the end of the wait period; during N2 it is the temperature during the N2 blow window, otherwise it is the no-N2 wait condition]; Coupon Humidity Mean=45.35 [coupon-stage humidity measured at the end of the wait period; during N2 it is the humidity during the N2 blow window, otherwise it is the no-N2 wait condition]",,24.0,47.0,23.73,45.35,127.81437261296968,2.839779543367929,147.8252503285428,5.65901660244759,18.3530002814165,2.941510924241441,0.647520358104528,0.009901184916649,38.60789541946561,7.990003846266156,1025.1959925330664,54.19657700595253,0.0433364090493422,0.0042219858114742,0.6331464706224814,0.0100691638584038,0.6871976220441945,0.0064737999048647,0.7515233812920711,0.0033027015764589,,,0.026497051671881,68.0,1 failed due to poor full-plateau fit,"mixing_temp=55; bath_temp=20; polymer_wt=13.0; additive_wt=0.0; pullcast_speed=12; nitrogen=True; coupon_to_bath_wait_time=375; nips_bath_wait_time=1550; cosolvent_type=none; nips_bath_solvent=none; nips_bath_solvent_wt_percent=0.0; Air Temp Mean=24.0 [room air temperature during casting]; Humidity Mean=47.0 [room air humidity during casting]; Coupon Temp Mean=23.73 [coupon-stage temperature measured at the end of the wait period; during N2 it is the temperature during the N2 blow window, otherwise it is the no-N2 wait condition]; Coupon Humidity Mean=45.35 [coupon-stage humidity measured at the end of the wait period; during N2 it is the humidity during the N2 blow window, otherwise it is the no-N2 wait condition]

{'Air Temp Mean': 24.0, 'Humidity Mean': 47.0, 'Coupon Temp Mean': 23.73, 'Coupon Humidity Mean': 45.35, 'Thickness Mean': 127.81437261296968, 'Elastic Modulus Mean': 147.8252503285428, 'Strain at 50 bar Mean': 0.6331464706224814, 'CV Mean': 0.026497051671881065}, 'Discarded Fit Quality Mean': '68.0/100', 'Discarded Fit Reasons': '1 failed due to poor full-plateau fit'",,"{""image_path"": ""C:\\Users\\opentrons\\Documents\\Auto-Membranes\\data\\raw\\13-0add-20deg-cosolv-none-bathSolv-none-0wt-375s-N2-1550s\\2026-08-27_14-53-04.jpg""}","**Presence:** Membrane is visible — a pale white/light-blue sheet seated within the circular aperture.

**Vertical Coverage:** The membrane does not fully reach the top edge of the aperture; a small gap exposing the backing/rim is visible at the upper portion. This is a vertical coverage defect.

**Uniformity:** The membrane body appears largely uniform in color and opacity, with only very subtle tonal gradation — no significant patchiness or dark spots detected.

**Defects:** No wrinkles or trapped air bubbles are evident within the membrane material itself; surface texture is smooth and consistent.

**Summary:** The membrane is present and internally uniform, but exhibits a notable vertical gap at the top edge of the aperture, constituting a seating/coverage defect."
"2026-08-27
16:43:23",17-0add-15deg-cosolv-none-bathSolv-none-0wt-500s-NoN2-1800s,25,15,17.0,0.0,1.0,False,500,1800,none,none,0.0,"mixing_temp=25; bath_temp=15; polymer_wt=17.0; additive_wt=0.0; pullcast_speed=1; nitrogen=False; coupon_to_bath_wait_time=500; nips_bath_wait_time=1800; cosolvent_type=none; nips_bath_solvent=none; nips_bath_solvent_wt_percent=0.0; Air Temp Mean=23.45 [room air temperature during casting]; Humidity Mean=46.26 [room air humidity during casting]; Coupon Temp Mean=23.22 [coupon-stage temperature measured at the end of the wait period; during N2 it is the temperature during the N2 blow window, otherwise it is the no-N2 wait condition]; Coupon Humidity Mean=51.1 [coupon-stage humidity measured at the end of the wait period; during N2 it is the humidity during the N2 blow window, otherwise it is the no-N2 wait condition]",,23.45,46.26,23.22,51.1,140.8898713451634,0.7653819150638438,256.9408239968061,23.62105304766232,21.16453043134005,0.534588116000638,0.5111533476907831,0.0067669152522517,52.689920138477454,1.7450386230130803,722.4668258081778,33.40434074666486,0.0886024775763553,0.0040172585867665,0.4653751542016686,0.0057165836258675,0.560084983999187,0.0045871962070702,0.6617276005914577,0.0008262939762414,,,0.0177222005581488,,,"mixing_temp=25; bath_temp=15; polymer_wt=17.0; additive_wt=0.0; pullcast_speed=1; nitrogen=False; coupon_to_bath_wait_time=500; nips_bath_wait_time=1800; cosolvent_type=none; nips_bath_solvent=none; nips_bath_solvent_wt_percent=0.0; Air Temp Mean=23.45 [room air temperature during casting]; Humidity Mean=46.26 [room air humidity during casting]; Coupon Temp Mean=23.22 [coupon-stage temperature measured at the end of the wait period; during N2 it is the temperature during the N2 blow window, otherwise it is the no-N2 wait condition]; Coupon Humidity Mean=51.1 [coupon-stage humidity measured at the end of the wait period; during N2 it is the humidity during the N2 blow window, otherwise it is the no-N2 wait condition]

{'Air Temp Mean': 23.45, 'Humidity Mean': 46.26, 'Coupon Temp Mean': 23.22, 'Coupon Humidity Mean': 51.1, 'Thickness Mean': 140.8898713451634, 'Elastic Modulus Mean': 256.9408239968061, 'Strain at 50 bar Mean': 0.46537515420166864, 'CV Mean': 0.017722200558148854}",,"{""image_path"": ""C:\\Users\\opentrons\\Documents\\Auto-Membranes\\data\\raw\\17-0add-15deg-cosolv-none-bathSolv-none-0wt-500s-NoN2-1800s\\2026-08-27_16-20-43.jpg""}","**Presence:** Membrane is visible — a pale white/grey sheet seated within the circular aperture.

**Vertical Coverage:** Membrane appears to span the full top-to-bottom extent of the aperture with no gap at the top or bottom edge.

**Uniformity:** Largely uniform in color and opacity; a subtle tonal gradient (slightly darker lower-center) is present but consistent with lighting angle rather than clear patchiness.

**Defects:** No wrinkles or trapped air bubbles detected within the membrane material itself. Bright streaks visible at the upper-right are specular reflections on the metal rim, not membrane defects.

**Summary:** The membrane coupon appears well-seated with full vertical coverage, uniform appearance, and no observable wrinkles or bubbles."
"2026-08-27
18:42:55",16p5-0add-5deg-cosolv-none-bathSolv-none-0wt-60s-NoN2-1200s,70,5,16.5,0.0,3.0,False,60,1200,none,none,0.0,"mixing_temp=70; bath_temp=5; polymer_wt=16.5; additive_wt=0.0; pullcast_speed=3; nitrogen=False; coupon_to_bath_wait_time=60; nips_bath_wait_time=1200; cosolvent_type=none; nips_bath_solvent=none; nips_bath_solvent_wt_percent=0.0; Air Temp Mean=24.19 [room air temperature during casting]; Humidity Mean=43.65 [room air humidity during casting]; Coupon Temp Mean=23.27 [coupon-stage temperature measured at the end of the wait period; during N2 it is the temperature during the N2 blow window, otherwise it is the no-N2 wait condition]; Coupon Humidity Mean=49.15 [coupon-stage humidity measured at the end of the wait period; during N2 it is the humidity during the N2 blow window, otherwise it is the no-N2 wait condition]",,24.19,43.65,23.27,49.15,125.9400321426987,2.2863776024634466,114.95624572370772,16.169529582726767,14.40511159292702,0.7057042955415499,0.52282882279721,0.0053894046656753,65.51840009486196,4.7404405552935485,672.615045272524,27.858923353235603,0.0886276790609603,0.0032350600391622,0.4915219028676967,0.0111571430840919,0.5813668258855784,0.0091455992338795,0.6829832310104335,0.0,,,0.0312518498254623,,,"mixing_temp=70; bath_temp=5; polymer_wt=16.5; additive_wt=0.0; pullcast_speed=3; nitrogen=False; coupon_to_bath_wait_time=60; nips_bath_wait_time=1200; cosolvent_type=none; nips_bath_solvent=none; nips_bath_solvent_wt_percent=0.0; Air Temp Mean=24.19 [room air temperature during casting]; Humidity Mean=43.65 [room air humidity during casting]; Coupon Temp Mean=23.27 [coupon-stage temperature measured at the end of the wait period; during N2 it is the temperature during the N2 blow window, otherwise it is the no-N2 wait condition]; Coupon Humidity Mean=49.15 [coupon-stage humidity measured at the end of the wait period; during N2 it is the humidity during the N2 blow window, otherwise it is the no-N2 wait condition]

{'Air Temp Mean': 24.19, 'Humidity Mean': 43.65, 'Coupon Temp Mean': 23.27, 'Coupon Humidity Mean': 49.15, 'Thickness Mean': 125.9400321426987, 'Elastic Modulus Mean': 114.95624572370772, 'Strain at 50 bar Mean': 0.4915219028676967, 'CV Mean': 0.031251849825462315}",,"{""image_path"": ""C:\\Users\\opentrons\\Documents\\Auto-Membranes\\data\\raw\\16p5-0add-5deg-cosolv-none-bathSolv-none-0wt-60s-NoN2-1200s\\2026-08-27_18-23-57.jpg""}","- **Presence:** Membrane is visible — a pale white/grey sheet seated within the circular aperture.
- **Vertical Coverage:** The membrane appears to reach both the top and bottom edges of the aperture with no visible gap; vertical coverage is complete.
- **Uniformity:** Color and opacity are consistent throughout — uniform pale grey with no dark spots, patchiness, or obvious thickness variation.
- **Defects:** No wrinkles or trapped air bubbles detected within the membrane material itself; the bright streaks visible at the upper-right are specular reflections on the metal rim, not membrane defects.
- **Summary:** The membrane coupon presents as fully seated, vertically complete, and free of observable surface defects."
"2026-08-28
17:07:51",14-0add-8deg-cosolv-none-bathSolv-none-0wt-120s-N2-1250s,30,8,14.0,0.0,5.0,True,120,1250,none,none,0.0,"mixing_temp=30; bath_temp=8; polymer_wt=14.0; additive_wt=0.0; pullcast_speed=5; nitrogen=True; coupon_to_bath_wait_time=120; nips_bath_wait_time=1250; cosolvent_type=none; nips_bath_solvent=none; nips_bath_solvent_wt_percent=0.0; Air Temp Mean=23.33 [room air temperature during casting]; Humidity Mean=43.22 [room air humidity during casting]; Coupon Temp Mean=23.15 [coupon-stage temperature measured at the end of the wait period; during N2 it is the temperature during the N2 blow window, otherwise it is the no-N2 wait condition]; Coupon Humidity Mean=41.2 [coupon-stage humidity measured at the end of the wait period; during N2 it is the humidity during the N2 blow window, otherwise it is the no-N2 wait condition]",,23.33,43.22,23.15,41.2,133.04155115433457,4.39003930334374,103.60120814462462,25.123800790784465,19.155633185111512,0.9389763767254958,0.747146619442529,0.0213267413012942,36.40344199767472,2.8815985368892463,766.2855082733896,22.303671524418508,0.0747074952889558,0.0040729587730234,0.7188664683766662,0.0174660168967268,0.801739188511779,0.0182877137468538,0.8779140844530087,0.0058155530178222,,,0.0446379351325427,,,"mixing_temp=30; bath_temp=8; polymer_wt=14.0; additive_wt=0.0; pullcast_speed=5; nitrogen=True; coupon_to_bath_wait_time=120; nips_bath_wait_time=1250; cosolvent_type=none; nips_bath_solvent=none; nips_bath_solvent_wt_percent=0.0; Air Temp Mean=23.33 [room air temperature during casting]; Humidity Mean=43.22 [room air humidity during casting]; Coupon Temp Mean=23.15 [coupon-stage temperature measured at the end of the wait period; during N2 it is the temperature during the N2 blow window, otherwise it is the no-N2 wait condition]; Coupon Humidity Mean=41.2 [coupon-stage humidity measured at the end of the wait period; during N2 it is the humidity during the N2 blow window, otherwise it is the no-N2 wait condition]

{'Air Temp Mean': 23.33, 'Humidity Mean': 43.22, 'Coupon Temp Mean': 23.15, 'Coupon Humidity Mean': 41.2, 'Thickness Mean': 133.04155115433457, 'Elastic Modulus Mean': 103.60120814462462, 'Strain at 50 bar Mean': 0.7188664683766662, 'CV Mean': 0.0446379351325427}",,"{""image_path"": ""C:\\Users\\opentrons\\Documents\\Auto-Membranes\\data\\raw\\14-0add-8deg-cosolv-none-bathSolv-none-0wt-120s-N2-1250s\\2026-08-28_16-48-47.jpg""}","- **Presence:** Membrane is visible — a pale white/grey coupon is seated within the aperture.

- **Vertical Coverage:** Membrane spans the full top-to-bottom extent of the aperture with no gap at the top or bottom edge. Vertical coverage is complete.

- **Uniformity:** Color and opacity are largely uniform across the membrane surface; a very slight tonal gradient toward the upper portion is present but minor.

- **Defects:** A few faint, fine linear marks are visible within the membrane material itself, consistent with minor surface creases or shallow wrinkles. No trapped air bubbles detected.

- **Summary:** Membrane is present with full vertical coverage and generally uniform appearance, with minor surface creasing noted within the membrane material."
"2026-08-28
19:14:27",15-0add-12deg-cosolv-none-bathSolv-none-0wt-270s-N2-1300s_preDiscard,57,12,15.0,0.0,11.0,True,270,1300,none,none,0.0,"mixing_temp=57; bath_temp=12; polymer_wt=15.0; additive_wt=0.0; pullcast_speed=11; nitrogen=True; coupon_to_bath_wait_time=270; nips_bath_wait_time=1300; cosolvent_type=none; nips_bath_solvent=none; nips_bath_solvent_wt_percent=0.0; Air Temp Mean=23.57 [room air temperature during casting]; Humidity Mean=40.58 [room air humidity during casting]; Coupon Temp Mean=23.06 [coupon-stage temperature measured at the end of the wait period; during N2 it is the temperature during the N2 blow window, otherwise it is the no-N2 wait condition]; Coupon Humidity Mean=40.72 [coupon-stage humidity measured at the end of the wait period; during N2 it is the humidity during the N2 blow window, otherwise it is the no-N2 wait condition]",,23.57,40.58,23.06,40.72,137.45762314236308,0.5011797938074296,197.08114121498204,12.281690052960736,27.75281257600877,2.4242515699856715,0.6904197680737844,0.0634022584274739,104.1466032234696,15.416186148359488,568.7321297798599,86.22313658762344,0.0741046515214629,0.0027312781957,0.3971181225651825,0.0449937540938072,0.6061780444161139,0.0369964115356557,0.805174651831642,0.0540375376190597,,,0.0893372935656299,,,"mixing_temp=57; bath_temp=12; polymer_wt=15.0; additive_wt=0.0; pullcast_speed=11; nitrogen=True; coupon_to_bath_wait_time=270; nips_bath_wait_time=1300; cosolvent_type=none; nips_bath_solvent=none; nips_bath_solvent_wt_percent=0.0; Air Temp Mean=23.57 [room air temperature during casting]; Humidity Mean=40.58 [room air humidity during casting]; Coupon Temp Mean=23.06 [coupon-stage temperature measured at the end of the wait period; during N2 it is the temperature during the N2 blow window, otherwise it is the no-N2 wait condition]; Coupon Humidity Mean=40.72 [coupon-stage humidity measured at the end of the wait period; during N2 it is the humidity during the N2 blow window, otherwise it is the no-N2 wait condition]

{'Air Temp Mean': 23.57, 'Humidity Mean': 40.58, 'Coupon Temp Mean': 23.06, 'Coupon Humidity Mean': 40.72, 'Thickness Mean': 137.45762314236308, 'Elastic Modulus Mean': 197.08114121498204, 'Strain at 50 bar Mean': 0.39711812256518253, 'CV Mean': 0.08933729356562999}",,"{""image_path"": ""C:\\Users\\opentrons\\Documents\\Auto-Membranes\\data\\raw\\15-0add-12deg-cosolv-none-bathSolv-none-0wt-270s-N2-1300s\\2026-08-28_18-51-15.jpg""}","- **Presence:** Membrane is visible — a pale white/grey coupon is seated within the circular aperture.
- **Vertical Coverage:** Membrane spans the full top-to-bottom extent of the aperture with no gap at the top or bottom edge. Vertical coverage is complete.
- **Uniformity:** Color and opacity are consistent across the membrane surface; no patchiness, dark spots, or obvious thickness variation detected.
- **Defects:** No wrinkles or trapped air bubbles visible within the membrane material itself; the surface texture appears smooth and flat.
- **Summary:** The membrane coupon presents complete vertical coverage, uniform appearance, and no detectable surface defects."
"2026-08-28
19:14:27",15-0add-12deg-cosolv-none-bathSolv-none-0wt-270s-N2-1300s_postDiscard,57,12,15.0,0.0,11.0,True,270,1300,none,none,0.0,"mixing_temp=57; bath_temp=12; polymer_wt=15.0; additive_wt=0.0; pullcast_speed=11; nitrogen=True; coupon_to_bath_wait_time=270; nips_bath_wait_time=1300; cosolvent_type=none; nips_bath_solvent=none; nips_bath_solvent_wt_percent=0.0; Air Temp Mean=23.57 [room air temperature during casting]; Humidity Mean=40.58 [room air humidity during casting]; Coupon Temp Mean=23.06 [coupon-stage temperature measured at the end of the wait period; during N2 it is the temperature during the N2 blow window, otherwise it is the no-N2 wait condition]; Coupon Humidity Mean=40.72 [coupon-stage humidity measured at the end of the wait period; during N2 it is the humidity during the N2 blow window, otherwise it is the no-N2 wait condition]",,23.57,40.58,23.06,40.72,137.45762314236308,0.5011797938074296,194.30765052963704,8.969256200636039,30.0488033546133,0.2500049333015717,0.6753930754645525,0.0577019022289456,91.91684631991708,10.910200328141634,502.6352226350259,66.6921502805559,0.0745465157813654,0.0006691953362956,0.3971181225651825,0.0449937540938072,0.6151131653347498,0.0173185815548507,0.8183457424437364,0.0321689770813335,,,0.0717437725315113,62.0,2 failed due to yield point (bp1) likely misplaced,"mixing_temp=57; bath_temp=12; polymer_wt=15.0; additive_wt=0.0; pullcast_speed=11; nitrogen=True; coupon_to_bath_wait_time=270; nips_bath_wait_time=1300; cosolvent_type=none; nips_bath_solvent=none; nips_bath_solvent_wt_percent=0.0; Air Temp Mean=23.57 [room air temperature during casting]; Humidity Mean=40.58 [room air humidity during casting]; Coupon Temp Mean=23.06 [coupon-stage temperature measured at the end of the wait period; during N2 it is the temperature during the N2 blow window, otherwise it is the no-N2 wait condition]; Coupon Humidity Mean=40.72 [coupon-stage humidity measured at the end of the wait period; during N2 it is the humidity during the N2 blow window, otherwise it is the no-N2 wait condition]

{'Air Temp Mean': 23.57, 'Humidity Mean': 40.58, 'Coupon Temp Mean': 23.06, 'Coupon Humidity Mean': 40.72, 'Thickness Mean': 137.45762314236308, 'Elastic Modulus Mean': 194.30765052963702, 'Strain at 50 bar Mean': 0.39711812256518253, 'CV Mean': 0.07174377253151133}, 'Discarded Fit Quality Mean': '62.0/100', 'Discarded Fit Reasons': '2 failed due to yield point (bp1) likely misplaced'",,"{""image_path"": ""C:\\Users\\opentrons\\Documents\\Auto-Membranes\\data\\raw\\15-0add-12deg-cosolv-none-bathSolv-none-0wt-270s-N2-1300s\\2026-08-28_18-51-15.jpg""}","- **Presence:** Membrane is visible — a pale white/grey coupon is seated within the circular aperture.
- **Vertical Coverage:** Membrane spans the full top-to-bottom extent of the aperture with no gap at the top or bottom edge. Vertical coverage is complete.
- **Uniformity:** Color and opacity are consistent across the membrane surface; no patchiness, dark spots, or obvious thickness variation detected.
- **Defects:** No wrinkles or trapped air bubbles visible within the membrane material itself; the surface texture appears smooth and flat.
- **Summary:** The membrane coupon presents complete vertical coverage, uniform appearance, and no detectable surface defects."
"2026-08-31
16:42:51",13-0add-18deg-cosolv-none-bathSolv-none-0wt-340s-NoN2-1600s_preDiscard,25,18,13.0,0.0,7.0,False,340,1600,none,none,0.0,"mixing_temp=25; bath_temp=18; polymer_wt=13.0; additive_wt=0; pullcast_speed=7; nitrogen=False; coupon_to_bath_wait_time=340; nips_bath_wait_time=1600; cosolvent_type=none; nips_bath_solvent=none; nips_bath_solvent_wt_percent=0.0; Air Temp Mean=23.44 [room air temperature during casting]; Humidity Mean=51.98 [room air humidity during casting]; Coupon Temp Mean=23.48 [coupon-stage temperature measured at the end of the wait period; during N2 it is the temperature during the N2 blow window, otherwise it is the no-N2 wait condition]; Coupon Humidity Mean=54.71 [coupon-stage humidity measured at the end of the wait period; during N2 it is the humidity during the N2 blow window, otherwise it is the no-N2 wait condition]",,23.44,51.98,23.48,54.71,75.34891537033108,5.766747360315218,34.07129049887762,12.243572789509164,5.308592207998133,2.1941833712059555,0.4874194291910521,0.0370149561503624,89.70990541595307,37.647576626558326,523.5842265837101,82.16690995520177,0.1137968614891515,0.0179636732215227,0.4621803404964895,0.0357242023631993,0.5757415663189589,0.0401925962704715,0.6884349374249962,0.0,,,0.0928979197169144,,,"mixing_temp=25; bath_temp=18; polymer_wt=13.0; additive_wt=0; pullcast_speed=7; nitrogen=False; coupon_to_bath_wait_time=340; nips_bath_wait_time=1600; cosolvent_type=none; nips_bath_solvent=none; nips_bath_solvent_wt_percent=0.0; Air Temp Mean=23.44 [room air temperature during casting]; Humidity Mean=51.98 [room air humidity during casting]; Coupon Temp Mean=23.48 [coupon-stage temperature measured at the end of the wait period; during N2 it is the temperature during the N2 blow window, otherwise it is the no-N2 wait condition]; Coupon Humidity Mean=54.71 [coupon-stage humidity measured at the end of the wait period; during N2 it is the humidity during the N2 blow window, otherwise it is the no-N2 wait condition]

{'Air Temp Mean': 23.44, 'Humidity Mean': 51.98, 'Coupon Temp Mean': 23.48, 'Coupon Humidity Mean': 54.71, 'Thickness Mean': 75.34891537033108, 'Elastic Modulus Mean': 34.07129049887762, 'Strain at 50 bar Mean': 0.4621803404964895, 'CV Mean': 0.09289791971691447}",,"{""image_path"": ""C:\\Users\\opentrons\\Documents\\Auto-Membranes\\data\\raw\\13-0add-18deg-cosolv-none-bathSolv-none-0wt-340s-NoN2-1600s\\2026-08-31_16-24-11.jpg""}","**Presence:** A pale/white membrane coupon is visible within the aperture.

**Vertical Coverage:** The membrane does not reach the top edge of the aperture — a clear gap is present at the top, exposing the backing/rig. Bottom coverage appears adequate.

**Uniformity:** The membrane body appears largely uniform in color and opacity with no obvious patchiness or dark spots.

**Defects:** No wrinkles or trapped air bubbles are discernible within the membrane material itself; boundary-edge shadowing is consistent with lighting artifacts.

**Summary:** The coupon shows acceptable uniformity and no internal defects, but exhibits a notable vertical coverage gap at the top edge, which is a real placement defect requiring attention."
"2026-08-31
16:42:51",13-0add-18deg-cosolv-none-bathSolv-none-0wt-340s-NoN2-1600s_postDiscard,25,18,13.0,0.0,7.0,False,340,1600,none,none,0.0,"mixing_temp=25; bath_temp=18; polymer_wt=13.0; additive_wt=0; pullcast_speed=7; nitrogen=False; coupon_to_bath_wait_time=340; nips_bath_wait_time=1600; cosolvent_type=none; nips_bath_solvent=none; nips_bath_solvent_wt_percent=0.0; Air Temp Mean=nan [room air temperature during casting]; Humidity Mean=nan [room air humidity during casting]; Coupon Temp Mean=nan [coupon-stage temperature measured at the end of the wait period; during N2 it is the temperature during the N2 blow window, otherwise it is the no-N2 wait condition]; Coupon Humidity Mean=nan [coupon-stage humidity measured at the end of the wait period; during N2 it is the humidity during the N2 blow window, otherwise it is the no-N2 wait condition]",,,,,,75.34891537033108,5.766747360315218,,,,,,,,,,,,,0.4621803404964895,0.0357242023631993,,,,,,,,37.5,"4 failed due to plateau slope >= elastic modulus, no real transition","mixing_temp=25; bath_temp=18; polymer_wt=13.0; additive_wt=0; pullcast_speed=7; nitrogen=False; coupon_to_bath_wait_time=340; nips_bath_wait_time=1600; cosolvent_type=none; nips_bath_solvent=none; nips_bath_solvent_wt_percent=0.0; Air Temp Mean=nan [room air temperature during casting]; Humidity Mean=nan [room air humidity during casting]; Coupon Temp Mean=nan [coupon-stage temperature measured at the end of the wait period; during N2 it is the temperature during the N2 blow window, otherwise it is the no-N2 wait condition]; Coupon Humidity Mean=nan [coupon-stage humidity measured at the end of the wait period; during N2 it is the humidity during the N2 blow window, otherwise it is the no-N2 wait condition]

{'Air Temp Mean': nan, 'Humidity Mean': nan, 'Coupon Temp Mean': nan, 'Coupon Humidity Mean': nan, 'Thickness Mean': 75.34891537033108, 'Elastic Modulus Mean': nan, 'Strain at 50 bar Mean': 0.4621803404964895, 'CV Mean': nan}, 'Discarded Fit Quality Mean': '37.5/100', 'Discarded Fit Reasons': '4 failed due to plateau slope >= elastic modulus, no real transition'",,"{""image_path"": ""C:\\Users\\opentrons\\Documents\\Auto-Membranes\\data\\raw\\13-0add-18deg-cosolv-none-bathSolv-none-0wt-340s-NoN2-1600s\\2026-08-31_16-24-11.jpg""}","**Presence:** A pale/white membrane coupon is visible within the aperture.

**Vertical Coverage:** The membrane does not reach the top edge of the aperture — a clear gap is present at the top, exposing the backing/rig. Bottom coverage appears adequate.

**Uniformity:** The membrane body appears largely uniform in color and opacity with no obvious patchiness or dark spots.

**Defects:** No wrinkles or trapped air bubbles are discernible within the membrane material itself; boundary-edge shadowing is consistent with lighting artifacts.

**Summary:** The coupon shows acceptable uniformity and no internal defects, but exhibits a notable vertical coverage gap at the top edge, which is a real placement defect requiring attention."
"2026-08-31
19:13:46",17-0add-22deg-cosolv-none-bathSolv-none-0wt-200s-N2-1450s_preDiscard,25,22,17.0,0.0,19.0,True,200,1450,none,none,0.0,"mixing_temp=25; bath_temp=22; polymer_wt=17.0; additive_wt=0.0; pullcast_speed=19; nitrogen=True; coupon_to_bath_wait_time=200; nips_bath_wait_time=1450; cosolvent_type=none; nips_bath_solvent=none; nips_bath_solvent_wt_percent=0.0; Air Temp Mean=23.4 [room air temperature during casting]; Humidity Mean=51.13 [room air humidity during casting]; Coupon Temp Mean=23.24 [coupon-stage temperature measured at the end of the wait period; during N2 it is the temperature during the N2 blow window, otherwise it is the no-N2 wait condition]; Coupon Humidity Mean=48.77 [coupon-stage humidity measured at the end of the wait period; during N2 it is the humidity during the N2 blow window, otherwise it is the no-N2 wait condition]",,23.4,51.13,23.24,48.77,143.3418415613592,2.726751564961932,275.6596716482401,14.96633089999153,32.5590400205661,1.9239358173584435,0.6055493129940548,0.0320587949975044,110.4785979662833,18.927693562315145,601.6350888798881,48.77090192522988,0.0707392061001444,0.0046205898087579,0.2741619801198162,0.0248660481781452,0.5277804969543207,0.0681470748857473,0.7065027411287781,0.0279381762670287,,,0.0888046633810824,,,"mixing_temp=25; bath_temp=22; polymer_wt=17.0; additive_wt=0.0; pullcast_speed=19; nitrogen=True; coupon_to_bath_wait_time=200; nips_bath_wait_time=1450; cosolvent_type=none; nips_bath_solvent=none; nips_bath_solvent_wt_percent=0.0; Air Temp Mean=23.4 [room air temperature during casting]; Humidity Mean=51.13 [room air humidity during casting]; Coupon Temp Mean=23.24 [coupon-stage temperature measured at the end of the wait period; during N2 it is the temperature during the N2 blow window, otherwise it is the no-N2 wait condition]; Coupon Humidity Mean=48.77 [coupon-stage humidity measured at the end of the wait period; during N2 it is the humidity during the N2 blow window, otherwise it is the no-N2 wait condition]

{'Air Temp Mean': 23.4, 'Humidity Mean': 51.13, 'Coupon Temp Mean': 23.24, 'Coupon Humidity Mean': 48.77, 'Thickness Mean': 143.3418415613592, 'Elastic Modulus Mean': 275.6596716482401, 'Strain at 50 bar Mean': 0.27416198011981624, 'CV Mean': 0.08880466338108246}",,"{""image_path"": ""C:\\Users\\opentrons\\Documents\\Auto-Membranes\\data\\raw\\17-0add-22deg-cosolv-none-bathSolv-none-0wt-200s-N2-1450s\\2026-08-31_18-54-49.jpg""}","- **Presence:** Membrane is visible as a pale white sheet within the aperture.
- **Vertical Coverage:** The membrane appears to reach both the top and bottom edges of the aperture with no discernible vertical gap.
- **Uniformity:** The membrane is largely uniform in color and opacity across its central area; slight tonal variation near edges is consistent with lighting falloff rather than patchiness.
- **Defects:** No wrinkles or trapped air bubbles are detected within the membrane material itself; curved shadow lines at the boundaries are rim/lighting artifacts.
- **Summary:** The membrane coupon presents with full vertical coverage, good uniformity, and no observable structural defects."
"2026-08-31
19:13:46",17-0add-22deg-cosolv-none-bathSolv-none-0wt-200s-N2-1450s_postDiscard,25,22,17.0,0.0,19.0,True,200,1450,none,none,0.0,"mixing_temp=25; bath_temp=22; polymer_wt=17.0; additive_wt=0.0; pullcast_speed=19; nitrogen=True; coupon_to_bath_wait_time=200; nips_bath_wait_time=1450; cosolvent_type=none; nips_bath_solvent=none; nips_bath_solvent_wt_percent=0.0; Air Temp Mean=23.4 [room air temperature during casting]; Humidity Mean=51.13 [room air humidity during casting]; Coupon Temp Mean=23.24 [coupon-stage temperature measured at the end of the wait period; during N2 it is the temperature during the N2 blow window, otherwise it is the no-N2 wait condition]; Coupon Humidity Mean=48.77 [coupon-stage humidity measured at the end of the wait period; during N2 it is the humidity during the N2 blow window, otherwise it is the no-N2 wait condition]",,23.4,51.13,23.24,48.77,143.3418415613592,2.726751564961932,261.9281684952907,0.5674323457933212,33.76496903229901,0.711329160604123,0.6183145390764134,0.0236698175843562,91.93750535559744,3.341099072667689,650.3094842144344,1.870723086025692,0.0661267068650865,2.121992519610316e-05,0.2741619801198162,0.0248660481781452,0.5943124281003077,0.012641167231335,0.7209313670407712,0.0208943795567934,,,0.0388778569714346,65.5,2 failed due to yield point (bp1) likely misplaced,"mixing_temp=25; bath_temp=22; polymer_wt=17.0; additive_wt=0.0; pullcast_speed=19; nitrogen=True; coupon_to_bath_wait_time=200; nips_bath_wait_time=1450; cosolvent_type=none; nips_bath_solvent=none; nips_bath_solvent_wt_percent=0.0; Air Temp Mean=23.4 [room air temperature during casting]; Humidity Mean=51.13 [room air humidity during casting]; Coupon Temp Mean=23.24 [coupon-stage temperature measured at the end of the wait period; during N2 it is the temperature during the N2 blow window, otherwise it is the no-N2 wait condition]; Coupon Humidity Mean=48.77 [coupon-stage humidity measured at the end of the wait period; during N2 it is the humidity during the N2 blow window, otherwise it is the no-N2 wait condition]

{'Air Temp Mean': 23.4, 'Humidity Mean': 51.13, 'Coupon Temp Mean': 23.24, 'Coupon Humidity Mean': 48.77, 'Thickness Mean': 143.3418415613592, 'Elastic Modulus Mean': 261.9281684952907, 'Strain at 50 bar Mean': 0.27416198011981624, 'CV Mean': 0.03887785697143469}, 'Discarded Fit Quality Mean': '65.5/100', 'Discarded Fit Reasons': '2 failed due to yield point (bp1) likely misplaced'",,"{""image_path"": ""C:\\Users\\opentrons\\Documents\\Auto-Membranes\\data\\raw\\17-0add-22deg-cosolv-none-bathSolv-none-0wt-200s-N2-1450s\\2026-08-31_18-54-49.jpg""}","- **Presence:** Membrane is visible as a pale white sheet within the aperture.
- **Vertical Coverage:** The membrane appears to reach both the top and bottom edges of the aperture with no discernible vertical gap.
- **Uniformity:** The membrane is largely uniform in color and opacity across its central area; slight tonal variation near edges is consistent with lighting falloff rather than patchiness.
- **Defects:** No wrinkles or trapped air bubbles are detected within the membrane material itself; curved shadow lines at the boundaries are rim/lighting artifacts.
- **Summary:** The membrane coupon presents with full vertical coverage, good uniformity, and no observable structural defects."
"2026-08-31
21:26:25",15p8-0add-13deg-cosolv-none-bathSolv-none-0wt-410s-NoN2-1700s,63,13,15.8,0.0,9.0,False,410,1700,none,none,0.0,"mixing_temp=63; bath_temp=13; polymer_wt=15.8; additive_wt=0.0; pullcast_speed=9; nitrogen=False; coupon_to_bath_wait_time=410; nips_bath_wait_time=1700; cosolvent_type=none; nips_bath_solvent=none; nips_bath_solvent_wt_percent=0.0; Air Temp Mean=23.78 [room air temperature during casting]; Humidity Mean=51.05 [room air humidity during casting]; Coupon Temp Mean=23.54 [coupon-stage temperature measured at the end of the wait period; during N2 it is the temperature during the N2 blow window, otherwise it is the no-N2 wait condition]; Coupon Humidity Mean=54.67 [coupon-stage humidity measured at the end of the wait period; during N2 it is the humidity during the N2 blow window, otherwise it is the no-N2 wait condition]",,23.78,51.05,23.54,54.67,134.06401929012853,1.999886714234996,210.04988355627896,88.26338258568592,16.700476979952903,0.8142164762018953,0.5130155415380211,0.032995675818012,38.85000505804643,1.9300967839649128,1063.4878532956968,68.51221503483424,0.0801518814154747,0.0025610940625685,0.5073261923535894,0.0286455027155774,0.5604382419133984,0.030576586126988,0.6194791231550467,0.0268926797623826,,,0.0698720946471131,,,"mixing_temp=63; bath_temp=13; polymer_wt=15.8; additive_wt=0.0; pullcast_speed=9; nitrogen=False; coupon_to_bath_wait_time=410; nips_bath_wait_time=1700; cosolvent_type=none; nips_bath_solvent=none; nips_bath_solvent_wt_percent=0.0; Air Temp Mean=23.78 [room air temperature during casting]; Humidity Mean=51.05 [room air humidity during casting]; Coupon Temp Mean=23.54 [coupon-stage temperature measured at the end of the wait period; during N2 it is the temperature during the N2 blow window, otherwise it is the no-N2 wait condition]; Coupon Humidity Mean=54.67 [coupon-stage humidity measured at the end of the wait period; during N2 it is the humidity during the N2 blow window, otherwise it is the no-N2 wait condition]

{'Air Temp Mean': 23.78, 'Humidity Mean': 51.05, 'Coupon Temp Mean': 23.54, 'Coupon Humidity Mean': 54.67, 'Thickness Mean': 134.06401929012853, 'Elastic Modulus Mean': 210.04988355627898, 'Strain at 50 bar Mean': 0.5073261923535894, 'CV Mean': 0.06987209464711319}",,"{""image_path"": ""C:\\Users\\opentrons\\Documents\\Auto-Membranes\\data\\raw\\15p8-0add-13deg-cosolv-none-bathSolv-none-0wt-410s-NoN2-1700s\\2026-08-31_21-06-43.jpg""}","- **Presence:** Membrane is visible — a pale/white sheet occupies the aperture.
- **Vertical Coverage:** Full top-to-bottom coverage appears intact; no gap at the top or bottom edge.
- **Uniformity:** The membrane is largely uniform in color and opacity across its surface with no obvious patchiness or dark spots.
- **Defects:** No wrinkles or trapped air bubbles are visible within the membrane material itself. A small droplet is present at the left inner rim edge (likely a liquid artifact on the metal, not a membrane defect).
- **Summary:** The membrane coupon presents with good vertical coverage and a visually uniform, defect-free surface."
"2026-08-31
23:25:56",16p2-0add-7deg-cosolv-none-bathSolv-none-0wt-75s-N2-1380s_preDiscard,47,7,16.2,0.0,13.0,True,75,1380,none,none,0.0,"mixing_temp=47; bath_temp=7; polymer_wt=16.2; additive_wt=0.0; pullcast_speed=13; nitrogen=True; coupon_to_bath_wait_time=75; nips_bath_wait_time=1380; cosolvent_type=none; nips_bath_solvent=none; nips_bath_solvent_wt_percent=0.0; Air Temp Mean=23.61 [room air temperature during casting]; Humidity Mean=50.68 [room air humidity during casting]; Coupon Temp Mean=23.3 [coupon-stage temperature measured at the end of the wait period; during N2 it is the temperature during the N2 blow window, otherwise it is the no-N2 wait condition]; Coupon Humidity Mean=46.71 [coupon-stage humidity measured at the end of the wait period; during N2 it is the humidity during the N2 blow window, otherwise it is the no-N2 wait condition]",,23.61,50.68,23.3,46.71,132.17861368423584,0.5581588768876932,237.53308761078856,13.589604457700034,28.000898725531588,1.434303310816289,0.5923551462344792,0.023437212206263,114.2220333005778,8.867614930131442,770.8287746306835,57.47171352706728,0.0630527886593698,0.0064273291427663,0.3222050521299387,0.0369911356678072,0.5573154104274154,0.0288064802522912,0.6755611778252322,0.0245282930984519,,,0.0634657697549077,,,"mixing_temp=47; bath_temp=7; polymer_wt=16.2; additive_wt=0.0; pullcast_speed=13; nitrogen=True; coupon_to_bath_wait_time=75; nips_bath_wait_time=1380; cosolvent_type=none; nips_bath_solvent=none; nips_bath_solvent_wt_percent=0.0; Air Temp Mean=23.61 [room air temperature during casting]; Humidity Mean=50.68 [room air humidity during casting]; Coupon Temp Mean=23.3 [coupon-stage temperature measured at the end of the wait period; during N2 it is the temperature during the N2 blow window, otherwise it is the no-N2 wait condition]; Coupon Humidity Mean=46.71 [coupon-stage humidity measured at the end of the wait period; during N2 it is the humidity during the N2 blow window, otherwise it is the no-N2 wait condition]

{'Air Temp Mean': 23.61, 'Humidity Mean': 50.68, 'Coupon Temp Mean': 23.3, 'Coupon Humidity Mean': 46.71, 'Thickness Mean': 132.17861368423584, 'Elastic Modulus Mean': 237.53308761078856, 'Strain at 50 bar Mean': 0.3222050521299387, 'CV Mean': 0.06346576975490771}",,"{""image_path"": ""C:\\Users\\opentrons\\Documents\\Auto-Membranes\\data\\raw\\16p2-0add-7deg-cosolv-none-bathSolv-none-0wt-75s-N2-1380s\\2026-08-31_23-07-04.jpg""}","- **Presence:** Membrane is visible — a pale white/grey coupon is present within the aperture.

- **Vertical Coverage:** Membrane spans the full top-to-bottom extent of the aperture with no gap at the top or bottom edge. Vertical coverage is complete.

- **Uniformity:** The membrane is largely uniform in color and opacity across most of its area, with no dark spots or obvious thickness variation in the bulk material.

- **Defects:** A distinct curved fold/wrinkle is visible within the membrane material itself on the right-center region — a raised crease running roughly vertically through the coupon. This is a genuine membrane defect.

- **Summary:** Membrane is present with full vertical coverage, but contains a clear fold/wrinkle defect in the membrane material on the right side."
"2026-08-31
23:25:56",16p2-0add-7deg-cosolv-none-bathSolv-none-0wt-75s-N2-1380s_postDiscard,47,7,16.2,0.0,13.0,True,75,1380,none,none,0.0,"mixing_temp=47; bath_temp=7; polymer_wt=16.2; additive_wt=0.0; pullcast_speed=13; nitrogen=True; coupon_to_bath_wait_time=75; nips_bath_wait_time=1380; cosolvent_type=none; nips_bath_solvent=none; nips_bath_solvent_wt_percent=0.0; Air Temp Mean=23.61 [room air temperature during casting]; Humidity Mean=50.68 [room air humidity during casting]; Coupon Temp Mean=23.3 [coupon-stage temperature measured at the end of the wait period; during N2 it is the temperature during the N2 blow window, otherwise it is the no-N2 wait condition]; Coupon Humidity Mean=46.71 [coupon-stage humidity measured at the end of the wait period; during N2 it is the humidity during the N2 blow window, otherwise it is the no-N2 wait condition]",,23.61,50.68,23.3,46.71,132.17861368423584,0.5581588768876932,237.05421731713253,15.662668952738212,28.484772453216195,1.3440360284795834,0.5842450048551859,0.0216634788349744,111.13391919604662,8.16702707079113,797.8992012366898,38.37662249935928,0.0597033340645699,0.0031945832616216,0.3222050521299387,0.0369911356678072,0.5668751990048152,0.0272187345185113,0.6670996278669753,0.0227110451611936,,,0.068713199377468,64.0,1 failed due to yield point (bp1) likely misplaced,"mixing_temp=47; bath_temp=7; polymer_wt=16.2; additive_wt=0.0; pullcast_speed=13; nitrogen=True; coupon_to_bath_wait_time=75; nips_bath_wait_time=1380; cosolvent_type=none; nips_bath_solvent=none; nips_bath_solvent_wt_percent=0.0; Air Temp Mean=23.61 [room air temperature during casting]; Humidity Mean=50.68 [room air humidity during casting]; Coupon Temp Mean=23.3 [coupon-stage temperature measured at the end of the wait period; during N2 it is the temperature during the N2 blow window, otherwise it is the no-N2 wait condition]; Coupon Humidity Mean=46.71 [coupon-stage humidity measured at the end of the wait period; during N2 it is the humidity during the N2 blow window, otherwise it is the no-N2 wait condition]

{'Air Temp Mean': 23.61, 'Humidity Mean': 50.68, 'Coupon Temp Mean': 23.3, 'Coupon Humidity Mean': 46.71, 'Thickness Mean': 132.17861368423584, 'Elastic Modulus Mean': 237.05421731713258, 'Strain at 50 bar Mean': 0.3222050521299387, 'CV Mean': 0.06871319937746806}, 'Discarded Fit Quality Mean': '64.0/100', 'Discarded Fit Reasons': '1 failed due to yield point (bp1) likely misplaced'",,"{""image_path"": ""C:\\Users\\opentrons\\Documents\\Auto-Membranes\\data\\raw\\16p2-0add-7deg-cosolv-none-bathSolv-none-0wt-75s-N2-1380s\\2026-08-31_23-07-04.jpg""}","- **Presence:** Membrane is visible — a pale white/grey coupon is present within the aperture.

- **Vertical Coverage:** Membrane spans the full top-to-bottom extent of the aperture with no gap at the top or bottom edge. Vertical coverage is complete.

- **Uniformity:** The membrane is largely uniform in color and opacity across most of its area, with no dark spots or obvious thickness variation in the bulk material.

- **Defects:** A distinct curved fold/wrinkle is visible within the membrane material itself on the right-center region — a raised crease running roughly vertically through the coupon. This is a genuine membrane defect.

- **Summary:** Membrane is present with full vertical coverage, but contains a clear fold/wrinkle defect in the membrane material on the right side."
"2026-09-01
00:45:43",17-0add-5deg-cosolv-none-bathSolv-none-0wt-15s-NoN2-1800s,25,5,17.0,0.0,15.0,False,15,1800,none,none,0.0,"mixing_temp=25; bath_temp=5; polymer_wt=17.0; additive_wt=0.0; pullcast_speed=15; nitrogen=False; coupon_to_bath_wait_time=15; nips_bath_wait_time=1800; cosolvent_type=none; nips_bath_solvent=none; nips_bath_solvent_wt_percent=0.0; Air Temp Mean=23.37 [room air temperature during casting]; Humidity Mean=51.32 [room air humidity during casting]; Coupon Temp Mean=23.17 [coupon-stage temperature measured at the end of the wait period; during N2 it is the temperature during the N2 blow window, otherwise it is the no-N2 wait condition]; Coupon Humidity Mean=54.56 [coupon-stage humidity measured at the end of the wait period; during N2 it is the humidity during the N2 blow window, otherwise it is the no-N2 wait condition]",,23.37,51.32,23.17,54.56,129.79174150164474,7.919470657938648,163.82243462678315,48.07517059200304,13.854966252629096,0.2607136821353635,0.5016334570389384,0.0352798900397127,72.22285065163898,1.6552839940302604,812.93156327504,38.61777438445146,0.0625755064118195,0.0041354671125682,0.4526608303137448,0.0322624870045642,0.5420954013710183,0.0346734747282954,0.6304737794001419,0.0323780194056518,,,0.0838190863673654,,,"mixing_temp=25; bath_temp=5; polymer_wt=17.0; additive_wt=0.0; pullcast_speed=15; nitrogen=False; coupon_to_bath_wait_time=15; nips_bath_wait_time=1800; cosolvent_type=none; nips_bath_solvent=none; nips_bath_solvent_wt_percent=0.0; Air Temp Mean=23.37 [room air temperature during casting]; Humidity Mean=51.32 [room air humidity during casting]; Coupon Temp Mean=23.17 [coupon-stage temperature measured at the end of the wait period; during N2 it is the temperature during the N2 blow window, otherwise it is the no-N2 wait condition]; Coupon Humidity Mean=54.56 [coupon-stage humidity measured at the end of the wait period; during N2 it is the humidity during the N2 blow window, otherwise it is the no-N2 wait condition]

{'Air Temp Mean': 23.37, 'Humidity Mean': 51.32, 'Coupon Temp Mean': 23.17, 'Coupon Humidity Mean': 54.56, 'Thickness Mean': 129.79174150164474, 'Elastic Modulus Mean': 163.82243462678315, 'Strain at 50 bar Mean': 0.4526608303137448, 'CV Mean': 0.08381908636736547}",,"{""image_path"": ""C:\\Users\\opentrons\\Documents\\Auto-Membranes\\data\\raw\\17-0add-5deg-cosolv-none-bathSolv-none-0wt-15s-NoN2-1800s\\2026-09-01_00-24-00.jpg""}","- **Presence:** Membrane is visible — a pale white/grey coupon is seated within the aperture.

- **Vertical Coverage:** Membrane does not fully span the vertical extent; small gaps are visible at both the top and bottom edges where the aperture rim is exposed, indicating incomplete vertical coverage. This is a notable defect.

- **Uniformity:** The membrane body appears largely uniform in color and opacity, with no significant patchiness or dark spots across the central area.

- **Defects:** No wrinkles or trapped air bubbles are evident within the membrane material itself; surface texture is smooth and consistent.

- **Summary:** The membrane is present and internally uniform, but exhibits vertical coverage gaps at both the top and bottom aperture edges, representing a seating defect."
"2026-09-01
02:54:39",14p8-0add-17deg-cosolv-none-bathSolv-none-0wt-530s-N2-1425s,72,17,14.8,0.0,17.0,True,530,1425,none,none,0.0,"mixing_temp=72; bath_temp=17; polymer_wt=14.8; additive_wt=0.0; pullcast_speed=17; nitrogen=True; coupon_to_bath_wait_time=530; nips_bath_wait_time=1425; cosolvent_type=none; nips_bath_solvent=none; nips_bath_solvent_wt_percent=0.0; Air Temp Mean=23.9 [room air temperature during casting]; Humidity Mean=49.5 [room air humidity during casting]; Coupon Temp Mean=23.25 [coupon-stage temperature measured at the end of the wait period; during N2 it is the temperature during the N2 blow window, otherwise it is the no-N2 wait condition]; Coupon Humidity Mean=55.23 [coupon-stage humidity measured at the end of the wait period; during N2 it is the humidity during the N2 blow window, otherwise it is the no-N2 wait condition]",,23.9,49.5,23.25,55.23,131.05935611754853,0.8354000235522779,181.4289921426588,10.63933067297016,22.268570858742507,2.8331459696481742,0.6468321812200022,0.0200770640510307,49.681161399930495,8.642203036105416,936.9410992696256,15.09136959862631,0.0591405333591064,0.0026683981984019,0.6062753525636743,0.0146463893315908,0.6805419344495203,0.0167075827890263,0.750926713021183,0.0161613967494641,,,0.0451484790177253,,,"mixing_temp=72; bath_temp=17; polymer_wt=14.8; additive_wt=0.0; pullcast_speed=17; nitrogen=True; coupon_to_bath_wait_time=530; nips_bath_wait_time=1425; cosolvent_type=none; nips_bath_solvent=none; nips_bath_solvent_wt_percent=0.0; Air Temp Mean=23.9 [room air temperature during casting]; Humidity Mean=49.5 [room air humidity during casting]; Coupon Temp Mean=23.25 [coupon-stage temperature measured at the end of the wait period; during N2 it is the temperature during the N2 blow window, otherwise it is the no-N2 wait condition]; Coupon Humidity Mean=55.23 [coupon-stage humidity measured at the end of the wait period; during N2 it is the humidity during the N2 blow window, otherwise it is the no-N2 wait condition]

{'Air Temp Mean': 23.9, 'Humidity Mean': 49.5, 'Coupon Temp Mean': 23.25, 'Coupon Humidity Mean': 55.23, 'Thickness Mean': 131.05935611754853, 'Elastic Modulus Mean': 181.42899214265879, 'Strain at 50 bar Mean': 0.6062753525636743, 'CV Mean': 0.04514847901772536}",,"{""image_path"": ""C:\\Users\\opentrons\\Documents\\Auto-Membranes\\data\\raw\\14p8-0add-17deg-cosolv-none-bathSolv-none-0wt-530s-N2-1425s\\2026-09-01_02-36-25.jpg""}","- **Presence:** Membrane is visible and seated within the aperture.
- **Vertical Coverage:** Membrane spans the full top-to-bottom extent of the aperture with no gaps at the top or bottom edges. ✓
- **Uniformity:** Surface is predominantly uniform white/pale throughout; one very small blue pinpoint mark is visible near center, otherwise consistent opacity and color.
- **Defects:** No wrinkles or trapped air bubbles detected within the membrane material itself. Bright arcs visible on the right rim are rim-edge lighting artifacts, not membrane defects.
- **Summary:** Membrane is fully seated vertically, visually uniform, and defect-free aside from a single minor pinpoint mark near center."
"2026-09-01
04:50:06",16p8-0add-23deg-cosolv-none-bathSolv-none-0wt-50s-NoN2-1200s,42,23,16.8,0.0,10.0,False,50,1200,none,none,0.0,"mixing_temp=42; bath_temp=23; polymer_wt=16.8; additive_wt=0.0; pullcast_speed=10; nitrogen=False; coupon_to_bath_wait_time=50; nips_bath_wait_time=1200; cosolvent_type=none; nips_bath_solvent=none; nips_bath_solvent_wt_percent=0.0; Air Temp Mean=23.62 [room air temperature during casting]; Humidity Mean=52.18 [room air humidity during casting]; Coupon Temp Mean=23.55 [coupon-stage temperature measured at the end of the wait period; during N2 it is the temperature during the N2 blow window, otherwise it is the no-N2 wait condition]; Coupon Humidity Mean=57.17 [coupon-stage humidity measured at the end of the wait period; during N2 it is the humidity during the N2 blow window, otherwise it is the no-N2 wait condition]",,23.62,52.18,23.55,57.17,118.53490841335125,1.5514363993595166,180.34689627006108,39.8679149792741,15.555513527679636,0.2491777850832206,0.5064447573346191,0.0102270590083786,68.36680112344877,3.6760346018894414,762.0474026043639,17.877314807609967,0.0704578088178987,0.0034772498522619,0.4529276947696401,0.0125290084181523,0.5488643805990949,0.0126923298705135,0.6431078914214885,0.0103840911439246,,,0.0312749070093913,,,"mixing_temp=42; bath_temp=23; polymer_wt=16.8; additive_wt=0.0; pullcast_speed=10; nitrogen=False; coupon_to_bath_wait_time=50; nips_bath_wait_time=1200; cosolvent_type=none; nips_bath_solvent=none; nips_bath_solvent_wt_percent=0.0; Air Temp Mean=23.62 [room air temperature during casting]; Humidity Mean=52.18 [room air humidity during casting]; Coupon Temp Mean=23.55 [coupon-stage temperature measured at the end of the wait period; during N2 it is the temperature during the N2 blow window, otherwise it is the no-N2 wait condition]; Coupon Humidity Mean=57.17 [coupon-stage humidity measured at the end of the wait period; during N2 it is the humidity during the N2 blow window, otherwise it is the no-N2 wait condition]

{'Air Temp Mean': 23.62, 'Humidity Mean': 52.18, 'Coupon Temp Mean': 23.55, 'Coupon Humidity Mean': 57.17, 'Thickness Mean': 118.53490841335125, 'Elastic Modulus Mean': 180.34689627006108, 'Strain at 50 bar Mean': 0.4529276947696401, 'CV Mean': 0.03127490700939136}",,"{""image_path"": ""C:\\Users\\opentrons\\Documents\\Auto-Membranes\\data\\raw\\16p8-0add-23deg-cosolv-none-bathSolv-none-0wt-50s-NoN2-1200s\\2026-09-01_04-32-13.jpg""}","- **Presence:** Membrane is visible — a pale white/grey sheet occupies the aperture.
- **Vertical Coverage:** Membrane spans the full top-to-bottom extent of the aperture with no gap at either the top or bottom edge. ✓
- **Uniformity:** Largely uniform in color and opacity across the central area; slight tonal gradient toward edges but no obvious patchiness or dark spots.
- **Defects:** A distinct diagonal crease/fold is visible within the membrane material itself, running from upper-center toward the lower-right — this is a genuine wrinkle in the membrane sheet, not a lighting artifact.
- **Summary:** Membrane is present with full vertical coverage, but a clear diagonal wrinkle within the membrane material represents a notable structural defect."
"2026-09-01
15:36:49",17-0add-5deg-cosolv-none-bathSolv-none-0wt-600s-N2-1800s_preDiscard,25,5,17.0,0.0,6.5,True,600,1800,none,none,0.0,"mixing_temp=25; bath_temp=5; polymer_wt=17.0; additive_wt=0; pullcast_speed=6.5; nitrogen=True; coupon_to_bath_wait_time=600; nips_bath_wait_time=1800; cosolvent_type=none; nips_bath_solvent=none; nips_bath_solvent_wt_percent=0.0; Air Temp Mean=23.84 [room air temperature during casting]; Humidity Mean=49.72 [room air humidity during casting]; Coupon Temp Mean=23.76 [coupon-stage temperature measured at the end of the wait period; during N2 it is the temperature during the N2 blow window, otherwise it is the no-N2 wait condition]; Coupon Humidity Mean=47.58 [coupon-stage humidity measured at the end of the wait period; during N2 it is the humidity during the N2 blow window, otherwise it is the no-N2 wait condition]",,23.84,49.72,23.76,47.58,128.95941855100708,2.8502037470417325,315.4272607891527,65.19020390272522,31.369658961476134,5.55510156780938,0.4366732327719457,0.0663693462755006,173.3693982597853,17.789476065365186,476.2783101076823,73.0051801387324,0.1449408479983747,0.0285666802203031,0.2182161019509096,0.0248019881189766,0.3821365440867628,0.0254619041002156,0.5582413281411472,0.0450615598083385,,,0.098777325111729,,,"mixing_temp=25; bath_temp=5; polymer_wt=17.0; additive_wt=0; pullcast_speed=6.5; nitrogen=True; coupon_to_bath_wait_time=600; nips_bath_wait_time=1800; cosolvent_type=none; nips_bath_solvent=none; nips_bath_solvent_wt_percent=0.0; Air Temp Mean=23.84 [room air temperature during casting]; Humidity Mean=49.72 [room air humidity during casting]; Coupon Temp Mean=23.76 [coupon-stage temperature measured at the end of the wait period; during N2 it is the temperature during the N2 blow window, otherwise it is the no-N2 wait condition]; Coupon Humidity Mean=47.58 [coupon-stage humidity measured at the end of the wait period; during N2 it is the humidity during the N2 blow window, otherwise it is the no-N2 wait condition]

{'Air Temp Mean': 23.84, 'Humidity Mean': 49.72, 'Coupon Temp Mean': 23.76, 'Coupon Humidity Mean': 47.58, 'Thickness Mean': 128.95941855100708, 'Elastic Modulus Mean': 315.4272607891527, 'Strain at 50 bar Mean': 0.2182161019509096, 'CV Mean': 0.09877732511172904}",,"{""image_path"": ""C:\\Users\\opentrons\\Documents\\Auto-Membranes\\data\\raw\\17-0add-5deg-cosolv-none-bathSolv-none-0wt-600s-N2-1800s\\2026-09-01_15-19-32.jpg""}","**Presence:** A membrane (pale white sheet) is visible within the aperture.

**Vertical Coverage:** The membrane does not reach the top edge of the aperture — a clear gap is present at the top, indicating incomplete vertical coverage. The bottom edge appears adequately seated.

**Uniformity:** The membrane interior appears largely uniform in color and opacity with no obvious patchiness or dark spots.

**Defects:** No wrinkles or trapped air bubbles are detected within the membrane material itself; shadowed curves at the boundaries are rim/lighting artifacts.

**Summary:** The membrane is present and internally uniform, but exhibits a notable top-edge vertical gap that constitutes a coverage defect."
"2026-09-01
15:36:49",17-0add-5deg-cosolv-none-bathSolv-none-0wt-600s-N2-1800s_postDiscard,25,5,17.0,0.0,6.5,True,600,1800,none,none,0.0,"mixing_temp=25; bath_temp=5; polymer_wt=17.0; additive_wt=0; pullcast_speed=6.5; nitrogen=True; coupon_to_bath_wait_time=600; nips_bath_wait_time=1800; cosolvent_type=none; nips_bath_solvent=none; nips_bath_solvent_wt_percent=0.0; Air Temp Mean=23.84 [room air temperature during casting]; Humidity Mean=49.72 [room air humidity during casting]; Coupon Temp Mean=23.76 [coupon-stage temperature measured at the end of the wait period; during N2 it is the temperature during the N2 blow window, otherwise it is the no-N2 wait condition]; Coupon Humidity Mean=47.580000000000005 [coupon-stage humidity measured at the end of the wait period; during N2 it is the humidity during the N2 blow window, otherwise it is the no-N2 wait condition]",,23.84,49.72,23.76,47.580000000000005,128.95941855100708,2.8502037470417325,285.30339100276933,45.12826301639889,34.26874600758957,2.7434859396638807,0.3994899676544612,0.0185150213122893,163.28057827728688,3.8492584155775806,511.7838950108708,45.428576162824776,0.1308290584330547,0.0170734649715647,0.2182161019509096,0.0248019881189766,0.3751812815349879,0.0259019054361182,0.5376739977968158,0.0318642734083571,,,0.0972163770525113,54.0,1 failed due to yield point (bp1) likely misplaced,"mixing_temp=25; bath_temp=5; polymer_wt=17.0; additive_wt=0; pullcast_speed=6.5; nitrogen=True; coupon_to_bath_wait_time=600; nips_bath_wait_time=1800; cosolvent_type=none; nips_bath_solvent=none; nips_bath_solvent_wt_percent=0.0; Air Temp Mean=23.84 [room air temperature during casting]; Humidity Mean=49.72 [room air humidity during casting]; Coupon Temp Mean=23.76 [coupon-stage temperature measured at the end of the wait period; during N2 it is the temperature during the N2 blow window, otherwise it is the no-N2 wait condition]; Coupon Humidity Mean=47.580000000000005 [coupon-stage humidity measured at the end of the wait period; during N2 it is the humidity during the N2 blow window, otherwise it is the no-N2 wait condition]

{'Air Temp Mean': 23.84, 'Humidity Mean': 49.72, 'Coupon Temp Mean': 23.76, 'Coupon Humidity Mean': 47.580000000000005, 'Thickness Mean': 128.95941855100708, 'Elastic Modulus Mean': 285.30339100276933, 'Strain at 50 bar Mean': 0.2182161019509096, 'CV Mean': 0.09721637705251132}, 'Discarded Fit Quality Mean': '54.0/100', 'Discarded Fit Reasons': '1 failed due to yield point (bp1) likely misplaced'",,"{""image_path"": ""C:\\Users\\opentrons\\Documents\\Auto-Membranes\\data\\raw\\17-0add-5deg-cosolv-none-bathSolv-none-0wt-600s-N2-1800s\\2026-09-01_15-19-32.jpg""}","**Presence:** A membrane (pale white sheet) is visible within the aperture.

**Vertical Coverage:** The membrane does not reach the top edge of the aperture — a clear gap is present at the top, indicating incomplete vertical coverage. The bottom edge appears adequately seated.

**Uniformity:** The membrane interior appears largely uniform in color and opacity with no obvious patchiness or dark spots.

**Defects:** No wrinkles or trapped air bubbles are detected within the membrane material itself; shadowed curves at the boundaries are rim/lighting artifacts.

**Summary:** The membrane is present and internally uniform, but exhibits a notable top-edge vertical gap that constitutes a coverage defect."
"2026-09-01
17:47:45",13p2-0add-6deg-cosolv-none-bathSolv-none-0wt-480s-NoN2-1500s_preDiscard,68,6,13.2,0.0,19.5,False,480,1500,none,none,0.0,"mixing_temp=68; bath_temp=6; polymer_wt=13.2; additive_wt=0.0; pullcast_speed=19.5; nitrogen=False; coupon_to_bath_wait_time=480; nips_bath_wait_time=1500; cosolvent_type=none; nips_bath_solvent=none; nips_bath_solvent_wt_percent=0.0; Air Temp Mean=23.97 [room air temperature during casting]; Humidity Mean=50.61 [room air humidity during casting]; Coupon Temp Mean=23.69 [coupon-stage temperature measured at the end of the wait period; during N2 it is the temperature during the N2 blow window, otherwise it is the no-N2 wait condition]; Coupon Humidity Mean=54.18 [coupon-stage humidity measured at the end of the wait period; during N2 it is the humidity during the N2 blow window, otherwise it is the no-N2 wait condition]",,23.97,50.61,23.69,54.18,92.84729862499432,10.31166900313815,48.5223509362883,11.451711325485478,9.403872760326788,3.985943628603753,0.5676851841953956,0.0373109003960566,97.56312209625617,20.289833003329885,907.3054346456612,228.32616575370048,0.0982832351504906,0.0078920259496188,0.5170213125190326,0.0390857722964131,0.6029767715651659,0.0284479873675878,0.6889267567785049,0.0223912004147598,,,0.0624187675762044,,,"mixing_temp=68; bath_temp=6; polymer_wt=13.2; additive_wt=0.0; pullcast_speed=19.5; nitrogen=False; coupon_to_bath_wait_time=480; nips_bath_wait_time=1500; cosolvent_type=none; nips_bath_solvent=none; nips_bath_solvent_wt_percent=0.0; Air Temp Mean=23.97 [room air temperature during casting]; Humidity Mean=50.61 [room air humidity during casting]; Coupon Temp Mean=23.69 [coupon-stage temperature measured at the end of the wait period; during N2 it is the temperature during the N2 blow window, otherwise it is the no-N2 wait condition]; Coupon Humidity Mean=54.18 [coupon-stage humidity measured at the end of the wait period; during N2 it is the humidity during the N2 blow window, otherwise it is the no-N2 wait condition]

{'Air Temp Mean': 23.97, 'Humidity Mean': 50.61, 'Coupon Temp Mean': 23.69, 'Coupon Humidity Mean': 54.18, 'Thickness Mean': 92.84729862499432, 'Elastic Modulus Mean': 48.5223509362883, 'Strain at 50 bar Mean': 0.5170213125190326, 'CV Mean': 0.0624187675762044}",,"{""image_path"": ""C:\\Users\\opentrons\\Documents\\Auto-Membranes\\data\\raw\\13p2-0add-6deg-cosolv-none-bathSolv-none-0wt-480s-NoN2-1500s\\2026-09-01_17-26-21.jpg""}","- **Presence:** Membrane is visible as a pale grey/white sheet within the circular aperture.

- **Vertical Coverage:** Membrane spans the full top-to-bottom extent of the aperture with no gaps at the top or bottom edges. ✓

- **Uniformity:** Moderate non-uniformity present — the membrane shows streaky, variable opacity with lighter and darker grey regions distributed across the surface, suggesting uneven thickness or density.

- **Defects:** Several broad, low-relief undulations are visible within the membrane material itself, consistent with mild wrinkling or surface waviness; no trapped air bubbles detected.

- **Summary:** Membrane is present with full vertical coverage but exhibits notable streaky non-uniformity and mild wrinkling across its surface."
"2026-09-01
17:47:45",13p2-0add-6deg-cosolv-none-bathSolv-none-0wt-480s-NoN2-1500s_postDiscard,68,6,13.2,0.0,19.5,False,480,1500,none,none,0.0,"mixing_temp=68; bath_temp=6; polymer_wt=13.2; additive_wt=0.0; pullcast_speed=19.5; nitrogen=False; coupon_to_bath_wait_time=480; nips_bath_wait_time=1500; cosolvent_type=none; nips_bath_solvent=none; nips_bath_solvent_wt_percent=0.0; Air Temp Mean=nan [room air temperature during casting]; Humidity Mean=nan [room air humidity during casting]; Coupon Temp Mean=nan [coupon-stage temperature measured at the end of the wait period; during N2 it is the temperature during the N2 blow window, otherwise it is the no-N2 wait condition]; Coupon Humidity Mean=nan [coupon-stage humidity measured at the end of the wait period; during N2 it is the humidity during the N2 blow window, otherwise it is the no-N2 wait condition]",,,,,,92.84729862499432,10.31166900313815,,,,,,,,,,,,,0.5170213125190326,0.0390857722964131,,,,,,,,42.75,"4 failed due to plateau slope >= elastic modulus, no real transition","mixing_temp=68; bath_temp=6; polymer_wt=13.2; additive_wt=0.0; pullcast_speed=19.5; nitrogen=False; coupon_to_bath_wait_time=480; nips_bath_wait_time=1500; cosolvent_type=none; nips_bath_solvent=none; nips_bath_solvent_wt_percent=0.0; Air Temp Mean=nan [room air temperature during casting]; Humidity Mean=nan [room air humidity during casting]; Coupon Temp Mean=nan [coupon-stage temperature measured at the end of the wait period; during N2 it is the temperature during the N2 blow window, otherwise it is the no-N2 wait condition]; Coupon Humidity Mean=nan [coupon-stage humidity measured at the end of the wait period; during N2 it is the humidity during the N2 blow window, otherwise it is the no-N2 wait condition]

{'Air Temp Mean': nan, 'Humidity Mean': nan, 'Coupon Temp Mean': nan, 'Coupon Humidity Mean': nan, 'Thickness Mean': 92.84729862499432, 'Elastic Modulus Mean': nan, 'Strain at 50 bar Mean': 0.5170213125190326, 'CV Mean': nan}, 'Discarded Fit Quality Mean': '42.8/100', 'Discarded Fit Reasons': '4 failed due to plateau slope >= elastic modulus, no real transition'",,"{""image_path"": ""C:\\Users\\opentrons\\Documents\\Auto-Membranes\\data\\raw\\13p2-0add-6deg-cosolv-none-bathSolv-none-0wt-480s-NoN2-1500s\\2026-09-01_17-26-21.jpg""}","- **Presence:** Membrane is visible as a pale grey/white sheet within the circular aperture.

- **Vertical Coverage:** Membrane spans the full top-to-bottom extent of the aperture with no gaps at the top or bottom edges. ✓

- **Uniformity:** Moderate non-uniformity present — the membrane shows streaky, variable opacity with lighter and darker grey regions distributed across the surface, suggesting uneven thickness or density.

- **Defects:** Several broad, low-relief undulations are visible within the membrane material itself, consistent with mild wrinkling or surface waviness; no trapped air bubbles detected.

- **Summary:** Membrane is present with full vertical coverage but exhibits notable streaky non-uniformity and mild wrinkling across its surface."
"2026-09-01
21:05:00",16-0add-25deg-cosolv-none-bathSolv-none-0wt-0s-N2-1800s,25,25,16.0,0.0,20.0,True,0,1800,none,none,0.0,"mixing_temp=25; bath_temp=25; polymer_wt=16.0; additive_wt=0.0; pullcast_speed=20; nitrogen=True; coupon_to_bath_wait_time=0; nips_bath_wait_time=1800; cosolvent_type=none; nips_bath_solvent=none; nips_bath_solvent_wt_percent=0.0; Air Temp Mean=23.99 [room air temperature during casting]; Humidity Mean=51.42 [room air humidity during casting]; Coupon Temp Mean=24.11 [coupon-stage temperature measured at the end of the wait period; during N2 it is the temperature during the N2 blow window, otherwise it is the no-N2 wait condition]; Coupon Humidity Mean=46.85 [coupon-stage humidity measured at the end of the wait period; during N2 it is the humidity during the N2 blow window, otherwise it is the no-N2 wait condition]",,23.99,51.42,24.11,46.85,128.85901185354933,2.744708451760058,122.0816837468318,5.109905567215136,10.870502888056048,0.2869080918540165,0.5174825872995483,0.0054771771064885,55.05235221208149,1.3062040762013234,802.482687853603,21.61129821204783,0.0524769383116414,0.0023372643157422,0.4901836201331663,0.0047465652441491,0.570917014520584,0.0040573871634888,0.6583495479398698,0.0040507469869303,,,0.0124738472762458,,,"mixing_temp=25; bath_temp=25; polymer_wt=16.0; additive_wt=0.0; pullcast_speed=20; nitrogen=True; coupon_to_bath_wait_time=0; nips_bath_wait_time=1800; cosolvent_type=none; nips_bath_solvent=none; nips_bath_solvent_wt_percent=0.0; Air Temp Mean=23.99 [room air temperature during casting]; Humidity Mean=51.42 [room air humidity during casting]; Coupon Temp Mean=24.11 [coupon-stage temperature measured at the end of the wait period; during N2 it is the temperature during the N2 blow window, otherwise it is the no-N2 wait condition]; Coupon Humidity Mean=46.85 [coupon-stage humidity measured at the end of the wait period; during N2 it is the humidity during the N2 blow window, otherwise it is the no-N2 wait condition]

{'Air Temp Mean': 23.99, 'Humidity Mean': 51.42, 'Coupon Temp Mean': 24.11, 'Coupon Humidity Mean': 46.85, 'Thickness Mean': 128.85901185354933, 'Elastic Modulus Mean': 122.08168374683181, 'Strain at 50 bar Mean': 0.49018362013316635, 'CV Mean': 0.012473847276245868}",,"{""image_path"": ""C:\\Users\\opentrons\\Documents\\Auto-Membranes\\data\\raw\\16-0add-25deg-cosolv-none-bathSolv-none-0wt-0s-N2-1800s\\2026-09-01_20-46-46.jpg""}","- **Presence:** Membrane is visible — a pale white/opaque sheet is present within the aperture.

- **Vertical Coverage:** The membrane does not fully span the vertical extent; a gap is visible at the top edge where the aperture is exposed, indicating incomplete top coverage. The bottom edge appears adequately seated.

- **Uniformity:** The bulk of the membrane body appears reasonably uniform in opacity, though there is slight tonal variation near the upper-left region.

- **Defects:** A distinct raised wrinkle/fold is visible within the membrane material on the left-center area, along with what appear to be small creases or fold lines nearby — these are genuine membrane-surface defects.

- **Summary:** The membrane shows a top-edge vertical gap and a prominent wrinkle/fold defect within the membrane material itself."
"2026-09-01
23:18:03",15p3-0add-9deg-cosolv-none-bathSolv-none-0wt-560s-NoN2-1630s,53,9,15.3,0.0,2.5,False,560,1630,none,none,0.0,"mixing_temp=53; bath_temp=9; polymer_wt=15.3; additive_wt=0.0; pullcast_speed=2.5; nitrogen=False; coupon_to_bath_wait_time=560; nips_bath_wait_time=1630; cosolvent_type=none; nips_bath_solvent=none; nips_bath_solvent_wt_percent=0.0; Air Temp Mean=24.04 [room air temperature during casting]; Humidity Mean=50.41 [room air humidity during casting]; Coupon Temp Mean=23.87 [coupon-stage temperature measured at the end of the wait period; during N2 it is the temperature during the N2 blow window, otherwise it is the no-N2 wait condition]; Coupon Humidity Mean=53.99 [coupon-stage humidity measured at the end of the wait period; during N2 it is the humidity during the N2 blow window, otherwise it is the no-N2 wait condition]",,24.04,50.41,23.87,53.99,172.9806104052132,3.473962499583636,259.0817072431835,61.28365089320044,15.692441572557351,0.5321995384991062,0.5213943102965217,0.0190500365371655,34.56548357818155,2.853391463510118,1030.0937320467372,24.293245652112173,0.0692056201579356,0.0022775013649312,0.5022981396212451,0.0151520268065725,0.5671155467121366,0.0164003535044887,0.6318576032630727,0.0173075532236028,,,0.0394087097915586,,,"mixing_temp=53; bath_temp=9; polymer_wt=15.3; additive_wt=0.0; pullcast_speed=2.5; nitrogen=False; coupon_to_bath_wait_time=560; nips_bath_wait_time=1630; cosolvent_type=none; nips_bath_solvent=none; nips_bath_solvent_wt_percent=0.0; Air Temp Mean=24.04 [room air temperature during casting]; Humidity Mean=50.41 [room air humidity during casting]; Coupon Temp Mean=23.87 [coupon-stage temperature measured at the end of the wait period; during N2 it is the temperature during the N2 blow window, otherwise it is the no-N2 wait condition]; Coupon Humidity Mean=53.99 [coupon-stage humidity measured at the end of the wait period; during N2 it is the humidity during the N2 blow window, otherwise it is the no-N2 wait condition]

{'Air Temp Mean': 24.04, 'Humidity Mean': 50.41, 'Coupon Temp Mean': 23.87, 'Coupon Humidity Mean': 53.99, 'Thickness Mean': 172.9806104052132, 'Elastic Modulus Mean': 259.0817072431835, 'Strain at 50 bar Mean': 0.5022981396212451, 'CV Mean': 0.03940870979155867}",,"{""image_path"": ""C:\\Users\\opentrons\\Documents\\Auto-Membranes\\data\\raw\\15p3-0add-9deg-cosolv-none-bathSolv-none-0wt-560s-NoN2-1630s\\2026-09-01_22-58-26.jpg""}","- **Presence:** Membrane is visible — a pale grey/white sheet occupies the aperture.

- **Vertical Coverage:** Full top-to-bottom coverage is present; the membrane reaches both the top and bottom edges of the aperture with no gap.

- **Uniformity:** The membrane is largely uniform in color and opacity across its surface, with only very subtle, gradual tonal variation — no distinct dark spots or patchy regions.

- **Defects:** No wrinkles or trapped air bubbles are detected within the membrane material itself; the curved bright feature at the upper-right is a rim/boundary lighting artifact, not a membrane fold.

- **Summary:** The membrane coupon appears well-seated with complete vertical coverage, good uniformity, and no observable structural defects."
"2026-09-02
01:13:09",13p7-0add-11deg-cosolv-none-bathSolv-none-0wt-0s-N2-1200s_preDiscard,25,11,13.7,0.0,20.0,True,0,1200,none,none,0.0,"mixing_temp=25; bath_temp=11; polymer_wt=13.7; additive_wt=0.0; pullcast_speed=20; nitrogen=True; coupon_to_bath_wait_time=0; nips_bath_wait_time=1200; cosolvent_type=none; nips_bath_solvent=none; nips_bath_solvent_wt_percent=0.0; Air Temp Mean=24.36 [room air temperature during casting]; Humidity Mean=49.23 [room air humidity during casting]; Coupon Temp Mean=23.99 [coupon-stage temperature measured at the end of the wait period; during N2 it is the temperature during the N2 blow window, otherwise it is the no-N2 wait condition]; Coupon Humidity Mean=46.33 [coupon-stage humidity measured at the end of the wait period; during N2 it is the humidity during the N2 blow window, otherwise it is the no-N2 wait condition]",,24.36,49.23,23.99,46.33,118.41008555273524,2.190223272700957,50.742526738937705,8.378778700067356,5.125948830050415,0.3600300857923205,0.6266048296263325,0.0378552066422119,34.970996928802286,7.080584316595719,951.1618579538526,72.59287589509731,0.0541180189468691,0.0018354492608684,0.6260256848220793,0.0350630120967673,0.6864630539718878,0.036980769702662,0.754374820243404,0.029738229327759,,,0.0659507206465839,,,"mixing_temp=25; bath_temp=11; polymer_wt=13.7; additive_wt=0.0; pullcast_speed=20; nitrogen=True; coupon_to_bath_wait_time=0; nips_bath_wait_time=1200; cosolvent_type=none; nips_bath_solvent=none; nips_bath_solvent_wt_percent=0.0; Air Temp Mean=24.36 [room air temperature during casting]; Humidity Mean=49.23 [room air humidity during casting]; Coupon Temp Mean=23.99 [coupon-stage temperature measured at the end of the wait period; during N2 it is the temperature during the N2 blow window, otherwise it is the no-N2 wait condition]; Coupon Humidity Mean=46.33 [coupon-stage humidity measured at the end of the wait period; during N2 it is the humidity during the N2 blow window, otherwise it is the no-N2 wait condition]

{'Air Temp Mean': 24.36, 'Humidity Mean': 49.23, 'Coupon Temp Mean': 23.99, 'Coupon Humidity Mean': 46.33, 'Thickness Mean': 118.41008555273525, 'Elastic Modulus Mean': 50.742526738937705, 'Strain at 50 bar Mean': 0.6260256848220793, 'CV Mean': 0.0659507206465839}",,"{""image_path"": ""C:\\Users\\opentrons\\Documents\\Auto-Membranes\\data\\raw\\13p7-0add-11deg-cosolv-none-bathSolv-none-0wt-0s-N2-1200s\\2026-09-02_00-52-25.jpg""}","- **Presence**: Membrane is visible — a pale white sheet occupies the aperture.

- **Vertical Coverage**: The membrane spans the full top-to-bottom extent of the aperture with no gap at the top or bottom edge. ✓

- **Uniformity**: The membrane is largely uniform in color and opacity across its central area, with a slight tonal gradient toward the upper portion but no obvious patchiness or dark spots.

- **Defects**: A distinct diagonal fold/wrinkle is visible within the membrane material itself on the upper-right region, running from roughly the top-center toward the right edge — this is a genuine membrane defect.

- **Summary**: Membrane is present with full vertical coverage, but a clear diagonal fold within the membrane material is a notable fabrication defect."
"2026-09-02
01:13:09",13p7-0add-11deg-cosolv-none-bathSolv-none-0wt-0s-N2-1200s_postDiscard,25,11,13.7,0.0,20.0,True,0,1200,none,none,0.0,"mixing_temp=25; bath_temp=11; polymer_wt=13.7; additive_wt=0.0; pullcast_speed=20; nitrogen=True; coupon_to_bath_wait_time=0; nips_bath_wait_time=1200; cosolvent_type=none; nips_bath_solvent=none; nips_bath_solvent_wt_percent=0.0; Air Temp Mean=24.36 [room air temperature during casting]; Humidity Mean=49.23 [room air humidity during casting]; Coupon Temp Mean=23.99 [coupon-stage temperature measured at the end of the wait period; during N2 it is the temperature during the N2 blow window, otherwise it is the no-N2 wait condition]; Coupon Humidity Mean=46.33 [coupon-stage humidity measured at the end of the wait period; during N2 it is the humidity during the N2 blow window, otherwise it is the no-N2 wait condition]",,24.36,49.23,23.99,46.33,118.41008555273524,2.190223272700957,57.37684385922955,6.42100315214881,5.367770054614667,0.2967031184929118,0.5900739553090036,0.0057999950038011,39.01446560769023,7.989327010094605,891.8261528056654,9.442283808598518,0.0536265689078768,0.0008630419231646,0.6260256848220793,0.0350630120967673,0.6509629393053106,0.0093887276182534,0.7256690922042496,0.0087105744595253,,,0.0247618067606188,65.0,1 failed due to poor full-plateau fit; 1 failed due to elastic/plateau junction mismatch,"mixing_temp=25; bath_temp=11; polymer_wt=13.7; additive_wt=0.0; pullcast_speed=20; nitrogen=True; coupon_to_bath_wait_time=0; nips_bath_wait_time=1200; cosolvent_type=none; nips_bath_solvent=none; nips_bath_solvent_wt_percent=0.0; Air Temp Mean=24.36 [room air temperature during casting]; Humidity Mean=49.23 [room air humidity during casting]; Coupon Temp Mean=23.99 [coupon-stage temperature measured at the end of the wait period; during N2 it is the temperature during the N2 blow window, otherwise it is the no-N2 wait condition]; Coupon Humidity Mean=46.33 [coupon-stage humidity measured at the end of the wait period; during N2 it is the humidity during the N2 blow window, otherwise it is the no-N2 wait condition]

{'Air Temp Mean': 24.36, 'Humidity Mean': 49.23, 'Coupon Temp Mean': 23.99, 'Coupon Humidity Mean': 46.33, 'Thickness Mean': 118.41008555273525, 'Elastic Modulus Mean': 57.37684385922955, 'Strain at 50 bar Mean': 0.6260256848220793, 'CV Mean': 0.02476180676061884}, 'Discarded Fit Quality Mean': '65.0/100', 'Discarded Fit Reasons': '1 failed due to poor full-plateau fit; 1 failed due to elastic/plateau junction mismatch'",,"{""image_path"": ""C:\\Users\\opentrons\\Documents\\Auto-Membranes\\data\\raw\\13p7-0add-11deg-cosolv-none-bathSolv-none-0wt-0s-N2-1200s\\2026-09-02_00-52-25.jpg""}","- **Presence**: Membrane is visible — a pale white sheet occupies the aperture.

- **Vertical Coverage**: The membrane spans the full top-to-bottom extent of the aperture with no gap at the top or bottom edge. ✓

- **Uniformity**: The membrane is largely uniform in color and opacity across its central area, with a slight tonal gradient toward the upper portion but no obvious patchiness or dark spots.

- **Defects**: A distinct diagonal fold/wrinkle is visible within the membrane material itself on the upper-right region, running from roughly the top-center toward the right edge — this is a genuine membrane defect.

- **Summary**: Membrane is present with full vertical coverage, but a clear diagonal fold within the membrane material is a notable fabrication defect."
"2026-09-04
18:50:34",17-0add-14deg-cosolv-none-bathSolv-none-0wt-250s-NoN2-1480s,25,14,17.0,0.0,7.0,False,250,1480,none,none,0.0,"mixing_temp=25; bath_temp=14; polymer_wt=17.0; additive_wt=0; pullcast_speed=7; nitrogen=False; coupon_to_bath_wait_time=250; nips_bath_wait_time=1480; cosolvent_type=none; nips_bath_solvent=none; nips_bath_solvent_wt_percent=0.0; Air Temp Mean=24.62 [room air temperature during casting]; Humidity Mean=48.33 [room air humidity during casting]; Coupon Temp Mean=24.55 [coupon-stage temperature measured at the end of the wait period; during N2 it is the temperature during the N2 blow window, otherwise it is the no-N2 wait condition]; Coupon Humidity Mean=51.5 [coupon-stage humidity measured at the end of the wait period; during N2 it is the humidity during the N2 blow window, otherwise it is the no-N2 wait condition]",,24.62,48.33,24.55,51.5,149.61582562490054,2.630302158632326,297.4386060145594,20.543130316997058,24.439650761059287,0.8685051657372773,0.5088910339008296,0.0123377924064969,47.42676616780192,1.9293004380158136,845.4398022773321,21.03482894774684,0.0751241222863515,0.0047322095101891,0.4538254394497583,0.0089715063559692,0.5467689856842097,0.0095761417730031,0.629965634224851,0.0084560615643269,,,0.0285710012313355,,,"mixing_temp=25; bath_temp=14; polymer_wt=17.0; additive_wt=0; pullcast_speed=7; nitrogen=False; coupon_to_bath_wait_time=250; nips_bath_wait_time=1480; cosolvent_type=none; nips_bath_solvent=none; nips_bath_solvent_wt_percent=0.0; Air Temp Mean=24.62 [room air temperature during casting]; Humidity Mean=48.33 [room air humidity during casting]; Coupon Temp Mean=24.55 [coupon-stage temperature measured at the end of the wait period; during N2 it is the temperature during the N2 blow window, otherwise it is the no-N2 wait condition]; Coupon Humidity Mean=51.5 [coupon-stage humidity measured at the end of the wait period; during N2 it is the humidity during the N2 blow window, otherwise it is the no-N2 wait condition]

{'Air Temp Mean': 24.62, 'Humidity Mean': 48.33, 'Coupon Temp Mean': 24.55, 'Coupon Humidity Mean': 51.5, 'Thickness Mean': 149.61582562490054, 'Elastic Modulus Mean': 297.4386060145594, 'Strain at 50 bar Mean': 0.4538254394497583, 'CV Mean': 0.0285710012313355}",,"{""image_path"": ""C:\\Users\\opentrons\\Documents\\Auto-Membranes\\data\\raw\\17-0add-14deg-cosolv-none-bathSolv-none-0wt-250s-NoN2-1480s\\2026-09-04_18-31-04.jpg""}","- **Presence:** Membrane is visible as a pale white sheet within the aperture.
- **Vertical Coverage:** The membrane does not reach the bottom edge of the aperture — a clear gap is present at the lower boundary, indicating incomplete vertical coverage. Top edge appears adequately seated.
- **Uniformity:** The membrane interior appears uniformly bright white with no patchiness, dark spots, or obvious thickness variation.
- **Defects:** No wrinkles or trapped air bubbles are detected within the membrane material itself; curved shadows at the boundaries are rim/lighting artifacts.
- **Summary:** The membrane is present and internally uniform, but exhibits a notable vertical coverage gap at the bottom edge of the aperture, which is a real defect requiring attention."
"2026-09-04
20:56:28",14p3-0add-16deg-cosolv-none-bathSolv-none-0wt-100s-NoN2-1550s,77,16,14.3,0.0,1.0,False,100,1550,none,none,0.0,"mixing_temp=77; bath_temp=16; polymer_wt=14.3; additive_wt=0.0; pullcast_speed=1; nitrogen=False; coupon_to_bath_wait_time=100; nips_bath_wait_time=1550; cosolvent_type=none; nips_bath_solvent=none; nips_bath_solvent_wt_percent=0.0; Air Temp Mean=25.36 [room air temperature during casting]; Humidity Mean=45.43 [room air humidity during casting]; Coupon Temp Mean=24.57 [coupon-stage temperature measured at the end of the wait period; during N2 it is the temperature during the N2 blow window, otherwise it is the no-N2 wait condition]; Coupon Humidity Mean=51.66 [coupon-stage humidity measured at the end of the wait period; during N2 it is the humidity during the N2 blow window, otherwise it is the no-N2 wait condition]",,25.36,45.43,24.57,51.66,137.13181473085535,4.652552549870817,157.01668755341316,25.83835019780822,16.2373737728301,0.5723092096804734,0.5680672987411998,0.0191482487167904,41.96999585176382,3.0652685873337133,972.4370356169812,60.01286117089846,0.0643012236534625,0.002509410996939,0.545426943483128,0.0218411668870586,0.6144943040746966,0.0233454271868613,0.6809848508822715,0.0254071774603998,,,0.0475864158272879,,,"mixing_temp=77; bath_temp=16; polymer_wt=14.3; additive_wt=0.0; pullcast_speed=1; nitrogen=False; coupon_to_bath_wait_time=100; nips_bath_wait_time=1550; cosolvent_type=none; nips_bath_solvent=none; nips_bath_solvent_wt_percent=0.0; Air Temp Mean=25.36 [room air temperature during casting]; Humidity Mean=45.43 [room air humidity during casting]; Coupon Temp Mean=24.57 [coupon-stage temperature measured at the end of the wait period; during N2 it is the temperature during the N2 blow window, otherwise it is the no-N2 wait condition]; Coupon Humidity Mean=51.66 [coupon-stage humidity measured at the end of the wait period; during N2 it is the humidity during the N2 blow window, otherwise it is the no-N2 wait condition]

{'Air Temp Mean': 25.36, 'Humidity Mean': 45.43, 'Coupon Temp Mean': 24.57, 'Coupon Humidity Mean': 51.66, 'Thickness Mean': 137.13181473085535, 'Elastic Modulus Mean': 157.01668755341316, 'Strain at 50 bar Mean': 0.545426943483128, 'CV Mean': 0.0475864158272879}",,"{""image_path"": ""C:\\Users\\opentrons\\Documents\\Auto-Membranes\\data\\raw\\14p3-0add-16deg-cosolv-none-bathSolv-none-0wt-100s-NoN2-1550s\\2026-09-04_20-38-12.jpg""}","- **Presence:** Membrane is visible — a pale white/off-white sheet occupies the aperture.

- **Vertical Coverage:** Membrane spans the full top-to-bottom extent of the aperture with no gap at either edge. ✓

- **Uniformity:** Largely uniform in color and opacity across the central area; slight tonal gradient toward the right side but no distinct dark spots or obvious thickness patches.

- **Defects:** One subtle linear crease/wrinkle is visible in the membrane material on the right-center region; no trapped air bubbles detected within the membrane sheet itself.

- **Summary:** Membrane is present with full vertical coverage and generally good uniformity, but a minor wrinkle in the right-center area is noted."
"2026-09-04
22:58:21",16p5-0add-19deg-cosolv-none-bathSolv-none-0wt-175s-N2-1450s,58,19,16.5,0.0,12.0,True,175,1450,none,none,0.0,"mixing_temp=58; bath_temp=19; polymer_wt=16.5; additive_wt=0.0; pullcast_speed=12; nitrogen=True; coupon_to_bath_wait_time=175; nips_bath_wait_time=1450; cosolvent_type=none; nips_bath_solvent=none; nips_bath_solvent_wt_percent=0.0; Air Temp Mean=24.96 [room air temperature during casting]; Humidity Mean=45.41 [room air humidity during casting]; Coupon Temp Mean=24.69 [coupon-stage temperature measured at the end of the wait period; during N2 it is the temperature during the N2 blow window, otherwise it is the no-N2 wait condition]; Coupon Humidity Mean=46.86 [coupon-stage humidity measured at the end of the wait period; during N2 it is the humidity during the N2 blow window, otherwise it is the no-N2 wait condition]",,24.96,45.41,24.69,46.86,135.68360368547283,2.629879632560227,437.90755302333423,102.31807738079202,27.141986252900296,1.810055857825433,0.3935045614827014,0.0165422137132257,147.58322442782247,6.384663969886791,419.7454509867924,70.52989007353763,0.1508046960211502,0.044925574118072,0.21650996493478,0.0197640201992516,0.3851490073734626,0.0243436611474768,0.5784237026292076,0.0473141937451559,,,0.0934683606104618,,,"mixing_temp=58; bath_temp=19; polymer_wt=16.5; additive_wt=0.0; pullcast_speed=12; nitrogen=True; coupon_to_bath_wait_time=175; nips_bath_wait_time=1450; cosolvent_type=none; nips_bath_solvent=none; nips_bath_solvent_wt_percent=0.0; Air Temp Mean=24.96 [room air temperature during casting]; Humidity Mean=45.41 [room air humidity during casting]; Coupon Temp Mean=24.69 [coupon-stage temperature measured at the end of the wait period; during N2 it is the temperature during the N2 blow window, otherwise it is the no-N2 wait condition]; Coupon Humidity Mean=46.86 [coupon-stage humidity measured at the end of the wait period; during N2 it is the humidity during the N2 blow window, otherwise it is the no-N2 wait condition]

{'Air Temp Mean': 24.96, 'Humidity Mean': 45.41, 'Coupon Temp Mean': 24.69, 'Coupon Humidity Mean': 46.86, 'Thickness Mean': 135.68360368547283, 'Elastic Modulus Mean': 437.90755302333423, 'Strain at 50 bar Mean': 0.21650996493478009, 'CV Mean': 0.09346836061046183}",,"{""image_path"": ""C:\\Users\\opentrons\\Documents\\Auto-Membranes\\data\\raw\\16p5-0add-19deg-cosolv-none-bathSolv-none-0wt-175s-N2-1450s\\2026-09-04_22-40-44.jpg""}","- **Presence:** Membrane is visible — a pale white/light-grey coupon is present within the aperture.
- **Vertical Coverage:** Membrane spans the full top-to-bottom extent of the aperture with no gap at the top or bottom edge. ✓
- **Uniformity:** Color and opacity are largely uniform across the membrane surface; no significant patchiness or dark spots detected.
- **Defects:** A distinct fold or wrinkle is visible in the upper-right region of the membrane material itself — the membrane sheet appears lifted/creased there, not a lighting artifact.
- **Summary:** Membrane is present with full vertical coverage and generally uniform appearance, but a clear fold/wrinkle defect in the upper-right portion of the membrane material is noted."
"2026-09-05
00:18:32",17-0add-21deg-cosolv-none-bathSolv-none-0wt-325s-N2-1800s,25,21,17.0,0.0,11.0,True,325,1800,none,none,0.0,"mixing_temp=25; bath_temp=21; polymer_wt=17.0; additive_wt=0.0; pullcast_speed=11; nitrogen=True; coupon_to_bath_wait_time=325; nips_bath_wait_time=1800; cosolvent_type=none; nips_bath_solvent=none; nips_bath_solvent_wt_percent=0.0; Air Temp Mean=24.71 [room air temperature during casting]; Humidity Mean=46.41 [room air humidity during casting]; Coupon Temp Mean=24.64 [coupon-stage temperature measured at the end of the wait period; during N2 it is the temperature during the N2 blow window, otherwise it is the no-N2 wait condition]; Coupon Humidity Mean=43.72 [coupon-stage humidity measured at the end of the wait period; during N2 it is the humidity during the N2 blow window, otherwise it is the no-N2 wait condition]",,24.71,46.41,24.64,43.72,153.128648643543,5.634016355299079,324.2381102972895,75.01255225797837,31.51713161614712,0.2912851501369094,0.4524030324948195,0.0467465062566236,127.71527362311303,15.647298159368772,511.8996964853424,127.75371459440962,0.0935568519150669,0.0380708380489012,0.2515194224588731,0.0326535985111186,0.4341905194272143,0.0440176463948634,0.5900184165324373,0.0289204843301554,,,0.1075376986265493,,,"mixing_temp=25; bath_temp=21; polymer_wt=17.0; additive_wt=0.0; pullcast_speed=11; nitrogen=True; coupon_to_bath_wait_time=325; nips_bath_wait_time=1800; cosolvent_type=none; nips_bath_solvent=none; nips_bath_solvent_wt_percent=0.0; Air Temp Mean=24.71 [room air temperature during casting]; Humidity Mean=46.41 [room air humidity during casting]; Coupon Temp Mean=24.64 [coupon-stage temperature measured at the end of the wait period; during N2 it is the temperature during the N2 blow window, otherwise it is the no-N2 wait condition]; Coupon Humidity Mean=43.72 [coupon-stage humidity measured at the end of the wait period; during N2 it is the humidity during the N2 blow window, otherwise it is the no-N2 wait condition]

{'Air Temp Mean': 24.71, 'Humidity Mean': 46.41, 'Coupon Temp Mean': 24.64, 'Coupon Humidity Mean': 43.72, 'Thickness Mean': 153.128648643543, 'Elastic Modulus Mean': 324.2381102972895, 'Strain at 50 bar Mean': 0.2515194224588731, 'CV Mean': 0.10753769862654938}",,"{""image_path"": ""C:\\Users\\opentrons\\Documents\\Auto-Membranes\\data\\raw\\17-0add-21deg-cosolv-none-bathSolv-none-0wt-325s-N2-1800s\\2026-09-04_23-59-03.jpg""}","**Presence:** Membrane is visible — a pale white/grey coupon is present within the aperture.

**Vertical Coverage:** The membrane does not reach the top edge of the aperture; a clear gap is visible between the membrane's upper boundary and the top of the aperture. Bottom edge contact appears adequate.

**Uniformity:** Non-uniform — the membrane shows distinct tonal variation, with a darker central region surrounded by a lighter periphery, indicating uneven opacity or thickness distribution.

**Defects:** Several wrinkles are visible within the membrane material itself, appearing as curved raised ridges across the surface. One small apparent bubble or pinhole is visible near the right-center area.

**Summary:** The membrane exhibits a significant top-edge vertical coverage gap, internal wrinkling, tonal non-uniformity, and a probable pinhole defect."
"2026-09-05
02:19:54",16p5-0add-24deg-cosolv-none-bathSolv-none-0wt-390s-NoN2-1200s,25,24,16.5,0.0,4.0,False,390,1200,none,none,0.0,"mixing_temp=25; bath_temp=24; polymer_wt=16.5; additive_wt=0.0; pullcast_speed=4; nitrogen=False; coupon_to_bath_wait_time=390; nips_bath_wait_time=1200; cosolvent_type=none; nips_bath_solvent=none; nips_bath_solvent_wt_percent=0.0; Air Temp Mean=25.14 [room air temperature during casting]; Humidity Mean=48.06 [room air humidity during casting]; Coupon Temp Mean=25.2 [coupon-stage temperature measured at the end of the wait period; during N2 it is the temperature during the N2 blow window, otherwise it is the no-N2 wait condition]; Coupon Humidity Mean=51.79 [coupon-stage humidity measured at the end of the wait period; during N2 it is the humidity during the N2 blow window, otherwise it is the no-N2 wait condition]",,25.14,48.06,25.2,51.79,152.1455300594041,10.906804071616191,282.72566358067945,99.8371253147328,20.632496904577103,0.2031162160101143,0.5678760954081274,0.0143149398034078,42.66254949400352,1.5809084062515937,899.7040696492444,46.106632519927786,0.0723616979500909,0.0032833375074101,0.5224040165478813,0.0159453175228752,0.6092702498465552,0.012915340165814,0.6831733814300105,0.0102011161978962,,,0.0366665742897912,,,"mixing_temp=25; bath_temp=24; polymer_wt=16.5; additive_wt=0.0; pullcast_speed=4; nitrogen=False; coupon_to_bath_wait_time=390; nips_bath_wait_time=1200; cosolvent_type=none; nips_bath_solvent=none; nips_bath_solvent_wt_percent=0.0; Air Temp Mean=25.14 [room air temperature during casting]; Humidity Mean=48.06 [room air humidity during casting]; Coupon Temp Mean=25.2 [coupon-stage temperature measured at the end of the wait period; during N2 it is the temperature during the N2 blow window, otherwise it is the no-N2 wait condition]; Coupon Humidity Mean=51.79 [coupon-stage humidity measured at the end of the wait period; during N2 it is the humidity during the N2 blow window, otherwise it is the no-N2 wait condition]

{'Air Temp Mean': 25.14, 'Humidity Mean': 48.06, 'Coupon Temp Mean': 25.2, 'Coupon Humidity Mean': 51.79, 'Thickness Mean': 152.1455300594041, 'Elastic Modulus Mean': 282.72566358067945, 'Strain at 50 bar Mean': 0.5224040165478813, 'CV Mean': 0.036666574289791254}",,"{""image_path"": ""C:\\Users\\opentrons\\Documents\\Auto-Membranes\\data\\raw\\16p5-0add-24deg-cosolv-none-bathSolv-none-0wt-390s-NoN2-1200s\\2026-09-05_02-01-19.jpg""}","- **Presence:** Membrane is visible as a pale/white sheet within the aperture.
- **Vertical Coverage:** Significant gap at the top edge — the membrane does not reach the top of the aperture, exposing the backing/substrate above it. Bottom edge appears to reach the lower aperture boundary.
- **Uniformity:** Non-uniform; the membrane is bunched and displaced toward the center-upper region, leaving large areas of exposed backing visible.
- **Defects:** Pronounced wrinkling and folding within the membrane material itself, including raised ridges and a looped/curled strand at the top — these are genuine membrane deformation defects, not lighting artifacts.
- **Summary:** Severely defective coupon with a top vertical coverage gap, heavy wrinkling, and significant folding of the membrane layer."
"2026-09-05
04:18:27",16p5-0add-5deg-cosolv-none-bathSolv-none-0wt-160s-N2-1200s_preDiscard,32,5,16.5,0.0,17.0,True,160,1200,none,none,0.0,"mixing_temp=32; bath_temp=5; polymer_wt=16.5; additive_wt=0.0; pullcast_speed=17; nitrogen=True; coupon_to_bath_wait_time=160; nips_bath_wait_time=1200; cosolvent_type=none; nips_bath_solvent=none; nips_bath_solvent_wt_percent=0.0; Air Temp Mean=24.56 [room air temperature during casting]; Humidity Mean=47.44 [room air humidity during casting]; Coupon Temp Mean=24.44 [coupon-stage temperature measured at the end of the wait period; during N2 it is the temperature during the N2 blow window, otherwise it is the no-N2 wait condition]; Coupon Humidity Mean=44.64 [coupon-stage humidity measured at the end of the wait period; during N2 it is the humidity during the N2 blow window, otherwise it is the no-N2 wait condition]",,24.56,47.44,24.44,44.64,137.66606653305504,6.161236254333318,239.80690566596013,10.79091019278523,29.8640671442677,2.5156606736845406,0.4920118576637904,0.0696099674417299,148.68824498139114,13.18855182886938,454.8431330555622,102.1174123559283,0.1168561074949557,0.0601173840599772,0.2754177612591121,0.0095662854155623,0.4324983564593755,0.0218184254055569,0.6474614842342077,0.0765365878542619,,,0.0894482941489694,,,"mixing_temp=32; bath_temp=5; polymer_wt=16.5; additive_wt=0.0; pullcast_speed=17; nitrogen=True; coupon_to_bath_wait_time=160; nips_bath_wait_time=1200; cosolvent_type=none; nips_bath_solvent=none; nips_bath_solvent_wt_percent=0.0; Air Temp Mean=24.56 [room air temperature during casting]; Humidity Mean=47.44 [room air humidity during casting]; Coupon Temp Mean=24.44 [coupon-stage temperature measured at the end of the wait period; during N2 it is the temperature during the N2 blow window, otherwise it is the no-N2 wait condition]; Coupon Humidity Mean=44.64 [coupon-stage humidity measured at the end of the wait period; during N2 it is the humidity during the N2 blow window, otherwise it is the no-N2 wait condition]

{'Air Temp Mean': 24.56, 'Humidity Mean': 47.44, 'Coupon Temp Mean': 24.44, 'Coupon Humidity Mean': 44.64, 'Thickness Mean': 137.66606653305504, 'Elastic Modulus Mean': 239.80690566596013, 'Strain at 50 bar Mean': 0.2754177612591121, 'CV Mean': 0.08944829414896943}",,"{""image_path"": ""C:\\Users\\opentrons\\Documents\\Auto-Membranes\\data\\raw\\16p5-0add-5deg-cosolv-none-bathSolv-none-0wt-160s-N2-1200s\\2026-09-05_03-59-20.jpg""}","**Presence:** Membrane is visible — a pale white sheet occupies the central aperture.

**Vertical Coverage:** Significant gap at the top edge; the membrane does not reach the upper boundary of the aperture, exposing the backing/rim. Bottom edge appears adequately seated. This is a notable vertical coverage defect.

**Uniformity:** The visible membrane area appears largely uniform in color and opacity, with no obvious patchiness or dark spots.

**Defects:** A small fragment or torn piece of material is visible at the upper-right region of the membrane surface — this appears to be a physical debris/tear artifact, not a lighting reflection.

**Summary:** The membrane shows an unacceptable top-edge vertical gap and a surface debris/tear fragment, both warranting rejection or re-seating."
"2026-09-05
04:18:27",16p5-0add-5deg-cosolv-none-bathSolv-none-0wt-160s-N2-1200s_postDiscard,32,5,16.5,0.0,17.0,True,160,1200,none,none,0.0,"mixing_temp=32; bath_temp=5; polymer_wt=16.5; additive_wt=0.0; pullcast_speed=17; nitrogen=True; coupon_to_bath_wait_time=160; nips_bath_wait_time=1200; cosolvent_type=none; nips_bath_solvent=none; nips_bath_solvent_wt_percent=0.0; Air Temp Mean=24.56 [room air temperature during casting]; Humidity Mean=47.44 [room air humidity during casting]; Coupon Temp Mean=24.44 [coupon-stage temperature measured at the end of the wait period; during N2 it is the temperature during the N2 blow window, otherwise it is the no-N2 wait condition]; Coupon Humidity Mean=44.64000000000001 [coupon-stage humidity measured at the end of the wait period; during N2 it is the humidity during the N2 blow window, otherwise it is the no-N2 wait condition]",,24.56,47.44,24.44,44.64000000000001,137.66606653305504,6.161236254333318,234.2464478028236,5.6199250108408005,31.091215860618075,1.5538625889491653,0.4599123352809326,0.0483654085149834,153.58733349834884,11.658169922237,497.1487291391484,82.12734442159983,0.1296145951656486,0.0645576005676082,0.2754177612591121,0.0095662854155623,0.4214169852125312,0.0119807245772359,0.607622555319356,0.0382348620872866,,,0.0523480350448802,57.0,1 failed due to yield point (bp1) likely misplaced,"mixing_temp=32; bath_temp=5; polymer_wt=16.5; additive_wt=0.0; pullcast_speed=17; nitrogen=True; coupon_to_bath_wait_time=160; nips_bath_wait_time=1200; cosolvent_type=none; nips_bath_solvent=none; nips_bath_solvent_wt_percent=0.0; Air Temp Mean=24.56 [room air temperature during casting]; Humidity Mean=47.44 [room air humidity during casting]; Coupon Temp Mean=24.44 [coupon-stage temperature measured at the end of the wait period; during N2 it is the temperature during the N2 blow window, otherwise it is the no-N2 wait condition]; Coupon Humidity Mean=44.64000000000001 [coupon-stage humidity measured at the end of the wait period; during N2 it is the humidity during the N2 blow window, otherwise it is the no-N2 wait condition]

{'Air Temp Mean': 24.56, 'Humidity Mean': 47.44, 'Coupon Temp Mean': 24.44, 'Coupon Humidity Mean': 44.64000000000001, 'Thickness Mean': 137.66606653305504, 'Elastic Modulus Mean': 234.24644780282358, 'Strain at 50 bar Mean': 0.2754177612591121, 'CV Mean': 0.052348035044880295}, 'Discarded Fit Quality Mean': '57.0/100', 'Discarded Fit Reasons': '1 failed due to yield point (bp1) likely misplaced'",,"{""image_path"": ""C:\\Users\\opentrons\\Documents\\Auto-Membranes\\data\\raw\\16p5-0add-5deg-cosolv-none-bathSolv-none-0wt-160s-N2-1200s\\2026-09-05_03-59-20.jpg""}","**Presence:** Membrane is visible — a pale white sheet occupies the central aperture.

**Vertical Coverage:** Significant gap at the top edge; the membrane does not reach the upper boundary of the aperture, exposing the backing/rim. Bottom edge appears adequately seated. This is a notable vertical coverage defect.

**Uniformity:** The visible membrane area appears largely uniform in color and opacity, with no obvious patchiness or dark spots.

**Defects:** A small fragment or torn piece of material is visible at the upper-right region of the membrane surface — this appears to be a physical debris/tear artifact, not a lighting reflection.

**Summary:** The membrane shows an unacceptable top-edge vertical gap and a surface debris/tear fragment, both warranting rejection or re-seating."
"2026-09-05
06:24:45",15p7-0add-20deg-cosolv-none-bathSolv-none-0wt-35s-N2-1680s,73,20,15.7,0.0,16.0,True,35,1680,none,none,0.0,"mixing_temp=73; bath_temp=20; polymer_wt=15.7; additive_wt=0.0; pullcast_speed=16; nitrogen=True; coupon_to_bath_wait_time=35; nips_bath_wait_time=1680; cosolvent_type=none; nips_bath_solvent=none; nips_bath_solvent_wt_percent=0.0; Air Temp Mean=25.05 [room air temperature during casting]; Humidity Mean=46.92 [room air humidity during casting]; Coupon Temp Mean=24.28 [coupon-stage temperature measured at the end of the wait period; during N2 it is the temperature during the N2 blow window, otherwise it is the no-N2 wait condition]; Coupon Humidity Mean=53.93 [coupon-stage humidity measured at the end of the wait period; during N2 it is the humidity during the N2 blow window, otherwise it is the no-N2 wait condition]",,25.05,46.92,24.28,53.93,149.49565453788944,4.572720591557595,162.5046437779161,31.75510955148014,13.642722218838076,3.9751725236948494,0.5135322258636409,0.0485529490502602,41.37691075262762,4.866972205446679,974.861000553926,36.79833486505056,0.0449292601382255,0.0025991549949559,0.495067458106485,0.0436719721732607,0.5617367702468106,0.0476893801936886,0.632234438952959,0.0497928363473345,,,0.107840439944476,,,"mixing_temp=73; bath_temp=20; polymer_wt=15.7; additive_wt=0.0; pullcast_speed=16; nitrogen=True; coupon_to_bath_wait_time=35; nips_bath_wait_time=1680; cosolvent_type=none; nips_bath_solvent=none; nips_bath_solvent_wt_percent=0.0; Air Temp Mean=25.05 [room air temperature during casting]; Humidity Mean=46.92 [room air humidity during casting]; Coupon Temp Mean=24.28 [coupon-stage temperature measured at the end of the wait period; during N2 it is the temperature during the N2 blow window, otherwise it is the no-N2 wait condition]; Coupon Humidity Mean=53.93 [coupon-stage humidity measured at the end of the wait period; during N2 it is the humidity during the N2 blow window, otherwise it is the no-N2 wait condition]

{'Air Temp Mean': 25.05, 'Humidity Mean': 46.92, 'Coupon Temp Mean': 24.28, 'Coupon Humidity Mean': 53.93, 'Thickness Mean': 149.49565453788944, 'Elastic Modulus Mean': 162.5046437779161, 'Strain at 50 bar Mean': 0.495067458106485, 'CV Mean': 0.10784043994447602}",,"{""image_path"": ""C:\\Users\\opentrons\\Documents\\Auto-Membranes\\data\\raw\\15p7-0add-20deg-cosolv-none-bathSolv-none-0wt-35s-N2-1680s\\2026-09-05_06-06-08.jpg""}","- **Presence:** Membrane is visible — a pale white/grey sheet occupies the aperture.

- **Vertical Coverage:** Membrane spans the full top-to-bottom extent of the aperture with no gap at the top or bottom edge. ✓

- **Uniformity:** The membrane body is largely uniform in color and opacity, with a slight tonal gradient but no obvious patchiness or dark spots.

- **Defects:** A distinct raised fold or wrinkle is present within the membrane material on the right side, creating a curved ridge across roughly the upper-right quadrant. This is a genuine membrane-material defect, not a lighting artifact.

- **Summary:** Membrane is present with full vertical coverage, but a clear fold/wrinkle within the membrane material on the right side represents a notable fabrication defect."
"2026-09-05
08:32:41",16p5-0add-5deg-cosolv-none-bathSolv-none-0wt-300s-N2-1500s_preDiscard,25,5,16.5,0.0,18.0,True,300,1500,none,none,0.0,"mixing_temp=25; bath_temp=5; polymer_wt=16.5; additive_wt=0.0; pullcast_speed=18; nitrogen=True; coupon_to_bath_wait_time=300; nips_bath_wait_time=1500; cosolvent_type=none; nips_bath_solvent=none; nips_bath_solvent_wt_percent=0.0; Air Temp Mean=25.06 [room air temperature during casting]; Humidity Mean=45.51 [room air humidity during casting]; Coupon Temp Mean=24.4 [coupon-stage temperature measured at the end of the wait period; during N2 it is the temperature during the N2 blow window, otherwise it is the no-N2 wait condition]; Coupon Humidity Mean=50.51 [coupon-stage humidity measured at the end of the wait period; during N2 it is the humidity during the N2 blow window, otherwise it is the no-N2 wait condition]",,25.06,45.51,24.4,50.51,115.47388067616107,3.797093689187779,262.89267543869664,43.65542708556853,27.984258830146693,5.697819889535443,0.4035634719720791,0.0763490054842082,158.3782047938253,6.276870437414705,619.0757592104719,242.8991780178053,0.0862865267323083,0.0179962680826676,0.2403649884192009,0.0393079431514384,0.3888502901714989,0.0408918559022097,0.5506648623758645,0.0351380290830097,,,0.1334250626374701,,,"mixing_temp=25; bath_temp=5; polymer_wt=16.5; additive_wt=0.0; pullcast_speed=18; nitrogen=True; coupon_to_bath_wait_time=300; nips_bath_wait_time=1500; cosolvent_type=none; nips_bath_solvent=none; nips_bath_solvent_wt_percent=0.0; Air Temp Mean=25.06 [room air temperature during casting]; Humidity Mean=45.51 [room air humidity during casting]; Coupon Temp Mean=24.4 [coupon-stage temperature measured at the end of the wait period; during N2 it is the temperature during the N2 blow window, otherwise it is the no-N2 wait condition]; Coupon Humidity Mean=50.51 [coupon-stage humidity measured at the end of the wait period; during N2 it is the humidity during the N2 blow window, otherwise it is the no-N2 wait condition]

{'Air Temp Mean': 25.06, 'Humidity Mean': 45.51, 'Coupon Temp Mean': 24.4, 'Coupon Humidity Mean': 50.51, 'Thickness Mean': 115.47388067616107, 'Elastic Modulus Mean': 262.89267543869664, 'Strain at 50 bar Mean': 0.24036498841920098, 'CV Mean': 0.1334250626374701}",,"{""image_path"": ""C:\\Users\\opentrons\\Documents\\Auto-Membranes\\data\\raw\\16p5-0add-5deg-cosolv-none-bathSolv-none-0wt-300s-N2-1500s\\2026-09-05_08-12-13.jpg""}","- **Presence:** Membrane is visible — a pale white/grey coupon is present within the aperture.

- **Vertical Coverage:** The membrane does not reach the top edge of the aperture, leaving a clear gap at the top; the bottom edge also falls short, exposing the metal rim. Both top and bottom vertical coverage gaps are present — this is a defect.

- **Uniformity:** The membrane body appears largely uniform in opacity and color, with no obvious patchiness or dark spots.

- **Defects:** Two faint linear surface marks are visible within the membrane material itself, consistent with minor surface creases or shallow wrinkles; no trapped air bubbles detected.

- **Summary:** The coupon shows acceptable surface uniformity but has significant vertical coverage deficiencies at both the top and bottom aperture edges, plus minor surface creasing."
"2026-09-05
08:32:41",16p5-0add-5deg-cosolv-none-bathSolv-none-0wt-300s-N2-1500s_postDiscard,25,5,16.5,0.0,18.0,True,300,1500,none,none,0.0,"mixing_temp=25; bath_temp=5; polymer_wt=16.5; additive_wt=0.0; pullcast_speed=18; nitrogen=True; coupon_to_bath_wait_time=300; nips_bath_wait_time=1500; cosolvent_type=none; nips_bath_solvent=none; nips_bath_solvent_wt_percent=0.0; Air Temp Mean=25.06 [room air temperature during casting]; Humidity Mean=45.51 [room air humidity during casting]; Coupon Temp Mean=24.399999999999995 [coupon-stage temperature measured at the end of the wait period; during N2 it is the temperature during the N2 blow window, otherwise it is the no-N2 wait condition]; Coupon Humidity Mean=50.51 [coupon-stage humidity measured at the end of the wait period; during N2 it is the humidity during the N2 blow window, otherwise it is the no-N2 wait condition]",,25.06,45.51,24.399999999999995,50.51,115.47388067616107,3.797093689187779,256.918738012754,48.97254372150659,27.828141845693303,6.571862643632699,0.3789714948870341,0.0731653344836065,155.30134812579675,3.8293535784021167,580.5120648569293,269.6628391532535,0.0903640041324333,0.0191132833062123,0.2403649884192009,0.0393079431514384,0.3879086113977979,0.0471802727473898,0.5488237869192855,0.0404064749155871,,,0.1569302356239024,63.0,1 failed due to yield point (bp1) likely misplaced,"mixing_temp=25; bath_temp=5; polymer_wt=16.5; additive_wt=0.0; pullcast_speed=18; nitrogen=True; coupon_to_bath_wait_time=300; nips_bath_wait_time=1500; cosolvent_type=none; nips_bath_solvent=none; nips_bath_solvent_wt_percent=0.0; Air Temp Mean=25.06 [room air temperature during casting]; Humidity Mean=45.51 [room air humidity during casting]; Coupon Temp Mean=24.399999999999995 [coupon-stage temperature measured at the end of the wait period; during N2 it is the temperature during the N2 blow window, otherwise it is the no-N2 wait condition]; Coupon Humidity Mean=50.51 [coupon-stage humidity measured at the end of the wait period; during N2 it is the humidity during the N2 blow window, otherwise it is the no-N2 wait condition]

{'Air Temp Mean': 25.06, 'Humidity Mean': 45.51, 'Coupon Temp Mean': 24.399999999999995, 'Coupon Humidity Mean': 50.51, 'Thickness Mean': 115.47388067616107, 'Elastic Modulus Mean': 256.918738012754, 'Strain at 50 bar Mean': 0.24036498841920098, 'CV Mean': 0.15693023562390243}, 'Discarded Fit Quality Mean': '63.0/100', 'Discarded Fit Reasons': '1 failed due to yield point (bp1) likely misplaced'",,"{""image_path"": ""C:\\Users\\opentrons\\Documents\\Auto-Membranes\\data\\raw\\16p5-0add-5deg-cosolv-none-bathSolv-none-0wt-300s-N2-1500s\\2026-09-05_08-12-13.jpg""}","- **Presence:** Membrane is visible — a pale white/grey coupon is present within the aperture.

- **Vertical Coverage:** The membrane does not reach the top edge of the aperture, leaving a clear gap at the top; the bottom edge also falls short, exposing the metal rim. Both top and bottom vertical coverage gaps are present — this is a defect.

- **Uniformity:** The membrane body appears largely uniform in opacity and color, with no obvious patchiness or dark spots.

- **Defects:** Two faint linear surface marks are visible within the membrane material itself, consistent with minor surface creases or shallow wrinkles; no trapped air bubbles detected.

- **Summary:** The coupon shows acceptable surface uniformity but has significant vertical coverage deficiencies at both the top and bottom aperture edges, plus minor surface creasing."
"2026-09-08
17:47:14",17-0add-18deg-cosolv-none-bathSolv-none-0wt-430s-N2-1750s_preDiscard,25,18,17.0,0.0,8.0,True,430,1750,none,none,0.0,"mixing_temp=25; bath_temp=18; polymer_wt=17.0; additive_wt=0; pullcast_speed=8; nitrogen=True; coupon_to_bath_wait_time=430; nips_bath_wait_time=1750; cosolvent_type=none; nips_bath_solvent=none; nips_bath_solvent_wt_percent=0.0; Air Temp Mean=24.95 [room air temperature during casting]; Humidity Mean=44.4 [room air humidity during casting]; Coupon Temp Mean=24.92 [coupon-stage temperature measured at the end of the wait period; during N2 it is the temperature during the N2 blow window, otherwise it is the no-N2 wait condition]; Coupon Humidity Mean=45.88 [coupon-stage humidity measured at the end of the wait period; during N2 it is the humidity during the N2 blow window, otherwise it is the no-N2 wait condition]",,24.95,44.4,24.92,45.88,92.17726503932396,4.665186293113695,205.81117315167745,38.90064013570189,108.58252605139556,128.76293334431665,-0.8856745425773388,1.034700451057808,105.38450301448032,5.635553306161222,58.88219546919822,196.49216373733623,0.1945981821976732,0.0383568494017875,-1.504658082153257,1.0490670229330157,-1.2662836227778826,1.0513345571281378,0.7912953216470703,0.0,,,-0.8938719127556927,,,"mixing_temp=25; bath_temp=18; polymer_wt=17.0; additive_wt=0; pullcast_speed=8; nitrogen=True; coupon_to_bath_wait_time=430; nips_bath_wait_time=1750; cosolvent_type=none; nips_bath_solvent=none; nips_bath_solvent_wt_percent=0.0; Air Temp Mean=24.95 [room air temperature during casting]; Humidity Mean=44.4 [room air humidity during casting]; Coupon Temp Mean=24.92 [coupon-stage temperature measured at the end of the wait period; during N2 it is the temperature during the N2 blow window, otherwise it is the no-N2 wait condition]; Coupon Humidity Mean=45.88 [coupon-stage humidity measured at the end of the wait period; during N2 it is the humidity during the N2 blow window, otherwise it is the no-N2 wait condition]

{'Air Temp Mean': 24.95, 'Humidity Mean': 44.4, 'Coupon Temp Mean': 24.92, 'Coupon Humidity Mean': 45.88, 'Thickness Mean': 92.17726503932397, 'Elastic Modulus Mean': 205.81117315167742, 'Strain at 50 bar Mean': -1.504658082153257, 'CV Mean': -0.8938719127556927}",,"{""image_path"": ""C:\\Users\\opentrons\\Documents\\Auto-Membranes\\data\\raw\\17-0add-18deg-cosolv-none-bathSolv-none-0wt-430s-N2-1750s\\2026-09-08_17-28-27.jpg""}","- **Presence:** Membrane is visible — a pale white/light-blue sheet occupies the central aperture.

- **Vertical Coverage:** Incomplete — a clear gap is present at the top edge where the membrane does not reach the upper aperture boundary, exposing the backing/substrate beneath.

- **Uniformity:** The covered region appears largely uniform in color and opacity with no significant patchiness or dark spots.

- **Defects:** No wrinkles or trapped air bubbles are evident within the membrane material itself; curved boundary lines near the left and top are the membrane edge, not folds.

- **Summary:** The membrane is present and uniform where seated, but exhibits a notable vertical coverage gap at the top edge, representing a real placement defect."
"2026-09-08
17:47:14",17-0add-18deg-cosolv-none-bathSolv-none-0wt-430s-N2-1750s_postDiscard,25,18,17.0,0.0,8.0,True,430,1750,none,none,0.0,"mixing_temp=25; bath_temp=18; polymer_wt=17.0; additive_wt=0; pullcast_speed=8; nitrogen=True; coupon_to_bath_wait_time=430; nips_bath_wait_time=1750; cosolvent_type=none; nips_bath_solvent=none; nips_bath_solvent_wt_percent=0.0; Air Temp Mean=24.95 [room air temperature during casting]; Humidity Mean=44.4 [room air humidity during casting]; Coupon Temp Mean=24.92 [coupon-stage temperature measured at the end of the wait period; during N2 it is the temperature during the N2 blow window, otherwise it is the no-N2 wait condition]; Coupon Humidity Mean=45.88 [coupon-stage humidity measured at the end of the wait period; during N2 it is the humidity during the N2 blow window, otherwise it is the no-N2 wait condition]",,24.95,44.4,24.92,45.88,92.17726503932396,4.665186293113695,235.41562066371355,0.0,31.36104750404221,0.0,0.5764014703749105,0.0,98.8019302139148,0.0,336.6241918106358,0.0,0.2445434160907842,0.0,-1.504658082153257,1.0490670229330157,0.5415149087495706,0.0,0.7912953216470703,0.0,,,,11.666666666666666,2 failed due to yield point (bp1) likely misplaced; 1 failed due to insufficient data to fit,"mixing_temp=25; bath_temp=18; polymer_wt=17.0; additive_wt=0; pullcast_speed=8; nitrogen=True; coupon_to_bath_wait_time=430; nips_bath_wait_time=1750; cosolvent_type=none; nips_bath_solvent=none; nips_bath_solvent_wt_percent=0.0; Air Temp Mean=24.95 [room air temperature during casting]; Humidity Mean=44.4 [room air humidity during casting]; Coupon Temp Mean=24.92 [coupon-stage temperature measured at the end of the wait period; during N2 it is the temperature during the N2 blow window, otherwise it is the no-N2 wait condition]; Coupon Humidity Mean=45.88 [coupon-stage humidity measured at the end of the wait period; during N2 it is the humidity during the N2 blow window, otherwise it is the no-N2 wait condition]

{'Air Temp Mean': 24.95, 'Humidity Mean': 44.4, 'Coupon Temp Mean': 24.92, 'Coupon Humidity Mean': 45.88, 'Thickness Mean': 92.17726503932397, 'Elastic Modulus Mean': 235.41562066371353, 'Strain at 50 bar Mean': -1.504658082153257, 'CV Mean': nan}, 'Discarded Fit Quality Mean': '11.7/100', 'Discarded Fit Reasons': '2 failed due to yield point (bp1) likely misplaced; 1 failed due to insufficient data to fit'",,"{""image_path"": ""C:\\Users\\opentrons\\Documents\\Auto-Membranes\\data\\raw\\17-0add-18deg-cosolv-none-bathSolv-none-0wt-430s-N2-1750s\\2026-09-08_17-28-27.jpg""}","- **Presence:** Membrane is visible — a pale white/light-blue sheet occupies the central aperture.

- **Vertical Coverage:** Incomplete — a clear gap is present at the top edge where the membrane does not reach the upper aperture boundary, exposing the backing/substrate beneath.

- **Uniformity:** The covered region appears largely uniform in color and opacity with no significant patchiness or dark spots.

- **Defects:** No wrinkles or trapped air bubbles are evident within the membrane material itself; curved boundary lines near the left and top are the membrane edge, not folds.

- **Summary:** The membrane is present and uniform where seated, but exhibits a notable vertical coverage gap at the top edge, representing a real placement defect."
"2026-09-08
20:07:23",16p5-0add-16deg-cosolv-none-bathSolv-none-0wt-55s-N2-1620s,76,16,16.5,0.0,6.0,True,55,1620,none,none,0.0,"mixing_temp=76; bath_temp=16; polymer_wt=16.5; additive_wt=0.0; pullcast_speed=6; nitrogen=True; coupon_to_bath_wait_time=55; nips_bath_wait_time=1620; cosolvent_type=none; nips_bath_solvent=none; nips_bath_solvent_wt_percent=0.0; Air Temp Mean=25.81 [room air temperature during casting]; Humidity Mean=41.81 [room air humidity during casting]; Coupon Temp Mean=25.5 [coupon-stage temperature measured at the end of the wait period; during N2 it is the temperature during the N2 blow window, otherwise it is the no-N2 wait condition]; Coupon Humidity Mean=41.26 [coupon-stage humidity measured at the end of the wait period; during N2 it is the humidity during the N2 blow window, otherwise it is the no-N2 wait condition]",,25.81,41.81,25.5,41.26,131.24404723479176,2.16565717223273,243.8339128481088,117.058919830813,24.678522723587783,1.0071999084059104,0.600779019392396,0.0292326674277434,61.3179629866817,18.779805985767336,843.6205577871422,50.53370857479848,0.0472688746878807,0.0019236365665953,0.4990054438506462,0.0880598574635808,0.6229657136999402,0.0373160065470159,0.7084869650698427,0.0336781393316316,,,0.1121182135848345,,,"mixing_temp=76; bath_temp=16; polymer_wt=16.5; additive_wt=0.0; pullcast_speed=6; nitrogen=True; coupon_to_bath_wait_time=55; nips_bath_wait_time=1620; cosolvent_type=none; nips_bath_solvent=none; nips_bath_solvent_wt_percent=0.0; Air Temp Mean=25.81 [room air temperature during casting]; Humidity Mean=41.81 [room air humidity during casting]; Coupon Temp Mean=25.5 [coupon-stage temperature measured at the end of the wait period; during N2 it is the temperature during the N2 blow window, otherwise it is the no-N2 wait condition]; Coupon Humidity Mean=41.26 [coupon-stage humidity measured at the end of the wait period; during N2 it is the humidity during the N2 blow window, otherwise it is the no-N2 wait condition]

{'Air Temp Mean': 25.81, 'Humidity Mean': 41.81, 'Coupon Temp Mean': 25.5, 'Coupon Humidity Mean': 41.26, 'Thickness Mean': 131.24404723479176, 'Elastic Modulus Mean': 243.83391284810878, 'Strain at 50 bar Mean': 0.49900544385064627, 'CV Mean': 0.11211821358483458}",,"{""image_path"": ""C:\\Users\\opentrons\\Documents\\Auto-Membranes\\data\\raw\\16p5-0add-16deg-cosolv-none-bathSolv-none-0wt-55s-N2-1620s\\2026-09-08_19-46-57.jpg""}","- **Presence:** Membrane is visible — a pale white/opaque sheet occupies the central aperture.

- **Vertical Coverage:** Incomplete — a clear gap exists at the top edge where the membrane does not reach the upper aperture boundary; bottom coverage appears adequate.

- **Uniformity:** Largely uniform in color and opacity across the main body; slight tonal gradient toward center is consistent with lighting.

- **Defects:** One small, narrow elongated feature (possible trapped air bubble or minor fold) is visible near the center of the membrane surface; a few faint linear marks are present but subtle.

- **Summary:** Membrane shows a notable top-edge vertical coverage gap and a probable small central bubble/fold, both warranting attention before proceeding."
"2026-09-08
22:28:06",15p5-0add-25deg-cosolv-none-bathSolv-none-0wt-80s-N2-1800s_preDiscard,66,25,15.5,0.0,10.0,True,80,1800,none,none,0.0,"mixing_temp=66; bath_temp=25; polymer_wt=15.5; additive_wt=0.0; pullcast_speed=10; nitrogen=True; coupon_to_bath_wait_time=80; nips_bath_wait_time=1800; cosolvent_type=none; nips_bath_solvent=none; nips_bath_solvent_wt_percent=0.0; Air Temp Mean=25.33 [room air temperature during casting]; Humidity Mean=43.97 [room air humidity during casting]; Coupon Temp Mean=24.93 [coupon-stage temperature measured at the end of the wait period; during N2 it is the temperature during the N2 blow window, otherwise it is the no-N2 wait condition]; Coupon Humidity Mean=43.81 [coupon-stage humidity measured at the end of the wait period; during N2 it is the humidity during the N2 blow window, otherwise it is the no-N2 wait condition]",,25.33,43.97,24.93,43.81,120.04319063577567,1.1602365492243274,204.8435094703017,37.10671072696815,25.37098782405418,6.411077263454769,0.476978684367225,0.1421218276477416,138.50926895660973,3.324881582463727,460.1647460258571,219.6090391790869,0.0870650215410872,0.0231974639059142,0.317789796888174,0.0165016738265833,0.4796238384339939,0.0224727794533878,0.622450924692741,0.0156877757515052,,,0.1022539006569133,,,"mixing_temp=66; bath_temp=25; polymer_wt=15.5; additive_wt=0.0; pullcast_speed=10; nitrogen=True; coupon_to_bath_wait_time=80; nips_bath_wait_time=1800; cosolvent_type=none; nips_bath_solvent=none; nips_bath_solvent_wt_percent=0.0; Air Temp Mean=25.33 [room air temperature during casting]; Humidity Mean=43.97 [room air humidity during casting]; Coupon Temp Mean=24.93 [coupon-stage temperature measured at the end of the wait period; during N2 it is the temperature during the N2 blow window, otherwise it is the no-N2 wait condition]; Coupon Humidity Mean=43.81 [coupon-stage humidity measured at the end of the wait period; during N2 it is the humidity during the N2 blow window, otherwise it is the no-N2 wait condition]

{'Air Temp Mean': 25.33, 'Humidity Mean': 43.97, 'Coupon Temp Mean': 24.93, 'Coupon Humidity Mean': 43.81, 'Thickness Mean': 120.04319063577567, 'Elastic Modulus Mean': 204.84350947030174, 'Strain at 50 bar Mean': 0.317789796888174, 'CV Mean': 0.10225390065691338}",,"{""image_path"": ""C:\\Users\\opentrons\\Documents\\Auto-Membranes\\data\\raw\\15p5-0add-25deg-cosolv-none-bathSolv-none-0wt-80s-N2-1800s\\2026-09-08_22-06-18.jpg""}","- **Presence:** Membrane is visible — a pale white/light-grey sheet occupies the aperture.
- **Vertical Coverage:** Membrane spans fully from top to bottom edge of the aperture with no gaps; vertical coverage is complete.
- **Uniformity:** Color and opacity are consistent throughout; no dark spots, patchiness, or obvious thickness variation detected.
- **Defects:** No wrinkles, folds, or trapped air bubbles visible within the membrane material itself; surface texture appears smooth and featureless.
- **Summary:** The membrane coupon presents complete vertical coverage, uniform appearance, and no detectable structural defects."
"2026-09-08
22:28:06",15p5-0add-25deg-cosolv-none-bathSolv-none-0wt-80s-N2-1800s_postDiscard,66,25,15.5,0.0,10.0,True,80,1800,none,none,0.0,"mixing_temp=66; bath_temp=25; polymer_wt=15.5; additive_wt=0.0; pullcast_speed=10; nitrogen=True; coupon_to_bath_wait_time=80; nips_bath_wait_time=1800; cosolvent_type=none; nips_bath_solvent=none; nips_bath_solvent_wt_percent=0.0; Air Temp Mean=25.33 [room air temperature during casting]; Humidity Mean=43.97 [room air humidity during casting]; Coupon Temp Mean=24.929999999999996 [coupon-stage temperature measured at the end of the wait period; during N2 it is the temperature during the N2 blow window, otherwise it is the no-N2 wait condition]; Coupon Humidity Mean=43.81 [coupon-stage humidity measured at the end of the wait period; during N2 it is the humidity during the N2 blow window, otherwise it is the no-N2 wait condition]",,25.33,43.97,24.93,43.81,120.04319063577567,1.1602365492243274,211.02310600721384,41.02593880132983,24.153877462094297,6.991217231013621,0.4246138354396847,0.1263454612524566,139.25096191881013,3.541094404629502,521.1898803129202,222.278891020266,0.0883688769555026,0.0266588875697166,0.317789796888174,0.0165016738265833,0.4669898509614841,0.0059073849819819,0.622450924692741,0.0156877757515052,,,0.0617967191181616,47.0,1 failed due to yield point (bp1) likely misplaced,"mixing_temp=66; bath_temp=25; polymer_wt=15.5; additive_wt=0.0; pullcast_speed=10; nitrogen=True; coupon_to_bath_wait_time=80; nips_bath_wait_time=1800; cosolvent_type=none; nips_bath_solvent=none; nips_bath_solvent_wt_percent=0.0; Air Temp Mean=25.33 [room air temperature during casting]; Humidity Mean=43.97 [room air humidity during casting]; Coupon Temp Mean=24.929999999999996 [coupon-stage temperature measured at the end of the wait period; during N2 it is the temperature during the N2 blow window, otherwise it is the no-N2 wait condition]; Coupon Humidity Mean=43.81 [coupon-stage humidity measured at the end of the wait period; during N2 it is the humidity during the N2 blow window, otherwise it is the no-N2 wait condition]

{'Air Temp Mean': 25.33, 'Humidity Mean': 43.97, 'Coupon Temp Mean': 24.929999999999996, 'Coupon Humidity Mean': 43.81, 'Thickness Mean': 120.04319063577567, 'Elastic Modulus Mean': 211.02310600721384, 'Strain at 50 bar Mean': 0.317789796888174, 'CV Mean': 0.0617967191181616}, 'Discarded Fit Quality Mean': '47.0/100', 'Discarded Fit Reasons': '1 failed due to yield point (bp1) likely misplaced'",,"{""image_path"": ""C:\\Users\\opentrons\\Documents\\Auto-Membranes\\data\\raw\\15p5-0add-25deg-cosolv-none-bathSolv-none-0wt-80s-N2-1800s\\2026-09-08_22-06-18.jpg""}","- **Presence:** Membrane is visible — a pale white/light-grey sheet occupies the aperture.
- **Vertical Coverage:** Membrane spans fully from top to bottom edge of the aperture with no gaps; vertical coverage is complete.
- **Uniformity:** Color and opacity are consistent throughout; no dark spots, patchiness, or obvious thickness variation detected.
- **Defects:** No wrinkles, folds, or trapped air bubbles visible within the membrane material itself; surface texture appears smooth and featureless.
- **Summary:** The membrane coupon presents complete vertical coverage, uniform appearance, and no detectable structural defects."
"2026-09-09
00:31:43",13-0add-5deg-cosolv-none-bathSolv-none-0wt-220s-NoN2-1350s_preDiscard,27,5,13.0,0.0,14.0,False,220,1350,none,none,0.0,"mixing_temp=27; bath_temp=5; polymer_wt=13.0; additive_wt=0.0; pullcast_speed=14; nitrogen=False; coupon_to_bath_wait_time=220; nips_bath_wait_time=1350; cosolvent_type=none; nips_bath_solvent=none; nips_bath_solvent_wt_percent=0.0; Air Temp Mean=24.88 [room air temperature during casting]; Humidity Mean=46.65 [room air humidity during casting]; Coupon Temp Mean=24.47 [coupon-stage temperature measured at the end of the wait period; during N2 it is the temperature during the N2 blow window, otherwise it is the no-N2 wait condition]; Coupon Humidity Mean=51.34 [coupon-stage humidity measured at the end of the wait period; during N2 it is the humidity during the N2 blow window, otherwise it is the no-N2 wait condition]",,24.88,46.65,24.47,51.34,64.22248114785421,18.44365921070247,19.050701058348142,2.846636507095138,5.014602846619481,0.573488234211311,0.7348919432729089,0.0485800779116446,39.98214957302265,5.154254286841136,1088.5046463333922,100.5058089879318,0.0641215390361525,0.0070950468745631,0.7358621986743344,0.0553038038508139,0.7875815170577822,0.0498167793187412,0.8489983858773457,0.0445614369345526,,,0.0797269788563917,,,"mixing_temp=27; bath_temp=5; polymer_wt=13.0; additive_wt=0.0; pullcast_speed=14; nitrogen=False; coupon_to_bath_wait_time=220; nips_bath_wait_time=1350; cosolvent_type=none; nips_bath_solvent=none; nips_bath_solvent_wt_percent=0.0; Air Temp Mean=24.88 [room air temperature during casting]; Humidity Mean=46.65 [room air humidity during casting]; Coupon Temp Mean=24.47 [coupon-stage temperature measured at the end of the wait period; during N2 it is the temperature during the N2 blow window, otherwise it is the no-N2 wait condition]; Coupon Humidity Mean=51.34 [coupon-stage humidity measured at the end of the wait period; during N2 it is the humidity during the N2 blow window, otherwise it is the no-N2 wait condition]

{'Air Temp Mean': 24.88, 'Humidity Mean': 46.65, 'Coupon Temp Mean': 24.47, 'Coupon Humidity Mean': 51.34, 'Thickness Mean': 64.22248114785421, 'Elastic Modulus Mean': 19.050701058348142, 'Strain at 50 bar Mean': 0.7358621986743344, 'CV Mean': 0.07972697885639175}",,"{""image_path"": ""C:\\Users\\opentrons\\Documents\\Auto-Membranes\\data\\raw\\13-0add-5deg-cosolv-none-bathSolv-none-0wt-220s-NoN2-1350s\\2026-09-09_00-10-50.jpg""}","- **Presence**: Membrane is visible within the circular aperture.

- **Vertical Coverage**: The membrane does not fully span the vertical extent of the aperture — a clear gap is visible at the top edge where the backing/substrate is exposed without membrane coverage. Bottom edge coverage appears marginal but present.

- **Uniformity**: Notably non-uniform; significant color and opacity variation across the surface, with darker streaked regions and lighter patches distributed unevenly throughout.

- **Defects**: Multiple elongated streaks and irregular dark patches are visible within the membrane material itself, consistent with casting defects, thickness inconsistencies, or partial delamination. No clear trapped air bubbles identified.

- **Summary**: The membrane shows incomplete vertical coverage at the top edge, substantial non-uniformity, and visible internal streaking defects throughout the casting area."
"2026-09-09
00:31:43",13-0add-5deg-cosolv-none-bathSolv-none-0wt-220s-NoN2-1350s_postDiscard,27,5,13.0,0.0,14.0,False,220,1350,none,none,0.0,"mixing_temp=27; bath_temp=5; polymer_wt=13.0; additive_wt=0.0; pullcast_speed=14; nitrogen=False; coupon_to_bath_wait_time=220; nips_bath_wait_time=1350; cosolvent_type=none; nips_bath_solvent=none; nips_bath_solvent_wt_percent=0.0; Air Temp Mean=nan [room air temperature during casting]; Humidity Mean=nan [room air humidity during casting]; Coupon Temp Mean=nan [coupon-stage temperature measured at the end of the wait period; during N2 it is the temperature during the N2 blow window, otherwise it is the no-N2 wait condition]; Coupon Humidity Mean=nan [coupon-stage humidity measured at the end of the wait period; during N2 it is the humidity during the N2 blow window, otherwise it is the no-N2 wait condition]",,,,,,64.22248114785421,18.44365921070247,,,,,,,,,,,,,0.7358621986743344,0.0553038038508139,,,,,,,,39.333333333333336,"3 failed due to plateau slope >= elastic modulus, no real transition; 1 failed due to insufficient data to fit","mixing_temp=27; bath_temp=5; polymer_wt=13.0; additive_wt=0.0; pullcast_speed=14; nitrogen=False; coupon_to_bath_wait_time=220; nips_bath_wait_time=1350; cosolvent_type=none; nips_bath_solvent=none; nips_bath_solvent_wt_percent=0.0; Air Temp Mean=nan [room air temperature during casting]; Humidity Mean=nan [room air humidity during casting]; Coupon Temp Mean=nan [coupon-stage temperature measured at the end of the wait period; during N2 it is the temperature during the N2 blow window, otherwise it is the no-N2 wait condition]; Coupon Humidity Mean=nan [coupon-stage humidity measured at the end of the wait period; during N2 it is the humidity during the N2 blow window, otherwise it is the no-N2 wait condition]

{'Air Temp Mean': nan, 'Humidity Mean': nan, 'Coupon Temp Mean': nan, 'Coupon Humidity Mean': nan, 'Thickness Mean': 64.22248114785421, 'Elastic Modulus Mean': nan, 'Strain at 50 bar Mean': 0.7358621986743344, 'CV Mean': nan}, 'Discarded Fit Quality Mean': '39.3/100', 'Discarded Fit Reasons': '3 failed due to plateau slope >= elastic modulus, no real transition; 1 failed due to insufficient data to fit'",,"{""image_path"": ""C:\\Users\\opentrons\\Documents\\Auto-Membranes\\data\\raw\\13-0add-5deg-cosolv-none-bathSolv-none-0wt-220s-NoN2-1350s\\2026-09-09_00-10-50.jpg""}","- **Presence**: Membrane is visible within the circular aperture.

- **Vertical Coverage**: The membrane does not fully span the vertical extent of the aperture — a clear gap is visible at the top edge where the backing/substrate is exposed without membrane coverage. Bottom edge coverage appears marginal but present.

- **Uniformity**: Notably non-uniform; significant color and opacity variation across the surface, with darker streaked regions and lighter patches distributed unevenly throughout.

- **Defects**: Multiple elongated streaks and irregular dark patches are visible within the membrane material itself, consistent with casting defects, thickness inconsistencies, or partial delamination. No clear trapped air bubbles identified.

- **Summary**: The membrane shows incomplete vertical coverage at the top edge, substantial non-uniformity, and visible internal streaking defects throughout the casting area."
"2026-09-09
02:51:52",15p5-0add-5deg-cosolv-none-bathSolv-none-0wt-0s-NoN2-1800s,78,5,15.5,0.0,9.0,False,0,1800,none,none,0.0,"mixing_temp=78; bath_temp=5; polymer_wt=15.5; additive_wt=0.0; pullcast_speed=9; nitrogen=False; coupon_to_bath_wait_time=0; nips_bath_wait_time=1800; cosolvent_type=none; nips_bath_solvent=none; nips_bath_solvent_wt_percent=0.0; Air Temp Mean=24.82 [room air temperature during casting]; Humidity Mean=46.62 [room air humidity during casting]; Coupon Temp Mean=24.2 [coupon-stage temperature measured at the end of the wait period; during N2 it is the temperature during the N2 blow window, otherwise it is the no-N2 wait condition]; Coupon Humidity Mean=51.43 [coupon-stage humidity measured at the end of the wait period; during N2 it is the humidity during the N2 blow window, otherwise it is the no-N2 wait condition]",,24.82,46.62,24.2,51.43,144.3376148060173,3.4550579900332234,141.10316513286358,41.20393835144567,9.851212151787845,1.879685860128408,0.5086385292572093,0.0309105289953549,52.08244324139706,6.521891117852621,1058.777263822355,299.9251306859437,0.0498202637890628,0.0039974195877407,0.4833074892108369,0.0406201473859958,0.5524831777512457,0.0253366506104416,0.6209367693094265,0.012600672688616,,,0.070516988368629,,,"mixing_temp=78; bath_temp=5; polymer_wt=15.5; additive_wt=0.0; pullcast_speed=9; nitrogen=False; coupon_to_bath_wait_time=0; nips_bath_wait_time=1800; cosolvent_type=none; nips_bath_solvent=none; nips_bath_solvent_wt_percent=0.0; Air Temp Mean=24.82 [room air temperature during casting]; Humidity Mean=46.62 [room air humidity during casting]; Coupon Temp Mean=24.2 [coupon-stage temperature measured at the end of the wait period; during N2 it is the temperature during the N2 blow window, otherwise it is the no-N2 wait condition]; Coupon Humidity Mean=51.43 [coupon-stage humidity measured at the end of the wait period; during N2 it is the humidity during the N2 blow window, otherwise it is the no-N2 wait condition]

{'Air Temp Mean': 24.82, 'Humidity Mean': 46.62, 'Coupon Temp Mean': 24.2, 'Coupon Humidity Mean': 51.43, 'Thickness Mean': 144.3376148060173, 'Elastic Modulus Mean': 141.10316513286358, 'Strain at 50 bar Mean': 0.48330748921083694, 'CV Mean': 0.07051698836862909}",,"{""image_path"": ""C:\\Users\\opentrons\\Documents\\Auto-Membranes\\data\\raw\\15p5-0add-5deg-cosolv-none-bathSolv-none-0wt-0s-NoN2-1800s\\2026-09-09_02-32-13.jpg""}","- **Presence**: Membrane is visible — a pale white/light-grey sheet occupies the aperture.
- **Vertical Coverage**: Membrane spans fully from top to bottom edge of the aperture with no gaps detected.
- **Uniformity**: Appearance is largely uniform in color and opacity; a very slight tonal gradient (slightly darker toward top) is present but minor. A few tiny dark specks are visible, likely surface particulates.
- **Defects**: No wrinkles or trapped air bubbles are evident within the membrane material itself; texture is smooth throughout.
- **Summary**: The membrane coupon presents as well-seated with full vertical coverage, good uniformity, and no significant structural defects."
"2026-09-09
05:54:26",16p5-0add-25deg-cosolv-none-bathSolv-none-0wt-130s-NoN2-1250s,62,25,16.5,0.0,5.0,False,130,1250,none,none,0.0,"mixing_temp=62; bath_temp=25; polymer_wt=16.5; additive_wt=0.0; pullcast_speed=5; nitrogen=False; coupon_to_bath_wait_time=130; nips_bath_wait_time=1250; cosolvent_type=none; nips_bath_solvent=none; nips_bath_solvent_wt_percent=0.0; Air Temp Mean=24.45 [room air temperature during casting]; Humidity Mean=48.22 [room air humidity during casting]; Coupon Temp Mean=24.46 [coupon-stage temperature measured at the end of the wait period; during N2 it is the temperature during the N2 blow window, otherwise it is the no-N2 wait condition]; Coupon Humidity Mean=52.44 [coupon-stage humidity measured at the end of the wait period; during N2 it is the humidity during the N2 blow window, otherwise it is the no-N2 wait condition]",,24.45,48.22,24.46,52.44,148.1998306470955,3.836972965803231,291.04112210288025,28.94571352267561,23.93125875465677,0.6201983815877727,0.5377058402888748,0.0256789188004155,45.61606665203487,5.302323153511357,829.2932758466674,23.33781414986269,0.076155095016294,0.000949850182153,0.4764069160396871,0.0178243511672977,0.5759315399503413,0.0234816114887042,0.6623411630865352,0.026187075045283,,,0.0513335365557189,,,"mixing_temp=62; bath_temp=25; polymer_wt=16.5; additive_wt=0.0; pullcast_speed=5; nitrogen=False; coupon_to_bath_wait_time=130; nips_bath_wait_time=1250; cosolvent_type=none; nips_bath_solvent=none; nips_bath_solvent_wt_percent=0.0; Air Temp Mean=24.45 [room air temperature during casting]; Humidity Mean=48.22 [room air humidity during casting]; Coupon Temp Mean=24.46 [coupon-stage temperature measured at the end of the wait period; during N2 it is the temperature during the N2 blow window, otherwise it is the no-N2 wait condition]; Coupon Humidity Mean=52.44 [coupon-stage humidity measured at the end of the wait period; during N2 it is the humidity during the N2 blow window, otherwise it is the no-N2 wait condition]

{'Air Temp Mean': 24.45, 'Humidity Mean': 48.22, 'Coupon Temp Mean': 24.46, 'Coupon Humidity Mean': 52.44, 'Thickness Mean': 148.1998306470955, 'Elastic Modulus Mean': 291.04112210288025, 'Strain at 50 bar Mean': 0.4764069160396871, 'CV Mean': 0.05133353655571894}",,"{""image_path"": ""C:\\Users\\opentrons\\Documents\\Auto-Membranes\\data\\raw\\16p5-0add-25deg-cosolv-none-bathSolv-none-0wt-130s-NoN2-1250s\\2026-09-09_05-33-33.jpg""}","- **Presence**: Membrane is visible — a pale white/grey sheet occupies the aperture.
- **Vertical Coverage**: Membrane spans fully from top to bottom edge of the aperture with no vertical gap detected.
- **Uniformity**: Generally uniform in color and opacity across the central area; slight tonal gradient toward the upper edge but no distinct dark spots or obvious thickness patches.
- **Defects**: No wrinkles or trapped air bubbles discernible within the membrane material itself; bright striped reflections on the right rim and glare along edges are lighting artifacts on the metal, not membrane defects.
- **Summary**: Membrane is present with full vertical coverage and no detectable structural defects in the membrane material."
"2026-09-09
08:07:45",16p3-0add-5deg-cosolv-none-bathSolv-none-0wt-350s-NoN2-1450s_preDiscard,38,5,16.3,0.0,15.0,False,350,1450,none,none,0.0,"mixing_temp=38; bath_temp=5; polymer_wt=16.3; additive_wt=0.0; pullcast_speed=15; nitrogen=False; coupon_to_bath_wait_time=350; nips_bath_wait_time=1450; cosolvent_type=none; nips_bath_solvent=none; nips_bath_solvent_wt_percent=0.0; Air Temp Mean=24.43 [room air temperature during casting]; Humidity Mean=48.24 [room air humidity during casting]; Coupon Temp Mean=24.04 [coupon-stage temperature measured at the end of the wait period; during N2 it is the temperature during the N2 blow window, otherwise it is the no-N2 wait condition]; Coupon Humidity Mean=52.21 [coupon-stage humidity measured at the end of the wait period; during N2 it is the humidity during the N2 blow window, otherwise it is the no-N2 wait condition]",,24.43,48.24,24.04,52.21,168.63455090015717,10.143294171025303,245.9021470511126,103.44906807960903,18.03259893031607,4.434856304351286,0.5735815923347646,0.0190068801647387,48.04327743558763,8.788499478745468,1011.194217410548,48.98556940934069,0.0725452165595883,0.0045489356685948,0.5215519064830194,0.0250435326750138,0.6087771276293892,0.0211704675044125,0.674195980593647,0.0198211072533861,,,0.0609303963706437,,,"mixing_temp=38; bath_temp=5; polymer_wt=16.3; additive_wt=0.0; pullcast_speed=15; nitrogen=False; coupon_to_bath_wait_time=350; nips_bath_wait_time=1450; cosolvent_type=none; nips_bath_solvent=none; nips_bath_solvent_wt_percent=0.0; Air Temp Mean=24.43 [room air temperature during casting]; Humidity Mean=48.24 [room air humidity during casting]; Coupon Temp Mean=24.04 [coupon-stage temperature measured at the end of the wait period; during N2 it is the temperature during the N2 blow window, otherwise it is the no-N2 wait condition]; Coupon Humidity Mean=52.21 [coupon-stage humidity measured at the end of the wait period; during N2 it is the humidity during the N2 blow window, otherwise it is the no-N2 wait condition]

{'Air Temp Mean': 24.43, 'Humidity Mean': 48.24, 'Coupon Temp Mean': 24.04, 'Coupon Humidity Mean': 52.21, 'Thickness Mean': 168.63455090015717, 'Elastic Modulus Mean': 245.9021470511126, 'Strain at 50 bar Mean': 0.5215519064830194, 'CV Mean': 0.06093039637064374}",,"{""image_path"": ""C:\\Users\\opentrons\\Documents\\Auto-Membranes\\data\\raw\\16p3-0add-5deg-cosolv-none-bathSolv-none-0wt-350s-NoN2-1450s\\2026-09-09_07-45-10.jpg""}","- **Presence:** Membrane is visible — a pale white/grey coupon is present within the aperture.

- **Vertical Coverage:** Significant defect — the membrane does not span the full vertical extent. It tapers to a narrow point at the top and does not reach the bottom edge, leaving substantial exposed backing/aperture area above and below the membrane material.

- **Uniformity:** Non-uniform; the membrane shows an irregular triangular/conical shape with uneven opacity and thickness distribution across its area.

- **Defects:** Visible wrinkling and what appears to be a trapped air bubble or fold in the central-lower region of the membrane material itself.

- **Summary:** This coupon exhibits critical vertical coverage failure, significant wrinkling, and a probable trapped air/fold defect, indicating a poorly formed membrane sample."
"2026-09-09
08:07:45",16p3-0add-5deg-cosolv-none-bathSolv-none-0wt-350s-NoN2-1450s_postDiscard,38,5,16.3,0.0,15.0,False,350,1450,none,none,0.0,"mixing_temp=38; bath_temp=5; polymer_wt=16.3; additive_wt=0.0; pullcast_speed=15; nitrogen=False; coupon_to_bath_wait_time=350; nips_bath_wait_time=1450; cosolvent_type=none; nips_bath_solvent=none; nips_bath_solvent_wt_percent=0.0; Air Temp Mean=24.429999999999996 [room air temperature during casting]; Humidity Mean=48.24 [room air humidity during casting]; Coupon Temp Mean=24.040000000000003 [coupon-stage temperature measured at the end of the wait period; during N2 it is the temperature during the N2 blow window, otherwise it is the no-N2 wait condition]; Coupon Humidity Mean=52.21 [coupon-stage humidity measured at the end of the wait period; during N2 it is the humidity during the N2 blow window, otherwise it is the no-N2 wait condition]",,24.43,48.24,24.040000000000003,52.21,168.63455090015717,10.143294171025303,302.0733161113524,40.59735600187855,20.5729550221343,0.6405447895142379,0.5656180190891792,0.0150999336459173,43.11961201443119,2.45228588584462,1000.8431005031896,52.63901147334138,0.0751416242307162,0.000790626193122,0.5215519064830194,0.0250435326750138,0.6003908418842202,0.017783862668405,0.6683117293767623,0.0196300129257899,,,0.0452314596668027,61.0,1 failed due to elastic/plateau junction mismatch,"mixing_temp=38; bath_temp=5; polymer_wt=16.3; additive_wt=0.0; pullcast_speed=15; nitrogen=False; coupon_to_bath_wait_time=350; nips_bath_wait_time=1450; cosolvent_type=none; nips_bath_solvent=none; nips_bath_solvent_wt_percent=0.0; Air Temp Mean=24.429999999999996 [room air temperature during casting]; Humidity Mean=48.24 [room air humidity during casting]; Coupon Temp Mean=24.040000000000003 [coupon-stage temperature measured at the end of the wait period; during N2 it is the temperature during the N2 blow window, otherwise it is the no-N2 wait condition]; Coupon Humidity Mean=52.21 [coupon-stage humidity measured at the end of the wait period; during N2 it is the humidity during the N2 blow window, otherwise it is the no-N2 wait condition]

{'Air Temp Mean': 24.429999999999996, 'Humidity Mean': 48.24, 'Coupon Temp Mean': 24.040000000000003, 'Coupon Humidity Mean': 52.21, 'Thickness Mean': 168.63455090015717, 'Elastic Modulus Mean': 302.0733161113524, 'Strain at 50 bar Mean': 0.5215519064830194, 'CV Mean': 0.045231459666802754}, 'Discarded Fit Quality Mean': '61.0/100', 'Discarded Fit Reasons': '1 failed due to elastic/plateau junction mismatch'",,"{""image_path"": ""C:\\Users\\opentrons\\Documents\\Auto-Membranes\\data\\raw\\16p3-0add-5deg-cosolv-none-bathSolv-none-0wt-350s-NoN2-1450s\\2026-09-09_07-45-10.jpg""}","- **Presence:** Membrane is visible — a pale white/grey coupon is present within the aperture.

- **Vertical Coverage:** Significant defect — the membrane does not span the full vertical extent. It tapers to a narrow point at the top and does not reach the bottom edge, leaving substantial exposed backing/aperture area above and below the membrane material.

- **Uniformity:** Non-uniform; the membrane shows an irregular triangular/conical shape with uneven opacity and thickness distribution across its area.

- **Defects:** Visible wrinkling and what appears to be a trapped air bubble or fold in the central-lower region of the membrane material itself.

- **Summary:** This coupon exhibits critical vertical coverage failure, significant wrinkling, and a probable trapped air/fold defect, indicating a poorly formed membrane sample."
"2026-09-09
10:24:23",14p6-0add-10deg-cosolv-none-bathSolv-none-0wt-540s-NoN2-1580s,43,10,14.6,0.0,20.0,False,540,1580,none,none,0.0,"mixing_temp=43; bath_temp=10; polymer_wt=14.6; additive_wt=0.0; pullcast_speed=20; nitrogen=False; coupon_to_bath_wait_time=540; nips_bath_wait_time=1580; cosolvent_type=none; nips_bath_solvent=none; nips_bath_solvent_wt_percent=0.0; Air Temp Mean=24.42 [room air temperature during casting]; Humidity Mean=48.59 [room air humidity during casting]; Coupon Temp Mean=24.03 [coupon-stage temperature measured at the end of the wait period; during N2 it is the temperature during the N2 blow window, otherwise it is the no-N2 wait condition]; Coupon Humidity Mean=52.48 [coupon-stage humidity measured at the end of the wait period; during N2 it is the humidity during the N2 blow window, otherwise it is the no-N2 wait condition]",,24.42,48.59,24.03,52.48,150.6207264396122,8.446313999679331,143.78412630607443,18.71913211699454,16.511099406818417,1.8917479558009416,0.5781677675506484,0.0158321127768223,45.27002200546833,5.905994525221286,901.00305574166,71.23149327954525,0.073312114083159,0.0031222558850537,0.5404709418889972,0.020789652552279,0.6234274344893198,0.0208415438763083,0.700208549305604,0.0244879050987618,,,0.0454469255091206,,,"mixing_temp=43; bath_temp=10; polymer_wt=14.6; additive_wt=0.0; pullcast_speed=20; nitrogen=False; coupon_to_bath_wait_time=540; nips_bath_wait_time=1580; cosolvent_type=none; nips_bath_solvent=none; nips_bath_solvent_wt_percent=0.0; Air Temp Mean=24.42 [room air temperature during casting]; Humidity Mean=48.59 [room air humidity during casting]; Coupon Temp Mean=24.03 [coupon-stage temperature measured at the end of the wait period; during N2 it is the temperature during the N2 blow window, otherwise it is the no-N2 wait condition]; Coupon Humidity Mean=52.48 [coupon-stage humidity measured at the end of the wait period; during N2 it is the humidity during the N2 blow window, otherwise it is the no-N2 wait condition]

{'Air Temp Mean': 24.42, 'Humidity Mean': 48.59, 'Coupon Temp Mean': 24.03, 'Coupon Humidity Mean': 52.48, 'Thickness Mean': 150.6207264396122, 'Elastic Modulus Mean': 143.78412630607443, 'Strain at 50 bar Mean': 0.5404709418889972, 'CV Mean': 0.045446925509120675}",,"{""image_path"": ""C:\\Users\\opentrons\\Documents\\Auto-Membranes\\data\\raw\\14p6-0add-10deg-cosolv-none-bathSolv-none-0wt-540s-NoN2-1580s\\2026-09-09_10-03-41.jpg""}","- **Presence:** Membrane is visible — a pale grey/white sheet occupies the aperture.

- **Vertical Coverage:** Full top-to-bottom coverage appears intact; no gap at the top or bottom edge of the aperture.

- **Uniformity:** Mostly uniform in color and opacity across the central area; subtle vertical streaking/tonal variation is present but minor.

- **Defects:** No wrinkles or trapped air bubbles are detected within the membrane material itself. Bright curved highlights visible at the aperture boundary are rim/lighting artifacts, not membrane defects.

- **Summary:** The membrane coupon presents with good vertical coverage and acceptable uniformity, with no significant wrinkles or bubble defects observed."
"2026-09-09
12:36:56",14-0add-20deg-cosolv-none-bathSolv-none-0wt-420s-NoN2-1350s,52,20,14.0,0.0,3.0,False,420,1350,none,none,0.0,"mixing_temp=52; bath_temp=20; polymer_wt=14.0; additive_wt=0.0; pullcast_speed=3; nitrogen=False; coupon_to_bath_wait_time=420; nips_bath_wait_time=1350; cosolvent_type=none; nips_bath_solvent=none; nips_bath_solvent_wt_percent=0.0; Air Temp Mean=24.74 [room air temperature during casting]; Humidity Mean=48.49 [room air humidity during casting]; Coupon Temp Mean=24.52 [coupon-stage temperature measured at the end of the wait period; during N2 it is the temperature during the N2 blow window, otherwise it is the no-N2 wait condition]; Coupon Humidity Mean=53.17 [coupon-stage humidity measured at the end of the wait period; during N2 it is the humidity during the N2 blow window, otherwise it is the no-N2 wait condition]",,24.74,48.49,24.52,53.17,140.1968301117071,6.722849159315015,90.9939394371412,10.366917341845271,13.500280094756349,2.083653168021685,0.5701043518073593,0.0287965036865884,42.10593439895269,2.9316299283368483,982.802809826447,100.57473752285864,0.0711754119293705,0.0086857804592464,0.5632540665752757,0.0188515663283323,0.6218999236330693,0.021996324009971,0.6899767664068236,0.0253658004414342,,,0.0450882981846456,,,"mixing_temp=52; bath_temp=20; polymer_wt=14.0; additive_wt=0.0; pullcast_speed=3; nitrogen=False; coupon_to_bath_wait_time=420; nips_bath_wait_time=1350; cosolvent_type=none; nips_bath_solvent=none; nips_bath_solvent_wt_percent=0.0; Air Temp Mean=24.74 [room air temperature during casting]; Humidity Mean=48.49 [room air humidity during casting]; Coupon Temp Mean=24.52 [coupon-stage temperature measured at the end of the wait period; during N2 it is the temperature during the N2 blow window, otherwise it is the no-N2 wait condition]; Coupon Humidity Mean=53.17 [coupon-stage humidity measured at the end of the wait period; during N2 it is the humidity during the N2 blow window, otherwise it is the no-N2 wait condition]

{'Air Temp Mean': 24.74, 'Humidity Mean': 48.49, 'Coupon Temp Mean': 24.52, 'Coupon Humidity Mean': 53.17, 'Thickness Mean': 140.1968301117071, 'Elastic Modulus Mean': 90.99393943714121, 'Strain at 50 bar Mean': 0.5632540665752757, 'CV Mean': 0.04508829818464569}",,"{""image_path"": ""C:\\Users\\opentrons\\Documents\\Auto-Membranes\\data\\raw\\14-0add-20deg-cosolv-none-bathSolv-none-0wt-420s-NoN2-1350s\\2026-09-09_12-16-48.jpg""}","- **Presence**: Membrane is visible — a pale white/grey sheet occupies the aperture.
- **Vertical Coverage**: Membrane spans the full top-to-bottom extent of the aperture with no gaps at the top or bottom edges. ✓
- **Uniformity**: Mostly uniform in opacity; subtle streaky grey tonal variation runs vertically across the membrane surface, suggesting mild thickness non-uniformity.
- **Defects**: Several faint linear streaks/marks are visible within the membrane material itself, consistent with minor surface striations or casting lines; no trapped air bubbles detected. No true wrinkles confirmed within the membrane sheet.
- **Summary**: Membrane is present with full vertical coverage and no major structural defects, though mild streaking within the membrane material warrants attention."
