date,name,mixing_temp,bath_temp,polymer_wt,additive_wt,pullcast_speed,nitrogen,coupon_to_bath_wait_time,nips_bath_wait_time,cosolvent_type,nips_bath_solvent,nips_bath_solvent_wt_percent,formatted_parameters,initial_report,Air Temp Mean,Humidity Mean,Coupon Temp Mean,Coupon Humidity Mean,Thickness Mean,Thickness SD,Elastic Modulus Mean,Elastic Modulus SD,Yield Strength Mean,Yield Strength SD,Pore Fraction Mean,Pore Fraction SD,Slope Plateau Mean,Slope Plateau SD,Slope Densification Mean,Slope Densification SD,Creep Strain Mean,Creep Strain SD,Strain at 50 bar Mean,Strain at 50 bar SD,Strain at 80 bar Mean,Strain at 80 bar SD,Strain at 150 bar Mean,Strain at 150 bar SD,Strain at 500 bar Mean,Strain at 500 bar SD,CV Mean,Discarded Fit Quality Mean,Discarded Fit Reasons,formatted_parameters_withProp,final_report,quality_report,LLM_suggestion
"2026-08-22
18:07:04",17-0add-5deg-cosolv-none-bathSolv-none-0wt-30s-N2-1200s,25,5,17.0,0.0,10.0,True,30,1200,none,none,0.0,"mixing_temp=25; bath_temp=5; polymer_wt=17; additive_wt=0; pullcast_speed=10; nitrogen=True; coupon_to_bath_wait_time=30; nips_bath_wait_time=1200; cosolvent_type=none; nips_bath_solvent=none; nips_bath_solvent_wt_percent=0.0; Air Temp Mean=22.89 [room air temperature during casting]; Humidity Mean=49.07 [room air humidity during casting]; Coupon Temp Mean=22.62 [coupon-stage temperature measured at the end of the wait period; during N2 it is the temperature during the N2 blow window, otherwise it is the no-N2 wait condition]; Coupon Humidity Mean=46.34 [coupon-stage humidity measured at the end of the wait period; during N2 it is the humidity during the N2 blow window, otherwise it is the no-N2 wait condition]","# Experimental Report: Automated NIPS Membrane Synthesis

## Solution Preparation & Casting

A polymer solution was prepared at a concentration of **17 wt%** with no cosolvent or additive, mixed and heated at **25 °C**. The solution was blade-cast onto the coupon stage at a pull-cast speed of **10 mm/s**.

## Pre-Immersion Conditions

Following casting, the coupon was subjected to a **dry nitrogen (N₂) blow** for **30 seconds** prior to bath immersion. During this period, the ambient room temperature and relative humidity were measured at **22.89 °C** and **49.07% RH**, respectively. At the coupon stage, the local temperature and humidity under the N₂ flow were recorded at **22.62 °C** and **46.34% RH**, respectively, indicating a modest but measurable reduction in local humidity at the film surface compared to ambient conditions.

## Phase Inversion (NIPS Bath)

The cast film was immersed in a **pure deionized water bath** (no co-solvent added; 0.0 wt%) maintained at **5 °C**. The membrane was allowed to undergo phase inversion for **1200 seconds (20 minutes)** before retrieval.

## Summary Table

| Parameter | Value |
|---|---|
| Polymer concentration | 17 wt% |
| Additive/cosolvent | None |
| Mixing temperature | 25 °C |
| Pull-cast speed | 10 mm/s |
| Pre-immersion treatment | Dry N₂ blow |
| Pre-immersion wait time | 30 s |
| Ambient temperature (casting) | 22.89 °C |
| Ambient humidity (casting) | 49.07% RH |
| Coupon-stage temperature (N₂ blow) | 22.62 °C |
| Coupon-stage humidity (N₂ blow) | 46.34% RH |
| NIPS bath composition | Pure water (0.0 wt% solvent) |
| NIPS bath temperature | 5 °C |
| NIPS bath immersion time | 1200 s |",22.89,49.07,22.62,46.34,94.00257757694146,1.5254583278751448,105.35622647779446,0.0,20.99867049178753,0.0,0.6525765734489604,0.0,82.03309321254824,0.0,665.0829805335117,0.0,0.0802075753349814,0.0,0.6173625065044612,0.0394097259347629,0.6809820507210378,0.0,0.7931511784543395,0.0,,,,43.0,"3 failed due to plateau slope >= elastic modulus, no real transition","mixing_temp=25; bath_temp=5; polymer_wt=17; additive_wt=0; pullcast_speed=10; nitrogen=True; coupon_to_bath_wait_time=30; nips_bath_wait_time=1200; cosolvent_type=none; nips_bath_solvent=none; nips_bath_solvent_wt_percent=0.0; Air Temp Mean=22.89 [room air temperature during casting]; Humidity Mean=49.07 [room air humidity during casting]; Coupon Temp Mean=22.62 [coupon-stage temperature measured at the end of the wait period; during N2 it is the temperature during the N2 blow window, otherwise it is the no-N2 wait condition]; Coupon Humidity Mean=46.34 [coupon-stage humidity measured at the end of the wait period; during N2 it is the humidity during the N2 blow window, otherwise it is the no-N2 wait condition]

{'Air Temp Mean': 22.89, 'Humidity Mean': 49.07, 'Coupon Temp Mean': 22.62, 'Coupon Humidity Mean': 46.34, 'Thickness Mean': 94.00257757694146, 'Elastic Modulus Mean': 105.35622647779446, 'Strain at 50 bar Mean': 0.6173625065044612, 'CV Mean': nan}, 'Discarded Fit Quality Mean': '43.0/100', 'Discarded Fit Reasons': '3 failed due to plateau slope >= elastic modulus, no real transition'","# Experimental Report: Automated NIPS Membrane Synthesis

## Solution Preparation & Casting

A polymer solution was prepared at a concentration of **17 wt%** with no cosolvent or additive, mixed and heated at **25 °C**. The solution was blade-cast onto the coupon stage at a pull-cast speed of **10 mm/s**.

## Pre-Immersion Conditions

Following casting, the coupon was subjected to a **dry nitrogen (N₂) blow** for **30 seconds** prior to bath immersion. During this period, the ambient room temperature and relative humidity were measured at **22.89 °C** and **49.07% RH**, respectively. At the coupon stage, the local temperature and humidity under the N₂ flow were recorded at **22.62 °C** and **46.34% RH**, respectively, indicating a modest but measurable reduction in local humidity at the film surface compared to ambient conditions.

## Phase Inversion (NIPS Bath)

The cast film was immersed in a **pure deionized water bath** (no co-solvent added; 0.0 wt%) maintained at **5 °C**. The membrane was allowed to undergo phase inversion for **1200 seconds (20 minutes)** before retrieval.

## Summary Table

| Parameter | Value |
|---|---|
| Polymer concentration | 17 wt% |
| Additive/cosolvent | None |
| Mixing temperature | 25 °C |
| Pull-cast speed | 10 mm/s |
| Pre-immersion treatment | Dry N₂ blow |
| Pre-immersion wait time | 30 s |
| Ambient temperature (casting) | 22.89 °C |
| Ambient humidity (casting) | 49.07% RH |
| Coupon-stage temperature (N₂ blow) | 22.62 °C |
| Coupon-stage humidity (N₂ blow) | 46.34% RH |
| NIPS bath composition | Pure water (0.0 wt% solvent) |
| NIPS bath temperature | 5 °C |
| NIPS bath immersion time | 1200 s |


{'Air Temp Mean': 22.89, 'Humidity Mean': 49.07, 'Coupon Temp Mean': 22.62, 'Coupon Humidity Mean': 46.34, 'Thickness Mean': 94.00257757694146, 'Elastic Modulus Mean': 105.35622647779446, 'Strain at 50 bar Mean': 0.6173625065044612, 'CV Mean': nan}, 'Discarded Fit Quality Mean': '43.0/100', 'Discarded Fit Reasons': '3 failed due to plateau slope >= elastic modulus, no real transition'","- **Presence:** Membrane is visible — a pale white/light-blue sheet occupies the aperture.
- **Vertical Coverage:** Membrane spans fully from top to bottom edge of the aperture; no vertical gaps detected.
- **Uniformity:** Mostly uniform in color and opacity; a subtle light-blue tonal gradient is present but consistent. A few small dark specks are visible, likely surface particulates.
- **Defects:** No wrinkles or trapped air bubbles observed within the membrane material itself; surface texture appears smooth and flat.
- **Summary:** The membrane coupon presents with full vertical coverage, generally uniform appearance, and no significant structural defects.","## Reasoning

**Current state:** Only one experiment exists — high polymer (17 wt%), cold bath (5°C), mid pullcast speed (10 mm/s), N₂ blow, short wait (30s), minimum bath time (1200s), mixing at 25°C (required at max polymer). The fit quality was poor (43/100), suggesting the mechanical response was not well-captured, but the membrane itself was physically intact.

**Explore strategy — move far from the existing point across multiple dimensions:**

1. **polymer_wt:** Drop significantly from 17.0 → try **13.0 wt%**. Lower polymer concentration will produce a more open, less dense structure — very different morphology. This also frees up `mixing_temp` to be varied.
2. **mixing_temp:** With polymer_wt < 17, we can raise mixing temperature. Use **60°C** to ensure good dissolution and explore the high-temp region.
3. **bath_temp:** Move to the opposite extreme → **25°C** (warm bath). Warm bath slows phase inversion kinetics differently than cold bath.
4. **pullcast_speed:** Move to a slow extreme → **2 mm/s** (vs. 10 mm/s prior). Slow casting gives thicker, more uniform films.
5. **nitrogen:** Switch to **False** — no N₂ blow, allowing ambient humidity exposure during wait.
6. **coupon_to_bath_wait_time:** Use a long wait → **300 s** (vs. 30 s prior). Long evaporation time before immersion will densify the skin layer.
7. **nips_bath_wait_time:** Use maximum → **1800 s** (vs. 1200 s prior).
8. **additive_wt:** Locked at **0**.

This combination (lower polymer, high mixing temp, warm bath, slow cast, no N₂, long wait, max bath time) is maximally distant from the single prior point and covers a very sparse region of the design space.

```json
{
  ""mixing_temp"": 60,
  ""bath_temp"": 25,
  ""pullcast_speed"": 2,
  ""nitrogen"": false,
  ""coupon_to_bath_wait_time"": 300,
  ""nips_bath_wait_time"": 1800,
  ""polymer_wt"": 13.0,
  ""additive_wt"": 0
}
```"
"2026-08-23
00:03:59",13-0add-25deg-cosolv-none-bathSolv-none-0wt-300s-NoN2-1800s,60,25,13.0,0.0,2.0,False,300,1800,none,none,0.0,"mixing_temp=60; bath_temp=25; polymer_wt=13.0; additive_wt=0.0; pullcast_speed=2; nitrogen=False; coupon_to_bath_wait_time=300; nips_bath_wait_time=1800; cosolvent_type=none; nips_bath_solvent=none; nips_bath_solvent_wt_percent=0.0; Air Temp Mean=nan [room air temperature during casting]; Humidity Mean=nan [room air humidity during casting]; Coupon Temp Mean=nan [coupon-stage temperature measured at the end of the wait period; during N2 it is the temperature during the N2 blow window, otherwise it is the no-N2 wait condition]; Coupon Humidity Mean=nan [coupon-stage humidity measured at the end of the wait period; during N2 it is the humidity during the N2 blow window, otherwise it is the no-N2 wait condition]","# Experimental Report: Automated NIPS Membrane Synthesis

## Solution Preparation
The polymer solution was prepared at a concentration of **13.0 wt%** with no additive or cosolvent incorporated (additive concentration: 0.0 wt%). The solution was mixed and heated to **60 °C** prior to casting.

## Membrane Casting
The polymer solution was blade-cast onto the substrate at a pull-cast speed of **2 mm/s**. No environmental condition data were recorded during casting (room air temperature and humidity: not measured).

## Pre-Immersion Exposure
Following casting, the membrane coupon was allowed to rest under **ambient conditions** (no dry nitrogen purge) for **300 seconds (5 minutes)** prior to immersion in the NIPS bath. Coupon-stage temperature and humidity at the end of this waiting period were not recorded.

## Phase Separation (NIPS Bath)
The cast membrane was then immersed in a **pure deionized water bath** (no co-solvent added; 0.0 wt% solvent) maintained at **25 °C**. The membrane remained in the bath for **1800 seconds (30 minutes)** to allow complete phase separation and membrane solidification.

## Notes
- No cosolvent was used in the polymer dope formulation.
- The NIPS bath consisted of pure non-solvent with no solvent additive.
- Environmental sensor data (air temperature, air humidity, coupon temperature, and coupon humidity) were unavailable for this experiment.",,,,,66.42609116340466,41.004312957562206,,,,,,,,,,,,,-0.9333712792750064,0.9653279332938098,,,,,,,,34.0,"2 failed due to insufficient data to fit; 1 failed due to poor plateau fit (early); 1 failed due to plateau slope >= elastic modulus, no real transition","mixing_temp=60; bath_temp=25; polymer_wt=13.0; additive_wt=0.0; pullcast_speed=2; nitrogen=False; coupon_to_bath_wait_time=300; nips_bath_wait_time=1800; cosolvent_type=none; nips_bath_solvent=none; nips_bath_solvent_wt_percent=0.0; Air Temp Mean=nan [room air temperature during casting]; Humidity Mean=nan [room air humidity during casting]; Coupon Temp Mean=nan [coupon-stage temperature measured at the end of the wait period; during N2 it is the temperature during the N2 blow window, otherwise it is the no-N2 wait condition]; Coupon Humidity Mean=nan [coupon-stage humidity measured at the end of the wait period; during N2 it is the humidity during the N2 blow window, otherwise it is the no-N2 wait condition]

{'Air Temp Mean': nan, 'Humidity Mean': nan, 'Coupon Temp Mean': nan, 'Coupon Humidity Mean': nan, 'Thickness Mean': 66.42609116340466, 'Elastic Modulus Mean': nan, 'Strain at 50 bar Mean': -0.9333712792750064, 'CV Mean': nan}, 'Discarded Fit Quality Mean': '34.0/100', 'Discarded Fit Reasons': '2 failed due to insufficient data to fit; 1 failed due to poor plateau fit (early); 1 failed due to plateau slope >= elastic modulus, no real transition'","# Experimental Report: Automated NIPS Membrane Synthesis

## Solution Preparation
The polymer solution was prepared at a concentration of **13.0 wt%** with no additive or cosolvent incorporated (additive concentration: 0.0 wt%). The solution was mixed and heated to **60 °C** prior to casting.

## Membrane Casting
The polymer solution was blade-cast onto the substrate at a pull-cast speed of **2 mm/s**. No environmental condition data were recorded during casting (room air temperature and humidity: not measured).

## Pre-Immersion Exposure
Following casting, the membrane coupon was allowed to rest under **ambient conditions** (no dry nitrogen purge) for **300 seconds (5 minutes)** prior to immersion in the NIPS bath. Coupon-stage temperature and humidity at the end of this waiting period were not recorded.

## Phase Separation (NIPS Bath)
The cast membrane was then immersed in a **pure deionized water bath** (no co-solvent added; 0.0 wt% solvent) maintained at **25 °C**. The membrane remained in the bath for **1800 seconds (30 minutes)** to allow complete phase separation and membrane solidification.

## Notes
- No cosolvent was used in the polymer dope formulation.
- The NIPS bath consisted of pure non-solvent with no solvent additive.
- Environmental sensor data (air temperature, air humidity, coupon temperature, and coupon humidity) were unavailable for this experiment.


{'Air Temp Mean': nan, 'Humidity Mean': nan, 'Coupon Temp Mean': nan, 'Coupon Humidity Mean': nan, 'Thickness Mean': 66.42609116340466, 'Elastic Modulus Mean': nan, 'Strain at 50 bar Mean': -0.9333712792750064, 'CV Mean': nan}, 'Discarded Fit Quality Mean': '34.0/100', 'Discarded Fit Reasons': '2 failed due to insufficient data to fit; 1 failed due to poor plateau fit (early); 1 failed due to plateau slope >= elastic modulus, no real transition'","- **Presence:** Membrane is visible within the circular aperture.
- **Vertical Coverage:** Membrane spans the full top-to-bottom extent of the aperture with no gaps at the top or bottom edges.
- **Uniformity:** Non-uniform — significant color/opacity variation across the membrane surface, with darker streaked regions on the right and center-right, and a lighter region on the left, indicating uneven thickness or composition.
- **Defects:** Several elongated bubble-like features visible in the upper-center of the membrane material itself, consistent with trapped air bubbles; not attributable to lighting artifacts.
- **Summary:** Membrane is present with full vertical coverage, but exhibits notable non-uniformity and apparent trapped air bubbles near the upper-center region.","### Reasoning

**Objective:** Maximize Elastic Modulus (primary), minimize Strain at 50 bar (secondary). In explore mode, prioritize coverage of sparse/underrepresented regions.

**Current coverage gaps:**
- `mixing_temp`: sampled at 25 and 60 — mid-range (~40–45) and high end (~75–80) unexplored
- `bath_temp`: sampled at 5 and 25 — mid-range (~15) unexplored
- `pullcast_speed`: sampled at 2 and 10 — high end (15–20) unexplored
- `coupon_to_bath_wait_time`: sampled at 30 and 300 — very long wait (500–600 s) unexplored
- `nips_bath_wait_time`: sampled at 1200 and 1800 — mid-range (~1500) unexplored
- `polymer_wt`: sampled at 13 and 17 — mid-range (~15) unexplored
- `nitrogen`: both True and False sampled — balanced

**Strategy for this experiment:**
- Push into a genuinely sparse corner: mid-polymer_wt (~15), high mixing_temp (~75), mid bath_temp (~15), high pullcast_speed (~18), very long wait time (~550 s), mid nips_bath_wait_time (~1500 s), no nitrogen (to contrast with exp 1 which had N₂ + long wait).
- `polymer_wt = 15.0` (mid-range, not at max, so mixing_temp can be freely set)
- `mixing_temp = 75` (near max, unexplored high end)
- `bath_temp = 15` (mid-range, unexplored)
- `pullcast_speed = 18` (high end, unexplored)
- `coupon_to_bath_wait_time = 550` (long, unexplored)
- `nips_bath_wait_time = 1500` (mid, unexplored)
- `nitrogen = False` (no N₂, long ambient wait — different from exp 1)
- `additive_wt = 0` (locked)

This point is maximally distant from both prior experiments across nearly all dimensions.

```json
{
  ""mixing_temp"": 75,
  ""bath_temp"": 15,
  ""pullcast_speed"": 18,
  ""nitrogen"": false,
  ""coupon_to_bath_wait_time"": 550,
  ""nips_bath_wait_time"": 1500,
  ""polymer_wt"": 15.0,
  ""additive_wt"": 0
}
```"
"2026-08-23
02:20:26",15-0add-15deg-cosolv-none-bathSolv-none-0wt-550s-NoN2-1500s,75,15,15.0,0.0,18.0,False,550,1500,none,none,0.0,"mixing_temp=75; bath_temp=15; polymer_wt=15.0; additive_wt=0.0; pullcast_speed=18; nitrogen=False; coupon_to_bath_wait_time=550; nips_bath_wait_time=1500; cosolvent_type=none; nips_bath_solvent=none; nips_bath_solvent_wt_percent=0.0; Air Temp Mean=22.94 [room air temperature during casting]; Humidity Mean=42.21 [room air humidity during casting]; Coupon Temp Mean=22.21 [coupon-stage temperature measured at the end of the wait period; during N2 it is the temperature during the N2 blow window, otherwise it is the no-N2 wait condition]; Coupon Humidity Mean=47.43 [coupon-stage humidity measured at the end of the wait period; during N2 it is the humidity during the N2 blow window, otherwise it is the no-N2 wait condition]","# Experimental Report: Automated Membrane Synthesis via Non-Solvent-Induced Phase Separation (NIPS)

## Solution Preparation

A polymer solution was prepared at a concentration of **15.0 wt%** with no cosolvent or additive (0.0 wt%). The solution was mixed and heated at **75 °C** prior to casting.

## Membrane Casting

The polymer solution was blade-cast onto the coupon stage at a pull-cast speed of **18 mm/s**. No dry nitrogen purge was applied following casting. The cast film was instead allowed to rest under **ambient conditions** for **550 seconds** prior to bath immersion. During this waiting period, the mean ambient air temperature and relative humidity in the casting environment were **22.94 °C** and **42.21% RH**, respectively. The coupon-stage temperature and humidity measured at the end of the wait period were **22.21 °C** and **47.43% RH**, respectively.

## Phase Inversion

Following the ambient exposure period, the cast film was immersed into a **pure deionized water** NIPS bath (no co-solvent; 0.0 wt% solvent) maintained at **15 °C**. The membrane was held in the bath for **1500 seconds** to allow complete phase inversion.

## Summary of Key Parameters

| Parameter | Value |
|---|---|
| Polymer concentration | 15.0 wt% |
| Additive/cosolvent concentration | 0.0 wt% (none) |
| Mixing temperature | 75 °C |
| Pull-cast speed | 18 mm/s |
| Nitrogen purge | No |
| Ambient wait time (pre-bath) | 550 s |
| Ambient air temperature | 22.94 °C |
| Ambient air humidity | 42.21% RH |
| Coupon-stage temperature (end of wait) | 22.21 °C |
| Coupon-stage humidity (end of wait) | 47.43% RH |
| NIPS bath composition | Pure water (0.0 wt% solvent) |
| NIPS bath temperature | 15 °C |
| NIPS bath immersion time | 1500 s |",22.94,42.21,22.21,47.43,151.53003439086504,4.106147043141217,181.26548000520708,35.19539107855531,16.865141809543957,0.8980224605159862,0.5853978598367272,0.0100037901613685,44.75004296188123,1.1903056376862515,960.1881294685372,13.775074393822347,0.0648366094323824,0.0033391287717572,0.5498533035132229,0.006099198789931,0.6264538677206263,0.0088816897052947,0.6965948923098171,0.0104437157311328,,,0.0210766116914245,,,"mixing_temp=75; bath_temp=15; polymer_wt=15.0; additive_wt=0.0; pullcast_speed=18; nitrogen=False; coupon_to_bath_wait_time=550; nips_bath_wait_time=1500; cosolvent_type=none; nips_bath_solvent=none; nips_bath_solvent_wt_percent=0.0; Air Temp Mean=22.94 [room air temperature during casting]; Humidity Mean=42.21 [room air humidity during casting]; Coupon Temp Mean=22.21 [coupon-stage temperature measured at the end of the wait period; during N2 it is the temperature during the N2 blow window, otherwise it is the no-N2 wait condition]; Coupon Humidity Mean=47.43 [coupon-stage humidity measured at the end of the wait period; during N2 it is the humidity during the N2 blow window, otherwise it is the no-N2 wait condition]

{'Air Temp Mean': 22.94, 'Humidity Mean': 42.21, 'Coupon Temp Mean': 22.21, 'Coupon Humidity Mean': 47.43, 'Thickness Mean': 151.53003439086504, 'Elastic Modulus Mean': 181.26548000520708, 'Strain at 50 bar Mean': 0.5498533035132229, 'CV Mean': 0.021076611691424586}","# Experimental Report: Automated Membrane Synthesis via Non-Solvent-Induced Phase Separation (NIPS)

## Solution Preparation

A polymer solution was prepared at a concentration of **15.0 wt%** with no cosolvent or additive (0.0 wt%). The solution was mixed and heated at **75 °C** prior to casting.

## Membrane Casting

The polymer solution was blade-cast onto the coupon stage at a pull-cast speed of **18 mm/s**. No dry nitrogen purge was applied following casting. The cast film was instead allowed to rest under **ambient conditions** for **550 seconds** prior to bath immersion. During this waiting period, the mean ambient air temperature and relative humidity in the casting environment were **22.94 °C** and **42.21% RH**, respectively. The coupon-stage temperature and humidity measured at the end of the wait period were **22.21 °C** and **47.43% RH**, respectively.

## Phase Inversion

Following the ambient exposure period, the cast film was immersed into a **pure deionized water** NIPS bath (no co-solvent; 0.0 wt% solvent) maintained at **15 °C**. The membrane was held in the bath for **1500 seconds** to allow complete phase inversion.

## Summary of Key Parameters

| Parameter | Value |
|---|---|
| Polymer concentration | 15.0 wt% |
| Additive/cosolvent concentration | 0.0 wt% (none) |
| Mixing temperature | 75 °C |
| Pull-cast speed | 18 mm/s |
| Nitrogen purge | No |
| Ambient wait time (pre-bath) | 550 s |
| Ambient air temperature | 22.94 °C |
| Ambient air humidity | 42.21% RH |
| Coupon-stage temperature (end of wait) | 22.21 °C |
| Coupon-stage humidity (end of wait) | 47.43% RH |
| NIPS bath composition | Pure water (0.0 wt% solvent) |
| NIPS bath temperature | 15 °C |
| NIPS bath immersion time | 1500 s |


{'Air Temp Mean': 22.94, 'Humidity Mean': 42.21, 'Coupon Temp Mean': 22.21, 'Coupon Humidity Mean': 47.43, 'Thickness Mean': 151.53003439086504, 'Elastic Modulus Mean': 181.26548000520708, 'Strain at 50 bar Mean': 0.5498533035132229, 'CV Mean': 0.021076611691424586}","- **Presence**: Membrane is clearly visible as a pale white/grey sheet within the aperture.

- **Vertical Coverage**: Membrane spans the full top-to-bottom extent of the aperture with no gaps at the top or bottom edges. Coverage is complete vertically.

- **Uniformity**: The membrane is largely uniform in color and opacity across its surface, with a consistent pale white appearance and no obvious dark spots or significant thickness variation.

- **Defects**: No wrinkles or trapped air bubbles are detectable within the membrane material itself. Bright arcs visible at the aperture rim are specular lighting artifacts on the metal, not membrane defects.

- **Summary**: The membrane coupon presents as fully seated vertically, visually uniform, and free of observable wrinkles or bubble defects.","## Reasoning

**Objective:** Maximize Elastic Modulus (primary), minimize Strain at 50 bar (secondary). In explore mode, prioritize coverage of sparse/underrepresented regions.

**Current coverage gaps:**
- `mixing_temp`: covered 25, 60, 75 → gap at **high end near 80** (only 75 tried) and low-mid range
- `bath_temp`: covered 5, 15, 25 → all three extremes/mid hit, but 5°C is underrepresented with other parameter combos
- `pullcast_speed`: covered 2, 10, 18 → gap at **high end (20)** and very low end
- `nitrogen`: 1 True, 2 False → True is underrepresented
- `coupon_to_bath_wait_time`: covered 30, 300, 550 → gap at **extremes: 0 or near 600**
- `nips_bath_wait_time`: covered 1200, 1500, 1800 → mid-range (e.g., ~1350) underrepresented
- `polymer_wt`: covered 13, 15, 17 → gap at **low end (~13 already done)**, mid-low (~14) unexplored

**Strategy for this experiment:**
- Push `mixing_temp` to **80°C** (max, unexplored)
- Use **polymer_wt = 14.0** (low-mid, unexplored between 13 and 15)
- `bath_temp` = **5°C** (cold bath, only used once, with very different other params)
- `pullcast_speed` = **20 mm/s** (max, unexplored)
- `nitrogen` = **True** (underrepresented)
- `coupon_to_bath_wait_time` = **0 s** (minimum, completely unexplored)
- `nips_bath_wait_time` = **1350 s** (mid-range, unexplored)
- `additive_wt` = 0 (locked)

**Feasibility check:**
- `polymer_wt = 14.0` is not at max (17.0), so `mixing_temp = 80°C` is fine
- All values within stated ranges ✓
- This point is far from all three prior experiments in multiple dimensions simultaneously ✓

```json
{
  ""mixing_temp"": 80,
  ""bath_temp"": 5,
  ""pullcast_speed"": 20,
  ""nitrogen"": true,
  ""coupon_to_bath_wait_time"": 0,
  ""nips_bath_wait_time"": 1350,
  ""polymer_wt"": 14.0,
  ""additive_wt"": 0
}
```"
"2026-08-23
04:28:29",14-0add-5deg-cosolv-none-bathSolv-none-0wt-0s-N2-1350s,80,5,14.0,0.0,20.0,True,0,1350,none,none,0.0,"mixing_temp=80; bath_temp=5; polymer_wt=14.0; additive_wt=0.0; pullcast_speed=20; nitrogen=True; coupon_to_bath_wait_time=0; nips_bath_wait_time=1350; cosolvent_type=none; nips_bath_solvent=none; nips_bath_solvent_wt_percent=0.0; Air Temp Mean=23.17 [room air temperature during casting]; Humidity Mean=40.71 [room air humidity during casting]; Coupon Temp Mean=22.08 [coupon-stage temperature measured at the end of the wait period; during N2 it is the temperature during the N2 blow window, otherwise it is the no-N2 wait condition]; Coupon Humidity Mean=46.91 [coupon-stage humidity measured at the end of the wait period; during N2 it is the humidity during the N2 blow window, otherwise it is the no-N2 wait condition]","## Experimental Report: Automated NIPS Membrane Synthesis

### Solution Preparation
A polymer solution was prepared at a concentration of **14.0 wt%** with no additive or cosolvent incorporated. The solution was mixed and heated at **80 °C** prior to casting.

### Membrane Casting
The polymer solution was blade-cast onto the coupon stage at a pull-cast speed of **20 mm/s**. The ambient conditions during casting were recorded at a mean air temperature of **23.17 °C** and a mean relative humidity of **40.71%**.

### Pre-Immersion Treatment
Immediately following casting (wait time = **0 s**), the coupon was subjected to a **dry nitrogen blow** prior to bath immersion. During this period, the coupon-stage temperature and humidity were measured at **22.08 °C** and **46.91% RH**, respectively, reflecting conditions at the end of the nitrogen exposure window.

### Phase Inversion (NIPS Bath)
The cast film was immersed into a **pure deionized water bath** (no co-solvent added; 0.0 wt% solvent) maintained at **5 °C**. The membrane was allowed to undergo phase separation in the bath for **1350 seconds** (22.5 minutes).

### Summary Table

| Parameter | Value |
|---|---|
| Polymer concentration | 14.0 wt% |
| Additive/cosolvent | None |
| Mixing temperature | 80 °C |
| Pull-cast speed | 20 mm/s |
| Pre-immersion N₂ blow | Yes |
| Coupon-to-bath wait time | 0 s |
| NIPS bath composition | Pure water |
| NIPS bath temperature | 5 °C |
| NIPS bath immersion time | 1350 s |
| Ambient temperature (casting) | 23.17 °C |
| Ambient humidity (casting) | 40.71% RH |
| Coupon-stage temperature (N₂ window) | 22.08 °C |
| Coupon-stage humidity (N₂ window) | 46.91% RH |",23.17,40.71,22.08,46.91,134.12922632396288,3.144927346774959,62.71633404547623,7.241636657705976,7.815158461720189,0.274526763947552,0.5898642060082253,0.0120800526626916,39.02484381616336,1.2629815053433526,911.6751895217428,24.772349413543765,0.0459282484286888,0.0019858711373539,0.5801690537900762,0.0143692142616191,0.6479714337732151,0.0121386115919598,0.7213830477489335,0.0105189304774107,,,0.0279997838237863,,,"mixing_temp=80; bath_temp=5; polymer_wt=14.0; additive_wt=0.0; pullcast_speed=20; nitrogen=True; coupon_to_bath_wait_time=0; nips_bath_wait_time=1350; cosolvent_type=none; nips_bath_solvent=none; nips_bath_solvent_wt_percent=0.0; Air Temp Mean=23.17 [room air temperature during casting]; Humidity Mean=40.71 [room air humidity during casting]; Coupon Temp Mean=22.08 [coupon-stage temperature measured at the end of the wait period; during N2 it is the temperature during the N2 blow window, otherwise it is the no-N2 wait condition]; Coupon Humidity Mean=46.91 [coupon-stage humidity measured at the end of the wait period; during N2 it is the humidity during the N2 blow window, otherwise it is the no-N2 wait condition]

{'Air Temp Mean': 23.17, 'Humidity Mean': 40.71, 'Coupon Temp Mean': 22.08, 'Coupon Humidity Mean': 46.91, 'Thickness Mean': 134.12922632396288, 'Elastic Modulus Mean': 62.71633404547623, 'Strain at 50 bar Mean': 0.5801690537900762, 'CV Mean': 0.027999783823786314}","## Experimental Report: Automated NIPS Membrane Synthesis

### Solution Preparation
A polymer solution was prepared at a concentration of **14.0 wt%** with no additive or cosolvent incorporated. The solution was mixed and heated at **80 °C** prior to casting.

### Membrane Casting
The polymer solution was blade-cast onto the coupon stage at a pull-cast speed of **20 mm/s**. The ambient conditions during casting were recorded at a mean air temperature of **23.17 °C** and a mean relative humidity of **40.71%**.

### Pre-Immersion Treatment
Immediately following casting (wait time = **0 s**), the coupon was subjected to a **dry nitrogen blow** prior to bath immersion. During this period, the coupon-stage temperature and humidity were measured at **22.08 °C** and **46.91% RH**, respectively, reflecting conditions at the end of the nitrogen exposure window.

### Phase Inversion (NIPS Bath)
The cast film was immersed into a **pure deionized water bath** (no co-solvent added; 0.0 wt% solvent) maintained at **5 °C**. The membrane was allowed to undergo phase separation in the bath for **1350 seconds** (22.5 minutes).

### Summary Table

| Parameter | Value |
|---|---|
| Polymer concentration | 14.0 wt% |
| Additive/cosolvent | None |
| Mixing temperature | 80 °C |
| Pull-cast speed | 20 mm/s |
| Pre-immersion N₂ blow | Yes |
| Coupon-to-bath wait time | 0 s |
| NIPS bath composition | Pure water |
| NIPS bath temperature | 5 °C |
| NIPS bath immersion time | 1350 s |
| Ambient temperature (casting) | 23.17 °C |
| Ambient humidity (casting) | 40.71% RH |
| Coupon-stage temperature (N₂ window) | 22.08 °C |
| Coupon-stage humidity (N₂ window) | 46.91% RH |


{'Air Temp Mean': 23.17, 'Humidity Mean': 40.71, 'Coupon Temp Mean': 22.08, 'Coupon Humidity Mean': 46.91, 'Thickness Mean': 134.12922632396288, 'Elastic Modulus Mean': 62.71633404547623, 'Strain at 50 bar Mean': 0.5801690537900762, 'CV Mean': 0.027999783823786314}","- **Presence:** Membrane is clearly visible as a white/pale coupon centered in the aperture.

- **Vertical Coverage:** The membrane spans the full top-to-bottom extent of the aperture with no gaps at the top or bottom edges. ✓

- **Uniformity:** The membrane surface appears visually uniform — consistent white opacity with no patchiness, dark spots, or notable thickness variation across the face.

- **Defects:** No wrinkles or trapped air bubbles are detected within the membrane material itself. A few minor specks/dust particles are visible on the surface but no structural defects.

- **Summary:** The membrane coupon presents as a clean, uniform, fully vertically covering sample with no significant defects observed.","## Reasoning

**Objective:** Maximize Elastic Modulus (primary), minimize Strain at 50 bar (secondary). In explore mode, prioritize coverage of sparse/underrepresented regions.

**Coverage analysis:**
- `mixing_temp`: 25, 60, 75, 80 — sparse region: **~40–55°C**
- `bath_temp`: 5, 5, 15, 25 — sparse region: **~10°C** (only one mid-point at 15, nothing around 10)
- `pullcast_speed`: 2, 10, 18, 20 — sparse region: **~5–8 mm/s**
- `nitrogen`: 2 True, 2 False — balanced
- `coupon_to_bath_wait_time`: 0, 30, 300, 550 — sparse region: **~100–250s** or **~400–500s** — let's try **~150s**
- `nips_bath_wait_time`: 1200, 1350, 1500, 1800 — sparse region: **~1650s**
- `polymer_wt`: 13, 14, 15, 17 — sparse region: **16.0 wt%**

**Proposed point targeting sparse regions:**
- `mixing_temp`: 45°C (underrepresented 40–55 range)
- `bath_temp`: 10°C (gap between 5 and 15)
- `pullcast_speed`: 6 mm/s (gap between 2 and 10)
- `nitrogen`: False (balanced, but let's use False to pair with a mid wait time)
- `coupon_to_bath_wait_time`: 150s (gap between 30 and 300)
- `nips_bath_wait_time`: 1650s (gap between 1500 and 1800)
- `polymer_wt`: 16.0 (gap between 15 and 17)
- `additive_wt`: 0 (locked)

**Feasibility check:** polymer_wt=16.0 is not at max (17.0), so mixing_temp=45°C is fine. All parameters within allowed ranges. ✓

```json
{
  ""mixing_temp"": 45,
  ""bath_temp"": 10,
  ""pullcast_speed"": 6,
  ""nitrogen"": false,
  ""coupon_to_bath_wait_time"": 150,
  ""nips_bath_wait_time"": 1650,
  ""polymer_wt"": 16.0,
  ""additive_wt"": 0
}
```"
"2026-08-23
06:39:47",16-0add-10deg-cosolv-none-bathSolv-none-0wt-150s-NoN2-1650s,45,10,16.0,0.0,6.0,False,150,1650,none,none,0.0,"mixing_temp=45; bath_temp=10; polymer_wt=16.0; additive_wt=0.0; pullcast_speed=6; nitrogen=False; coupon_to_bath_wait_time=150; nips_bath_wait_time=1650; cosolvent_type=none; nips_bath_solvent=none; nips_bath_solvent_wt_percent=0.0; Air Temp Mean=nan [room air temperature during casting]; Humidity Mean=nan [room air humidity during casting]; Coupon Temp Mean=nan [coupon-stage temperature measured at the end of the wait period; during N2 it is the temperature during the N2 blow window, otherwise it is the no-N2 wait condition]; Coupon Humidity Mean=nan [coupon-stage humidity measured at the end of the wait period; during N2 it is the humidity during the N2 blow window, otherwise it is the no-N2 wait condition]","# Experimental Report: Automated NIPS Membrane Synthesis

## Solution Preparation
A polymer solution was prepared at a concentration of **16.0 wt%** with no cosolvent or additive (0.0 wt% additive). The solution was mixed and heated at **45 °C**. No cosolvent was incorporated into the formulation.

## Membrane Casting
The polymer solution was blade-cast onto the coupon stage at a casting speed of **6 mm/s**. Following casting, the film was allowed to rest under **ambient conditions** (no dry nitrogen purge) for **150 seconds** prior to immersion in the non-solvent bath. Room air temperature and humidity during casting were not recorded.

## Phase Inversion (NIPS Bath)
The cast film was immersed into a **pure water bath** (no co-solvent added; 0.0 wt% solvent) maintained at **10 °C**. The membrane was held in the bath for **1650 seconds** to allow complete phase inversion.

## Environmental Conditions
Ambient air temperature and relative humidity during casting were not measured (NaN). Coupon-stage temperature and humidity at the end of the ambient wait period were likewise not recorded (NaN).

## Summary Table

| Parameter | Value |
|---|---|
| Mixing Temperature | 45 °C |
| Polymer Concentration | 16.0 wt% |
| Additive Concentration | 0.0 wt% |
| Cosolvent | None |
| Casting Speed | 6 mm/s |
| Nitrogen Purge | No |
| Pre-immersion Wait Time | 150 s |
| NIPS Bath Temperature | 10 °C |
| NIPS Bath Solvent | None (pure water) |
| NIPS Bath Solvent Concentration | 0.0 wt% |
| NIPS Bath Immersion Time | 1650 s |",,,,,162.99153332190264,16.681027800199406,,,,,,,,,,,,,0.5310822233087902,0.0487172377959121,,,,,,,,42.5,"4 failed due to plateau slope >= elastic modulus, no real transition","mixing_temp=45; bath_temp=10; polymer_wt=16.0; additive_wt=0.0; pullcast_speed=6; nitrogen=False; coupon_to_bath_wait_time=150; nips_bath_wait_time=1650; cosolvent_type=none; nips_bath_solvent=none; nips_bath_solvent_wt_percent=0.0; Air Temp Mean=nan [room air temperature during casting]; Humidity Mean=nan [room air humidity during casting]; Coupon Temp Mean=nan [coupon-stage temperature measured at the end of the wait period; during N2 it is the temperature during the N2 blow window, otherwise it is the no-N2 wait condition]; Coupon Humidity Mean=nan [coupon-stage humidity measured at the end of the wait period; during N2 it is the humidity during the N2 blow window, otherwise it is the no-N2 wait condition]

{'Air Temp Mean': nan, 'Humidity Mean': nan, 'Coupon Temp Mean': nan, 'Coupon Humidity Mean': nan, 'Thickness Mean': 162.99153332190264, 'Elastic Modulus Mean': nan, 'Strain at 50 bar Mean': 0.5310822233087902, 'CV Mean': nan}, 'Discarded Fit Quality Mean': '42.5/100', 'Discarded Fit Reasons': '4 failed due to plateau slope >= elastic modulus, no real transition'","# Experimental Report: Automated NIPS Membrane Synthesis

## Solution Preparation
A polymer solution was prepared at a concentration of **16.0 wt%** with no cosolvent or additive (0.0 wt% additive). The solution was mixed and heated at **45 °C**. No cosolvent was incorporated into the formulation.

## Membrane Casting
The polymer solution was blade-cast onto the coupon stage at a casting speed of **6 mm/s**. Following casting, the film was allowed to rest under **ambient conditions** (no dry nitrogen purge) for **150 seconds** prior to immersion in the non-solvent bath. Room air temperature and humidity during casting were not recorded.

## Phase Inversion (NIPS Bath)
The cast film was immersed into a **pure water bath** (no co-solvent added; 0.0 wt% solvent) maintained at **10 °C**. The membrane was held in the bath for **1650 seconds** to allow complete phase inversion.

## Environmental Conditions
Ambient air temperature and relative humidity during casting were not measured (NaN). Coupon-stage temperature and humidity at the end of the ambient wait period were likewise not recorded (NaN).

## Summary Table

| Parameter | Value |
|---|---|
| Mixing Temperature | 45 °C |
| Polymer Concentration | 16.0 wt% |
| Additive Concentration | 0.0 wt% |
| Cosolvent | None |
| Casting Speed | 6 mm/s |
| Nitrogen Purge | No |
| Pre-immersion Wait Time | 150 s |
| NIPS Bath Temperature | 10 °C |
| NIPS Bath Solvent | None (pure water) |
| NIPS Bath Solvent Concentration | 0.0 wt% |
| NIPS Bath Immersion Time | 1650 s |


{'Air Temp Mean': nan, 'Humidity Mean': nan, 'Coupon Temp Mean': nan, 'Coupon Humidity Mean': nan, 'Thickness Mean': 162.99153332190264, 'Elastic Modulus Mean': nan, 'Strain at 50 bar Mean': 0.5310822233087902, 'CV Mean': nan}, 'Discarded Fit Quality Mean': '42.5/100', 'Discarded Fit Reasons': '4 failed due to plateau slope >= elastic modulus, no real transition'","- **Presence:** Membrane is visible — a pale/white sheet occupies the aperture.

- **Vertical Coverage:** Membrane spans the full top-to-bottom extent of the aperture with no gap at either the top or bottom edge. ✓

- **Uniformity:** Mostly uniform in opacity; a cluster of small dark particulate specks is visible near the upper-centre of the membrane surface, and subtle tonal variation (slightly darker lower region) is present.

- **Defects:** Several distinct wrinkles/fold lines are visible within the membrane material itself — most notably a pronounced fold along the right-centre area and lighter crease lines across the lower-centre portion.

- **Summary:** Membrane is present with full vertical coverage, but exhibits visible surface particulate contamination and multiple wrinkles/creases within the membrane sheet.","## Reasoning

**Coverage analysis:**
- `mixing_temp`: covered 25, 45, 60, 75, 80 — missing low-mid range around 35°C
- `bath_temp`: covered 5, 10, 15, 25 — missing ~20°C
- `pullcast_speed`: covered 2, 6, 10, 18, 20 — missing ~14 mm/s
- `nitrogen`: 2 True, 3 False — balanced, can add True
- `coupon_to_bath_wait_time`: covered 0, 30, 150, 300, 550 — missing high end (~450–600s); 600s is unexplored
- `nips_bath_wait_time`: covered 1200, 1350, 1500, 1650, 1800 — fairly spread; 1800 only once
- `polymer_wt`: covered 13, 14, 15, 16, 17 — all integers covered; could try a non-integer like 13.5, but 13 was the lowest and gave poor fit quality. Higher polymer_wt tends to favor higher modulus (17 wt% gave 105 MPa, 15 wt% gave 181 MPa — interesting). Let me try 15.5 or keep exploring.

**Objective context:**
- Best Elastic Modulus so far: 15 wt%, mixing_temp=75, bath_temp=15, speed=18, no N2, wait=550s → 181 MPa
- 17 wt% gave only 105 MPa (but had poor fit quality)
- 14 wt% gave 62 MPa

**Sparse region target:**
- `bath_temp` ~20°C is unexplored
- `coupon_to_bath_wait_time` ~450–600s is sparse (max was 550)
- `mixing_temp` ~35°C is unexplored
- `pullcast_speed` ~14 mm/s is sparse
- `nitrogen` = True with longer wait time is unexplored
- `nips_bath_wait_time` = 1800s with different conditions

**Proposed point:** Combine sparse values:
- `mixing_temp`: 35°C (unexplored low-mid)
- `bath_temp`: 20°C (unexplored)
- `pullcast_speed`: 14 mm/s (sparse)
- `nitrogen`: True (with long wait — novel combination)
- `coupon_to_bath_wait_time`: 450s (sparse high end, with N2 this is unusual)
- `nips_bath_wait_time`: 1800s (max, only used once at very different conditions)
- `polymer_wt`: 15.5 wt% (non-integer, between 15 and 16, unexplored)
- `additive_wt`: 0 (locked)

This combination is deliberately far from all prior points across multiple dimensions.

```json
{
  ""mixing_temp"": 35,
  ""bath_temp"": 20,
  ""pullcast_speed"": 14,
  ""nitrogen"": true,
  ""coupon_to_bath_wait_time"": 450,
  ""nips_bath_wait_time"": 1800,
  ""polymer_wt"": 15.5,
  ""additive_wt"": 0
}
```"
"2026-08-23
08:49:50",15p5-0add-20deg-cosolv-none-bathSolv-none-0wt-450s-N2-1800s,35,20,15.5,0.0,14.0,True,450,1800,none,none,0.0,"mixing_temp=35; bath_temp=20; polymer_wt=15.5; additive_wt=0.0; pullcast_speed=14; nitrogen=True; coupon_to_bath_wait_time=450; nips_bath_wait_time=1800; cosolvent_type=none; nips_bath_solvent=none; nips_bath_solvent_wt_percent=0.0; Air Temp Mean=nan [room air temperature during casting]; Humidity Mean=nan [room air humidity during casting]; Coupon Temp Mean=nan [coupon-stage temperature measured at the end of the wait period; during N2 it is the temperature during the N2 blow window, otherwise it is the no-N2 wait condition]; Coupon Humidity Mean=nan [coupon-stage humidity measured at the end of the wait period; during N2 it is the humidity during the N2 blow window, otherwise it is the no-N2 wait condition]","# Experimental Report: Automated NIPS Membrane Synthesis

## Solution Preparation
The polymer solution was prepared at a concentration of **15.5 wt%** with no additive or cosolvent incorporated (additive concentration: 0.0 wt%). The solution was mixed and heated at **35 °C** prior to casting.

## Membrane Casting
The polymer solution was blade-cast onto the coupon stage at a casting speed of **14 mm/s**. Following casting, the membrane coupon was exposed to a **dry laminar nitrogen purge** for a hold period of **450 seconds (7.5 minutes)** before immersion in the non-solvent bath. This nitrogen blow was applied to minimize ambient humidity exposure at the film surface during the evaporation interval. Ambient room temperature and humidity during casting were not recorded (N/A), and coupon-stage temperature and humidity measurements at the end of the wait period were likewise unavailable.

## Phase Inversion (NIPS) Bath
The coagulation bath consisted of **pure non-solvent** with no solvent additive (bath solvent concentration: 0.0 wt%), maintained at **20 °C**. The membrane was immersed in the bath and allowed to undergo phase inversion for **1800 seconds (30 minutes)** before removal.

## Summary Table

| Parameter | Value |
|---|---|
| Mixing Temperature | 35 °C |
| Polymer Concentration | 15.5 wt% |
| Additive Concentration | 0.0 wt% |
| Cosolvent | None |
| Casting Speed | 14 mm/s |
| Nitrogen Purge | Yes |
| Pre-immersion Wait Time | 450 s |
| Bath Temperature | 20 °C |
| Bath Solvent | None (pure non-solvent) |
| Bath Solvent Concentration | 0.0 wt% |
| NIPS Bath Immersion Time | 1800 s |",,,,,35.678526673157776,14.256587720174016,,,,,,,,,,,,,,,,,,,,,,,4 failed due to insufficient data to fit,"mixing_temp=35; bath_temp=20; polymer_wt=15.5; additive_wt=0.0; pullcast_speed=14; nitrogen=True; coupon_to_bath_wait_time=450; nips_bath_wait_time=1800; cosolvent_type=none; nips_bath_solvent=none; nips_bath_solvent_wt_percent=0.0; Air Temp Mean=nan [room air temperature during casting]; Humidity Mean=nan [room air humidity during casting]; Coupon Temp Mean=nan [coupon-stage temperature measured at the end of the wait period; during N2 it is the temperature during the N2 blow window, otherwise it is the no-N2 wait condition]; Coupon Humidity Mean=nan [coupon-stage humidity measured at the end of the wait period; during N2 it is the humidity during the N2 blow window, otherwise it is the no-N2 wait condition]

{'Air Temp Mean': nan, 'Humidity Mean': nan, 'Coupon Temp Mean': nan, 'Coupon Humidity Mean': nan, 'Thickness Mean': 35.678526673157776, 'Elastic Modulus Mean': nan, 'Strain at 50 bar Mean': nan, 'CV Mean': nan}, 'Discarded Fit Reasons': '4 failed due to insufficient data to fit'","# Experimental Report: Automated NIPS Membrane Synthesis

## Solution Preparation
The polymer solution was prepared at a concentration of **15.5 wt%** with no additive or cosolvent incorporated (additive concentration: 0.0 wt%). The solution was mixed and heated at **35 °C** prior to casting.

## Membrane Casting
The polymer solution was blade-cast onto the coupon stage at a casting speed of **14 mm/s**. Following casting, the membrane coupon was exposed to a **dry laminar nitrogen purge** for a hold period of **450 seconds (7.5 minutes)** before immersion in the non-solvent bath. This nitrogen blow was applied to minimize ambient humidity exposure at the film surface during the evaporation interval. Ambient room temperature and humidity during casting were not recorded (N/A), and coupon-stage temperature and humidity measurements at the end of the wait period were likewise unavailable.

## Phase Inversion (NIPS) Bath
The coagulation bath consisted of **pure non-solvent** with no solvent additive (bath solvent concentration: 0.0 wt%), maintained at **20 °C**. The membrane was immersed in the bath and allowed to undergo phase inversion for **1800 seconds (30 minutes)** before removal.

## Summary Table

| Parameter | Value |
|---|---|
| Mixing Temperature | 35 °C |
| Polymer Concentration | 15.5 wt% |
| Additive Concentration | 0.0 wt% |
| Cosolvent | None |
| Casting Speed | 14 mm/s |
| Nitrogen Purge | Yes |
| Pre-immersion Wait Time | 450 s |
| Bath Temperature | 20 °C |
| Bath Solvent | None (pure non-solvent) |
| Bath Solvent Concentration | 0.0 wt% |
| NIPS Bath Immersion Time | 1800 s |


{'Air Temp Mean': nan, 'Humidity Mean': nan, 'Coupon Temp Mean': nan, 'Coupon Humidity Mean': nan, 'Thickness Mean': 35.678526673157776, 'Elastic Modulus Mean': nan, 'Strain at 50 bar Mean': nan, 'CV Mean': nan}, 'Discarded Fit Reasons': '4 failed due to insufficient data to fit'","- **Presence**: Membrane material is partially visible as white/pale streaks, but coverage is severely incomplete.

- **Vertical Coverage**: The membrane does **not** span the full vertical extent of the aperture — substantial bare backing is exposed above, below, and around the membrane remnants, indicating a critical vertical coverage defect.

- **Uniformity**: Highly non-uniform; membrane exists only as narrow, irregular vertical streaks concentrated near the center, with large areas of exposed substrate.

- **Defects**: The membrane material itself shows ragged, torn edges and fragmented streaks consistent with delamination or wash-off; no wrinkles or trapped bubbles are discernible within the sparse membrane material present.

- **Summary**: This coupon exhibits severe membrane loss/delamination, with only fragmented residual material remaining and grossly inadequate vertical coverage — the sample is defective.","## Reasoning

**Design space analysis:**
- `mixing_temp`: covered 25, 35, 45, 60, 75, 80 — sparse around 50–55°C
- `bath_temp`: covered 5, 10, 15, 20, 25 — all 5 unique values hit, but 25°C only once (poor quality), 5°C twice
- `pullcast_speed`: covered 2, 6, 10, 14, 18, 20 — sparse around 4–5 mm/s or ~8 mm/s; low speeds underrepresented with good quality
- `coupon_to_bath_wait_time`: covered 0, 30, 150, 300, 450, 550 — sparse near 600s (max) and very short times
- `nips_bath_wait_time`: covered 1200, 1350, 1500, 1650, 1800 — good spread
- `nitrogen`: 3 True, 3 False — balanced
- `polymer_wt`: covered 13, 14, 15, 15.5, 16, 17 — sparse around 13.5–14.5 range with low mixing temp

**Quality observations:**
- Best Elastic Modulus: 15 wt%, mixing_temp=75, bath_temp=15, fast cast (18 mm/s), no N2, long wait (550s) → 181 MPa
- 17 wt% at 25°C gave 105 MPa but poor fit quality
- 15.5 wt% with N2 + 450s wait + bath_temp=20 → membrane delamination (failure)
- Long wait times without N2 at warm bath temps seem risky

**Explore target:**
- Aim for a sparse region: `mixing_temp` ~50°C, `bath_temp` ~25°C (only one prior, poor quality — worth revisiting with different conditions), `pullcast_speed` ~4 mm/s (underrepresented low speed), `coupon_to_bath_wait_time` ~600s (max, unexplored), `nips_bath_wait_time` ~1200s (min), `polymer_wt` ~13.5 (sparse), `nitrogen` = False (to balance and avoid the delamination seen with N2+long wait)
- However, 600s wait with no N2 at 25°C bath risks delamination. Let me use N2=True to protect the film surface during the long wait, and use bath_temp=25°C to explore that corner.
- Actually the delamination failure was N2=True + 450s wait + bath_temp=20°C + 15.5 wt% — possibly the thin film (35µm) was the issue. Using higher polymer_wt (13.5) with N2 and long wait at 25°C bath is a genuinely novel corner.

**Proposed point:**
- `mixing_temp`: 50 (sparse gap)
- `bath_temp`: 25 (underexplored with good conditions)
- `pullcast_speed`: 4 (sparse low-speed region)
- `nitrogen`: True (protect film during long wait)
- `coupon_to_bath_wait_time`: 600 (max, unexplored)
- `nips_bath_wait_time`: 1200 (min boundary, underexplored)
- `polymer_wt`: 13.5 (sparse gap between 13 and 14)
- `additive_wt`: 0 (locked)

```json
{
  ""mixing_temp"": 50,
  ""bath_temp"": 25,
  ""pullcast_speed"": 4,
  ""nitrogen"": true,
  ""coupon_to_bath_wait_time"": 600,
  ""nips_bath_wait_time"": 1200,
  ""polymer_wt"": 13.5,
  ""additive_wt"": 0
}
```"
"2026-08-25
17:20:49",13p5-0add-25deg-cosolv-none-bathSolv-none-0wt-600s-N2-1200s,50,25,13.5,0.0,4.0,True,600,1200,none,none,0.0,"mixing_temp=50; bath_temp=25; polymer_wt=13.5; additive_wt=0; pullcast_speed=4; nitrogen=True; coupon_to_bath_wait_time=600; nips_bath_wait_time=1200; cosolvent_type=none; nips_bath_solvent=none; nips_bath_solvent_wt_percent=0.0; Air Temp Mean=23.45 [room air temperature during casting]; Humidity Mean=42.7 [room air humidity during casting]; Coupon Temp Mean=23.48 [coupon-stage temperature measured at the end of the wait period; during N2 it is the temperature during the N2 blow window, otherwise it is the no-N2 wait condition]; Coupon Humidity Mean=44.38 [coupon-stage humidity measured at the end of the wait period; during N2 it is the humidity during the N2 blow window, otherwise it is the no-N2 wait condition]","# Experimental Report: Automated Membrane Synthesis via Non-Solvent-Induced Phase Separation (NIPS)

## Solution Preparation

A polymer solution was prepared at a concentration of **13.5 wt%** with no cosolvent or additive. The solution was mixed and heated to **50 °C** prior to casting.

## Membrane Casting

The polymer solution was blade-cast onto the coupon stage at a pull-cast speed of **4 mm/s**. The ambient conditions during casting were recorded at a mean air temperature of **23.45 °C** and a mean relative humidity of **42.7%**.

## Pre-Immersion Conditioning

Following casting, the membrane coupon was subjected to a **dry nitrogen purge for 600 seconds (10 minutes)** prior to immersion in the NIPS bath. During this nitrogen blow period, the coupon-stage temperature was measured at **23.48 °C** and the local relative humidity at the coupon surface was reduced to **44.38%**.

## Phase Inversion (NIPS Bath)

The cast membrane was subsequently immersed in a **pure non-solvent bath** (no co-solvent added, 0.0 wt%) maintained at **25 °C**. The membrane was allowed to undergo phase inversion for **1200 seconds (20 minutes)** before removal.

## Summary Table

| Parameter | Value |
|---|---|
| Polymer concentration | 13.5 wt% |
| Additive/cosolvent | None |
| Mixing temperature | 50 °C |
| Pull-cast speed | 4 mm/s |
| Pre-immersion wait time | 600 s (N₂ purge) |
| NIPS bath composition | Pure non-solvent (0.0 wt% solvent) |
| NIPS bath temperature | 25 °C |
| NIPS immersion time | 1200 s |
| Ambient temperature (casting) | 23.45 °C |
| Ambient humidity (casting) | 42.7% RH |
| Coupon-stage temperature (N₂ window) | 23.48 °C |
| Coupon-stage humidity (N₂ window) | 44.38% RH |",23.45,42.7,23.48,44.38,138.0086333180898,3.7093194195825343,169.53541695365658,14.760424987147514,25.29898741537781,2.6478928352431192,0.605047387640244,0.0260796409517231,66.71600504545872,4.507793361912944,1184.292664581004,214.70769789750432,0.0402256561108456,0.001270019844471,0.5186104325436642,0.013490333530879,0.6211547187294936,0.0282304846233595,0.681887928861619,0.0323106076865066,,,0.0578398250767045,,,"mixing_temp=50; bath_temp=25; polymer_wt=13.5; additive_wt=0; pullcast_speed=4; nitrogen=True; coupon_to_bath_wait_time=600; nips_bath_wait_time=1200; cosolvent_type=none; nips_bath_solvent=none; nips_bath_solvent_wt_percent=0.0; Air Temp Mean=23.45 [room air temperature during casting]; Humidity Mean=42.7 [room air humidity during casting]; Coupon Temp Mean=23.48 [coupon-stage temperature measured at the end of the wait period; during N2 it is the temperature during the N2 blow window, otherwise it is the no-N2 wait condition]; Coupon Humidity Mean=44.38 [coupon-stage humidity measured at the end of the wait period; during N2 it is the humidity during the N2 blow window, otherwise it is the no-N2 wait condition]

{'Air Temp Mean': 23.45, 'Humidity Mean': 42.7, 'Coupon Temp Mean': 23.48, 'Coupon Humidity Mean': 44.38, 'Thickness Mean': 138.0086333180898, 'Elastic Modulus Mean': 169.53541695365658, 'Strain at 50 bar Mean': 0.5186104325436642, 'CV Mean': 0.057839825076704536}","# Experimental Report: Automated Membrane Synthesis via Non-Solvent-Induced Phase Separation (NIPS)

## Solution Preparation

A polymer solution was prepared at a concentration of **13.5 wt%** with no cosolvent or additive. The solution was mixed and heated to **50 °C** prior to casting.

## Membrane Casting

The polymer solution was blade-cast onto the coupon stage at a pull-cast speed of **4 mm/s**. The ambient conditions during casting were recorded at a mean air temperature of **23.45 °C** and a mean relative humidity of **42.7%**.

## Pre-Immersion Conditioning

Following casting, the membrane coupon was subjected to a **dry nitrogen purge for 600 seconds (10 minutes)** prior to immersion in the NIPS bath. During this nitrogen blow period, the coupon-stage temperature was measured at **23.48 °C** and the local relative humidity at the coupon surface was reduced to **44.38%**.

## Phase Inversion (NIPS Bath)

The cast membrane was subsequently immersed in a **pure non-solvent bath** (no co-solvent added, 0.0 wt%) maintained at **25 °C**. The membrane was allowed to undergo phase inversion for **1200 seconds (20 minutes)** before removal.

## Summary Table

| Parameter | Value |
|---|---|
| Polymer concentration | 13.5 wt% |
| Additive/cosolvent | None |
| Mixing temperature | 50 °C |
| Pull-cast speed | 4 mm/s |
| Pre-immersion wait time | 600 s (N₂ purge) |
| NIPS bath composition | Pure non-solvent (0.0 wt% solvent) |
| NIPS bath temperature | 25 °C |
| NIPS immersion time | 1200 s |
| Ambient temperature (casting) | 23.45 °C |
| Ambient humidity (casting) | 42.7% RH |
| Coupon-stage temperature (N₂ window) | 23.48 °C |
| Coupon-stage humidity (N₂ window) | 44.38% RH |


{'Air Temp Mean': 23.45, 'Humidity Mean': 42.7, 'Coupon Temp Mean': 23.48, 'Coupon Humidity Mean': 44.38, 'Thickness Mean': 138.0086333180898, 'Elastic Modulus Mean': 169.53541695365658, 'Strain at 50 bar Mean': 0.5186104325436642, 'CV Mean': 0.057839825076704536}","- **Presence**: Membrane is visible — a pale white/light-grey sheet occupies the aperture.

- **Vertical Coverage**: Membrane spans fully from the top to the bottom edge of the aperture with no gaps at either end. ✓

- **Uniformity**: Color and opacity are largely uniform across the membrane surface; no significant patchiness, dark spots, or obvious thickness variation detected.

- **Defects**: Two small bright circular features are visible on the left interior edge of the membrane — these appear to be trapped air bubbles within the membrane material, not rim reflections. No wrinkles detected in the membrane body.

- **Summary**: Membrane is present with full vertical coverage and good overall uniformity, but two small trapped air bubbles are noted near the left edge.","## Reasoning

### Coverage Analysis
Reviewing the 7 prior experiments across key dimensions:
- **mixing_temp**: 25, 35, 45, 50, 60, 75, 80 — well spread, but ~65°C is a gap
- **bath_temp**: 5, 5, 10, 15, 20, 25, 25 — 5°C and 25°C are dense; **no experiment at bath_temp ~5°C with mid-range polymer_wt and mid mixing_temp**
- **pullcast_speed**: 2, 4, 6, 10, 14, 18, 20 — good spread; ~8–12 mm/s mid-range is sparse (only 10 used, at extreme polymer_wt=17)
- **coupon_to_bath_wait_time**: 0, 30, 150, 300, 450, 550, 600 — well spread
- **nips_bath_wait_time**: 1200, 1200, 1350, 1500, 1650, 1800, 1800 — mid-range ~1450 s is sparse
- **polymer_wt**: 13.0–17.0 well covered; ~14.5 wt% is a gap
- **nitrogen**: 4 True, 3 False — balanced

### Performance Observations
- Best Elastic Modulus: 15 wt%, mixing_temp=75°C, bath_temp=15°C, no N2, wait=550s → 181 MPa
- Second best: 13.5 wt%, mixing_temp=50°C, bath_temp=25°C, N2, wait=600s → 170 MPa
- The 15.5 wt% + N2 + long wait + bath_temp=20°C experiment failed (too thin, insufficient data)
- Low bath_temp (5°C) with high polymer_wt (17) gave moderate 105 MPa

### Explore Target
Target a sparse region: **polymer_wt ~14.5**, **mixing_temp ~65°C**, **bath_temp ~5°C** (underrepresented at mid polymer_wt), **pullcast_speed ~8 mm/s** (sparse mid-range), **coupon_to_bath_wait_time ~90s** (gap between 30 and 150), **nips_bath_wait_time ~1450s** (sparse mid), **nitrogen=False** (to balance and explore no-N2 at cold bath).

This combination is genuinely novel — no prior experiment is close in this multi-dimensional space.

```json
{
  ""mixing_temp"": 65,
  ""bath_temp"": 5,
  ""pullcast_speed"": 8,
  ""nitrogen"": false,
  ""coupon_to_bath_wait_time"": 90,
  ""nips_bath_wait_time"": 1450,
  ""polymer_wt"": 14.5,
  ""additive_wt"": 0
}
```"
"2026-08-26
00:21:17",14p5-0add-5deg-cosolv-none-bathSolv-none-0wt-90s-NoN2-1450s,65,5,14.5,0.0,8.0,False,90,1450,none,none,0.0,"mixing_temp=65; bath_temp=5; polymer_wt=14.5; additive_wt=0; pullcast_speed=8; nitrogen=False; coupon_to_bath_wait_time=90; nips_bath_wait_time=1450; cosolvent_type=none; nips_bath_solvent=none; nips_bath_solvent_wt_percent=0.0; Air Temp Mean=23.55 [room air temperature during casting]; Humidity Mean=49.58 [room air humidity during casting]; Coupon Temp Mean=22.86 [coupon-stage temperature measured at the end of the wait period; during N2 it is the temperature during the N2 blow window, otherwise it is the no-N2 wait condition]; Coupon Humidity Mean=54.4 [coupon-stage humidity measured at the end of the wait period; during N2 it is the humidity during the N2 blow window, otherwise it is the no-N2 wait condition]","# Experimental Report: Automated Membrane Synthesis via Non-Solvent-Induced Phase Separation (NIPS)

## Solution Preparation

A polymer solution was prepared at a concentration of **14.5 wt%** with no cosolvent or additive. The solution was mixed and heated at **65 °C** prior to casting.

## Membrane Casting

The polymer solution was blade-cast onto the coupon stage at a casting speed of **8 mm/s**. The ambient conditions during casting were recorded at a mean air temperature of **23.55 °C** and a mean relative humidity of **49.58%**.

## Pre-Immersion Exposure

Following casting, the film was allowed to rest under **ambient conditions** (no nitrogen purge) for **90 seconds** prior to immersion in the NIPS bath. During this waiting period, the coupon-stage temperature was measured at **22.86 °C** and the local relative humidity at the coupon stage was **54.4%**.

## Phase Inversion (NIPS Bath)

The cast film was subsequently immersed in a **pure water** NIPS bath (no co-solvent added; 0.0 wt% solvent) maintained at **5 °C**. The membrane was allowed to undergo phase inversion for **1,450 seconds** before retrieval.

## Summary Table

| Parameter | Value |
|---|---|
| Polymer concentration | 14.5 wt% |
| Additive/cosolvent | None |
| Mixing temperature | 65 °C |
| Casting speed | 8 mm/s |
| Pre-immersion wait time | 90 s (ambient) |
| Nitrogen purge | No |
| Ambient air temperature | 23.55 °C |
| Ambient relative humidity | 49.58% |
| Coupon-stage temperature | 22.86 °C |
| Coupon-stage humidity | 54.4% |
| NIPS bath composition | Pure water (0.0 wt% solvent) |
| NIPS bath temperature | 5 °C |
| NIPS bath immersion time | 1,450 s |",23.55,49.58,22.86,54.4,130.69251677264972,6.366139308799567,84.03618733834239,8.454093539233497,11.115790524313889,1.3170718419644616,0.5411678648291599,0.0165949221778976,55.89470212730102,4.2757029277590055,901.4982796390698,46.64443465692876,0.0544959328674168,0.0026344417407601,0.517615935441757,0.0117578872420831,0.5899985271660302,0.0157127124932659,0.6671201595157299,0.0207785780987537,,,0.033102656357122,,,"mixing_temp=65; bath_temp=5; polymer_wt=14.5; additive_wt=0; pullcast_speed=8; nitrogen=False; coupon_to_bath_wait_time=90; nips_bath_wait_time=1450; cosolvent_type=none; nips_bath_solvent=none; nips_bath_solvent_wt_percent=0.0; Air Temp Mean=23.55 [room air temperature during casting]; Humidity Mean=49.58 [room air humidity during casting]; Coupon Temp Mean=22.86 [coupon-stage temperature measured at the end of the wait period; during N2 it is the temperature during the N2 blow window, otherwise it is the no-N2 wait condition]; Coupon Humidity Mean=54.4 [coupon-stage humidity measured at the end of the wait period; during N2 it is the humidity during the N2 blow window, otherwise it is the no-N2 wait condition]

{'Air Temp Mean': 23.55, 'Humidity Mean': 49.58, 'Coupon Temp Mean': 22.86, 'Coupon Humidity Mean': 54.4, 'Thickness Mean': 130.69251677264972, 'Elastic Modulus Mean': 84.03618733834239, 'Strain at 50 bar Mean': 0.517615935441757, 'CV Mean': 0.03310265635712208}","# Experimental Report: Automated Membrane Synthesis via Non-Solvent-Induced Phase Separation (NIPS)

## Solution Preparation

A polymer solution was prepared at a concentration of **14.5 wt%** with no cosolvent or additive. The solution was mixed and heated at **65 °C** prior to casting.

## Membrane Casting

The polymer solution was blade-cast onto the coupon stage at a casting speed of **8 mm/s**. The ambient conditions during casting were recorded at a mean air temperature of **23.55 °C** and a mean relative humidity of **49.58%**.

## Pre-Immersion Exposure

Following casting, the film was allowed to rest under **ambient conditions** (no nitrogen purge) for **90 seconds** prior to immersion in the NIPS bath. During this waiting period, the coupon-stage temperature was measured at **22.86 °C** and the local relative humidity at the coupon stage was **54.4%**.

## Phase Inversion (NIPS Bath)

The cast film was subsequently immersed in a **pure water** NIPS bath (no co-solvent added; 0.0 wt% solvent) maintained at **5 °C**. The membrane was allowed to undergo phase inversion for **1,450 seconds** before retrieval.

## Summary Table

| Parameter | Value |
|---|---|
| Polymer concentration | 14.5 wt% |
| Additive/cosolvent | None |
| Mixing temperature | 65 °C |
| Casting speed | 8 mm/s |
| Pre-immersion wait time | 90 s (ambient) |
| Nitrogen purge | No |
| Ambient air temperature | 23.55 °C |
| Ambient relative humidity | 49.58% |
| Coupon-stage temperature | 22.86 °C |
| Coupon-stage humidity | 54.4% |
| NIPS bath composition | Pure water (0.0 wt% solvent) |
| NIPS bath temperature | 5 °C |
| NIPS bath immersion time | 1,450 s |


{'Air Temp Mean': 23.55, 'Humidity Mean': 49.58, 'Coupon Temp Mean': 22.86, 'Coupon Humidity Mean': 54.4, 'Thickness Mean': 130.69251677264972, 'Elastic Modulus Mean': 84.03618733834239, 'Strain at 50 bar Mean': 0.517615935441757, 'CV Mean': 0.03310265635712208}","- **Presence:** Membrane is visible — a pale white/grey sheet occupies the aperture.

- **Vertical Coverage:** The membrane spans the full top-to-bottom extent of the aperture with no gap at the top or bottom edge. ✓

- **Uniformity:** The membrane surface is largely uniform in color and opacity across the central area, with no obvious dark spots or significant thickness variation.

- **Defects:** A distinct diagonal fold or wrinkle is visible within the membrane material itself on the right side, running from upper-right toward lower-center — this is a genuine membrane defect, not a lighting artifact.

- **Summary:** Membrane is present with full vertical coverage and generally uniform appearance, but a clear diagonal fold/wrinkle within the membrane material on the right side constitutes a notable defect.","## Reasoning

**Coverage analysis:**
- `mixing_temp`: well-covered (25–80°C, 8 unique). Gaps around 30–35°C (only 35 used) and 55–60°C range covered. ~40°C is sparse.
- `bath_temp`: 5 used 3×, 25 used 2×, 15/10/20 used once each. **No experiment at bath_temp near the lower-mid range with a novel combo.**
- `pullcast_speed`: 2,4,6,8,10,14,18,20 used. Gap at **12 or 16 mm/s** — 16 is unsampled.
- `nitrogen`: balanced (4/4).
- `coupon_to_bath_wait_time`: 0,30,90,150,300,450,550,600 used. Gap around **200–250 s**.
- `nips_bath_wait_time`: 1200,1350,1450,1500,1650,1800 used. Gap at **~1750 s** or **1250 s**.
- `polymer_wt`: 13.0–17.0 well covered. Gap at **~16.5 wt%**.

**Performance observations:**
- Best Elastic Modulus: 15 wt% / 75°C / 18 mm/s / bath 15°C / 550s no-N2 / 1500s → 181 MPa
- 13.5 wt% / 50°C / 4 mm/s / bath 25°C / 600s N2 / 1200s → 169 MPa
- Low polymer (13–14 wt%) and high mixing temp (80°C) gave poor modulus.
- The 15.5 wt% / 35°C / N2 / 450s / bath 20°C experiment failed (insufficient membrane).

**Proposed experiment — targeting sparse region:**
- `polymer_wt`: **16.5** (gap between 16.0 and 17.0, high concentration favors stiffness)
- `mixing_temp`: **40°C** (sparse; 16.5 wt% is below max so mixing temp can vary)
- `bath_temp`: **10°C** (only used once, with 16 wt% — different combo here)
- `pullcast_speed`: **16 mm/s** (unsampled)
- `coupon_to_bath_wait_time`: **225 s** (gap between 150 and 300)
- `nips_bath_wait_time`: **1750 s** (gap between 1650 and 1800)
- `nitrogen`: **False** (balances with the 16 wt% experiment which was also False, but different combo overall; nitrogen=True is already well-represented at long wait times)
- `additive_wt`: **0** (locked)

This combination is genuinely novel across all dimensions and fills multiple sparse gaps simultaneously.

```json
{
  ""mixing_temp"": 40,
  ""bath_temp"": 10,
  ""pullcast_speed"": 16,
  ""nitrogen"": false,
  ""coupon_to_bath_wait_time"": 225,
  ""nips_bath_wait_time"": 1750,
  ""polymer_wt"": 16.5,
  ""additive_wt"": 0
}
```"
"2026-08-27
11:47:09",16p5-0add-10deg-cosolv-none-bathSolv-none-0wt-225s-NoN2-1750s,40,10,16.5,0.0,16.0,False,225,1750,none,none,0.0,"mixing_temp=40; bath_temp=10; polymer_wt=16.5; additive_wt=0; pullcast_speed=16; nitrogen=False; coupon_to_bath_wait_time=225; nips_bath_wait_time=1750; cosolvent_type=none; nips_bath_solvent=none; nips_bath_solvent_wt_percent=0.0; Air Temp Mean=23.64 [room air temperature during casting]; Humidity Mean=50.53 [room air humidity during casting]; Coupon Temp Mean=23.41 [coupon-stage temperature measured at the end of the wait period; during N2 it is the temperature during the N2 blow window, otherwise it is the no-N2 wait condition]; Coupon Humidity Mean=54.05 [coupon-stage humidity measured at the end of the wait period; during N2 it is the humidity during the N2 blow window, otherwise it is the no-N2 wait condition]","# Experimental Report: Automated NIPS Membrane Synthesis

## Solution Preparation & Casting

A polymer solution was prepared at a concentration of **16.5 wt%** with no cosolvent or additive, and heated/mixed at **40 °C**. The solution was blade-cast onto the coupon stage at a pull-cast speed of **16 mm/s**.

## Pre-Immersion Conditions

Following casting, the coupon was allowed to rest in **ambient conditions (no nitrogen purge)** for **225 seconds** prior to bath immersion. During this waiting period, the ambient environment was characterized by a mean air temperature of **23.64 °C** and a mean relative humidity of **50.53%**. The coupon stage itself registered a mean temperature of **23.41 °C** and a mean relative humidity of **54.05%**, indicating slight moisture accumulation at the film surface relative to the ambient air.

## NIPS Bath Immersion

The cast film was immersed in a **pure non-solvent bath** (no co-solvent added; 0.0 wt% solvent) maintained at **10 °C**. The membrane was held in the bath for **1750 seconds** to allow complete phase inversion and solidification.

## Summary Table

| Parameter | Value |
|---|---|
| Polymer concentration | 16.5 wt% |
| Additive/cosolvent | None |
| Mixing temperature | 40 °C |
| Pull-cast speed | 16 mm/s |
| Pre-immersion wait time | 225 s |
| Nitrogen purge | No |
| Ambient temperature (casting) | 23.64 °C |
| Ambient humidity (casting) | 50.53% RH |
| Coupon temperature (wait period) | 23.41 °C |
| Coupon humidity (wait period) | 54.05% RH |
| NIPS bath temperature | 10 °C |
| NIPS bath solvent | None (pure non-solvent) |
| NIPS bath immersion time | 1750 s |",23.64,50.53,23.41,54.05,124.6148650043328,3.0016707899183155,308.0968763894235,77.74635558490657,26.22070420366197,1.7547852850900998,0.4858180044964574,0.0129559441996988,56.322078597502944,3.608174902427895,780.461676446764,93.2729099730562,0.0964933054000104,0.0031126375622457,0.4167883866450871,0.0134007003786572,0.5216615079960776,0.0108660685727757,0.6130877252486899,0.0118009051592044,,,0.042107778900056,,,"mixing_temp=40; bath_temp=10; polymer_wt=16.5; additive_wt=0; pullcast_speed=16; nitrogen=False; coupon_to_bath_wait_time=225; nips_bath_wait_time=1750; cosolvent_type=none; nips_bath_solvent=none; nips_bath_solvent_wt_percent=0.0; Air Temp Mean=23.64 [room air temperature during casting]; Humidity Mean=50.53 [room air humidity during casting]; Coupon Temp Mean=23.41 [coupon-stage temperature measured at the end of the wait period; during N2 it is the temperature during the N2 blow window, otherwise it is the no-N2 wait condition]; Coupon Humidity Mean=54.05 [coupon-stage humidity measured at the end of the wait period; during N2 it is the humidity during the N2 blow window, otherwise it is the no-N2 wait condition]

{'Air Temp Mean': 23.64, 'Humidity Mean': 50.53, 'Coupon Temp Mean': 23.41, 'Coupon Humidity Mean': 54.05, 'Thickness Mean': 124.61486500433281, 'Elastic Modulus Mean': 308.0968763894235, 'Strain at 50 bar Mean': 0.4167883866450871, 'CV Mean': 0.04210777890005604}","# Experimental Report: Automated NIPS Membrane Synthesis

## Solution Preparation & Casting

A polymer solution was prepared at a concentration of **16.5 wt%** with no cosolvent or additive, and heated/mixed at **40 °C**. The solution was blade-cast onto the coupon stage at a pull-cast speed of **16 mm/s**.

## Pre-Immersion Conditions

Following casting, the coupon was allowed to rest in **ambient conditions (no nitrogen purge)** for **225 seconds** prior to bath immersion. During this waiting period, the ambient environment was characterized by a mean air temperature of **23.64 °C** and a mean relative humidity of **50.53%**. The coupon stage itself registered a mean temperature of **23.41 °C** and a mean relative humidity of **54.05%**, indicating slight moisture accumulation at the film surface relative to the ambient air.

## NIPS Bath Immersion

The cast film was immersed in a **pure non-solvent bath** (no co-solvent added; 0.0 wt% solvent) maintained at **10 °C**. The membrane was held in the bath for **1750 seconds** to allow complete phase inversion and solidification.

## Summary Table

| Parameter | Value |
|---|---|
| Polymer concentration | 16.5 wt% |
| Additive/cosolvent | None |
| Mixing temperature | 40 °C |
| Pull-cast speed | 16 mm/s |
| Pre-immersion wait time | 225 s |
| Nitrogen purge | No |
| Ambient temperature (casting) | 23.64 °C |
| Ambient humidity (casting) | 50.53% RH |
| Coupon temperature (wait period) | 23.41 °C |
| Coupon humidity (wait period) | 54.05% RH |
| NIPS bath temperature | 10 °C |
| NIPS bath solvent | None (pure non-solvent) |
| NIPS bath immersion time | 1750 s |


{'Air Temp Mean': 23.64, 'Humidity Mean': 50.53, 'Coupon Temp Mean': 23.41, 'Coupon Humidity Mean': 54.05, 'Thickness Mean': 124.61486500433281, 'Elastic Modulus Mean': 308.0968763894235, 'Strain at 50 bar Mean': 0.4167883866450871, 'CV Mean': 0.04210777890005604}","- **Presence:** Membrane is visible — a pale white/grey coupon is seated within the aperture.

- **Vertical Coverage:** The membrane appears to span the full top-to-bottom extent of the aperture with no discernible gap at the top or bottom edge.

- **Uniformity:** The membrane surface appears visually uniform in color and opacity, with no obvious patchiness, dark spots, or thickness variation.

- **Defects:** No wrinkles or trapped air bubbles are detected within the membrane material itself. Bright highlights visible on the metal rim and at the boundary edge are lighting/specular artifacts.

- **Summary:** The membrane coupon presents as fully seated vertically, uniform in appearance, and free of observable wrinkles or bubble defects.","## Reasoning

### Coverage Analysis
Looking at the diversity context and prior experiments:

- **mixing_temp**: Well covered (25–80°C, 9 unique). Gap around 55–58°C range.
- **bath_temp**: Only 5 unique values used (5, 5, 5, 10, 10, 15, 20, 25, 25). Bath temp of **5°C** is heavily sampled (3×); **25°C** also 2×. **Bath temp ~20°C with low polymer** is sparse.
- **pullcast_speed**: Well spread (2–20). Mid-range ~12 mm/s unused.
- **coupon_to_bath_wait_time**: 0–600 covered, but ~375–500s range with specific combos is sparse.
- **nips_bath_wait_time**: 1200–1800 covered; ~1550s range less used.
- **polymer_wt**: 13–17 well covered. ~13.0 wt% with cold bath + N2 is unexplored.
- **nitrogen**: 4 True, 5 False — balanced.

### Target Sparse Region
- **polymer_wt ~13.0** (low end) combined with **bath_temp ~20°C** (warm bath, only one experiment at 20°C and that was 15.5 wt% with N2 and failed)
- **mixing_temp ~55°C** (gap between 50 and 60)
- **pullcast_speed ~12 mm/s** (unused)
- **nitrogen = True** (to balance and also because the 15.5/20°C/N2 experiment failed — worth revisiting with different polymer_wt and wait time)
- **coupon_to_bath_wait_time ~375s** (gap between 300 and 450)
- **nips_bath_wait_time ~1550s** (gap)

### Feasibility Check
- polymer_wt = 13.0, mixing_temp = 55°C → valid (not at max 17.0, so mixing_temp can be tuned freely)
- All parameters within stated ranges ✓

### Rationale for Exploration
This combination (13.0 wt%, 55°C mixing, 12 mm/s, bath 20°C, N2, 375s wait, 1550s NIPS) is genuinely novel — no prior experiment is close in the joint space. It probes low polymer concentration with warm bath and moderate pre-immersion N2 exposure, a region that is underrepresented and could reveal how bath temperature interacts with low-concentration dopes.

```json
{
  ""mixing_temp"": 55,
  ""bath_temp"": 20,
  ""pullcast_speed"": 12,
  ""nitrogen"": true,
  ""coupon_to_bath_wait_time"": 375,
  ""nips_bath_wait_time"": 1550,
  ""polymer_wt"": 13.0,
  ""additive_wt"": 0
}
```"
"2026-08-27
15:13:05",13-0add-20deg-cosolv-none-bathSolv-none-0wt-375s-N2-1550s,55,20,13.0,0.0,12.0,True,375,1550,none,none,0.0,"mixing_temp=55; bath_temp=20; polymer_wt=13.0; additive_wt=0.0; pullcast_speed=12; nitrogen=True; coupon_to_bath_wait_time=375; nips_bath_wait_time=1550; cosolvent_type=none; nips_bath_solvent=none; nips_bath_solvent_wt_percent=0.0; Air Temp Mean=24.0 [room air temperature during casting]; Humidity Mean=47.0 [room air humidity during casting]; Coupon Temp Mean=23.73 [coupon-stage temperature measured at the end of the wait period; during N2 it is the temperature during the N2 blow window, otherwise it is the no-N2 wait condition]; Coupon Humidity Mean=45.35 [coupon-stage humidity measured at the end of the wait period; during N2 it is the humidity during the N2 blow window, otherwise it is the no-N2 wait condition]","# Experimental Report: Automated Membrane Synthesis via Non-Solvent-Induced Phase Separation (NIPS)

## Solution Preparation

A polymer solution was prepared at a concentration of **13.0 wt%** with no cosolvent or additive (additive concentration: 0.0 wt%). The solution was mixed and heated at **55 °C** prior to casting.

## Membrane Casting

The polymer solution was blade-cast onto the substrate at a pull-cast speed of **12 mm/s**. Ambient conditions in the laboratory during casting were recorded at a mean air temperature of **24.0 °C** and a mean relative humidity of **47.0%**.

## Pre-Immersion Drying Step

Following casting, the membrane coupon was subjected to a **dry nitrogen (N₂) blow** for a duration of **375 seconds** prior to immersion in the NIPS bath. During this period, the coupon-stage temperature was measured at a mean of **23.73 °C** and the coupon-stage relative humidity at a mean of **45.35%**, indicating modest humidity reduction at the coupon surface relative to ambient conditions under the nitrogen flow.

## NIPS Bath Immersion

After the pre-immersion wait period, the cast film was immersed into a **pure non-solvent bath** (no co-solvent added; 0.0 wt% solvent) maintained at **20 °C**. The membrane was held in the bath for **1550 seconds** to allow complete phase separation and membrane solidification.

## Summary Table

| Parameter | Value |
|---|---|
| Polymer concentration | 13.0 wt% |
| Additive/cosolvent concentration | 0.0 wt% (none) |
| Cosolvent type | None |
| Mixing temperature | 55 °C |
| Pull-cast speed | 12 mm/s |
| Pre-immersion condition | Dry N₂ blow |
| Pre-immersion wait time | 375 s |
| NIPS bath composition | Pure non-solvent (0.0 wt% solvent) |
| NIPS bath temperature | 20 °C |
| NIPS bath immersion time | 1550 s |
| Ambient air temperature | 24.0 °C |
| Ambient relative humidity | 47.0% |
| Coupon-stage temperature (N₂ period) | 23.73 °C |
| Coupon-stage humidity (N₂ period) | 45.35% |",24.0,47.0,23.73,45.35,127.81437261296968,2.839779543367929,147.8252503285428,5.65901660244759,18.3530002814165,2.941510924241441,0.647520358104528,0.009901184916649,38.60789541946561,7.990003846266156,1025.1959925330664,54.19657700595253,0.0433364090493422,0.0042219858114742,0.6331464706224814,0.0100691638584038,0.6871976220441945,0.0064737999048647,0.7515233812920711,0.0033027015764589,,,0.026497051671881,68.0,1 failed due to poor full-plateau fit,"mixing_temp=55; bath_temp=20; polymer_wt=13.0; additive_wt=0.0; pullcast_speed=12; nitrogen=True; coupon_to_bath_wait_time=375; nips_bath_wait_time=1550; cosolvent_type=none; nips_bath_solvent=none; nips_bath_solvent_wt_percent=0.0; Air Temp Mean=24.0 [room air temperature during casting]; Humidity Mean=47.0 [room air humidity during casting]; Coupon Temp Mean=23.73 [coupon-stage temperature measured at the end of the wait period; during N2 it is the temperature during the N2 blow window, otherwise it is the no-N2 wait condition]; Coupon Humidity Mean=45.35 [coupon-stage humidity measured at the end of the wait period; during N2 it is the humidity during the N2 blow window, otherwise it is the no-N2 wait condition]

{'Air Temp Mean': 24.0, 'Humidity Mean': 47.0, 'Coupon Temp Mean': 23.73, 'Coupon Humidity Mean': 45.35, 'Thickness Mean': 127.81437261296968, 'Elastic Modulus Mean': 147.8252503285428, 'Strain at 50 bar Mean': 0.6331464706224814, 'CV Mean': 0.026497051671881065}, 'Discarded Fit Quality Mean': '68.0/100', 'Discarded Fit Reasons': '1 failed due to poor full-plateau fit'","# Experimental Report: Automated Membrane Synthesis via Non-Solvent-Induced Phase Separation (NIPS)

## Solution Preparation

A polymer solution was prepared at a concentration of **13.0 wt%** with no cosolvent or additive (additive concentration: 0.0 wt%). The solution was mixed and heated at **55 °C** prior to casting.

## Membrane Casting

The polymer solution was blade-cast onto the substrate at a pull-cast speed of **12 mm/s**. Ambient conditions in the laboratory during casting were recorded at a mean air temperature of **24.0 °C** and a mean relative humidity of **47.0%**.

## Pre-Immersion Drying Step

Following casting, the membrane coupon was subjected to a **dry nitrogen (N₂) blow** for a duration of **375 seconds** prior to immersion in the NIPS bath. During this period, the coupon-stage temperature was measured at a mean of **23.73 °C** and the coupon-stage relative humidity at a mean of **45.35%**, indicating modest humidity reduction at the coupon surface relative to ambient conditions under the nitrogen flow.

## NIPS Bath Immersion

After the pre-immersion wait period, the cast film was immersed into a **pure non-solvent bath** (no co-solvent added; 0.0 wt% solvent) maintained at **20 °C**. The membrane was held in the bath for **1550 seconds** to allow complete phase separation and membrane solidification.

## Summary Table

| Parameter | Value |
|---|---|
| Polymer concentration | 13.0 wt% |
| Additive/cosolvent concentration | 0.0 wt% (none) |
| Cosolvent type | None |
| Mixing temperature | 55 °C |
| Pull-cast speed | 12 mm/s |
| Pre-immersion condition | Dry N₂ blow |
| Pre-immersion wait time | 375 s |
| NIPS bath composition | Pure non-solvent (0.0 wt% solvent) |
| NIPS bath temperature | 20 °C |
| NIPS bath immersion time | 1550 s |
| Ambient air temperature | 24.0 °C |
| Ambient relative humidity | 47.0% |
| Coupon-stage temperature (N₂ period) | 23.73 °C |
| Coupon-stage humidity (N₂ period) | 45.35% |


{'Air Temp Mean': 24.0, 'Humidity Mean': 47.0, 'Coupon Temp Mean': 23.73, 'Coupon Humidity Mean': 45.35, 'Thickness Mean': 127.81437261296968, 'Elastic Modulus Mean': 147.8252503285428, 'Strain at 50 bar Mean': 0.6331464706224814, 'CV Mean': 0.026497051671881065}, 'Discarded Fit Quality Mean': '68.0/100', 'Discarded Fit Reasons': '1 failed due to poor full-plateau fit'","**Presence:** Membrane is visible — a pale white/light-blue sheet seated within the circular aperture.

**Vertical Coverage:** The membrane does not fully reach the top edge of the aperture; a small gap exposing the backing/rim is visible at the upper portion. This is a vertical coverage defect.

**Uniformity:** The membrane body appears largely uniform in color and opacity, with only very subtle tonal gradation — no significant patchiness or dark spots detected.

**Defects:** No wrinkles or trapped air bubbles are evident within the membrane material itself; surface texture is smooth and consistent.

**Summary:** The membrane is present and internally uniform, but exhibits a notable vertical gap at the top edge of the aperture, constituting a seating/coverage defect.","## Reasoning

### Design Space Analysis

**Covered regions:**
- `mixing_temp`: well spread 25–80°C (10 unique values)
- `bath_temp`: only 5 unique values used: 5, 10, 15, 20, 25°C — all 5 levels covered but bath_temp=5 has 3 experiments, bath_temp=25 has 2, others have 1-2
- `pullcast_speed`: 2–20 mm/s well spread
- `nitrogen`: balanced (5 True, 5 False)
- `coupon_to_bath_wait_time`: 0–600s well spread
- `nips_bath_wait_time`: 1200–1800s, mostly covered but 1200 and 1800 are at extremes; mid-range 1400–1600 has some coverage
- `polymer_wt`: 13.0–17.0, missing ~13.0 at low end with high bath temp combinations

**Sparse/underrepresented regions:**
- `nips_bath_wait_time` near minimum (1200s) with low bath_temp has only one point
- `polymer_wt` near max (16.5–17.0) with warm bath (15°C) — not explored
- `mixing_temp` in the 25–35°C range with mid bath_temp (15°C) — only one point at 25°C (bath=5°C)
- `pullcast_speed` ~1 mm/s (minimum) — not yet explored
- `coupon_to_bath_wait_time` near 0 with no-N2 and warm bath — sparse

**Best performer so far:** 16.5 wt%, mixing_temp=40°C, bath_temp=10°C, pullcast_speed=16, no N2, wait=225s → Elastic Modulus = 308 MPa (best), Strain at 50 bar = 0.417 (best secondary)

**Explore target:** Push toward a novel combination:
- `polymer_wt` = 17.0 (max) → requires `mixing_temp` = 25°C (constraint)
- `bath_temp` = 15°C (underrepresented with high polymer_wt)
- `pullcast_speed` = 1 mm/s (minimum, never tried)
- `nitrogen` = False (to vary from the 17wt% experiment which used N2)
- `coupon_to_bath_wait_time` = 500s (long ambient wait, sparse with no-N2)
- `nips_bath_wait_time` = 1800s (max, not yet combined with 17wt%)

This is deliberately far from all prior points: polymer_wt=17 + bath_temp=15 + pullcast_speed=1 + no N2 + long wait is a novel combination.

```json
{
  ""mixing_temp"": 25,
  ""bath_temp"": 15,
  ""pullcast_speed"": 1,
  ""nitrogen"": false,
  ""coupon_to_bath_wait_time"": 500,
  ""nips_bath_wait_time"": 1800,
  ""polymer_wt"": 17.0,
  ""additive_wt"": 0
}
```"
"2026-08-27
16:43:23",17-0add-15deg-cosolv-none-bathSolv-none-0wt-500s-NoN2-1800s,25,15,17.0,0.0,1.0,False,500,1800,none,none,0.0,"mixing_temp=25; bath_temp=15; polymer_wt=17.0; additive_wt=0.0; pullcast_speed=1; nitrogen=False; coupon_to_bath_wait_time=500; nips_bath_wait_time=1800; cosolvent_type=none; nips_bath_solvent=none; nips_bath_solvent_wt_percent=0.0; Air Temp Mean=23.45 [room air temperature during casting]; Humidity Mean=46.26 [room air humidity during casting]; Coupon Temp Mean=23.22 [coupon-stage temperature measured at the end of the wait period; during N2 it is the temperature during the N2 blow window, otherwise it is the no-N2 wait condition]; Coupon Humidity Mean=51.1 [coupon-stage humidity measured at the end of the wait period; during N2 it is the humidity during the N2 blow window, otherwise it is the no-N2 wait condition]","## Experimental Report: NIPS Membrane Fabrication

### Solution Preparation
The polymer solution was prepared at a concentration of **17.0 wt%** with no additive or cosolvent incorporated (additive: 0.0 wt%, cosolvent: none). The solution was mixed and heated at **25 °C**.

### Membrane Casting
The polymer solution was blade-cast onto the substrate at a pull-cast speed of **1 mm/s**. Ambient conditions in the laboratory during casting were recorded at a mean air temperature of **23.45 °C** and a mean relative humidity of **46.26%**.

### Pre-Immersion Exposure
Following casting, the coupon was allowed to rest under **ambient conditions (no nitrogen purge)** for a wait time of **500 seconds** prior to immersion in the NIPS bath. During this pre-immersion period, the coupon-stage temperature was measured at **23.22 °C** and the local relative humidity at the coupon stage was **51.1%**.

### Phase Inversion (NIPS Bath)
The cast film was subsequently immersed into a **pure non-solvent bath** (no co-solvent added; 0.0 wt% solvent) maintained at **15 °C**. The membrane was allowed to phase-separate and solidify in the bath for **1800 seconds (30 minutes)**.

---
*All parameters were set and executed via the automated robotic membrane synthesis platform.*",23.45,46.26,23.22,51.1,140.8898713451634,0.7653819150638438,256.9408239968061,23.62105304766232,21.16453043134005,0.534588116000638,0.5111533476907831,0.0067669152522517,52.689920138477454,1.7450386230130803,722.4668258081778,33.40434074666486,0.0886024775763553,0.0040172585867665,0.4653751542016686,0.0057165836258675,0.560084983999187,0.0045871962070702,0.6617276005914577,0.0008262939762414,,,0.0177222005581488,,,"mixing_temp=25; bath_temp=15; polymer_wt=17.0; additive_wt=0.0; pullcast_speed=1; nitrogen=False; coupon_to_bath_wait_time=500; nips_bath_wait_time=1800; cosolvent_type=none; nips_bath_solvent=none; nips_bath_solvent_wt_percent=0.0; Air Temp Mean=23.45 [room air temperature during casting]; Humidity Mean=46.26 [room air humidity during casting]; Coupon Temp Mean=23.22 [coupon-stage temperature measured at the end of the wait period; during N2 it is the temperature during the N2 blow window, otherwise it is the no-N2 wait condition]; Coupon Humidity Mean=51.1 [coupon-stage humidity measured at the end of the wait period; during N2 it is the humidity during the N2 blow window, otherwise it is the no-N2 wait condition]

{'Air Temp Mean': 23.45, 'Humidity Mean': 46.26, 'Coupon Temp Mean': 23.22, 'Coupon Humidity Mean': 51.1, 'Thickness Mean': 140.8898713451634, 'Elastic Modulus Mean': 256.9408239968061, 'Strain at 50 bar Mean': 0.46537515420166864, 'CV Mean': 0.017722200558148854}","## Experimental Report: NIPS Membrane Fabrication

### Solution Preparation
The polymer solution was prepared at a concentration of **17.0 wt%** with no additive or cosolvent incorporated (additive: 0.0 wt%, cosolvent: none). The solution was mixed and heated at **25 °C**.

### Membrane Casting
The polymer solution was blade-cast onto the substrate at a pull-cast speed of **1 mm/s**. Ambient conditions in the laboratory during casting were recorded at a mean air temperature of **23.45 °C** and a mean relative humidity of **46.26%**.

### Pre-Immersion Exposure
Following casting, the coupon was allowed to rest under **ambient conditions (no nitrogen purge)** for a wait time of **500 seconds** prior to immersion in the NIPS bath. During this pre-immersion period, the coupon-stage temperature was measured at **23.22 °C** and the local relative humidity at the coupon stage was **51.1%**.

### Phase Inversion (NIPS Bath)
The cast film was subsequently immersed into a **pure non-solvent bath** (no co-solvent added; 0.0 wt% solvent) maintained at **15 °C**. The membrane was allowed to phase-separate and solidify in the bath for **1800 seconds (30 minutes)**.

---
*All parameters were set and executed via the automated robotic membrane synthesis platform.*


{'Air Temp Mean': 23.45, 'Humidity Mean': 46.26, 'Coupon Temp Mean': 23.22, 'Coupon Humidity Mean': 51.1, 'Thickness Mean': 140.8898713451634, 'Elastic Modulus Mean': 256.9408239968061, 'Strain at 50 bar Mean': 0.46537515420166864, 'CV Mean': 0.017722200558148854}","**Presence:** Membrane is visible — a pale white/grey sheet seated within the circular aperture.

**Vertical Coverage:** Membrane appears to span the full top-to-bottom extent of the aperture with no gap at the top or bottom edge.

**Uniformity:** Largely uniform in color and opacity; a subtle tonal gradient (slightly darker lower-center) is present but consistent with lighting angle rather than clear patchiness.

**Defects:** No wrinkles or trapped air bubbles detected within the membrane material itself. Bright streaks visible at the upper-right are specular reflections on the metal rim, not membrane defects.

**Summary:** The membrane coupon appears well-seated with full vertical coverage, uniform appearance, and no observable wrinkles or bubbles.","## Reasoning

### Design Space Analysis

**Covered regions:**
- `mixing_temp`: 25, 35, 40, 45, 50, 55, 60, 65, 75, 80 — well spread, but **70°C is missing**
- `bath_temp`: 5, 10, 15, 20, 25 — all 5 levels covered; **5°C** appears most promising for high modulus
- `pullcast_speed`: 1–20 covered well; mid-range (3, 5, 7, 9, 11) less explored
- `nitrogen`: 5 True / 6 False — balanced
- `coupon_to_bath_wait_time`: 0–600 covered; **very short waits (0–30s) with nitrogen** are sparse outside the 0s/30s points
- `nips_bath_wait_time`: 1200–1800 covered; **~1450s** region is somewhat sparse
- `polymer_wt`: 13–17 covered; **~14.5–15.5 with high bath temp** is sparse

**Best performers (valid Elastic Modulus):**
1. 16.5 wt%, 40°C mix, 10°C bath, 16 mm/s, no N₂, 225s wait, 1750s → **308 MPa**, strain 0.417
2. 17.0 wt%, 25°C mix, 15°C bath, 1 mm/s, no N₂, 500s wait, 1800s → **257 MPa**, strain 0.465
3. 15.0 wt%, 75°C mix, 15°C bath, 18 mm/s, no N₂, 550s wait, 1500s → **181 MPa**, strain 0.550

**Observations:**
- Higher polymer_wt (16–17) tends to give higher modulus
- Cold bath (5–10°C) and moderate bath temp both appear in top performers
- No N₂ appears in top 3 performers
- Long wait times (225–550s) appear in top performers
- The combination of **high polymer_wt (~17) + cold bath (5°C) + no N₂ + long wait + moderate-high pullcast speed** has NOT been tried

**Sparse/novel region to explore:**
- `mixing_temp` = 70°C (gap between 65 and 75)
- `polymer_wt` = 17.0 (max; requires mixing_temp = 25°C per constraint) — already done twice
- `polymer_wt` = 16.5 with **bath_temp = 5°C** (only tried at 10°C) — novel combination
- `pullcast_speed` = 3 mm/s (sparse low-mid range)
- `coupon_to_bath_wait_time` = ~60s (sparse short-wait, no-N₂ region)
- `nips_bath_wait_time` = 1200s (minimum, underexplored with high polymer_wt)

**Proposed experiment:**
- `polymer_wt` = 16.5 (high, promising for modulus)
- `mixing_temp` = 70°C (gap in coverage)
- `bath_temp` = 5°C (coldest, underexplored with 16.5 wt%)
- `pullcast_speed` = 3 mm/s (sparse low-mid)
- `nitrogen` = False (top performers used no N₂)
- `coupon_to_bath_wait_time` = 60s (sparse short-wait region)
- `nips_bath_wait_time` = 1200s (minimum, underexplored with this combo)
- `additive_wt` = 0 (locked)

This combination is genuinely novel: 16.5 wt% at 5°C bath has not been done, 70°C mixing_temp is a gap, 3 mm/s pullcast is sparse, and 60s wait with no N₂ is underrepresented.

```json
{
  ""mixing_temp"": 70,
  ""bath_temp"": 5,
  ""pullcast_speed"": 3,
  ""nitrogen"": false,
  ""coupon_to_bath_wait_time"": 60,
  ""nips_bath_wait_time"": 1200,
  ""polymer_wt"": 16.5,
  ""additive_wt"": 0
}
```"
"2026-08-27
18:42:55",16p5-0add-5deg-cosolv-none-bathSolv-none-0wt-60s-NoN2-1200s,70,5,16.5,0.0,3.0,False,60,1200,none,none,0.0,"mixing_temp=70; bath_temp=5; polymer_wt=16.5; additive_wt=0.0; pullcast_speed=3; nitrogen=False; coupon_to_bath_wait_time=60; nips_bath_wait_time=1200; cosolvent_type=none; nips_bath_solvent=none; nips_bath_solvent_wt_percent=0.0; Air Temp Mean=24.19 [room air temperature during casting]; Humidity Mean=43.65 [room air humidity during casting]; Coupon Temp Mean=23.27 [coupon-stage temperature measured at the end of the wait period; during N2 it is the temperature during the N2 blow window, otherwise it is the no-N2 wait condition]; Coupon Humidity Mean=49.15 [coupon-stage humidity measured at the end of the wait period; during N2 it is the humidity during the N2 blow window, otherwise it is the no-N2 wait condition]","## Experimental Report: Automated NIPS Membrane Synthesis

### Solution Preparation
A polymer solution was prepared at a concentration of **16.5 wt%** with no additive or cosolvent incorporated (additive: 0.0 wt%, cosolvent: none). The solution was mixed and heated at **70 °C** prior to casting.

### Membrane Casting
The polymer solution was blade-cast onto the substrate at a pull-cast speed of **3 mm/s** using the automated robotic system. Ambient conditions during casting were recorded at a mean air temperature of **24.19 °C** and a mean relative humidity of **43.65%**.

### Pre-Immersion Waiting Period
Following blade casting, the coupon was allowed to rest under **ambient conditions (no nitrogen purge)** for **60 seconds** prior to bath immersion. During this waiting period, the coupon-stage temperature and relative humidity were measured at **23.27 °C** and **49.15%**, respectively, indicating mild moisture exposure at the film surface.

### Non-Solvent Induced Phase Separation (NIPS)
The cast film was subsequently immersed into a **pure non-solvent bath** (no co-solvent added; 0.0 wt% solvent) maintained at **5 °C**. The membrane was allowed to phase-separate and solidify in the bath for **1200 seconds (20 minutes)** before retrieval.

### Summary Table

| Parameter | Value |
|---|---|
| Polymer concentration | 16.5 wt% |
| Additive concentration | 0.0 wt% |
| Cosolvent | None |
| Mixing temperature | 70 °C |
| Pull-cast speed | 3 mm/s |
| Pre-immersion wait time | 60 s (ambient) |
| Nitrogen purge | No |
| NIPS bath temperature | 5 °C |
| NIPS bath solvent | None (0.0 wt%) |
| NIPS bath immersion time | 1200 s |
| Ambient air temperature | 24.19 °C |
| Ambient relative humidity | 43.65% |
| Coupon-stage temperature | 23.27 °C |
| Coupon-stage humidity | 49.15% |",24.19,43.65,23.27,49.15,125.9400321426987,2.2863776024634466,114.95624572370772,16.169529582726767,14.40511159292702,0.7057042955415499,0.52282882279721,0.0053894046656753,65.51840009486196,4.7404405552935485,672.615045272524,27.858923353235603,0.0886276790609603,0.0032350600391622,0.4915219028676967,0.0111571430840919,0.5813668258855784,0.0091455992338795,0.6829832310104335,0.0,,,0.0312518498254623,,,"mixing_temp=70; bath_temp=5; polymer_wt=16.5; additive_wt=0.0; pullcast_speed=3; nitrogen=False; coupon_to_bath_wait_time=60; nips_bath_wait_time=1200; cosolvent_type=none; nips_bath_solvent=none; nips_bath_solvent_wt_percent=0.0; Air Temp Mean=24.19 [room air temperature during casting]; Humidity Mean=43.65 [room air humidity during casting]; Coupon Temp Mean=23.27 [coupon-stage temperature measured at the end of the wait period; during N2 it is the temperature during the N2 blow window, otherwise it is the no-N2 wait condition]; Coupon Humidity Mean=49.15 [coupon-stage humidity measured at the end of the wait period; during N2 it is the humidity during the N2 blow window, otherwise it is the no-N2 wait condition]

{'Air Temp Mean': 24.19, 'Humidity Mean': 43.65, 'Coupon Temp Mean': 23.27, 'Coupon Humidity Mean': 49.15, 'Thickness Mean': 125.9400321426987, 'Elastic Modulus Mean': 114.95624572370772, 'Strain at 50 bar Mean': 0.4915219028676967, 'CV Mean': 0.031251849825462315}","## Experimental Report: Automated NIPS Membrane Synthesis

### Solution Preparation
A polymer solution was prepared at a concentration of **16.5 wt%** with no additive or cosolvent incorporated (additive: 0.0 wt%, cosolvent: none). The solution was mixed and heated at **70 °C** prior to casting.

### Membrane Casting
The polymer solution was blade-cast onto the substrate at a pull-cast speed of **3 mm/s** using the automated robotic system. Ambient conditions during casting were recorded at a mean air temperature of **24.19 °C** and a mean relative humidity of **43.65%**.

### Pre-Immersion Waiting Period
Following blade casting, the coupon was allowed to rest under **ambient conditions (no nitrogen purge)** for **60 seconds** prior to bath immersion. During this waiting period, the coupon-stage temperature and relative humidity were measured at **23.27 °C** and **49.15%**, respectively, indicating mild moisture exposure at the film surface.

### Non-Solvent Induced Phase Separation (NIPS)
The cast film was subsequently immersed into a **pure non-solvent bath** (no co-solvent added; 0.0 wt% solvent) maintained at **5 °C**. The membrane was allowed to phase-separate and solidify in the bath for **1200 seconds (20 minutes)** before retrieval.

### Summary Table

| Parameter | Value |
|---|---|
| Polymer concentration | 16.5 wt% |
| Additive concentration | 0.0 wt% |
| Cosolvent | None |
| Mixing temperature | 70 °C |
| Pull-cast speed | 3 mm/s |
| Pre-immersion wait time | 60 s (ambient) |
| Nitrogen purge | No |
| NIPS bath temperature | 5 °C |
| NIPS bath solvent | None (0.0 wt%) |
| NIPS bath immersion time | 1200 s |
| Ambient air temperature | 24.19 °C |
| Ambient relative humidity | 43.65% |
| Coupon-stage temperature | 23.27 °C |
| Coupon-stage humidity | 49.15% |


{'Air Temp Mean': 24.19, 'Humidity Mean': 43.65, 'Coupon Temp Mean': 23.27, 'Coupon Humidity Mean': 49.15, 'Thickness Mean': 125.9400321426987, 'Elastic Modulus Mean': 114.95624572370772, 'Strain at 50 bar Mean': 0.4915219028676967, 'CV Mean': 0.031251849825462315}","- **Presence:** Membrane is visible — a pale white/grey sheet seated within the circular aperture.
- **Vertical Coverage:** The membrane appears to reach both the top and bottom edges of the aperture with no visible gap; vertical coverage is complete.
- **Uniformity:** Color and opacity are consistent throughout — uniform pale grey with no dark spots, patchiness, or obvious thickness variation.
- **Defects:** No wrinkles or trapped air bubbles detected within the membrane material itself; the bright streaks visible at the upper-right are specular reflections on the metal rim, not membrane defects.
- **Summary:** The membrane coupon presents as fully seated, vertically complete, and free of observable surface defects.","## Reasoning

### Coverage Analysis
Looking at the diversity context and prior experiments to identify sparse regions:

- **mixing_temp**: Well covered (25–80°C, 11 unique). Gap around ~30°C (only 25 and 35 used).
- **bath_temp**: Only 5 unique values used: 5, 10, 15, 20, 25°C. The range is 5–25°C — all integers of 5 are covered. Need to try intermediate values like **8°C** or **12°C** to fill gaps.
- **pullcast_speed**: All 12 experiments have unique speeds; 1–20 well covered.
- **nitrogen**: 5 True, 7 False — reasonably balanced.
- **coupon_to_bath_wait_time**: 0–600 well covered.
- **nips_bath_wait_time**: 1200–1800, 8 unique values. The minimum (1200) has been used 3 times; mid-range ~1400–1500 has some coverage. **1250s** is underrepresented.
- **polymer_wt**: 13–17 covered, but **14.0** only appears once (with extreme conditions: 80°C, 20mm/s, N2, 0s wait). A mid-range polymer_wt like **14.0** with very different other conditions would be novel.

### Target Sparse Region
- **bath_temp = 8°C** — not yet sampled (only 5, 10, 15, 20, 25 used)
- **polymer_wt = 14.0** — only one prior experiment, and that had extreme settings
- **mixing_temp = 30°C** — only 25 and 35 used; 30 is a gap
- **pullcast_speed = 5 mm/s** — not yet used (1,2,3,4,6,8,10,12,14,16,18,20 used; 5 is a gap)
- **coupon_to_bath_wait_time = 120s** — sparse near this value (90 and 150 used, but 120 is a gap with different other conditions)
- **nips_bath_wait_time = 1250s** — underrepresented
- **nitrogen = True** — slightly underrepresented

This combination is genuinely novel and far from any prior point.

```json
{
  ""mixing_temp"": 30,
  ""bath_temp"": 8,
  ""pullcast_speed"": 5,
  ""nitrogen"": true,
  ""coupon_to_bath_wait_time"": 120,
  ""nips_bath_wait_time"": 1250,
  ""polymer_wt"": 14.0,
  ""additive_wt"": 0
}
```"
"2026-08-28
17:07:51",14-0add-8deg-cosolv-none-bathSolv-none-0wt-120s-N2-1250s,30,8,14.0,0.0,5.0,True,120,1250,none,none,0.0,"mixing_temp=30; bath_temp=8; polymer_wt=14.0; additive_wt=0.0; pullcast_speed=5; nitrogen=True; coupon_to_bath_wait_time=120; nips_bath_wait_time=1250; cosolvent_type=none; nips_bath_solvent=none; nips_bath_solvent_wt_percent=0.0; Air Temp Mean=23.33 [room air temperature during casting]; Humidity Mean=43.22 [room air humidity during casting]; Coupon Temp Mean=23.15 [coupon-stage temperature measured at the end of the wait period; during N2 it is the temperature during the N2 blow window, otherwise it is the no-N2 wait condition]; Coupon Humidity Mean=41.2 [coupon-stage humidity measured at the end of the wait period; during N2 it is the humidity during the N2 blow window, otherwise it is the no-N2 wait condition]","# Experimental Report: Automated Membrane Synthesis via Non-Solvent-Induced Phase Separation (NIPS)

## Solution Preparation

A polymer solution was prepared at a concentration of **14.0 wt%** with no cosolvent or additive included (additive concentration: 0.0 wt%). The solution was mixed and heated at **30 °C** prior to casting.

## Membrane Casting

The polymer solution was blade-cast onto the coupon stage at a pull-cast speed of **5 mm/s**. Ambient conditions in the laboratory during casting were recorded at a mean air temperature of **23.33 °C** and a mean relative humidity of **43.22%**.

## Pre-Immersion Treatment

Following casting, the membrane coupon was subjected to a **dry nitrogen (N₂) blow** for a duration of **120 seconds** prior to immersion in the NIPS bath. This laminar nitrogen flow was applied to minimize humidity exposure at the film surface during the evaporation interval. During this period, the coupon-stage temperature was measured at a mean of **23.15 °C**, with a local relative humidity of **41.2%**, confirming effective humidity suppression relative to ambient conditions.

## Phase Inversion (NIPS Bath)

The cast film was subsequently immersed into a **pure water NIPS bath** (no co-solvent added; 0.0 wt% solvent) maintained at **8 °C**. The membrane was held in the bath for **1,250 seconds** to allow complete phase inversion and membrane solidification.

## Summary Table

| Parameter | Value |
|---|---|
| Polymer concentration | 14.0 wt% |
| Additive/cosolvent concentration | 0.0 wt% (none) |
| Cosolvent type | None |
| Mixing temperature | 30 °C |
| Pull-cast speed | 5 mm/s |
| Pre-immersion treatment | Dry N₂ blow |
| Pre-immersion wait time | 120 s |
| Coupon-stage temperature (during N₂) | 23.15 °C |
| Coupon-stage humidity (during N₂) | 41.2% |
| Ambient air temperature | 23.33 °C |
| Ambient relative humidity | 43.22% |
| NIPS bath composition | Pure water (no solvent) |
| NIPS bath temperature | 8 °C |
| NIPS bath immersion time | 1,250 s |",23.33,43.22,23.15,41.2,133.04155115433457,4.39003930334374,103.60120814462462,25.123800790784465,19.155633185111512,0.9389763767254958,0.747146619442529,0.0213267413012942,36.40344199767472,2.8815985368892463,766.2855082733896,22.303671524418508,0.0747074952889558,0.0040729587730234,0.7188664683766662,0.0174660168967268,0.801739188511779,0.0182877137468538,0.8779140844530087,0.0058155530178222,,,0.0446379351325427,,,"mixing_temp=30; bath_temp=8; polymer_wt=14.0; additive_wt=0.0; pullcast_speed=5; nitrogen=True; coupon_to_bath_wait_time=120; nips_bath_wait_time=1250; cosolvent_type=none; nips_bath_solvent=none; nips_bath_solvent_wt_percent=0.0; Air Temp Mean=23.33 [room air temperature during casting]; Humidity Mean=43.22 [room air humidity during casting]; Coupon Temp Mean=23.15 [coupon-stage temperature measured at the end of the wait period; during N2 it is the temperature during the N2 blow window, otherwise it is the no-N2 wait condition]; Coupon Humidity Mean=41.2 [coupon-stage humidity measured at the end of the wait period; during N2 it is the humidity during the N2 blow window, otherwise it is the no-N2 wait condition]

{'Air Temp Mean': 23.33, 'Humidity Mean': 43.22, 'Coupon Temp Mean': 23.15, 'Coupon Humidity Mean': 41.2, 'Thickness Mean': 133.04155115433457, 'Elastic Modulus Mean': 103.60120814462462, 'Strain at 50 bar Mean': 0.7188664683766662, 'CV Mean': 0.0446379351325427}","# Experimental Report: Automated Membrane Synthesis via Non-Solvent-Induced Phase Separation (NIPS)

## Solution Preparation

A polymer solution was prepared at a concentration of **14.0 wt%** with no cosolvent or additive included (additive concentration: 0.0 wt%). The solution was mixed and heated at **30 °C** prior to casting.

## Membrane Casting

The polymer solution was blade-cast onto the coupon stage at a pull-cast speed of **5 mm/s**. Ambient conditions in the laboratory during casting were recorded at a mean air temperature of **23.33 °C** and a mean relative humidity of **43.22%**.

## Pre-Immersion Treatment

Following casting, the membrane coupon was subjected to a **dry nitrogen (N₂) blow** for a duration of **120 seconds** prior to immersion in the NIPS bath. This laminar nitrogen flow was applied to minimize humidity exposure at the film surface during the evaporation interval. During this period, the coupon-stage temperature was measured at a mean of **23.15 °C**, with a local relative humidity of **41.2%**, confirming effective humidity suppression relative to ambient conditions.

## Phase Inversion (NIPS Bath)

The cast film was subsequently immersed into a **pure water NIPS bath** (no co-solvent added; 0.0 wt% solvent) maintained at **8 °C**. The membrane was held in the bath for **1,250 seconds** to allow complete phase inversion and membrane solidification.

## Summary Table

| Parameter | Value |
|---|---|
| Polymer concentration | 14.0 wt% |
| Additive/cosolvent concentration | 0.0 wt% (none) |
| Cosolvent type | None |
| Mixing temperature | 30 °C |
| Pull-cast speed | 5 mm/s |
| Pre-immersion treatment | Dry N₂ blow |
| Pre-immersion wait time | 120 s |
| Coupon-stage temperature (during N₂) | 23.15 °C |
| Coupon-stage humidity (during N₂) | 41.2% |
| Ambient air temperature | 23.33 °C |
| Ambient relative humidity | 43.22% |
| NIPS bath composition | Pure water (no solvent) |
| NIPS bath temperature | 8 °C |
| NIPS bath immersion time | 1,250 s |


{'Air Temp Mean': 23.33, 'Humidity Mean': 43.22, 'Coupon Temp Mean': 23.15, 'Coupon Humidity Mean': 41.2, 'Thickness Mean': 133.04155115433457, 'Elastic Modulus Mean': 103.60120814462462, 'Strain at 50 bar Mean': 0.7188664683766662, 'CV Mean': 0.0446379351325427}","- **Presence:** Membrane is visible — a pale white/grey coupon is seated within the aperture.

- **Vertical Coverage:** Membrane spans the full top-to-bottom extent of the aperture with no gap at the top or bottom edge. Vertical coverage is complete.

- **Uniformity:** Color and opacity are largely uniform across the membrane surface; a very slight tonal gradient toward the upper portion is present but minor.

- **Defects:** A few faint, fine linear marks are visible within the membrane material itself, consistent with minor surface creases or shallow wrinkles. No trapped air bubbles detected.

- **Summary:** Membrane is present with full vertical coverage and generally uniform appearance, with minor surface creasing noted within the membrane material.","## Reasoning

**Design space analysis:**

Looking at coverage gaps:
- `mixing_temp`: well covered 25–80°C (12 unique values). Gap around ~57–63°C is minor; main gap is mid-range already filled. Actually ~57°C is uncovered.
- `bath_temp`: covered at 5, 8, 10, 15, 20, 25°C. **Gap: ~12–13°C range** is sparse.
- `pullcast_speed`: all 13 unique — very well covered 1–20. Gap around 7, 9, 11, 13, 15, 17, 19 mm/s.
- `nitrogen`: 6 True, 7 False — balanced.
- `coupon_to_bath_wait_time`: 0–600 well spread. Gap around ~200–220s (225 exists), ~330–370s. Actually ~250–330s is sparse.
- `nips_bath_wait_time`: covered 1200–1800. Gap around **1400–1440s** (1450 exists), **1300s** is uncovered.
- `polymer_wt`: 13.0, 13.5, 14.0, 14.5, 15.0, 15.5, 16.0, 16.5, 17.0 — 9 unique. **Gap: ~13.0 is at low end, 17.0 at high end. Missing ~13.0 with different conditions, or a mid-value like 15.0 with very different settings.**

**Target sparse region:**
- `bath_temp` ~12°C (between 10 and 15, only 8°C is close to low end)
- `mixing_temp` ~57°C (between 55 and 60, uncovered)
- `pullcast_speed` ~11 mm/s (between 10 and 12, uncovered)
- `coupon_to_bath_wait_time` ~270s (between 225 and 300, sparse)
- `nips_bath_wait_time` ~1300s (uncovered)
- `polymer_wt` ~15.5 was used at mixing_temp=35; try ~15.0 at different conditions, or try **13.0 with bath_temp=12** — but 13.0 already has 2 entries. Try **polymer_wt=15.0** with very different conditions from the existing 15.0 entry (mixing_temp=75, bath_temp=15, pullcast=18, no N2, wait=550s).
- `nitrogen`: True (to balance slightly, currently 6T/7F — either works)

**Proposed experiment:**
- `polymer_wt` = 15.0 (existing: mixing_temp=75, bath_temp=15, pullcast=18, no N2, wait=550s, nips=1500s)
- New: `mixing_temp` = 57°C, `bath_temp` = 12°C, `pullcast_speed` = 11 mm/s, `nitrogen` = True, `coupon_to_bath_wait_time` = 270s, `nips_bath_wait_time` = 1300s

This is deliberately far from the existing 15.0 wt% experiment and fills multiple sparse dimensions simultaneously.

```json
{
  ""mixing_temp"": 57,
  ""bath_temp"": 12,
  ""pullcast_speed"": 11,
  ""nitrogen"": true,
  ""coupon_to_bath_wait_time"": 270,
  ""nips_bath_wait_time"": 1300,
  ""polymer_wt"": 15.0,
  ""additive_wt"": 0
}
```"
"2026-08-28
19:14:27",15-0add-12deg-cosolv-none-bathSolv-none-0wt-270s-N2-1300s,57,12,15.0,0.0,11.0,True,270,1300,none,none,0.0,"mixing_temp=57; bath_temp=12; polymer_wt=15.0; additive_wt=0.0; pullcast_speed=11; nitrogen=True; coupon_to_bath_wait_time=270; nips_bath_wait_time=1300; cosolvent_type=none; nips_bath_solvent=none; nips_bath_solvent_wt_percent=0.0; Air Temp Mean=23.57 [room air temperature during casting]; Humidity Mean=40.58 [room air humidity during casting]; Coupon Temp Mean=23.06 [coupon-stage temperature measured at the end of the wait period; during N2 it is the temperature during the N2 blow window, otherwise it is the no-N2 wait condition]; Coupon Humidity Mean=40.72 [coupon-stage humidity measured at the end of the wait period; during N2 it is the humidity during the N2 blow window, otherwise it is the no-N2 wait condition]","# Experimental Report: Automated Membrane Synthesis via Non-Solvent-Induced Phase Separation (NIPS)

## Solution Preparation

A polymer solution was prepared at a concentration of **15.0 wt%** with no cosolvent or additive included (additive concentration: 0.0 wt%). The solution was mixed and heated at **57 °C** prior to casting.

## Membrane Casting

The polymer solution was blade-cast onto the substrate at a pull-cast speed of **11 mm/s**. Ambient conditions in the laboratory during casting were recorded at a mean air temperature of **23.57 °C** and a mean relative humidity of **40.58%**.

## Pre-Immersion Treatment

Following casting, the membrane coupon was subjected to a **dry nitrogen (N₂) blow** for a duration of **270 seconds** prior to immersion in the NIPS bath. During this period, the coupon-stage temperature and humidity were measured at **23.06 °C** and **40.72% RH**, respectively, reflecting conditions at the end of the N₂ blow window.

## Phase Inversion (NIPS Bath)

The cast membrane was subsequently immersed in a **pure non-solvent bath** (no solvent additive; 0.0 wt% solvent) maintained at **12 °C**. The membrane remained in the bath for **1300 seconds** to allow complete phase inversion.

---
*All parameters were set and executed via the automated robotic membrane synthesis platform.*",23.57,40.58,23.06,40.72,137.45762314236308,0.5011797938074296,194.30765052963704,8.969256200636039,30.0488033546133,0.2500049333015717,0.6753930754645525,0.0577019022289456,91.91684631991708,10.910200328141634,502.6352226350259,66.6921502805559,0.0745465157813654,0.0006691953362956,0.3971181225651825,0.0449937540938072,0.6151131653347498,0.0173185815548507,0.8183457424437364,0.0321689770813335,,,0.0717437725315113,62.0,2 failed due to yield point (bp1) likely misplaced,"mixing_temp=57; bath_temp=12; polymer_wt=15.0; additive_wt=0.0; pullcast_speed=11; nitrogen=True; coupon_to_bath_wait_time=270; nips_bath_wait_time=1300; cosolvent_type=none; nips_bath_solvent=none; nips_bath_solvent_wt_percent=0.0; Air Temp Mean=23.57 [room air temperature during casting]; Humidity Mean=40.58 [room air humidity during casting]; Coupon Temp Mean=23.06 [coupon-stage temperature measured at the end of the wait period; during N2 it is the temperature during the N2 blow window, otherwise it is the no-N2 wait condition]; Coupon Humidity Mean=40.72 [coupon-stage humidity measured at the end of the wait period; during N2 it is the humidity during the N2 blow window, otherwise it is the no-N2 wait condition]

{'Air Temp Mean': 23.57, 'Humidity Mean': 40.58, 'Coupon Temp Mean': 23.06, 'Coupon Humidity Mean': 40.72, 'Thickness Mean': 137.45762314236308, 'Elastic Modulus Mean': 194.30765052963702, 'Strain at 50 bar Mean': 0.39711812256518253, 'CV Mean': 0.07174377253151133}, 'Discarded Fit Quality Mean': '62.0/100', 'Discarded Fit Reasons': '2 failed due to yield point (bp1) likely misplaced'","# Experimental Report: Automated Membrane Synthesis via Non-Solvent-Induced Phase Separation (NIPS)

## Solution Preparation

A polymer solution was prepared at a concentration of **15.0 wt%** with no cosolvent or additive included (additive concentration: 0.0 wt%). The solution was mixed and heated at **57 °C** prior to casting.

## Membrane Casting

The polymer solution was blade-cast onto the substrate at a pull-cast speed of **11 mm/s**. Ambient conditions in the laboratory during casting were recorded at a mean air temperature of **23.57 °C** and a mean relative humidity of **40.58%**.

## Pre-Immersion Treatment

Following casting, the membrane coupon was subjected to a **dry nitrogen (N₂) blow** for a duration of **270 seconds** prior to immersion in the NIPS bath. During this period, the coupon-stage temperature and humidity were measured at **23.06 °C** and **40.72% RH**, respectively, reflecting conditions at the end of the N₂ blow window.

## Phase Inversion (NIPS Bath)

The cast membrane was subsequently immersed in a **pure non-solvent bath** (no solvent additive; 0.0 wt% solvent) maintained at **12 °C**. The membrane remained in the bath for **1300 seconds** to allow complete phase inversion.

---
*All parameters were set and executed via the automated robotic membrane synthesis platform.*


{'Air Temp Mean': 23.57, 'Humidity Mean': 40.58, 'Coupon Temp Mean': 23.06, 'Coupon Humidity Mean': 40.72, 'Thickness Mean': 137.45762314236308, 'Elastic Modulus Mean': 194.30765052963702, 'Strain at 50 bar Mean': 0.39711812256518253, 'CV Mean': 0.07174377253151133}, 'Discarded Fit Quality Mean': '62.0/100', 'Discarded Fit Reasons': '2 failed due to yield point (bp1) likely misplaced'","- **Presence:** Membrane is visible — a pale white/grey coupon is seated within the circular aperture.
- **Vertical Coverage:** Membrane spans the full top-to-bottom extent of the aperture with no gap at the top or bottom edge. Vertical coverage is complete.
- **Uniformity:** Color and opacity are consistent across the membrane surface; no patchiness, dark spots, or obvious thickness variation detected.
- **Defects:** No wrinkles or trapped air bubbles visible within the membrane material itself; the surface texture appears smooth and flat.
- **Summary:** The membrane coupon presents complete vertical coverage, uniform appearance, and no detectable surface defects.","## Reasoning

### Coverage Analysis
With 14 experiments done, I need to identify sparse regions:

**mixing_temp**: Covered: 25, 30, 35, 40, 45, 50, 55, 57, 60, 65, 70, 75, 80. Missing: ~63-68 range is thin, but actually the range 25-80 is fairly well covered. The gap around **25°C (non-max polymer)** is sparse — only used at 25°C with polymer_wt=17 (max). A mid-low mixing temp like 25°C with lower polymer_wt hasn't been tried.

**bath_temp**: Covered: 5 (×4), 8, 10 (×2), 12, 15 (×2), 20 (×2), 25 (×2). Bath temp of **25°C** has been used but with low polymer concentrations. Bath temp around **18-22°C** is sparse (only 20°C twice).

**polymer_wt**: Covered: 13 (×2), 13.5, 14 (×2), 14.5, 15 (×2), 15.5, 16, 16.5 (×2), 17 (×2). **~13.5-14 range** with high bath temp is sparse.

**nips_bath_wait_time**: 1200 (×3), 1250, 1300, 1350, 1450, 1500, 1550, 1650, 1750, 1800 (×3). The **1400-1450** range is thin; 1450 used once.

**coupon_to_bath_wait_time**: 0, 30, 60, 90, 120, 150, 225, 270, 300, 375, 450, 500, 550, 600. Sparse around **~180-220s** and **~330-370s** — but actually fairly well distributed. Very sparse: **~330-370s** with nitrogen=False.

**nitrogen**: 7 True, 7 False — balanced.

### Novel combination target:
- **polymer_wt = 13.0** (low end) — but with **bath_temp = 18°C** (undersampled between 15 and 20)
- **mixing_temp = 25°C** (low, non-max polymer so allowed)
- **pullcast_speed = 7 mm/s** (gap between 6 and 8)
- **nitrogen = False** (balance maintained)
- **coupon_to_bath_wait_time = 340 s** (sparse region)
- **nips_bath_wait_time = 1600 s** (sparse between 1550 and 1650)

This combination: low polymer wt + low mixing temp + mid bath temp + mid-speed + mid wait time — genuinely novel and far from existing points.

```json
{
  ""mixing_temp"": 25,
  ""bath_temp"": 18,
  ""pullcast_speed"": 7,
  ""nitrogen"": false,
  ""coupon_to_bath_wait_time"": 340,
  ""nips_bath_wait_time"": 1600,
  ""polymer_wt"": 13.0,
  ""additive_wt"": 0
}
```"
"2026-08-31
16:42:51",13-0add-18deg-cosolv-none-bathSolv-none-0wt-340s-NoN2-1600s,25,18,13.0,0.0,7.0,False,340,1600,none,none,0.0,"mixing_temp=25; bath_temp=18; polymer_wt=13.0; additive_wt=0; pullcast_speed=7; nitrogen=False; coupon_to_bath_wait_time=340; nips_bath_wait_time=1600; cosolvent_type=none; nips_bath_solvent=none; nips_bath_solvent_wt_percent=0.0; Air Temp Mean=nan [room air temperature during casting]; Humidity Mean=nan [room air humidity during casting]; Coupon Temp Mean=nan [coupon-stage temperature measured at the end of the wait period; during N2 it is the temperature during the N2 blow window, otherwise it is the no-N2 wait condition]; Coupon Humidity Mean=nan [coupon-stage humidity measured at the end of the wait period; during N2 it is the humidity during the N2 blow window, otherwise it is the no-N2 wait condition]","# Experimental Report: Automated Membrane Synthesis via Non-Solvent-Induced Phase Separation (NIPS)

## Solution Preparation

The polymer solution was prepared at a concentration of **13.0 wt%** with no cosolvent or additive included (additive concentration: 0 wt%). The solution was mixed and heated at **25 °C**.

## Membrane Casting

The polymer solution was blade-cast onto the coupon stage at a casting speed of **7 mm/s**. No dry nitrogen purge was applied following casting; the sample was instead allowed to rest under **ambient conditions** for a waiting period of **340 seconds** prior to immersion in the NIPS bath. Room air temperature and relative humidity during casting were not recorded, and coupon-stage temperature and humidity at the end of the waiting period were likewise not measured.

## Phase Inversion (NIPS Bath)

Following the ambient waiting period, the cast film was immersed into a **pure non-solvent bath** (no co-solvent added; 0.0 wt% solvent) maintained at **18 °C**. The membrane was held in the bath for **1600 seconds** to allow complete phase inversion.

## Summary Table

| Parameter | Value |
|---|---|
| Mixing Temperature | 25 °C |
| Polymer Concentration | 13.0 wt% |
| Additive/Cosolvent Concentration | 0 wt% |
| Cosolvent Type | None |
| Casting Speed | 7 mm/s |
| Nitrogen Purge | No |
| Ambient Wait Time | 340 s |
| NIPS Bath Temperature | 18 °C |
| NIPS Bath Solvent | None (pure non-solvent) |
| NIPS Bath Wait Time | 1600 s |",,,,,75.34891537033108,5.766747360315218,,,,,,,,,,,,,0.4621803404964895,0.0357242023631993,,,,,,,,37.5,"4 failed due to plateau slope >= elastic modulus, no real transition","mixing_temp=25; bath_temp=18; polymer_wt=13.0; additive_wt=0; pullcast_speed=7; nitrogen=False; coupon_to_bath_wait_time=340; nips_bath_wait_time=1600; cosolvent_type=none; nips_bath_solvent=none; nips_bath_solvent_wt_percent=0.0; Air Temp Mean=nan [room air temperature during casting]; Humidity Mean=nan [room air humidity during casting]; Coupon Temp Mean=nan [coupon-stage temperature measured at the end of the wait period; during N2 it is the temperature during the N2 blow window, otherwise it is the no-N2 wait condition]; Coupon Humidity Mean=nan [coupon-stage humidity measured at the end of the wait period; during N2 it is the humidity during the N2 blow window, otherwise it is the no-N2 wait condition]

{'Air Temp Mean': nan, 'Humidity Mean': nan, 'Coupon Temp Mean': nan, 'Coupon Humidity Mean': nan, 'Thickness Mean': 75.34891537033108, 'Elastic Modulus Mean': nan, 'Strain at 50 bar Mean': 0.4621803404964895, 'CV Mean': nan}, 'Discarded Fit Quality Mean': '37.5/100', 'Discarded Fit Reasons': '4 failed due to plateau slope >= elastic modulus, no real transition'","# Experimental Report: Automated Membrane Synthesis via Non-Solvent-Induced Phase Separation (NIPS)

## Solution Preparation

The polymer solution was prepared at a concentration of **13.0 wt%** with no cosolvent or additive included (additive concentration: 0 wt%). The solution was mixed and heated at **25 °C**.

## Membrane Casting

The polymer solution was blade-cast onto the coupon stage at a casting speed of **7 mm/s**. No dry nitrogen purge was applied following casting; the sample was instead allowed to rest under **ambient conditions** for a waiting period of **340 seconds** prior to immersion in the NIPS bath. Room air temperature and relative humidity during casting were not recorded, and coupon-stage temperature and humidity at the end of the waiting period were likewise not measured.

## Phase Inversion (NIPS Bath)

Following the ambient waiting period, the cast film was immersed into a **pure non-solvent bath** (no co-solvent added; 0.0 wt% solvent) maintained at **18 °C**. The membrane was held in the bath for **1600 seconds** to allow complete phase inversion.

## Summary Table

| Parameter | Value |
|---|---|
| Mixing Temperature | 25 °C |
| Polymer Concentration | 13.0 wt% |
| Additive/Cosolvent Concentration | 0 wt% |
| Cosolvent Type | None |
| Casting Speed | 7 mm/s |
| Nitrogen Purge | No |
| Ambient Wait Time | 340 s |
| NIPS Bath Temperature | 18 °C |
| NIPS Bath Solvent | None (pure non-solvent) |
| NIPS Bath Wait Time | 1600 s |


{'Air Temp Mean': nan, 'Humidity Mean': nan, 'Coupon Temp Mean': nan, 'Coupon Humidity Mean': nan, 'Thickness Mean': 75.34891537033108, 'Elastic Modulus Mean': nan, 'Strain at 50 bar Mean': 0.4621803404964895, 'CV Mean': nan}, 'Discarded Fit Quality Mean': '37.5/100', 'Discarded Fit Reasons': '4 failed due to plateau slope >= elastic modulus, no real transition'","**Presence:** A pale/white membrane coupon is visible within the aperture.

**Vertical Coverage:** The membrane does not reach the top edge of the aperture — a clear gap is present at the top, exposing the backing/rig. Bottom coverage appears adequate.

**Uniformity:** The membrane body appears largely uniform in color and opacity with no obvious patchiness or dark spots.

**Defects:** No wrinkles or trapped air bubbles are discernible within the membrane material itself; boundary-edge shadowing is consistent with lighting artifacts.

**Summary:** The coupon shows acceptable uniformity and no internal defects, but exhibits a notable vertical coverage gap at the top edge, which is a real placement defect requiring attention.","## Reasoning

**Design space analysis:**

Looking at the diversity context, the space is fairly well-covered across most dimensions. Let me identify sparse regions:

- **mixing_temp**: covered 25, 30, 35, 40, 45, 50, 55, 57, 60, 65, 70, 75, 80 — fairly dense. Gap around ~25 with high polymer_wt is covered. Mid-range ~25-35 with specific combos may be sparse.
- **bath_temp**: covered 5, 8, 10, 12, 15, 18, 20, 25 — missing ~22-23°C range (near top but not at 25)
- **pullcast_speed**: all 15 unique — well covered
- **nitrogen**: 7 True, 8 False — balanced
- **coupon_to_bath_wait_time**: 0–600, 15 unique — well spread
- **nips_bath_wait_time**: 1200–1800, 11 unique — some gaps
- **polymer_wt**: 13.0, 13.0, 13.5, 14.0, 14.0, 14.5, 15.0, 15.0, 15.5, 16.0, 16.5, 16.5, 17.0, 17.0, 13.0 — missing ~13.0 at specific combos, and notably **no experiment at polymer_wt ~16.0-17.0 with high bath_temp (20-25°C)**

**Sparse region identified:**
- High polymer_wt (16.0–17.0) + high bath_temp (20–25°C): only one experiment at 13.0/25°C bath, 13.5/25°C bath. No high polymer_wt + warm bath.
- **polymer_wt = 17.0** requires mixing_temp = 25°C (constraint). bath_temp = 22°C is untested. 
- Actually bath_temp max is 25°C. Let me try: polymer_wt=17.0, bath_temp=22°C (sparse — only 5, 15 used for 17wt%), mixing_temp=25°C (required), pullcast_speed=19 (near max, only 18 and 20 used near top), nitrogen=True, coupon_to_bath_wait_time=200 (sparse around 200 for this combo), nips_bath_wait_time=1450 (gap between 1350 and 1500).

**Checking for near-duplicates:**
- Closest: [17wt, 25°C mix, 5°C bath, 10mm/s, N2, 30s, 1200s] and [17wt, 25°C mix, 15°C bath, 1mm/s, NoN2, 500s, 1800s]
- Proposed: 17wt, 25°C mix, 22°C bath, 19mm/s, N2, 200s, 1450s — sufficiently different.

**Performance note:** The best Elastic Modulus so far is 308 MPa (16.5wt%, 40°C mix, 10°C bath, 16mm/s, NoN2, 225s, 1750s). High polymer_wt + warm bath is unexplored and could yield interesting structure. Also 17wt% + 1mm/s gave 257 MPa — trying 17wt% with fast casting + warm bath is novel.

```json
{
  ""mixing_temp"": 25,
  ""bath_temp"": 22,
  ""pullcast_speed"": 19,
  ""nitrogen"": true,
  ""coupon_to_bath_wait_time"": 200,
  ""nips_bath_wait_time"": 1450,
  ""polymer_wt"": 17.0,
  ""additive_wt"": 0
}
```"
"2026-08-31
19:13:46",17-0add-22deg-cosolv-none-bathSolv-none-0wt-200s-N2-1450s,25,22,17.0,0.0,19.0,True,200,1450,none,none,0.0,"mixing_temp=25; bath_temp=22; polymer_wt=17.0; additive_wt=0.0; pullcast_speed=19; nitrogen=True; coupon_to_bath_wait_time=200; nips_bath_wait_time=1450; cosolvent_type=none; nips_bath_solvent=none; nips_bath_solvent_wt_percent=0.0; Air Temp Mean=23.4 [room air temperature during casting]; Humidity Mean=51.13 [room air humidity during casting]; Coupon Temp Mean=23.24 [coupon-stage temperature measured at the end of the wait period; during N2 it is the temperature during the N2 blow window, otherwise it is the no-N2 wait condition]; Coupon Humidity Mean=48.77 [coupon-stage humidity measured at the end of the wait period; during N2 it is the humidity during the N2 blow window, otherwise it is the no-N2 wait condition]","# Experimental Report: Automated Membrane Synthesis via Non-Solvent-Induced Phase Separation (NIPS)

## Solution Preparation

A polymer solution was prepared at a concentration of **17.0 wt%** with no cosolvent or additive (0.0 wt%). The solution was mixed and heated at **25 °C** prior to casting.

## Membrane Casting

The polymer solution was blade-cast onto the coupon stage at a pull-cast speed of **19 mm/s**. The ambient conditions during casting were recorded at a mean air temperature of **23.4 °C** and a mean relative humidity of **51.13%**.

## Pre-Immersion Drying Step

Following casting, the membrane coupon was subjected to a **dry nitrogen (N₂) blow** for a duration of **200 seconds** prior to bath immersion. During this period, the coupon-stage temperature was measured at a mean of **23.24 °C** and the coupon-stage relative humidity was measured at a mean of **48.77%**, reflecting the local atmospheric conditions at the coupon surface during the N₂ purge window.

## NIPS Bath Immersion

After the pre-immersion wait period, the cast film was immersed into a **pure non-solvent (water) NIPS bath** (no co-solvent added; 0.0 wt% solvent) maintained at **22 °C**. The membrane was allowed to phase-separate in the bath for **1,450 seconds** before retrieval.",23.4,51.13,23.24,48.77,143.3418415613592,2.726751564961932,261.9281684952907,0.5674323457933212,33.76496903229901,0.711329160604123,0.6183145390764134,0.0236698175843562,91.93750535559744,3.341099072667689,650.3094842144344,1.870723086025692,0.0661267068650865,2.121992519610316e-05,0.2741619801198162,0.0248660481781452,0.5943124281003077,0.012641167231335,0.7209313670407712,0.0208943795567934,,,0.0388778569714346,65.5,2 failed due to yield point (bp1) likely misplaced,"mixing_temp=25; bath_temp=22; polymer_wt=17.0; additive_wt=0.0; pullcast_speed=19; nitrogen=True; coupon_to_bath_wait_time=200; nips_bath_wait_time=1450; cosolvent_type=none; nips_bath_solvent=none; nips_bath_solvent_wt_percent=0.0; Air Temp Mean=23.4 [room air temperature during casting]; Humidity Mean=51.13 [room air humidity during casting]; Coupon Temp Mean=23.24 [coupon-stage temperature measured at the end of the wait period; during N2 it is the temperature during the N2 blow window, otherwise it is the no-N2 wait condition]; Coupon Humidity Mean=48.77 [coupon-stage humidity measured at the end of the wait period; during N2 it is the humidity during the N2 blow window, otherwise it is the no-N2 wait condition]

{'Air Temp Mean': 23.4, 'Humidity Mean': 51.13, 'Coupon Temp Mean': 23.24, 'Coupon Humidity Mean': 48.77, 'Thickness Mean': 143.3418415613592, 'Elastic Modulus Mean': 261.9281684952907, 'Strain at 50 bar Mean': 0.27416198011981624, 'CV Mean': 0.03887785697143469}, 'Discarded Fit Quality Mean': '65.5/100', 'Discarded Fit Reasons': '2 failed due to yield point (bp1) likely misplaced'","# Experimental Report: Automated Membrane Synthesis via Non-Solvent-Induced Phase Separation (NIPS)

## Solution Preparation

A polymer solution was prepared at a concentration of **17.0 wt%** with no cosolvent or additive (0.0 wt%). The solution was mixed and heated at **25 °C** prior to casting.

## Membrane Casting

The polymer solution was blade-cast onto the coupon stage at a pull-cast speed of **19 mm/s**. The ambient conditions during casting were recorded at a mean air temperature of **23.4 °C** and a mean relative humidity of **51.13%**.

## Pre-Immersion Drying Step

Following casting, the membrane coupon was subjected to a **dry nitrogen (N₂) blow** for a duration of **200 seconds** prior to bath immersion. During this period, the coupon-stage temperature was measured at a mean of **23.24 °C** and the coupon-stage relative humidity was measured at a mean of **48.77%**, reflecting the local atmospheric conditions at the coupon surface during the N₂ purge window.

## NIPS Bath Immersion

After the pre-immersion wait period, the cast film was immersed into a **pure non-solvent (water) NIPS bath** (no co-solvent added; 0.0 wt% solvent) maintained at **22 °C**. The membrane was allowed to phase-separate in the bath for **1,450 seconds** before retrieval.


{'Air Temp Mean': 23.4, 'Humidity Mean': 51.13, 'Coupon Temp Mean': 23.24, 'Coupon Humidity Mean': 48.77, 'Thickness Mean': 143.3418415613592, 'Elastic Modulus Mean': 261.9281684952907, 'Strain at 50 bar Mean': 0.27416198011981624, 'CV Mean': 0.03887785697143469}, 'Discarded Fit Quality Mean': '65.5/100', 'Discarded Fit Reasons': '2 failed due to yield point (bp1) likely misplaced'","- **Presence:** Membrane is visible as a pale white sheet within the aperture.
- **Vertical Coverage:** The membrane appears to reach both the top and bottom edges of the aperture with no discernible vertical gap.
- **Uniformity:** The membrane is largely uniform in color and opacity across its central area; slight tonal variation near edges is consistent with lighting falloff rather than patchiness.
- **Defects:** No wrinkles or trapped air bubbles are detected within the membrane material itself; curved shadow lines at the boundaries are rim/lighting artifacts.
- **Summary:** The membrane coupon presents with full vertical coverage, good uniformity, and no observable structural defects.","## Reasoning

**Design space analysis:**

Looking at the diversity coverage context and prior observations:

- **mixing_temp**: Well covered from 25–80°C. Gaps around 25°C with high polymer_wt are somewhat covered (17 wt% at 25°C done twice). Mid-range 25°C with mid polymer_wt not explored much.
- **bath_temp**: Covered at 5, 8, 10, 12, 15, 18, 20, 22, 25°C. **Bath temp ~13–14°C is a gap.**
- **pullcast_speed**: All 16 values are unique (1–20 mm/s). Speed ~9 mm/s is missing.
- **nitrogen**: Balanced (8 True, 8 False).
- **coupon_to_bath_wait_time**: Well spread 0–600s. Around ~400–420s is sparse.
- **nips_bath_wait_time**: Covered 1200–1800s. Around **1700s** is less covered (1650, 1750 done but 1700 not).
- **polymer_wt**: Covered 13.0, 13.5, 14.0, 14.5, 15.0, 15.5, 16.0, 16.5, 17.0. **~15.8 wt% is a gap.**

**Performance observations:**
- Best Elastic Modulus: 308 MPa (16.5 wt%, mixing_temp=40, bath_temp=10, pullcast_speed=16, no N2, wait=225s, nips=1750s)
- Second best: 261.9 MPa (17 wt%, mixing_temp=25, bath_temp=22, pullcast_speed=19, N2, wait=200s, nips=1450s)
- Third: 256.9 MPa (17 wt%, mixing_temp=25, bath_temp=15, pullcast_speed=1, no N2, wait=500s, nips=1800s)

**Explore mode target:** I want a novel combination in a sparse region. Let me target:
- **polymer_wt = 15.8** (gap between 15.5 and 16.0)
- **mixing_temp = 63°C** (gap between 60 and 65)
- **bath_temp = 13°C** (gap between 12 and 15)
- **pullcast_speed = 9 mm/s** (gap between 8 and 10)
- **nitrogen = False** (balance maintained)
- **coupon_to_bath_wait_time = 410s** (sparse region ~400s)
- **nips_bath_wait_time = 1700s** (gap between 1650 and 1750)
- **additive_wt = 0** (locked)

This combination is genuinely novel — no near-duplicates in the dataset.

```json
{
  ""mixing_temp"": 63,
  ""bath_temp"": 13,
  ""pullcast_speed"": 9,
  ""nitrogen"": false,
  ""coupon_to_bath_wait_time"": 410,
  ""nips_bath_wait_time"": 1700,
  ""polymer_wt"": 15.8,
  ""additive_wt"": 0
}
```"
"2026-08-31
21:26:25",15p8-0add-13deg-cosolv-none-bathSolv-none-0wt-410s-NoN2-1700s,63,13,15.8,0.0,9.0,False,410,1700,none,none,0.0,"mixing_temp=63; bath_temp=13; polymer_wt=15.8; additive_wt=0.0; pullcast_speed=9; nitrogen=False; coupon_to_bath_wait_time=410; nips_bath_wait_time=1700; cosolvent_type=none; nips_bath_solvent=none; nips_bath_solvent_wt_percent=0.0; Air Temp Mean=23.78 [room air temperature during casting]; Humidity Mean=51.05 [room air humidity during casting]; Coupon Temp Mean=23.54 [coupon-stage temperature measured at the end of the wait period; during N2 it is the temperature during the N2 blow window, otherwise it is the no-N2 wait condition]; Coupon Humidity Mean=54.67 [coupon-stage humidity measured at the end of the wait period; during N2 it is the humidity during the N2 blow window, otherwise it is the no-N2 wait condition]","# Experimental Report: Automated NIPS Membrane Fabrication

## Solution Preparation

A polymer solution was prepared at a concentration of **15.8 wt%** with no additive or cosolvent incorporated (additive = 0.0 wt%, cosolvent = none). The solution was mixed and heated to **63 °C** prior to casting.

## Membrane Casting

The polymer solution was blade-cast onto the coupon stage at a pull-cast speed of **9 mm/s**. Ambient conditions in the laboratory during casting were recorded at a mean temperature of **23.78 °C** and a mean relative humidity of **51.05%**.

## Pre-Immersion Exposure

Following casting, the membrane coupon was allowed to rest under **ambient conditions (no nitrogen purge)** for a wait time of **410 seconds** prior to immersion in the NIPS bath. During this pre-immersion period, the coupon-stage temperature and humidity were measured at **23.54 °C** and **54.67% RH**, respectively, indicating that the coupon surface was exposed to conditions closely reflecting the ambient laboratory environment.

## Phase Inversion (NIPS Bath)

The cast membrane was subsequently immersed in a **pure non-solvent bath** (no co-solvent added; bath solvent concentration = 0.0 wt%) maintained at **13 °C**. The membrane was held in the bath for **1700 seconds** to allow complete phase inversion and membrane solidification.

## Summary Table

| Parameter | Value |
|---|---|
| Polymer concentration | 15.8 wt% |
| Additive concentration | 0.0 wt% |
| Cosolvent | None |
| Mixing temperature | 63 °C |
| Pull-cast speed | 9 mm/s |
| Pre-immersion wait time | 410 s |
| Nitrogen purge | No |
| Ambient air temperature | 23.78 °C |
| Ambient relative humidity | 51.05% |
| Coupon-stage temperature (wait period) | 23.54 °C |
| Coupon-stage humidity (wait period) | 54.67% RH |
| NIPS bath temperature | 13 °C |
| NIPS bath solvent | None (0.0 wt%) |
| NIPS bath immersion time | 1700 s |",23.78,51.05,23.54,54.67,134.06401929012853,1.999886714234996,210.04988355627896,88.26338258568592,16.700476979952903,0.8142164762018953,0.5130155415380211,0.032995675818012,38.85000505804643,1.9300967839649128,1063.4878532956968,68.51221503483424,0.0801518814154747,0.0025610940625685,0.5073261923535894,0.0286455027155774,0.5604382419133984,0.030576586126988,0.6194791231550467,0.0268926797623826,,,0.0698720946471131,,,"mixing_temp=63; bath_temp=13; polymer_wt=15.8; additive_wt=0.0; pullcast_speed=9; nitrogen=False; coupon_to_bath_wait_time=410; nips_bath_wait_time=1700; cosolvent_type=none; nips_bath_solvent=none; nips_bath_solvent_wt_percent=0.0; Air Temp Mean=23.78 [room air temperature during casting]; Humidity Mean=51.05 [room air humidity during casting]; Coupon Temp Mean=23.54 [coupon-stage temperature measured at the end of the wait period; during N2 it is the temperature during the N2 blow window, otherwise it is the no-N2 wait condition]; Coupon Humidity Mean=54.67 [coupon-stage humidity measured at the end of the wait period; during N2 it is the humidity during the N2 blow window, otherwise it is the no-N2 wait condition]

{'Air Temp Mean': 23.78, 'Humidity Mean': 51.05, 'Coupon Temp Mean': 23.54, 'Coupon Humidity Mean': 54.67, 'Thickness Mean': 134.06401929012853, 'Elastic Modulus Mean': 210.04988355627898, 'Strain at 50 bar Mean': 0.5073261923535894, 'CV Mean': 0.06987209464711319}","# Experimental Report: Automated NIPS Membrane Fabrication

## Solution Preparation

A polymer solution was prepared at a concentration of **15.8 wt%** with no additive or cosolvent incorporated (additive = 0.0 wt%, cosolvent = none). The solution was mixed and heated to **63 °C** prior to casting.

## Membrane Casting

The polymer solution was blade-cast onto the coupon stage at a pull-cast speed of **9 mm/s**. Ambient conditions in the laboratory during casting were recorded at a mean temperature of **23.78 °C** and a mean relative humidity of **51.05%**.

## Pre-Immersion Exposure

Following casting, the membrane coupon was allowed to rest under **ambient conditions (no nitrogen purge)** for a wait time of **410 seconds** prior to immersion in the NIPS bath. During this pre-immersion period, the coupon-stage temperature and humidity were measured at **23.54 °C** and **54.67% RH**, respectively, indicating that the coupon surface was exposed to conditions closely reflecting the ambient laboratory environment.

## Phase Inversion (NIPS Bath)

The cast membrane was subsequently immersed in a **pure non-solvent bath** (no co-solvent added; bath solvent concentration = 0.0 wt%) maintained at **13 °C**. The membrane was held in the bath for **1700 seconds** to allow complete phase inversion and membrane solidification.

## Summary Table

| Parameter | Value |
|---|---|
| Polymer concentration | 15.8 wt% |
| Additive concentration | 0.0 wt% |
| Cosolvent | None |
| Mixing temperature | 63 °C |
| Pull-cast speed | 9 mm/s |
| Pre-immersion wait time | 410 s |
| Nitrogen purge | No |
| Ambient air temperature | 23.78 °C |
| Ambient relative humidity | 51.05% |
| Coupon-stage temperature (wait period) | 23.54 °C |
| Coupon-stage humidity (wait period) | 54.67% RH |
| NIPS bath temperature | 13 °C |
| NIPS bath solvent | None (0.0 wt%) |
| NIPS bath immersion time | 1700 s |


{'Air Temp Mean': 23.78, 'Humidity Mean': 51.05, 'Coupon Temp Mean': 23.54, 'Coupon Humidity Mean': 54.67, 'Thickness Mean': 134.06401929012853, 'Elastic Modulus Mean': 210.04988355627898, 'Strain at 50 bar Mean': 0.5073261923535894, 'CV Mean': 0.06987209464711319}","- **Presence:** Membrane is visible — a pale/white sheet occupies the aperture.
- **Vertical Coverage:** Full top-to-bottom coverage appears intact; no gap at the top or bottom edge.
- **Uniformity:** The membrane is largely uniform in color and opacity across its surface with no obvious patchiness or dark spots.
- **Defects:** No wrinkles or trapped air bubbles are visible within the membrane material itself. A small droplet is present at the left inner rim edge (likely a liquid artifact on the metal, not a membrane defect).
- **Summary:** The membrane coupon presents with good vertical coverage and a visually uniform, defect-free surface.","## Reasoning

**Design space analysis:**

Looking at coverage gaps:
- `mixing_temp`: Well covered 25–80°C, but ~42–48°C range is sparse (only 45°C used)
- `bath_temp`: Missing ~6–7°C range; 5, 8, 10, 12, 13, 15, 18, 20, 22, 25 covered — **6–7°C is a gap**
- `pullcast_speed`: All 17 experiments have unique speeds; ~13 mm/s is unused
- `coupon_to_bath_wait_time`: ~50–85s range sparse (only 60, 90 nearby)
- `nips_bath_wait_time`: ~1400–1449s range sparse (1450 used once); **~1380s unused**
- `polymer_wt`: 13.0–17.0 covered; **~16.2–16.4 wt% is a gap**
- `nitrogen`: 8 True, 9 False — balanced

**Best-performing experiments (high Elastic Modulus):**
- 16.5 wt%, 40°C, 16 mm/s, No N2, 225s wait, 10°C bath, 1750s → **308 MPa** ✓
- 17.0 wt%, 25°C, 19 mm/s, N2, 200s wait, 22°C bath, 1450s → **262 MPa**
- 17.0 wt%, 25°C, 1 mm/s, No N2, 500s wait, 15°C bath, 1800s → **257 MPa**

**Exploration target:** Combine a sparse region across multiple dimensions:
- `polymer_wt` = 16.2 (gap between 16.0 and 16.5)
- `mixing_temp` = 47°C (sparse ~45–50 range, distinct from 45 and 50)
- `bath_temp` = 7°C (gap between 5 and 8)
- `pullcast_speed` = 13 mm/s (unused)
- `coupon_to_bath_wait_time` = 75s (gap between 60 and 90)
- `nips_bath_wait_time` = 1380s (gap between 1300 and 1450)
- `nitrogen` = True (balanced; N2 has shown good results at high polymer wt)

This combination is genuinely novel and covers multiple sparse dimensions simultaneously.

```json
{
  ""mixing_temp"": 47,
  ""bath_temp"": 7,
  ""pullcast_speed"": 13,
  ""nitrogen"": true,
  ""coupon_to_bath_wait_time"": 75,
  ""nips_bath_wait_time"": 1380,
  ""polymer_wt"": 16.2,
  ""additive_wt"": 0
}
```"
"2026-08-31
23:25:56",16p2-0add-7deg-cosolv-none-bathSolv-none-0wt-75s-N2-1380s,47,7,16.2,0.0,13.0,True,75,1380,none,none,0.0,"mixing_temp=47; bath_temp=7; polymer_wt=16.2; additive_wt=0.0; pullcast_speed=13; nitrogen=True; coupon_to_bath_wait_time=75; nips_bath_wait_time=1380; cosolvent_type=none; nips_bath_solvent=none; nips_bath_solvent_wt_percent=0.0; Air Temp Mean=23.61 [room air temperature during casting]; Humidity Mean=50.68 [room air humidity during casting]; Coupon Temp Mean=23.3 [coupon-stage temperature measured at the end of the wait period; during N2 it is the temperature during the N2 blow window, otherwise it is the no-N2 wait condition]; Coupon Humidity Mean=46.71 [coupon-stage humidity measured at the end of the wait period; during N2 it is the humidity during the N2 blow window, otherwise it is the no-N2 wait condition]","# Experimental Report: Automated Membrane Synthesis via Non-Solvent-Induced Phase Separation (NIPS)

## Solution Preparation

A polymer solution was prepared at a concentration of **16.2 wt%** with no cosolvent or additive (0.0 wt%). The solution was mixed and heated to **47 °C** prior to casting.

## Membrane Casting

The polymer solution was blade-cast onto the coupon stage at a casting speed of **13 mm/s**. Ambient conditions in the laboratory during casting were recorded at a mean air temperature of **23.61 °C** and a mean relative humidity of **50.68%**.

## Pre-Immersion Exposure

Following casting, the membrane coupon was subjected to a **dry nitrogen (N₂) purge** for a duration of **75 seconds** prior to bath immersion. This laminar nitrogen blow was applied to minimize humidity exposure at the film surface during the pre-immersion period. During this window, the coupon-stage temperature was measured at a mean of **23.3 °C** and the coupon-stage relative humidity was measured at a mean of **46.71%**.

## NIPS Bath Immersion

After the pre-immersion period, the cast film was immersed into a **pure deionized water NIPS bath** (no co-solvent added, 0.0 wt%) maintained at **7 °C**. The membrane was held in the bath for **1380 seconds (23 minutes)** to allow complete phase inversion and membrane solidification.",23.61,50.68,23.3,46.71,132.17861368423584,0.5581588768876932,237.05421731713253,15.662668952738212,28.484772453216195,1.3440360284795834,0.5842450048551859,0.0216634788349744,111.13391919604662,8.16702707079113,797.8992012366898,38.37662249935928,0.0597033340645699,0.0031945832616216,0.3222050521299387,0.0369911356678072,0.5668751990048152,0.0272187345185113,0.6670996278669753,0.0227110451611936,,,0.068713199377468,64.0,1 failed due to yield point (bp1) likely misplaced,"mixing_temp=47; bath_temp=7; polymer_wt=16.2; additive_wt=0.0; pullcast_speed=13; nitrogen=True; coupon_to_bath_wait_time=75; nips_bath_wait_time=1380; cosolvent_type=none; nips_bath_solvent=none; nips_bath_solvent_wt_percent=0.0; Air Temp Mean=23.61 [room air temperature during casting]; Humidity Mean=50.68 [room air humidity during casting]; Coupon Temp Mean=23.3 [coupon-stage temperature measured at the end of the wait period; during N2 it is the temperature during the N2 blow window, otherwise it is the no-N2 wait condition]; Coupon Humidity Mean=46.71 [coupon-stage humidity measured at the end of the wait period; during N2 it is the humidity during the N2 blow window, otherwise it is the no-N2 wait condition]

{'Air Temp Mean': 23.61, 'Humidity Mean': 50.68, 'Coupon Temp Mean': 23.3, 'Coupon Humidity Mean': 46.71, 'Thickness Mean': 132.17861368423584, 'Elastic Modulus Mean': 237.05421731713258, 'Strain at 50 bar Mean': 0.3222050521299387, 'CV Mean': 0.06871319937746806}, 'Discarded Fit Quality Mean': '64.0/100', 'Discarded Fit Reasons': '1 failed due to yield point (bp1) likely misplaced'","# Experimental Report: Automated Membrane Synthesis via Non-Solvent-Induced Phase Separation (NIPS)

## Solution Preparation

A polymer solution was prepared at a concentration of **16.2 wt%** with no cosolvent or additive (0.0 wt%). The solution was mixed and heated to **47 °C** prior to casting.

## Membrane Casting

The polymer solution was blade-cast onto the coupon stage at a casting speed of **13 mm/s**. Ambient conditions in the laboratory during casting were recorded at a mean air temperature of **23.61 °C** and a mean relative humidity of **50.68%**.

## Pre-Immersion Exposure

Following casting, the membrane coupon was subjected to a **dry nitrogen (N₂) purge** for a duration of **75 seconds** prior to bath immersion. This laminar nitrogen blow was applied to minimize humidity exposure at the film surface during the pre-immersion period. During this window, the coupon-stage temperature was measured at a mean of **23.3 °C** and the coupon-stage relative humidity was measured at a mean of **46.71%**.

## NIPS Bath Immersion

After the pre-immersion period, the cast film was immersed into a **pure deionized water NIPS bath** (no co-solvent added, 0.0 wt%) maintained at **7 °C**. The membrane was held in the bath for **1380 seconds (23 minutes)** to allow complete phase inversion and membrane solidification.


{'Air Temp Mean': 23.61, 'Humidity Mean': 50.68, 'Coupon Temp Mean': 23.3, 'Coupon Humidity Mean': 46.71, 'Thickness Mean': 132.17861368423584, 'Elastic Modulus Mean': 237.05421731713258, 'Strain at 50 bar Mean': 0.3222050521299387, 'CV Mean': 0.06871319937746806}, 'Discarded Fit Quality Mean': '64.0/100', 'Discarded Fit Reasons': '1 failed due to yield point (bp1) likely misplaced'","- **Presence:** Membrane is visible — a pale white/grey coupon is present within the aperture.

- **Vertical Coverage:** Membrane spans the full top-to-bottom extent of the aperture with no gap at the top or bottom edge. Vertical coverage is complete.

- **Uniformity:** The membrane is largely uniform in color and opacity across most of its area, with no dark spots or obvious thickness variation in the bulk material.

- **Defects:** A distinct curved fold/wrinkle is visible within the membrane material itself on the right-center region — a raised crease running roughly vertically through the coupon. This is a genuine membrane defect.

- **Summary:** Membrane is present with full vertical coverage, but contains a clear fold/wrinkle defect in the membrane material on the right side.","## Reasoning

**Design space analysis:**

Looking at coverage gaps:
- `mixing_temp`: Well covered from 25–80°C, but gaps around 25–30°C range with high polymer_wt combinations not fully explored at intermediate bath temps
- `bath_temp`: Covered 5, 7, 8, 10, 12, 13, 15, 18, 20, 22, 25°C — **gap around 5°C with high polymer_wt + intermediate wait times not yet combined**
- `pullcast_speed`: All 18 unique values, but ~15-17 mm/s range with specific combos sparse
- `coupon_to_bath_wait_time`: 0–600 covered, but very short waits (0–30s) with high polymer_wt + cold bath + no N2 underrepresented
- `nips_bath_wait_time`: 1200–1800 covered, but 1200s with cold bath + high polymer_wt + no N2 + intermediate speed is sparse
- `polymer_wt`: 13–17 covered, but **16.8–17.0 range with bath_temp ~5°C + no N2 + very short wait** not tried
- `nitrogen`: Balanced at 9/9

**Key sparse region identified:**
- High polymer_wt (~17.0) + cold bath (5°C) + **no N2** + very short wait (~15s) + intermediate-high speed (~15 mm/s) + mixing_temp=25°C (required at max polymer_wt) + nips_bath_wait_time ~1800s

This combination is distinct from:
- [17wt%, 5°C, N2=True, 30s wait, 10mm/s, 1200s] — existing
- [17wt%, 15°C, N2=False, 500s wait, 1mm/s, 1800s] — existing  
- [17wt%, 22°C, N2=True, 200s wait, 19mm/s, 1450s] — existing

**Proposed:** polymer_wt=17.0, mixing_temp=25°C (required), bath_temp=5°C, pullcast_speed=15mm/s, nitrogen=False, coupon_to_bath_wait_time=15s, nips_bath_wait_time=1800s

This fills: cold bath + no N2 + very short wait + mid-high speed + max polymer + max nips time — a genuinely novel corner.

```json
{
  ""mixing_temp"": 25,
  ""bath_temp"": 5,
  ""pullcast_speed"": 15,
  ""nitrogen"": false,
  ""coupon_to_bath_wait_time"": 15,
  ""nips_bath_wait_time"": 1800,
  ""polymer_wt"": 17.0,
  ""additive_wt"": 0
}
```"
"2026-09-01
00:45:43",17-0add-5deg-cosolv-none-bathSolv-none-0wt-15s-NoN2-1800s,25,5,17.0,0.0,15.0,False,15,1800,none,none,0.0,"mixing_temp=25; bath_temp=5; polymer_wt=17.0; additive_wt=0.0; pullcast_speed=15; nitrogen=False; coupon_to_bath_wait_time=15; nips_bath_wait_time=1800; cosolvent_type=none; nips_bath_solvent=none; nips_bath_solvent_wt_percent=0.0; Air Temp Mean=23.37 [room air temperature during casting]; Humidity Mean=51.32 [room air humidity during casting]; Coupon Temp Mean=23.17 [coupon-stage temperature measured at the end of the wait period; during N2 it is the temperature during the N2 blow window, otherwise it is the no-N2 wait condition]; Coupon Humidity Mean=54.56 [coupon-stage humidity measured at the end of the wait period; during N2 it is the humidity during the N2 blow window, otherwise it is the no-N2 wait condition]","# Experimental Report: Automated Membrane Synthesis via Non-Solvent-Induced Phase Separation (NIPS)

## Solution Preparation

A polymer solution was prepared at a concentration of **17.0 wt%** with no cosolvent or additive included (additive concentration: 0.0 wt%). The solution was mixed and heated at **25 °C**.

## Membrane Casting

The polymer solution was blade-cast onto the coupon stage at a pull-cast speed of **15 mm/s**. Ambient conditions during casting were recorded at a mean air temperature of **23.37 °C** and a mean relative humidity of **51.32%**.

## Pre-Immersion Exposure

Following casting, the coupon was allowed to rest under **ambient conditions (no nitrogen purge)** for a wait time of **15 seconds** prior to bath immersion. During this period, the coupon-stage temperature was measured at a mean of **23.17 °C** and the coupon-stage relative humidity at a mean of **54.56%**, reflecting exposure to the ambient laboratory environment.

## NIPS Bath Immersion

The cast film was subsequently immersed into a **pure non-solvent bath** (no co-solvent added; 0.0 wt% solvent) maintained at **5 °C**. The membrane was allowed to phase-separate in the bath for **1800 seconds (30 minutes)** before retrieval.",23.37,51.32,23.17,54.56,129.79174150164474,7.919470657938648,163.82243462678315,48.07517059200304,13.854966252629096,0.2607136821353635,0.5016334570389384,0.0352798900397127,72.22285065163898,1.6552839940302604,812.93156327504,38.61777438445146,0.0625755064118195,0.0041354671125682,0.4526608303137448,0.0322624870045642,0.5420954013710183,0.0346734747282954,0.6304737794001419,0.0323780194056518,,,0.0838190863673654,,,"mixing_temp=25; bath_temp=5; polymer_wt=17.0; additive_wt=0.0; pullcast_speed=15; nitrogen=False; coupon_to_bath_wait_time=15; nips_bath_wait_time=1800; cosolvent_type=none; nips_bath_solvent=none; nips_bath_solvent_wt_percent=0.0; Air Temp Mean=23.37 [room air temperature during casting]; Humidity Mean=51.32 [room air humidity during casting]; Coupon Temp Mean=23.17 [coupon-stage temperature measured at the end of the wait period; during N2 it is the temperature during the N2 blow window, otherwise it is the no-N2 wait condition]; Coupon Humidity Mean=54.56 [coupon-stage humidity measured at the end of the wait period; during N2 it is the humidity during the N2 blow window, otherwise it is the no-N2 wait condition]

{'Air Temp Mean': 23.37, 'Humidity Mean': 51.32, 'Coupon Temp Mean': 23.17, 'Coupon Humidity Mean': 54.56, 'Thickness Mean': 129.79174150164474, 'Elastic Modulus Mean': 163.82243462678315, 'Strain at 50 bar Mean': 0.4526608303137448, 'CV Mean': 0.08381908636736547}","# Experimental Report: Automated Membrane Synthesis via Non-Solvent-Induced Phase Separation (NIPS)

## Solution Preparation

A polymer solution was prepared at a concentration of **17.0 wt%** with no cosolvent or additive included (additive concentration: 0.0 wt%). The solution was mixed and heated at **25 °C**.

## Membrane Casting

The polymer solution was blade-cast onto the coupon stage at a pull-cast speed of **15 mm/s**. Ambient conditions during casting were recorded at a mean air temperature of **23.37 °C** and a mean relative humidity of **51.32%**.

## Pre-Immersion Exposure

Following casting, the coupon was allowed to rest under **ambient conditions (no nitrogen purge)** for a wait time of **15 seconds** prior to bath immersion. During this period, the coupon-stage temperature was measured at a mean of **23.17 °C** and the coupon-stage relative humidity at a mean of **54.56%**, reflecting exposure to the ambient laboratory environment.

## NIPS Bath Immersion

The cast film was subsequently immersed into a **pure non-solvent bath** (no co-solvent added; 0.0 wt% solvent) maintained at **5 °C**. The membrane was allowed to phase-separate in the bath for **1800 seconds (30 minutes)** before retrieval.


{'Air Temp Mean': 23.37, 'Humidity Mean': 51.32, 'Coupon Temp Mean': 23.17, 'Coupon Humidity Mean': 54.56, 'Thickness Mean': 129.79174150164474, 'Elastic Modulus Mean': 163.82243462678315, 'Strain at 50 bar Mean': 0.4526608303137448, 'CV Mean': 0.08381908636736547}","- **Presence:** Membrane is visible — a pale white/grey coupon is seated within the aperture.

- **Vertical Coverage:** Membrane does not fully span the vertical extent; small gaps are visible at both the top and bottom edges where the aperture rim is exposed, indicating incomplete vertical coverage. This is a notable defect.

- **Uniformity:** The membrane body appears largely uniform in color and opacity, with no significant patchiness or dark spots across the central area.

- **Defects:** No wrinkles or trapped air bubbles are evident within the membrane material itself; surface texture is smooth and consistent.

- **Summary:** The membrane is present and internally uniform, but exhibits vertical coverage gaps at both the top and bottom aperture edges, representing a seating defect.","## Reasoning

**Coverage analysis:**
- `mixing_temp`: Well covered 25–80°C, but gaps around 25–30 range with mid-polymer weights
- `bath_temp`: Covered 5, 7, 8, 10, 12, 13, 15, 18, 20, 22, 25°C — missing ~17°C and sparse near 5°C with high polymer
- `pullcast_speed`: All 19 values are unique (1–20 covered well)
- `nitrogen`: 9 True, 10 False — balanced
- `coupon_to_bath_wait_time`: 0–600 covered, but sparse around 525–575s
- `nips_bath_wait_time`: Sparse near 1425–1500s range with specific combos
- `polymer_wt`: 13–17 covered, but 14.8–15.2 with high mixing temp + N2 + mid bath temp is sparse

**Sparse region targeting:**
- `polymer_wt` ~14.8 (between 14.5 and 15.0, underrepresented)
- `mixing_temp` ~72°C (between 70 and 75, sparse)
- `bath_temp` ~17°C (gap between 15 and 18)
- `pullcast_speed` ~17 mm/s (between 16 and 18, not yet used)
- `nitrogen` = True (to balance slightly)
- `coupon_to_bath_wait_time` ~530s (sparse in upper range)
- `nips_bath_wait_time` ~1425s (sparse)

**Feasibility check:**
- polymer_wt=14.8 < 17.0, so mixing_temp=72°C is fine
- All parameters within allowed ranges ✓

```json
{
  ""mixing_temp"": 72,
  ""bath_temp"": 17,
  ""pullcast_speed"": 17,
  ""nitrogen"": true,
  ""coupon_to_bath_wait_time"": 530,
  ""nips_bath_wait_time"": 1425,
  ""polymer_wt"": 14.8,
  ""additive_wt"": 0
}
```"
"2026-09-01
02:54:39",14p8-0add-17deg-cosolv-none-bathSolv-none-0wt-530s-N2-1425s,72,17,14.8,0.0,17.0,True,530,1425,none,none,0.0,"mixing_temp=72; bath_temp=17; polymer_wt=14.8; additive_wt=0.0; pullcast_speed=17; nitrogen=True; coupon_to_bath_wait_time=530; nips_bath_wait_time=1425; cosolvent_type=none; nips_bath_solvent=none; nips_bath_solvent_wt_percent=0.0; Air Temp Mean=23.9 [room air temperature during casting]; Humidity Mean=49.5 [room air humidity during casting]; Coupon Temp Mean=23.25 [coupon-stage temperature measured at the end of the wait period; during N2 it is the temperature during the N2 blow window, otherwise it is the no-N2 wait condition]; Coupon Humidity Mean=55.23 [coupon-stage humidity measured at the end of the wait period; during N2 it is the humidity during the N2 blow window, otherwise it is the no-N2 wait condition]","# Experimental Report: Automated NIPS Membrane Fabrication

## Solution Preparation

A polymer solution was prepared at a concentration of **14.8 wt%** with no cosolvent or additive (0.0 wt%). The solution was mixed and heated to **72 °C** prior to casting.

## Membrane Casting

The polymer solution was blade-cast onto the substrate at a pull-cast speed of **17 mm/s**. Ambient conditions in the laboratory during casting were recorded at a mean temperature of **23.9 °C** and a mean relative humidity of **49.5%**.

## Pre-Immersion Drying Step

Following casting, the coupon was subjected to a **dry nitrogen (N₂) blow** for a duration of **530 seconds** prior to immersion in the coagulation bath. During this period, the coupon-stage temperature was measured at a mean of **23.25 °C** and the coupon-stage relative humidity was **55.23%**.

## Non-Solvent Induced Phase Separation (NIPS)

The cast film was subsequently immersed in a **pure water coagulation bath** (no co-solvent added; 0.0 wt% solvent) maintained at **17 °C**. The membrane was allowed to phase-separate in the bath for **1425 seconds** before removal.

---
*All steps were performed using an automated robotic membrane fabrication platform.*",23.9,49.5,23.25,55.23,131.05935611754853,0.8354000235522779,181.4289921426588,10.63933067297016,22.268570858742507,2.8331459696481742,0.6468321812200022,0.0200770640510307,49.681161399930495,8.642203036105416,936.9410992696256,15.09136959862631,0.0591405333591064,0.0026683981984019,0.6062753525636743,0.0146463893315908,0.6805419344495203,0.0167075827890263,0.750926713021183,0.0161613967494641,,,0.0451484790177253,,,"mixing_temp=72; bath_temp=17; polymer_wt=14.8; additive_wt=0.0; pullcast_speed=17; nitrogen=True; coupon_to_bath_wait_time=530; nips_bath_wait_time=1425; cosolvent_type=none; nips_bath_solvent=none; nips_bath_solvent_wt_percent=0.0; Air Temp Mean=23.9 [room air temperature during casting]; Humidity Mean=49.5 [room air humidity during casting]; Coupon Temp Mean=23.25 [coupon-stage temperature measured at the end of the wait period; during N2 it is the temperature during the N2 blow window, otherwise it is the no-N2 wait condition]; Coupon Humidity Mean=55.23 [coupon-stage humidity measured at the end of the wait period; during N2 it is the humidity during the N2 blow window, otherwise it is the no-N2 wait condition]

{'Air Temp Mean': 23.9, 'Humidity Mean': 49.5, 'Coupon Temp Mean': 23.25, 'Coupon Humidity Mean': 55.23, 'Thickness Mean': 131.05935611754853, 'Elastic Modulus Mean': 181.42899214265879, 'Strain at 50 bar Mean': 0.6062753525636743, 'CV Mean': 0.04514847901772536}","# Experimental Report: Automated NIPS Membrane Fabrication

## Solution Preparation

A polymer solution was prepared at a concentration of **14.8 wt%** with no cosolvent or additive (0.0 wt%). The solution was mixed and heated to **72 °C** prior to casting.

## Membrane Casting

The polymer solution was blade-cast onto the substrate at a pull-cast speed of **17 mm/s**. Ambient conditions in the laboratory during casting were recorded at a mean temperature of **23.9 °C** and a mean relative humidity of **49.5%**.

## Pre-Immersion Drying Step

Following casting, the coupon was subjected to a **dry nitrogen (N₂) blow** for a duration of **530 seconds** prior to immersion in the coagulation bath. During this period, the coupon-stage temperature was measured at a mean of **23.25 °C** and the coupon-stage relative humidity was **55.23%**.

## Non-Solvent Induced Phase Separation (NIPS)

The cast film was subsequently immersed in a **pure water coagulation bath** (no co-solvent added; 0.0 wt% solvent) maintained at **17 °C**. The membrane was allowed to phase-separate in the bath for **1425 seconds** before removal.

---
*All steps were performed using an automated robotic membrane fabrication platform.*


{'Air Temp Mean': 23.9, 'Humidity Mean': 49.5, 'Coupon Temp Mean': 23.25, 'Coupon Humidity Mean': 55.23, 'Thickness Mean': 131.05935611754853, 'Elastic Modulus Mean': 181.42899214265879, 'Strain at 50 bar Mean': 0.6062753525636743, 'CV Mean': 0.04514847901772536}","- **Presence:** Membrane is visible and seated within the aperture.
- **Vertical Coverage:** Membrane spans the full top-to-bottom extent of the aperture with no gaps at the top or bottom edges. ✓
- **Uniformity:** Surface is predominantly uniform white/pale throughout; one very small blue pinpoint mark is visible near center, otherwise consistent opacity and color.
- **Defects:** No wrinkles or trapped air bubbles detected within the membrane material itself. Bright arcs visible on the right rim are rim-edge lighting artifacts, not membrane defects.
- **Summary:** Membrane is fully seated vertically, visually uniform, and defect-free aside from a single minor pinpoint mark near center.","## Reasoning

**Coverage analysis:**
- `mixing_temp`: Well covered 25–80°C. Gaps around 25–30 (low end, non-max polymer) and mid-range already dense.
- `bath_temp`: Covered 5, 7, 8, 10, 12, 13, 15, 17, 18, 20, 22, 25. Missing: ~6, 9, 11, 14, 16, 19, 21, 23, 24. A value around **23°C** (near-warm bath) is underrepresented.
- `pullcast_speed`: All 20 unique values used (1–20), so all integers are covered. Need to pick one — less critical for novelty here.
- `nitrogen`: 10 True / 10 False — balanced.
- `coupon_to_bath_wait_time`: 0–600 covered with 20 unique values. Sparse region: very short waits with N2 (0–30s) combined with high polymer and warm bath.
- `nips_bath_wait_time`: 1200–1800, 14 unique. Sparse near 1200 with warm bath.
- `polymer_wt`: 13.0–17.0, 12 unique. Missing: ~13.2, 13.8, 14.2, 14.3, 14.6, 15.2, 15.3, 15.6, 16.8. A value around **16.8** is sparse.

**Sparse region target:**
- High polymer (~16.8 wt%), warm bath (~23°C), mid mixing temp (~42°C), short wait with no N2, mid pullcast speed (~10 mm/s), nips_bath_wait_time near 1200 (underrepresented at warm bath).
- This combination: high polymer + warm bath + short wait + no N2 is novel — most high-polymer experiments used cold baths (5°C) or moderate baths (15, 22°C).
- `mixing_temp` = 42°C (not yet used, between 40 and 45).
- `bath_temp` = 23°C (not yet used — only 22°C used once).
- `pullcast_speed` = 10 mm/s — already used once (exp 1, polymer=17, bath=5). Different enough given other parameters.
- `coupon_to_bath_wait_time` = 50s (not yet used, between 15 and 60).
- `nips_bath_wait_time` = 1200s (used but rare at warm bath).
- `nitrogen` = False (balances with the short wait).
- `polymer_wt` = 16.8 (not yet used).

This is a genuinely novel combination: high polymer + very warm bath (23°C) + moderate mixing temp + no N2 + short wait.

```json
{
  ""mixing_temp"": 42,
  ""bath_temp"": 23,
  ""pullcast_speed"": 10,
  ""nitrogen"": false,
  ""coupon_to_bath_wait_time"": 50,
  ""nips_bath_wait_time"": 1200,
  ""polymer_wt"": 16.8,
  ""additive_wt"": 0
}
```"
"2026-09-01
04:50:06",16p8-0add-23deg-cosolv-none-bathSolv-none-0wt-50s-NoN2-1200s,42,23,16.8,0.0,10.0,False,50,1200,none,none,0.0,"mixing_temp=42; bath_temp=23; polymer_wt=16.8; additive_wt=0.0; pullcast_speed=10; nitrogen=False; coupon_to_bath_wait_time=50; nips_bath_wait_time=1200; cosolvent_type=none; nips_bath_solvent=none; nips_bath_solvent_wt_percent=0.0; Air Temp Mean=23.62 [room air temperature during casting]; Humidity Mean=52.18 [room air humidity during casting]; Coupon Temp Mean=23.55 [coupon-stage temperature measured at the end of the wait period; during N2 it is the temperature during the N2 blow window, otherwise it is the no-N2 wait condition]; Coupon Humidity Mean=57.17 [coupon-stage humidity measured at the end of the wait period; during N2 it is the humidity during the N2 blow window, otherwise it is the no-N2 wait condition]","# Experimental Report: Automated Membrane Synthesis via Non-Solvent-Induced Phase Separation (NIPS)

## Solution Preparation

A polymer solution was prepared at a concentration of **16.8 wt%** with no cosolvent or additive included (additive concentration: 0.0 wt%). The solution was mixed and heated to **42 °C** prior to casting.

## Membrane Casting

The polymer solution was blade-cast onto the substrate at a pull-cast speed of **10 mm/s**. At the time of casting, the ambient room temperature was **23.62 °C** and the relative humidity was **52.18%**.

## Pre-Immersion Exposure

Following casting, the membrane coupon was allowed to rest under **ambient conditions (no nitrogen purge)** for **50 seconds** prior to immersion in the NIPS bath. During this waiting period, the coupon-stage temperature was measured at **23.55 °C** and the local relative humidity at the coupon stage was **57.17%**.

## NIPS Bath Immersion

The cast membrane was subsequently immersed in a **pure non-solvent bath** (no co-solvent added; 0.0 wt% solvent content) maintained at **23 °C**. The membrane was left in the bath for **1200 seconds (20 minutes)** to allow phase inversion to proceed to completion.

## Summary Table

| Parameter | Value |
|---|---|
| Polymer concentration | 16.8 wt% |
| Additive/cosolvent concentration | 0.0 wt% (none) |
| Cosolvent type | None |
| Mixing temperature | 42 °C |
| Pull-cast speed | 10 mm/s |
| Pre-immersion wait time | 50 s |
| Nitrogen purge | No |
| Room air temperature (casting) | 23.62 °C |
| Room humidity (casting) | 52.18% RH |
| Coupon-stage temperature (end of wait) | 23.55 °C |
| Coupon-stage humidity (end of wait) | 57.17% RH |
| NIPS bath solvent | None (pure non-solvent) |
| NIPS bath solvent concentration | 0.0 wt% |
| NIPS bath temperature | 23 °C |
| NIPS bath immersion time | 1200 s |",23.62,52.18,23.55,57.17,118.53490841335125,1.5514363993595166,180.34689627006108,39.8679149792741,15.555513527679636,0.2491777850832206,0.5064447573346191,0.0102270590083786,68.36680112344877,3.6760346018894414,762.0474026043639,17.877314807609967,0.0704578088178987,0.0034772498522619,0.4529276947696401,0.0125290084181523,0.5488643805990949,0.0126923298705135,0.6431078914214885,0.0103840911439246,,,0.0312749070093913,,,"mixing_temp=42; bath_temp=23; polymer_wt=16.8; additive_wt=0.0; pullcast_speed=10; nitrogen=False; coupon_to_bath_wait_time=50; nips_bath_wait_time=1200; cosolvent_type=none; nips_bath_solvent=none; nips_bath_solvent_wt_percent=0.0; Air Temp Mean=23.62 [room air temperature during casting]; Humidity Mean=52.18 [room air humidity during casting]; Coupon Temp Mean=23.55 [coupon-stage temperature measured at the end of the wait period; during N2 it is the temperature during the N2 blow window, otherwise it is the no-N2 wait condition]; Coupon Humidity Mean=57.17 [coupon-stage humidity measured at the end of the wait period; during N2 it is the humidity during the N2 blow window, otherwise it is the no-N2 wait condition]

{'Air Temp Mean': 23.62, 'Humidity Mean': 52.18, 'Coupon Temp Mean': 23.55, 'Coupon Humidity Mean': 57.17, 'Thickness Mean': 118.53490841335125, 'Elastic Modulus Mean': 180.34689627006108, 'Strain at 50 bar Mean': 0.4529276947696401, 'CV Mean': 0.03127490700939136}","# Experimental Report: Automated Membrane Synthesis via Non-Solvent-Induced Phase Separation (NIPS)

## Solution Preparation

A polymer solution was prepared at a concentration of **16.8 wt%** with no cosolvent or additive included (additive concentration: 0.0 wt%). The solution was mixed and heated to **42 °C** prior to casting.

## Membrane Casting

The polymer solution was blade-cast onto the substrate at a pull-cast speed of **10 mm/s**. At the time of casting, the ambient room temperature was **23.62 °C** and the relative humidity was **52.18%**.

## Pre-Immersion Exposure

Following casting, the membrane coupon was allowed to rest under **ambient conditions (no nitrogen purge)** for **50 seconds** prior to immersion in the NIPS bath. During this waiting period, the coupon-stage temperature was measured at **23.55 °C** and the local relative humidity at the coupon stage was **57.17%**.

## NIPS Bath Immersion

The cast membrane was subsequently immersed in a **pure non-solvent bath** (no co-solvent added; 0.0 wt% solvent content) maintained at **23 °C**. The membrane was left in the bath for **1200 seconds (20 minutes)** to allow phase inversion to proceed to completion.

## Summary Table

| Parameter | Value |
|---|---|
| Polymer concentration | 16.8 wt% |
| Additive/cosolvent concentration | 0.0 wt% (none) |
| Cosolvent type | None |
| Mixing temperature | 42 °C |
| Pull-cast speed | 10 mm/s |
| Pre-immersion wait time | 50 s |
| Nitrogen purge | No |
| Room air temperature (casting) | 23.62 °C |
| Room humidity (casting) | 52.18% RH |
| Coupon-stage temperature (end of wait) | 23.55 °C |
| Coupon-stage humidity (end of wait) | 57.17% RH |
| NIPS bath solvent | None (pure non-solvent) |
| NIPS bath solvent concentration | 0.0 wt% |
| NIPS bath temperature | 23 °C |
| NIPS bath immersion time | 1200 s |


{'Air Temp Mean': 23.62, 'Humidity Mean': 52.18, 'Coupon Temp Mean': 23.55, 'Coupon Humidity Mean': 57.17, 'Thickness Mean': 118.53490841335125, 'Elastic Modulus Mean': 180.34689627006108, 'Strain at 50 bar Mean': 0.4529276947696401, 'CV Mean': 0.03127490700939136}","- **Presence:** Membrane is visible — a pale white/grey sheet occupies the aperture.
- **Vertical Coverage:** Membrane spans the full top-to-bottom extent of the aperture with no gap at either the top or bottom edge. ✓
- **Uniformity:** Largely uniform in color and opacity across the central area; slight tonal gradient toward edges but no obvious patchiness or dark spots.
- **Defects:** A distinct diagonal crease/fold is visible within the membrane material itself, running from upper-center toward the lower-right — this is a genuine wrinkle in the membrane sheet, not a lighting artifact.
- **Summary:** Membrane is present with full vertical coverage, but a clear diagonal wrinkle within the membrane material represents a notable structural defect.","## Reasoning

**Design space analysis:**

Looking at the diversity context and prior observations, I need to identify sparse regions:

- **mixing_temp**: Well covered from 25–80°C, but gaps around 25–30°C range for mid-polymer concentrations
- **bath_temp**: Covered at 5, 7, 8, 10, 12, 13, 15, 17, 18, 20, 22, 23, 25°C — **missing ~6°C and ~9°C** (minor), but notably **no experiment at bath_temp=5 with high polymer_wt AND high mixing_temp combination that's novel**
- **pullcast_speed**: All 20 unique values used across 21 experiments — very dense; need to pick something not yet used. Looking at the list: 1,2,3,4,5,6,7,8,9,10,11,12,13,14,15,16,17,18,19,20 — nearly all covered. Speed=6 is taken. Let me check: 1,2,3,4,5,6,7,8,9,10,11,12,13,14,15,16,17,18,19,20 — all 20 integer values are covered. I should pick a non-integer or revisit a sparse combination. Actually the range is 1–20 mm/s, so I can use a non-integer like 6.5 or pick a value that creates a novel combination.
- **nips_bath_wait_time**: Sparse around 1200–1250 range with specific combos; 1800 is well-covered
- **polymer_wt**: 13.0, 13.5, 14.0, 14.5, 14.8, 15.0, 15.5, 15.8, 16.0, 16.2, 16.5, 16.8, 17.0 — **missing ~13.0 at low bath temp with N2**, and notably **no experiment at polymer_wt ~17.0 with bath_temp=5 AND long wait time AND N2 that's distinct**

**Key sparse region identified:**
- High polymer_wt (17.0) with **bath_temp=5°C** has been done (exp 1: wait=30s, N2=True; exp 19: wait=15s, N2=False) — but **nips_bath_wait_time=1800** with **long coupon_to_bath_wait_time** hasn't been done for 17 wt%
- Actually, looking more carefully: polymer_wt=17 at bath_temp=5 with wait=30s (N2) and wait=15s (no N2) are done. A **very long wait time (600s) + N2 + bath_temp=5 + polymer_wt=17** is unexplored.
- **pullcast_speed**: I need a value not yet used. All integers 1–20 are taken. I'll use a non-integer: **6** is taken, but I can use something like **6** — wait, let me recount: 1,2,3,4,5,6,7,8,9,10,11,12,13,14,15,16,17,18,19,20 — yes all 20 integers are used. I'll use a fractional value like **6** — no. I'll use **10.5** or just pick a novel combination with a repeated speed but very different other parameters.

**Proposed experiment:**
- **polymer_wt = 17.0** (max, so mixing_temp must = 25°C)
- **mixing_temp = 25°C** (required)
- **bath_temp = 5°C** (cold bath — associated with higher modulus in observations)
- **pullcast_speed = 6** — wait, taken. Use **2** — taken. All integers taken. Use **10** — taken. I'll use a non-integer: **6.5 mm/s** — this is valid within range and novel.

Actually, re-examining: the key sparse combination is:
- polymer_wt=17, bath_temp=5, **long coupon_to_bath_wait_time (~600s)**, N2=True, nips_bath_wait_time=1800 — this is genuinely unexplored
- pullcast_speed: use a non-integer like **6** is taken... I'll use **10** — taken. Let me use **6.5** as a novel value.

Wait — actually the best high-modulus results came from: 16.5/bath10/wait225/NoN2 (308 MPa), 17/bath22/wait200/N2 (262 MPa), 17/bath15/wait500/NoN2 (257 MPa). The pattern suggests high polymer_wt + moderate-to-warm bath + moderate wait. But in explore mode, I should target sparse regions.

**Final choice — sparse region:**
- polymer_wt = 17.0, mixing_temp = 25 (required)
- bath_temp = 5°C (cold, underexplored for 17wt% with long wait)
- pullcast_speed = 6.5 (novel non-integer, sparse)
- coupon_to_bath_wait_time = 600 (max, only used once at 13.5wt%)
- nips_bath_wait_time = 1800 (max)
- nitrogen = True
- additive_wt = 0

```json
{
  ""mixing_temp"": 25,
  ""bath_temp"": 5,
  ""pullcast_speed"": 6.5,
  ""nitrogen"": true,
  ""coupon_to_bath_wait_time"": 600,
  ""nips_bath_wait_time"": 1800,
  ""polymer_wt"": 17.0,
  ""additive_wt"": 0
}
```"
"2026-09-01
15:36:49",17-0add-5deg-cosolv-none-bathSolv-none-0wt-600s-N2-1800s,25,5,17.0,0.0,6.5,True,600,1800,none,none,0.0,"mixing_temp=25; bath_temp=5; polymer_wt=17.0; additive_wt=0; pullcast_speed=6.5; nitrogen=True; coupon_to_bath_wait_time=600; nips_bath_wait_time=1800; cosolvent_type=none; nips_bath_solvent=none; nips_bath_solvent_wt_percent=0.0; Air Temp Mean=23.84 [room air temperature during casting]; Humidity Mean=49.72 [room air humidity during casting]; Coupon Temp Mean=23.76 [coupon-stage temperature measured at the end of the wait period; during N2 it is the temperature during the N2 blow window, otherwise it is the no-N2 wait condition]; Coupon Humidity Mean=47.580000000000005 [coupon-stage humidity measured at the end of the wait period; during N2 it is the humidity during the N2 blow window, otherwise it is the no-N2 wait condition]","## Experimental Report: Automated NIPS Membrane Synthesis

### Solution Preparation
A polymer solution was prepared at a concentration of **17.0 wt%** with no cosolvent or additive included (additive concentration: 0 wt%). The solution was mixed and heated at **25 °C**.

### Casting Conditions
The polymer solution was blade-cast onto the substrate at a pull-cast speed of **6.5 mm/s**. Casting was performed under ambient laboratory conditions, with a mean room air temperature of **23.84 °C** and a mean relative humidity of **49.72%**.

### Pre-Immersion Treatment
Following casting, the coupon was subjected to a **dry nitrogen (N₂) blow** for a duration of **600 seconds (10 minutes)** prior to immersion in the NIPS bath. During this period, the coupon-stage temperature was measured at **23.76 °C** and the coupon-stage relative humidity was **47.58%**, reflecting the local atmospheric conditions at the sample surface during the nitrogen purge window.

### NIPS Bath Immersion
After the pre-immersion wait period, the coupon was immersed in a **pure non-solvent NIPS bath** (no co-solvent added; 0.0 wt% solvent) maintained at **5 °C**. The coupon remained in the bath for **1800 seconds (30 minutes)** to allow phase separation and membrane solidification to proceed.",23.84,49.72,23.76,47.580000000000005,128.95941855100708,2.8502037470417325,285.30339100276933,45.12826301639889,34.26874600758957,2.7434859396638807,0.3994899676544612,0.0185150213122893,163.28057827728688,3.8492584155775806,511.7838950108708,45.428576162824776,0.1308290584330547,0.0170734649715647,0.2182161019509096,0.0248019881189766,0.3751812815349879,0.0259019054361182,0.5376739977968158,0.0318642734083571,,,0.0972163770525113,54.0,1 failed due to yield point (bp1) likely misplaced,"mixing_temp=25; bath_temp=5; polymer_wt=17.0; additive_wt=0; pullcast_speed=6.5; nitrogen=True; coupon_to_bath_wait_time=600; nips_bath_wait_time=1800; cosolvent_type=none; nips_bath_solvent=none; nips_bath_solvent_wt_percent=0.0; Air Temp Mean=23.84 [room air temperature during casting]; Humidity Mean=49.72 [room air humidity during casting]; Coupon Temp Mean=23.76 [coupon-stage temperature measured at the end of the wait period; during N2 it is the temperature during the N2 blow window, otherwise it is the no-N2 wait condition]; Coupon Humidity Mean=47.580000000000005 [coupon-stage humidity measured at the end of the wait period; during N2 it is the humidity during the N2 blow window, otherwise it is the no-N2 wait condition]

{'Air Temp Mean': 23.84, 'Humidity Mean': 49.72, 'Coupon Temp Mean': 23.76, 'Coupon Humidity Mean': 47.580000000000005, 'Thickness Mean': 128.95941855100708, 'Elastic Modulus Mean': 285.30339100276933, 'Strain at 50 bar Mean': 0.2182161019509096, 'CV Mean': 0.09721637705251132}, 'Discarded Fit Quality Mean': '54.0/100', 'Discarded Fit Reasons': '1 failed due to yield point (bp1) likely misplaced'","## Experimental Report: Automated NIPS Membrane Synthesis

### Solution Preparation
A polymer solution was prepared at a concentration of **17.0 wt%** with no cosolvent or additive included (additive concentration: 0 wt%). The solution was mixed and heated at **25 °C**.

### Casting Conditions
The polymer solution was blade-cast onto the substrate at a pull-cast speed of **6.5 mm/s**. Casting was performed under ambient laboratory conditions, with a mean room air temperature of **23.84 °C** and a mean relative humidity of **49.72%**.

### Pre-Immersion Treatment
Following casting, the coupon was subjected to a **dry nitrogen (N₂) blow** for a duration of **600 seconds (10 minutes)** prior to immersion in the NIPS bath. During this period, the coupon-stage temperature was measured at **23.76 °C** and the coupon-stage relative humidity was **47.58%**, reflecting the local atmospheric conditions at the sample surface during the nitrogen purge window.

### NIPS Bath Immersion
After the pre-immersion wait period, the coupon was immersed in a **pure non-solvent NIPS bath** (no co-solvent added; 0.0 wt% solvent) maintained at **5 °C**. The coupon remained in the bath for **1800 seconds (30 minutes)** to allow phase separation and membrane solidification to proceed.


{'Air Temp Mean': 23.84, 'Humidity Mean': 49.72, 'Coupon Temp Mean': 23.76, 'Coupon Humidity Mean': 47.580000000000005, 'Thickness Mean': 128.95941855100708, 'Elastic Modulus Mean': 285.30339100276933, 'Strain at 50 bar Mean': 0.2182161019509096, 'CV Mean': 0.09721637705251132}, 'Discarded Fit Quality Mean': '54.0/100', 'Discarded Fit Reasons': '1 failed due to yield point (bp1) likely misplaced'","**Presence:** A membrane (pale white sheet) is visible within the aperture.

**Vertical Coverage:** The membrane does not reach the top edge of the aperture — a clear gap is present at the top, indicating incomplete vertical coverage. The bottom edge appears adequately seated.

**Uniformity:** The membrane interior appears largely uniform in color and opacity with no obvious patchiness or dark spots.

**Defects:** No wrinkles or trapped air bubbles are detected within the membrane material itself; shadowed curves at the boundaries are rim/lighting artifacts.

**Summary:** The membrane is present and internally uniform, but exhibits a notable top-edge vertical gap that constitutes a coverage defect.","## Reasoning

### Design Space Analysis

**Coverage gaps identified:**
- `mixing_temp`: Well covered (25–80), but mid-range 25–35 is sparse for non-17wt% polymers
- `bath_temp`: 5, 7, 8, 10, 12, 13, 15, 17, 18, 20, 22, 23, 25 covered — **no experiment at bath_temp ~6 or 9 or 11 or 14 or 16 or 19 or 21 or 24** — bath_temp=24 is uncovered
- `pullcast_speed`: Nearly all values covered (1–20), but combinations matter
- `nips_bath_wait_time`: Sparse around 1450–1550 range for high polymer_wt
- `polymer_wt`: 13.0–17.0 covered, but **~13.0 wt% with high mixing_temp + cold bath** is underexplored
- `coupon_to_bath_wait_time`: 0–600 well covered
- `nitrogen`: Balanced (11/11)

**Performance observations:**
- Best Elastic Modulus: 308 MPa (16.5 wt%, 40°C mix, 10°C bath, 16 mm/s, 225s no-N2, 1750s)
- Best Strain at 50 bar (lowest): 0.218 (17 wt%, 25°C mix, 5°C bath, 6.5 mm/s, 600s N2, 1800s)
- High polymer_wt + cold bath + moderate-to-long wait times seem favorable

**Sparse region to target:**
- `bath_temp` = 24°C (only 25°C and 23°C nearby, but 24 is uncovered)
- `polymer_wt` = 13.0 with **low bath_temp** (5°C) — all 13.0 wt% experiments used bath_temp ≥ 18°C
- `mixing_temp` ~68°C with polymer_wt ~13.2 — unexplored combination
- `nips_bath_wait_time` = 1500s with polymer_wt ~13.2 is sparse

**Proposed experiment:**
- `polymer_wt` = 13.2 (novel, between 13.0 and 13.5, not yet sampled)
- `mixing_temp` = 68°C (novel, between 65 and 70, not sampled)
- `bath_temp` = 6°C (novel — only 5, 7, 8 nearby; 6 not sampled; cold bath for low polymer_wt is unexplored)
- `pullcast_speed` = 20 mm/s — wait, 20 was used. Use **19.5** — not available as integer... use **18** was used. Use **2** — used. Use **20** — used. Let me pick **19** — used. Pick **16** — used. Pick **11** — used. Pick **12** — used. Pick **4** — used. Pick **3** — used. Pick **5** — used. Pick **6** — used. Pick **7** — used. Pick **8** — used. Pick **9** — used. Pick **10** — used. Pick **13** — used. Pick **14** — used. Pick **15** — used. Pick **17** — used. Pick **18** — used. Pick **1** — used. Pick **2** — used. Nearly all integer speeds used! Use **19.5** (non-integer, novel).

Actually, re-checking: 19 mm/s was used. Let me use **19.5** as a novel speed.

- `nitrogen` = False (to balance; currently 11/11 balanced, this adds False → 12 False)
- `coupon_to_bath_wait_time` = 480s (not yet sampled; between 450 and 500)
- `nips_bath_wait_time` = 1500s (used once at 15wt%/75°C; novel for this polymer_wt/bath_temp combo)

This combination (low polymer_wt + cold bath + high mixing_temp + long wait + no N2) is genuinely novel and covers a sparse region.

```json
{
  ""mixing_temp"": 68,
  ""bath_temp"": 6,
  ""pullcast_speed"": 19.5,
  ""nitrogen"": false,
  ""coupon_to_bath_wait_time"": 480,
  ""nips_bath_wait_time"": 1500,
  ""polymer_wt"": 13.2,
  ""additive_wt"": 0
}
```"
"2026-09-01
17:47:45",13p2-0add-6deg-cosolv-none-bathSolv-none-0wt-480s-NoN2-1500s,68,6,13.2,0.0,19.5,False,480,1500,none,none,0.0,"mixing_temp=68; bath_temp=6; polymer_wt=13.2; additive_wt=0.0; pullcast_speed=19.5; nitrogen=False; coupon_to_bath_wait_time=480; nips_bath_wait_time=1500; cosolvent_type=none; nips_bath_solvent=none; nips_bath_solvent_wt_percent=0.0; Air Temp Mean=nan [room air temperature during casting]; Humidity Mean=nan [room air humidity during casting]; Coupon Temp Mean=nan [coupon-stage temperature measured at the end of the wait period; during N2 it is the temperature during the N2 blow window, otherwise it is the no-N2 wait condition]; Coupon Humidity Mean=nan [coupon-stage humidity measured at the end of the wait period; during N2 it is the humidity during the N2 blow window, otherwise it is the no-N2 wait condition]","# Experimental Report: Automated Membrane Synthesis via Non-Solvent-Induced Phase Separation (NIPS)

## Solution Preparation

A polymer solution was prepared at a concentration of **13.2 wt%** with no cosolvent or additive (0.0 wt% additive). The solution was mixed and heated to **68 °C** prior to casting.

## Membrane Casting

The polymer solution was blade-cast onto the coupon stage at a pull-cast speed of **19.5 mm/s**. Following casting, the film was allowed to rest under **ambient conditions** (no dry nitrogen purge) for a hold period of **480 seconds** (8 minutes) before immersion in the NIPS bath. Ambient air temperature and humidity during the casting step were not recorded (N/A), and coupon-stage temperature and humidity at the end of the wait period were likewise not recorded (N/A).

## Phase Inversion (NIPS Bath)

The cast film was immersed into a **pure non-solvent bath** (no co-solvent added; 0.0 wt% solvent) maintained at **6 °C**. The membrane was held in the bath for **1500 seconds** (25 minutes) to allow complete phase inversion.

## Summary Table

| Parameter | Value |
|---|---|
| Polymer concentration | 13.2 wt% |
| Additive/cosolvent concentration | 0.0 wt% (none) |
| Cosolvent type | None |
| Mixing temperature | 68 °C |
| Pull-cast speed | 19.5 mm/s |
| Nitrogen purge | No |
| Pre-immersion wait time | 480 s |
| NIPS bath temperature | 6 °C |
| NIPS bath solvent | None (pure non-solvent) |
| NIPS bath solvent concentration | 0.0 wt% |
| NIPS bath immersion time | 1500 s |
| Air temperature (casting) | Not recorded |
| Air humidity (casting) | Not recorded |
| Coupon-stage temperature (end of wait) | Not recorded |
| Coupon-stage humidity (end of wait) | Not recorded |",,,,,92.84729862499432,10.31166900313815,,,,,,,,,,,,,0.5170213125190326,0.0390857722964131,,,,,,,,42.75,"4 failed due to plateau slope >= elastic modulus, no real transition","mixing_temp=68; bath_temp=6; polymer_wt=13.2; additive_wt=0.0; pullcast_speed=19.5; nitrogen=False; coupon_to_bath_wait_time=480; nips_bath_wait_time=1500; cosolvent_type=none; nips_bath_solvent=none; nips_bath_solvent_wt_percent=0.0; Air Temp Mean=nan [room air temperature during casting]; Humidity Mean=nan [room air humidity during casting]; Coupon Temp Mean=nan [coupon-stage temperature measured at the end of the wait period; during N2 it is the temperature during the N2 blow window, otherwise it is the no-N2 wait condition]; Coupon Humidity Mean=nan [coupon-stage humidity measured at the end of the wait period; during N2 it is the humidity during the N2 blow window, otherwise it is the no-N2 wait condition]

{'Air Temp Mean': nan, 'Humidity Mean': nan, 'Coupon Temp Mean': nan, 'Coupon Humidity Mean': nan, 'Thickness Mean': 92.84729862499432, 'Elastic Modulus Mean': nan, 'Strain at 50 bar Mean': 0.5170213125190326, 'CV Mean': nan}, 'Discarded Fit Quality Mean': '42.8/100', 'Discarded Fit Reasons': '4 failed due to plateau slope >= elastic modulus, no real transition'","# Experimental Report: Automated Membrane Synthesis via Non-Solvent-Induced Phase Separation (NIPS)

## Solution Preparation

A polymer solution was prepared at a concentration of **13.2 wt%** with no cosolvent or additive (0.0 wt% additive). The solution was mixed and heated to **68 °C** prior to casting.

## Membrane Casting

The polymer solution was blade-cast onto the coupon stage at a pull-cast speed of **19.5 mm/s**. Following casting, the film was allowed to rest under **ambient conditions** (no dry nitrogen purge) for a hold period of **480 seconds** (8 minutes) before immersion in the NIPS bath. Ambient air temperature and humidity during the casting step were not recorded (N/A), and coupon-stage temperature and humidity at the end of the wait period were likewise not recorded (N/A).

## Phase Inversion (NIPS Bath)

The cast film was immersed into a **pure non-solvent bath** (no co-solvent added; 0.0 wt% solvent) maintained at **6 °C**. The membrane was held in the bath for **1500 seconds** (25 minutes) to allow complete phase inversion.

## Summary Table

| Parameter | Value |
|---|---|
| Polymer concentration | 13.2 wt% |
| Additive/cosolvent concentration | 0.0 wt% (none) |
| Cosolvent type | None |
| Mixing temperature | 68 °C |
| Pull-cast speed | 19.5 mm/s |
| Nitrogen purge | No |
| Pre-immersion wait time | 480 s |
| NIPS bath temperature | 6 °C |
| NIPS bath solvent | None (pure non-solvent) |
| NIPS bath solvent concentration | 0.0 wt% |
| NIPS bath immersion time | 1500 s |
| Air temperature (casting) | Not recorded |
| Air humidity (casting) | Not recorded |
| Coupon-stage temperature (end of wait) | Not recorded |
| Coupon-stage humidity (end of wait) | Not recorded |


{'Air Temp Mean': nan, 'Humidity Mean': nan, 'Coupon Temp Mean': nan, 'Coupon Humidity Mean': nan, 'Thickness Mean': 92.84729862499432, 'Elastic Modulus Mean': nan, 'Strain at 50 bar Mean': 0.5170213125190326, 'CV Mean': nan}, 'Discarded Fit Quality Mean': '42.8/100', 'Discarded Fit Reasons': '4 failed due to plateau slope >= elastic modulus, no real transition'","- **Presence:** Membrane is visible as a pale grey/white sheet within the circular aperture.

- **Vertical Coverage:** Membrane spans the full top-to-bottom extent of the aperture with no gaps at the top or bottom edges. ✓

- **Uniformity:** Moderate non-uniformity present — the membrane shows streaky, variable opacity with lighter and darker grey regions distributed across the surface, suggesting uneven thickness or density.

- **Defects:** Several broad, low-relief undulations are visible within the membrane material itself, consistent with mild wrinkling or surface waviness; no trapped air bubbles detected.

- **Summary:** Membrane is present with full vertical coverage but exhibits notable streaky non-uniformity and mild wrinkling across its surface.","## Reasoning

### Design Space Analysis

**Objective:** Maximize Elastic Modulus (primary), minimize Strain at 50 bar (secondary).

**Top performers (valid Elastic Modulus):**
1. 16.5 wt%, 40°C, 16 mm/s, No N₂, 225s wait, 10°C bath, 1750s → **308 MPa**, strain 0.417
2. 17.0 wt%, 25°C, 19 mm/s, N₂, 200s wait, 22°C bath, 1450s → **262 MPa**, strain 0.274
3. 17.0 wt%, 25°C, 1 mm/s, No N₂, 500s wait, 15°C bath, 1800s → **257 MPa**, strain 0.465
4. 17.0 wt%, 25°C, 6.5 mm/s, N₂, 600s wait, 5°C bath, 1800s → **285 MPa**, strain 0.218

**Sparse regions to explore:**
- `nips_bath_wait_time` near 1200s is underrepresented among high-performing conditions; most high-modulus results used 1450–1800s
- `bath_temp` around 20–25°C combined with high polymer_wt (16–17 wt%) and moderate-to-high pullcast speed is underexplored
- `mixing_temp` in the 25–35°C range with mid-high polymer_wt is sparse
- `coupon_to_bath_wait_time` near 0–30s with N₂ and high polymer_wt at warm bath is unexplored

**Proposed point:**
- **polymer_wt = 16.0** (mid-high, underrepresented in high-modulus zone)
- **mixing_temp = 25°C** (low end, sparse for 16 wt%)
- **bath_temp = 25°C** (warm bath, sparse for high polymer_wt; only 13 wt% used 25°C bath)
- **pullcast_speed = 20 mm/s** (max speed, only used with 14 wt% before)
- **nitrogen = True** (N₂ purge)
- **coupon_to_bath_wait_time = 0s** (immediate immersion after N₂, sparse combination)
- **nips_bath_wait_time = 1800s** (max, favors complete phase inversion)
- **additive_wt = 0**

This combination (16 wt%, 25°C mixing, 25°C bath, 20 mm/s, N₂, 0s wait, 1800s) is genuinely novel — no prior experiment combines high polymer_wt with warm bath + max speed + N₂ + immediate immersion.

```json
{
  ""mixing_temp"": 25,
  ""bath_temp"": 25,
  ""pullcast_speed"": 20,
  ""nitrogen"": true,
  ""coupon_to_bath_wait_time"": 0,
  ""nips_bath_wait_time"": 1800,
  ""polymer_wt"": 16.0,
  ""additive_wt"": 0
}
```"
"2026-09-01
21:05:00",16-0add-25deg-cosolv-none-bathSolv-none-0wt-0s-N2-1800s,25,25,16.0,0.0,20.0,True,0,1800,none,none,0.0,"mixing_temp=25; bath_temp=25; polymer_wt=16.0; additive_wt=0.0; pullcast_speed=20; nitrogen=True; coupon_to_bath_wait_time=0; nips_bath_wait_time=1800; cosolvent_type=none; nips_bath_solvent=none; nips_bath_solvent_wt_percent=0.0; Air Temp Mean=23.99 [room air temperature during casting]; Humidity Mean=51.42 [room air humidity during casting]; Coupon Temp Mean=24.11 [coupon-stage temperature measured at the end of the wait period; during N2 it is the temperature during the N2 blow window, otherwise it is the no-N2 wait condition]; Coupon Humidity Mean=46.85 [coupon-stage humidity measured at the end of the wait period; during N2 it is the humidity during the N2 blow window, otherwise it is the no-N2 wait condition]","# Experimental Report: Automated NIPS Membrane Synthesis

## Solution Preparation

A polymer solution was prepared at a concentration of **16.0 wt%** with no additive or cosolvent incorporated (additive = 0.0 wt%, cosolvent = none). The solution was mixed and heated at **25 °C** prior to casting.

## Membrane Casting

The polymer solution was blade-cast onto the coupon stage at a pull-cast speed of **20 mm/s**. Ambient conditions in the laboratory during casting were recorded at a mean air temperature of **23.99 °C** and a mean relative humidity of **51.42%**.

## Pre-Immersion Treatment

Immediately following casting (wait time = **0 s**), the coupon was subjected to a **dry nitrogen (N₂) blow** rather than being exposed to ambient air. During this N₂ treatment window, the coupon-stage temperature was measured at **24.11 °C** and the local relative humidity at the coupon surface was reduced to **46.85%**, confirming effective humidity suppression by the nitrogen flow.

## NIPS Bath Immersion

The cast film was immersed directly into a **pure water NIPS bath** (no co-solvent added; bath solvent concentration = 0.0 wt%) maintained at **25 °C**. The membrane was allowed to phase-separate and solidify in the bath for **1800 seconds (30 minutes)** before removal.

## Summary Table

| Parameter | Value |
|---|---|
| Polymer concentration | 16.0 wt% |
| Additive concentration | 0.0 wt% |
| Cosolvent | None |
| Mixing temperature | 25 °C |
| Pull-cast speed | 20 mm/s |
| Pre-immersion treatment | Dry N₂ blow |
| Coupon-to-bath wait time | 0 s |
| NIPS bath composition | Pure water |
| NIPS bath temperature | 25 °C |
| NIPS bath immersion time | 1800 s |
| Ambient temperature (casting) | 23.99 °C |
| Ambient humidity (casting) | 51.42% RH |
| Coupon-stage temperature (N₂) | 24.11 °C |
| Coupon-stage humidity (N₂) | 46.85% RH |",23.99,51.42,24.11,46.85,128.85901185354933,2.744708451760058,122.0816837468318,5.109905567215136,10.870502888056048,0.2869080918540165,0.5174825872995483,0.0054771771064885,55.05235221208149,1.3062040762013234,802.482687853603,21.61129821204783,0.0524769383116414,0.0023372643157422,0.4901836201331663,0.0047465652441491,0.570917014520584,0.0040573871634888,0.6583495479398698,0.0040507469869303,,,0.0124738472762458,,,"mixing_temp=25; bath_temp=25; polymer_wt=16.0; additive_wt=0.0; pullcast_speed=20; nitrogen=True; coupon_to_bath_wait_time=0; nips_bath_wait_time=1800; cosolvent_type=none; nips_bath_solvent=none; nips_bath_solvent_wt_percent=0.0; Air Temp Mean=23.99 [room air temperature during casting]; Humidity Mean=51.42 [room air humidity during casting]; Coupon Temp Mean=24.11 [coupon-stage temperature measured at the end of the wait period; during N2 it is the temperature during the N2 blow window, otherwise it is the no-N2 wait condition]; Coupon Humidity Mean=46.85 [coupon-stage humidity measured at the end of the wait period; during N2 it is the humidity during the N2 blow window, otherwise it is the no-N2 wait condition]

{'Air Temp Mean': 23.99, 'Humidity Mean': 51.42, 'Coupon Temp Mean': 24.11, 'Coupon Humidity Mean': 46.85, 'Thickness Mean': 128.85901185354933, 'Elastic Modulus Mean': 122.08168374683181, 'Strain at 50 bar Mean': 0.49018362013316635, 'CV Mean': 0.012473847276245868}","# Experimental Report: Automated NIPS Membrane Synthesis

## Solution Preparation

A polymer solution was prepared at a concentration of **16.0 wt%** with no additive or cosolvent incorporated (additive = 0.0 wt%, cosolvent = none). The solution was mixed and heated at **25 °C** prior to casting.

## Membrane Casting

The polymer solution was blade-cast onto the coupon stage at a pull-cast speed of **20 mm/s**. Ambient conditions in the laboratory during casting were recorded at a mean air temperature of **23.99 °C** and a mean relative humidity of **51.42%**.

## Pre-Immersion Treatment

Immediately following casting (wait time = **0 s**), the coupon was subjected to a **dry nitrogen (N₂) blow** rather than being exposed to ambient air. During this N₂ treatment window, the coupon-stage temperature was measured at **24.11 °C** and the local relative humidity at the coupon surface was reduced to **46.85%**, confirming effective humidity suppression by the nitrogen flow.

## NIPS Bath Immersion

The cast film was immersed directly into a **pure water NIPS bath** (no co-solvent added; bath solvent concentration = 0.0 wt%) maintained at **25 °C**. The membrane was allowed to phase-separate and solidify in the bath for **1800 seconds (30 minutes)** before removal.

## Summary Table

| Parameter | Value |
|---|---|
| Polymer concentration | 16.0 wt% |
| Additive concentration | 0.0 wt% |
| Cosolvent | None |
| Mixing temperature | 25 °C |
| Pull-cast speed | 20 mm/s |
| Pre-immersion treatment | Dry N₂ blow |
| Coupon-to-bath wait time | 0 s |
| NIPS bath composition | Pure water |
| NIPS bath temperature | 25 °C |
| NIPS bath immersion time | 1800 s |
| Ambient temperature (casting) | 23.99 °C |
| Ambient humidity (casting) | 51.42% RH |
| Coupon-stage temperature (N₂) | 24.11 °C |
| Coupon-stage humidity (N₂) | 46.85% RH |


{'Air Temp Mean': 23.99, 'Humidity Mean': 51.42, 'Coupon Temp Mean': 24.11, 'Coupon Humidity Mean': 46.85, 'Thickness Mean': 128.85901185354933, 'Elastic Modulus Mean': 122.08168374683181, 'Strain at 50 bar Mean': 0.49018362013316635, 'CV Mean': 0.012473847276245868}","- **Presence:** Membrane is visible — a pale white/opaque sheet is present within the aperture.

- **Vertical Coverage:** The membrane does not fully span the vertical extent; a gap is visible at the top edge where the aperture is exposed, indicating incomplete top coverage. The bottom edge appears adequately seated.

- **Uniformity:** The bulk of the membrane body appears reasonably uniform in opacity, though there is slight tonal variation near the upper-left region.

- **Defects:** A distinct raised wrinkle/fold is visible within the membrane material on the left-center area, along with what appear to be small creases or fold lines nearby — these are genuine membrane-surface defects.

- **Summary:** The membrane shows a top-edge vertical gap and a prominent wrinkle/fold defect within the membrane material itself.","## Reasoning

**Design space analysis:**

Looking at the diversity coverage context and prior observations, I need to identify sparse regions:

- **mixing_temp**: Well covered from 25–80°C, but gaps around 53–56°C range (55 is taken, 57 is taken) — actually fairly dense. Underrepresented: ~32–38°C range (30, 35 taken), and ~43–46°C (45 taken, 47 taken). Let me look more carefully: 25, 30, 35, 40, 42, 45, 47, 50, 55, 57, 60, 63, 65, 68, 70, 72, 75, 80 are taken. Gap around **53°C** or **77°C**.
- **bath_temp**: 5, 6, 7, 8, 10, 12, 13, 15, 17, 18, 20, 22, 23, 25 covered. Missing: **9°C, 11°C, 14°C, 16°C, 19°C, 21°C, 24°C**. Bath temp ~**9°C** or **11°C** is sparse.
- **pullcast_speed**: 1–20 well covered (22 unique values out of 24 experiments). Gaps: ~**2.5, 4.5** etc. — very dense already.
- **coupon_to_bath_wait_time**: 0–600 well covered (22 unique). Sparse around **~250–260s** or **~560s**.
- **nips_bath_wait_time**: 1200–1800, 14 unique. Sparse around **~1450–1480** (1450 taken, 1425 taken) — try **~1470s** or **~1620s** (1600 taken, 1650 taken) — try **~1630s**.
- **polymer_wt**: 13.0–17.0, 14 unique. Gaps: **13.7, 14.2, 15.2, 15.3, 16.3, 16.7** etc.
- **nitrogen**: Balanced (12/12).

**Performance insights (for context, not exploitation):**
- High modulus seen at: 16.5wt%/40°C/bath10°C (308 MPa), 17wt%/25°C/bath22°C (262 MPa), 17wt%/25°C/bath5°C/N2/600s (285 MPa), 16.2wt%/47°C/bath7°C (237 MPa)
- Low strain at 50 bar: 17wt%/25°C/N2/600s (0.218), 17wt%/25°C/bath22°C (0.274), 16.2wt%/bath7°C (0.322)

**Explore mode target — sparse region:**
- **polymer_wt**: ~15.3 (gap between 15.0 and 15.5)
- **mixing_temp**: ~53°C (gap between 50 and 55)
- **bath_temp**: ~9°C (gap between 8 and 10)
- **pullcast_speed**: ~2 (only 2.0 taken, try ~2.5 — actually 2 is taken, try something near it but distinct, like **2** is taken... use **20** is taken... use **1.5** — wait, 1 is taken. Use **2.5**)
- **coupon_to_bath_wait_time**: ~560s (gap near top, 550 and 600 taken — try **560**)
- **nips_bath_wait_time**: ~1630s (gap between 1600 and 1650)
- **nitrogen**: False (to balance with the chosen parameters)

This combination (polymer_wt=15.3, mixing_temp=53, bath_temp=9, pullcast_speed=2.5, wait=560s, nips=1630s, no N2) is genuinely novel and covers sparse regions across multiple dimensions simultaneously.

```json
{
  ""mixing_temp"": 53,
  ""bath_temp"": 9,
  ""pullcast_speed"": 2.5,
  ""nitrogen"": false,
  ""coupon_to_bath_wait_time"": 560,
  ""nips_bath_wait_time"": 1630,
  ""polymer_wt"": 15.3,
  ""additive_wt"": 0
}
```"
"2026-09-01
23:18:03",15p3-0add-9deg-cosolv-none-bathSolv-none-0wt-560s-NoN2-1630s,53,9,15.3,0.0,2.5,False,560,1630,none,none,0.0,"mixing_temp=53; bath_temp=9; polymer_wt=15.3; additive_wt=0.0; pullcast_speed=2.5; nitrogen=False; coupon_to_bath_wait_time=560; nips_bath_wait_time=1630; cosolvent_type=none; nips_bath_solvent=none; nips_bath_solvent_wt_percent=0.0; Air Temp Mean=24.04 [room air temperature during casting]; Humidity Mean=50.41 [room air humidity during casting]; Coupon Temp Mean=23.87 [coupon-stage temperature measured at the end of the wait period; during N2 it is the temperature during the N2 blow window, otherwise it is the no-N2 wait condition]; Coupon Humidity Mean=53.99 [coupon-stage humidity measured at the end of the wait period; during N2 it is the humidity during the N2 blow window, otherwise it is the no-N2 wait condition]","## Experimental Report: Membrane Synthesis via Non-Solvent-Induced Phase Separation (NIPS)

### Solution Preparation
The polymer solution was prepared at a concentration of **15.3 wt%** with no cosolvent or additive included (additive concentration: 0.0 wt%). The solution was mixed and heated at **53 °C**.

### Membrane Casting
The polymer solution was blade-cast onto the substrate at a pull-cast speed of **2.5 mm/s**. Following casting, the coupon was held in ambient conditions (no dry nitrogen purge) for **560 seconds** prior to immersion in the NIPS bath. During this waiting period, the ambient environment was characterized by a mean air temperature of **24.04 °C** and a mean relative humidity of **50.41%**. The coupon-stage temperature and humidity at the end of the wait period were measured at **23.87 °C** and **53.99% RH**, respectively.

### Phase Inversion (NIPS Bath)
The cast film was immersed in a pure non-solvent bath (no solvent additive; 0.0 wt% solvent) maintained at **9 °C**. The coupon remained in the bath for **1630 seconds** to allow complete phase inversion and membrane solidification.",24.04,50.41,23.87,53.99,172.9806104052132,3.473962499583636,259.0817072431835,61.28365089320044,15.692441572557351,0.5321995384991062,0.5213943102965217,0.0190500365371655,34.56548357818155,2.853391463510118,1030.0937320467372,24.293245652112173,0.0692056201579356,0.0022775013649312,0.5022981396212451,0.0151520268065725,0.5671155467121366,0.0164003535044887,0.6318576032630727,0.0173075532236028,,,0.0394087097915586,,,"mixing_temp=53; bath_temp=9; polymer_wt=15.3; additive_wt=0.0; pullcast_speed=2.5; nitrogen=False; coupon_to_bath_wait_time=560; nips_bath_wait_time=1630; cosolvent_type=none; nips_bath_solvent=none; nips_bath_solvent_wt_percent=0.0; Air Temp Mean=24.04 [room air temperature during casting]; Humidity Mean=50.41 [room air humidity during casting]; Coupon Temp Mean=23.87 [coupon-stage temperature measured at the end of the wait period; during N2 it is the temperature during the N2 blow window, otherwise it is the no-N2 wait condition]; Coupon Humidity Mean=53.99 [coupon-stage humidity measured at the end of the wait period; during N2 it is the humidity during the N2 blow window, otherwise it is the no-N2 wait condition]

{'Air Temp Mean': 24.04, 'Humidity Mean': 50.41, 'Coupon Temp Mean': 23.87, 'Coupon Humidity Mean': 53.99, 'Thickness Mean': 172.9806104052132, 'Elastic Modulus Mean': 259.0817072431835, 'Strain at 50 bar Mean': 0.5022981396212451, 'CV Mean': 0.03940870979155867}","## Experimental Report: Membrane Synthesis via Non-Solvent-Induced Phase Separation (NIPS)

### Solution Preparation
The polymer solution was prepared at a concentration of **15.3 wt%** with no cosolvent or additive included (additive concentration: 0.0 wt%). The solution was mixed and heated at **53 °C**.

### Membrane Casting
The polymer solution was blade-cast onto the substrate at a pull-cast speed of **2.5 mm/s**. Following casting, the coupon was held in ambient conditions (no dry nitrogen purge) for **560 seconds** prior to immersion in the NIPS bath. During this waiting period, the ambient environment was characterized by a mean air temperature of **24.04 °C** and a mean relative humidity of **50.41%**. The coupon-stage temperature and humidity at the end of the wait period were measured at **23.87 °C** and **53.99% RH**, respectively.

### Phase Inversion (NIPS Bath)
The cast film was immersed in a pure non-solvent bath (no solvent additive; 0.0 wt% solvent) maintained at **9 °C**. The coupon remained in the bath for **1630 seconds** to allow complete phase inversion and membrane solidification.


{'Air Temp Mean': 24.04, 'Humidity Mean': 50.41, 'Coupon Temp Mean': 23.87, 'Coupon Humidity Mean': 53.99, 'Thickness Mean': 172.9806104052132, 'Elastic Modulus Mean': 259.0817072431835, 'Strain at 50 bar Mean': 0.5022981396212451, 'CV Mean': 0.03940870979155867}","- **Presence:** Membrane is visible — a pale grey/white sheet occupies the aperture.

- **Vertical Coverage:** Full top-to-bottom coverage is present; the membrane reaches both the top and bottom edges of the aperture with no gap.

- **Uniformity:** The membrane is largely uniform in color and opacity across its surface, with only very subtle, gradual tonal variation — no distinct dark spots or patchy regions.

- **Defects:** No wrinkles or trapped air bubbles are detected within the membrane material itself; the curved bright feature at the upper-right is a rim/boundary lighting artifact, not a membrane fold.

- **Summary:** The membrane coupon appears well-seated with complete vertical coverage, good uniformity, and no observable structural defects.","## Reasoning

**Design space analysis:**

Looking at the diversity context and prior observations, I need to identify sparse regions:

- **mixing_temp**: Well covered from 25–80°C, but gaps around 25–30°C range with mid-high polymer_wt combinations
- **bath_temp**: Covered at 5, 6, 7, 8, 9, 10, 12, 13, 15, 17, 18, 20, 22, 23, 25°C — missing ~11°C, ~14°C, ~16°C, ~19°C, ~21°C, ~24°C
- **pullcast_speed**: Very well covered (1–20 mm/s, 23 unique values out of 25 experiments)
- **nips_bath_wait_time**: Covered at 1200, 1250, 1300, 1350, 1380, 1425, 1450, 1500, 1550, 1600, 1630, 1650, 1700, 1750, 1800 — missing ~1450–1500 range is covered; sparse around 1200 with specific combos
- **coupon_to_bath_wait_time**: Well covered
- **polymer_wt**: Covered 13.0–17.0, 15 unique values; mid-range ~13.7–13.9 is sparse
- **nitrogen**: Nearly balanced (12 True, 13 False)

**Sparse region targeting:**
- bath_temp ~11°C is not sampled
- mixing_temp ~25°C with polymer_wt ~13.7 (low polymer, low mixing temp) is unexplored
- nips_bath_wait_time ~1200 with bath_temp ~11°C is novel
- pullcast_speed ~20 mm/s with low polymer_wt hasn't been tried (only 14.0 at 20 mm/s with high mixing temp)
- nitrogen=True with low polymer_wt (~13.7) and bath_temp ~11°C is novel

**Proposed experiment:**
- polymer_wt = 13.7 (sparse, between 13.5 and 14.0)
- mixing_temp = 25°C (low mixing temp with low polymer_wt — unexplored combination; note: 25°C is allowed for non-max polymer_wt)
- bath_temp = 11°C (unsampled)
- pullcast_speed = 20 mm/s (high speed with low polymer_wt — novel)
- nitrogen = True (balances coverage)
- coupon_to_bath_wait_time = 0 s (sparse with this combination)
- nips_bath_wait_time = 1200 s (minimum, sparse with this bath_temp)
- additive_wt = 0 (locked)

This combination is deliberately far from dense clusters and explores a novel corner: low polymer concentration + low mixing temp + cold bath + fast casting + immediate immersion.

```json
{
  ""mixing_temp"": 25,
  ""bath_temp"": 11,
  ""pullcast_speed"": 20,
  ""nitrogen"": true,
  ""coupon_to_bath_wait_time"": 0,
  ""nips_bath_wait_time"": 1200,
  ""polymer_wt"": 13.7,
  ""additive_wt"": 0
}
```"
"2026-09-02
01:13:09",13p7-0add-11deg-cosolv-none-bathSolv-none-0wt-0s-N2-1200s,25,11,13.7,0.0,20.0,True,0,1200,none,none,0.0,"mixing_temp=25; bath_temp=11; polymer_wt=13.7; additive_wt=0.0; pullcast_speed=20; nitrogen=True; coupon_to_bath_wait_time=0; nips_bath_wait_time=1200; cosolvent_type=none; nips_bath_solvent=none; nips_bath_solvent_wt_percent=0.0; Air Temp Mean=24.36 [room air temperature during casting]; Humidity Mean=49.23 [room air humidity during casting]; Coupon Temp Mean=23.99 [coupon-stage temperature measured at the end of the wait period; during N2 it is the temperature during the N2 blow window, otherwise it is the no-N2 wait condition]; Coupon Humidity Mean=46.33 [coupon-stage humidity measured at the end of the wait period; during N2 it is the humidity during the N2 blow window, otherwise it is the no-N2 wait condition]","# Experimental Report: Automated Membrane Synthesis via Non-Solvent-Induced Phase Separation (NIPS)

## Solution Preparation

A polymer solution was prepared at a concentration of **13.7 wt%** with no cosolvent or additive (0.0 wt%). The solution was mixed and heated at **25 °C**.

## Membrane Casting

The polymer solution was blade-cast onto the coupon stage at a casting speed of **20 mm/s**. Ambient conditions during casting were recorded at a mean air temperature of **24.36 °C** and a mean relative humidity of **49.23%**.

## Pre-Immersion Treatment

Immediately following casting (wait time = **0 s**), the coupon was subjected to a **dry nitrogen (N₂) purge** with no delay before bath immersion. During this N₂ blow window, the coupon-stage temperature was measured at **23.99 °C** and the local relative humidity at the coupon stage was reduced to **46.33%**, confirming effective humidity displacement by the nitrogen flow.

## NIPS Bath Immersion

The cast film was immersed into a **pure water NIPS bath** (no co-solvent; 0.0 wt% solvent additive) maintained at **11 °C**. The membrane was allowed to phase-separate and solidify in the bath for **1200 seconds (20 minutes)**.

## Summary Table

| Parameter | Value |
|---|---|
| Polymer concentration | 13.7 wt% |
| Additive/cosolvent | None (0.0 wt%) |
| Mixing temperature | 25 °C |
| Casting speed | 20 mm/s |
| Pre-immersion N₂ purge | Yes |
| Pre-immersion wait time | 0 s |
| NIPS bath composition | Pure water |
| NIPS bath temperature | 11 °C |
| NIPS bath immersion time | 1200 s |
| Ambient temperature (casting) | 24.36 °C |
| Ambient humidity (casting) | 49.23% RH |
| Coupon-stage temperature (N₂ window) | 23.99 °C |
| Coupon-stage humidity (N₂ window) | 46.33% RH |",24.36,49.23,23.99,46.33,118.41008555273524,2.190223272700957,57.37684385922955,6.42100315214881,5.367770054614667,0.2967031184929118,0.5900739553090036,0.0057999950038011,39.01446560769023,7.989327010094605,891.8261528056654,9.442283808598518,0.0536265689078768,0.0008630419231646,0.6260256848220793,0.0350630120967673,0.6509629393053106,0.0093887276182534,0.7256690922042496,0.0087105744595253,,,0.0247618067606188,65.0,1 failed due to poor full-plateau fit; 1 failed due to elastic/plateau junction mismatch,"mixing_temp=25; bath_temp=11; polymer_wt=13.7; additive_wt=0.0; pullcast_speed=20; nitrogen=True; coupon_to_bath_wait_time=0; nips_bath_wait_time=1200; cosolvent_type=none; nips_bath_solvent=none; nips_bath_solvent_wt_percent=0.0; Air Temp Mean=24.36 [room air temperature during casting]; Humidity Mean=49.23 [room air humidity during casting]; Coupon Temp Mean=23.99 [coupon-stage temperature measured at the end of the wait period; during N2 it is the temperature during the N2 blow window, otherwise it is the no-N2 wait condition]; Coupon Humidity Mean=46.33 [coupon-stage humidity measured at the end of the wait period; during N2 it is the humidity during the N2 blow window, otherwise it is the no-N2 wait condition]

{'Air Temp Mean': 24.36, 'Humidity Mean': 49.23, 'Coupon Temp Mean': 23.99, 'Coupon Humidity Mean': 46.33, 'Thickness Mean': 118.41008555273525, 'Elastic Modulus Mean': 57.37684385922955, 'Strain at 50 bar Mean': 0.6260256848220793, 'CV Mean': 0.02476180676061884}, 'Discarded Fit Quality Mean': '65.0/100', 'Discarded Fit Reasons': '1 failed due to poor full-plateau fit; 1 failed due to elastic/plateau junction mismatch'","# Experimental Report: Automated Membrane Synthesis via Non-Solvent-Induced Phase Separation (NIPS)

## Solution Preparation

A polymer solution was prepared at a concentration of **13.7 wt%** with no cosolvent or additive (0.0 wt%). The solution was mixed and heated at **25 °C**.

## Membrane Casting

The polymer solution was blade-cast onto the coupon stage at a casting speed of **20 mm/s**. Ambient conditions during casting were recorded at a mean air temperature of **24.36 °C** and a mean relative humidity of **49.23%**.

## Pre-Immersion Treatment

Immediately following casting (wait time = **0 s**), the coupon was subjected to a **dry nitrogen (N₂) purge** with no delay before bath immersion. During this N₂ blow window, the coupon-stage temperature was measured at **23.99 °C** and the local relative humidity at the coupon stage was reduced to **46.33%**, confirming effective humidity displacement by the nitrogen flow.

## NIPS Bath Immersion

The cast film was immersed into a **pure water NIPS bath** (no co-solvent; 0.0 wt% solvent additive) maintained at **11 °C**. The membrane was allowed to phase-separate and solidify in the bath for **1200 seconds (20 minutes)**.

## Summary Table

| Parameter | Value |
|---|---|
| Polymer concentration | 13.7 wt% |
| Additive/cosolvent | None (0.0 wt%) |
| Mixing temperature | 25 °C |
| Casting speed | 20 mm/s |
| Pre-immersion N₂ purge | Yes |
| Pre-immersion wait time | 0 s |
| NIPS bath composition | Pure water |
| NIPS bath temperature | 11 °C |
| NIPS bath immersion time | 1200 s |
| Ambient temperature (casting) | 24.36 °C |
| Ambient humidity (casting) | 49.23% RH |
| Coupon-stage temperature (N₂ window) | 23.99 °C |
| Coupon-stage humidity (N₂ window) | 46.33% RH |


{'Air Temp Mean': 24.36, 'Humidity Mean': 49.23, 'Coupon Temp Mean': 23.99, 'Coupon Humidity Mean': 46.33, 'Thickness Mean': 118.41008555273525, 'Elastic Modulus Mean': 57.37684385922955, 'Strain at 50 bar Mean': 0.6260256848220793, 'CV Mean': 0.02476180676061884}, 'Discarded Fit Quality Mean': '65.0/100', 'Discarded Fit Reasons': '1 failed due to poor full-plateau fit; 1 failed due to elastic/plateau junction mismatch'","- **Presence**: Membrane is visible — a pale white sheet occupies the aperture.

- **Vertical Coverage**: The membrane spans the full top-to-bottom extent of the aperture with no gap at the top or bottom edge. ✓

- **Uniformity**: The membrane is largely uniform in color and opacity across its central area, with a slight tonal gradient toward the upper portion but no obvious patchiness or dark spots.

- **Defects**: A distinct diagonal fold/wrinkle is visible within the membrane material itself on the upper-right region, running from roughly the top-center toward the right edge — this is a genuine membrane defect.

- **Summary**: Membrane is present with full vertical coverage, but a clear diagonal fold within the membrane material is a notable fabrication defect.","## Reasoning

**Design space analysis:**

Looking at the diversity context and prior observations, I need to identify sparse regions:

- **mixing_temp**: Well covered from 25–80°C, but gaps around 25–30°C range with mid-high polymer_wt
- **bath_temp**: Covered 5–25°C, but bath_temp ~14–16°C range is sparse (13°C and 17°C exist, but ~14-16°C with specific combos are sparse)
- **pullcast_speed**: Very well covered (1–20 mm/s, 23 unique values)
- **coupon_to_bath_wait_time**: Well covered, but ~240–260s range is sparse (225s and 270s exist)
- **nips_bath_wait_time**: Sparse around 1450–1550s with specific combos; 1200 and 1800 are dense endpoints
- **polymer_wt**: ~13.8–14.2 range with specific conditions is somewhat sparse; 14.0 exists at mixing_temp=80 and 30

**Target sparse region:**
- polymer_wt ~16.5–17.0 with mid bath_temp (~14°C) is underexplored
- mixing_temp ~25°C with bath_temp ~14°C and mid pullcast_speed (~7 mm/s) is novel
- nips_bath_wait_time ~1450–1500s with this combo is sparse
- coupon_to_bath_wait_time ~250s is sparse
- nitrogen=False with polymer_wt=17 at bath_temp=14°C is novel

**Proposed experiment:**
- polymer_wt = 17.0 (max, so mixing_temp must be 25°C)
- mixing_temp = 25°C (required)
- bath_temp = 14°C (sparse — 13°C and 15°C exist but not 14°C)
- pullcast_speed = 7 mm/s (sparse in this combo context)
- coupon_to_bath_wait_time = 250s (sparse)
- nips_bath_wait_time = 1480s (sparse)
- nitrogen = False (17wt% + NoN2 + bath_temp=14°C is novel)
- additive_wt = 0 (locked)

This combination is genuinely novel: polymer_wt=17 with bath_temp=14°C, pullcast_speed=7, wait=250s, no N2, nips=1480s has no near-duplicate in the dataset.

```json
{
  ""mixing_temp"": 25,
  ""bath_temp"": 14,
  ""pullcast_speed"": 7,
  ""nitrogen"": false,
  ""coupon_to_bath_wait_time"": 250,
  ""nips_bath_wait_time"": 1480,
  ""polymer_wt"": 17.0,
  ""additive_wt"": 0
}
```"
