date,name,Trial,Thickness,Elastic Modulus,Yield Strength,Slope Plateau,Slope Densification,Creep Strain,Toe Region,Strain at 50 bar,Strain at 80 bar,Strain at 150 bar,Strain at 500 bar,Good Fit,Good Fit Score,Good Fit Breakdown,Average Standard Deviation,CV,mixing_temp,bath_temp,polymer_wt,additive_wt,pullcast_speed,nitrogen,coupon_to_bath_wait_time,nips_bath_wait_time,cosolvent_type,nips_bath_solvent,nips_bath_solvent_wt_percent,Changepoint
"2026-08-22
18:07:04",17-0add-5deg-cosolv-none-bathSolv-none-0wt-30s-N2-1200s | rep 1,sample 5,92.4847025171008,42.29698156664697,7.179084853659493,61.82787683464909,551.2381104143864,0.0772182358904134,0.0066669485966946,0.6297495522487166,0.7502006864497017,0.8832422852297745,,False,44.0,"{""elastic_r2"": {""pts"": 28, ""max"": 30, ""note"": ""NRMSE-score=0.940 (RMSE=0.42, range=6.93)""}, ""plateau_r2_start"": {""pts"": 15, ""max"": 15, ""note"": ""R\u00b2(first 40%)=0.974""}, ""densification_r2"": {""pts"": 13, ""max"": 15, ""note"": ""R\u00b2=0.884""}, ""yield_accuracy"": {""pts"": 25, ""max"": 25, ""note"": ""elastic tail overshoots data by 0.7% of elastic range""}, ""junction_continuity"": {""pts"": 7, ""max"": 15, ""note"": ""gap=7.8%""}, ""plateau_r2_full_penalty"": {""pts"": 0, ""max"": 0, ""note"": ""R\u00b2(full)=0.750""}, ""elastic_modulus_penalty"": {""pts"": 0, ""max"": 0, ""note"": ""E=42.3 bar ok""}, ""bp1_accuracy_penalty"": {""pts"": 0, ""max"": 0, ""note"": ""plateau spans 24% of remaining stress \u2014 ok | GAM slope stable in early plateau (drop=-74%) \u2014 ok""}, ""changepoint_curvature_penalty"": {""pts"": 0, ""max"": 0, ""note"": ""d2_norm=0.86, linear_stretch=23%""}, ""catastrophic_slope_vs_modulus"": {""pts"": 0, ""max"": 0, ""note"": ""slope ratio=1.46 \u2014 plateau slope \u226595% of elastic""}, ""_score_final"": {""pts"": 44, ""max"": 100, ""note"": ""after catastrophic halving""}}",61.53649649153622,0.0684676631288805,25,5,17.0,0.0,10.0,True,30,1200,none,none,0.0,
"2026-08-22
18:07:04",17-0add-5deg-cosolv-none-bathSolv-none-0wt-30s-N2-1200s | rep 2,sample 6,93.26745596474731,19.91443596865766,3.3216345316729834,64.24489047798579,697.7374629558094,0.0745623805002204,0.1205835759169727,0.6625763339124056,0.7621748539544703,0.8666991211473456,,False,38.0,"{""elastic_r2"": {""pts"": 24, ""max"": 30, ""note"": ""NRMSE-score=0.811 (RMSE=0.26, range=1.40)""}, ""plateau_r2_start"": {""pts"": 15, ""max"": 15, ""note"": ""R\u00b2(first 40%)=0.984""}, ""densification_r2"": {""pts"": 13, ""max"": 15, ""note"": ""R\u00b2=0.856""}, ""yield_accuracy"": {""pts"": 20, ""max"": 25, ""note"": ""elastic tail undershoots data by 23.4% of elastic range""}, ""junction_continuity"": {""pts"": 5, ""max"": 15, ""note"": ""gap=9.6%""}, ""plateau_r2_full_penalty"": {""pts"": 0, ""max"": 0, ""note"": ""R\u00b2(full)=0.820""}, ""elastic_modulus_penalty"": {""pts"": 0, ""max"": 0, ""note"": ""E=19.9 bar ok""}, ""bp1_accuracy_penalty"": {""pts"": 0, ""max"": 0, ""note"": ""plateau spans 26% of remaining stress \u2014 ok | GAM slope stable in early plateau (drop=-21%) \u2014 ok""}, ""changepoint_curvature_penalty"": {""pts"": 0, ""max"": 0, ""note"": ""d2_norm=1.26, linear_stretch=33%""}, ""catastrophic_slope_vs_modulus"": {""pts"": 0, ""max"": 0, ""note"": ""slope ratio=3.23 \u2014 plateau slope \u226595% of elastic""}, ""_score_final"": {""pts"": 38, ""max"": 100, ""note"": ""after catastrophic halving""}}",60.90174047542075,0.0684676631288805,25,5,17.0,0.0,10.0,True,30,1200,none,none,0.0,
"2026-08-22
18:07:04",17-0add-5deg-cosolv-none-bathSolv-none-0wt-30s-N2-1200s | rep 3,sample 7,96.53010177928564,105.35622647779446,20.99867049178753,82.03309321254824,665.0829805335117,0.0802075753349814,0.0633199929070778,0.554241182644384,0.6809820507210378,0.7931511784543395,,True,80.0,"{""elastic_r2"": {""pts"": 29, ""max"": 30, ""note"": ""NRMSE-score=0.959 (RMSE=0.80, range=19.62)""}, ""plateau_r2_start"": {""pts"": 14, ""max"": 15, ""note"": ""R\u00b2(first 40%)=0.963""}, ""densification_r2"": {""pts"": 13, ""max"": 15, ""note"": ""R\u00b2=0.889""}, ""yield_accuracy"": {""pts"": 25, ""max"": 25, ""note"": ""elastic tail undershoots data by 0.9% of elastic range""}, ""junction_continuity"": {""pts"": 12, ""max"": 15, ""note"": ""gap=2.9%""}, ""plateau_r2_full_penalty"": {""pts"": 0, ""max"": 0, ""note"": ""R\u00b2(full)=0.831""}, ""elastic_modulus_penalty"": {""pts"": 0, ""max"": 0, ""note"": ""E=105.4 bar ok""}, ""bp1_accuracy_penalty"": {""pts"": 0, ""max"": 0, ""note"": ""plateau spans 26% of remaining stress \u2014 ok | GAM slope stable in early plateau (drop=-10%) \u2014 ok""}, ""changepoint_curvature_penalty"": {""pts"": 0, ""max"": 0, ""note"": ""d2_norm=1.37, linear_stretch=23%""}, ""slope_ratio_penalty"": {""pts"": -13, ""max"": 0, ""note"": ""plateau/elastic slope ratio=0.78 \u2014 nearly parallel (-13 pts)""}, ""_score_final"": {""pts"": 80, ""max"": 100, ""note"": ""no catastrophic applied""}}",58.01289029322939,0.0684676631288805,25,5,17.0,0.0,10.0,True,30,1200,none,none,0.0,
"2026-08-22
18:07:04",17-0add-5deg-cosolv-none-bathSolv-none-0wt-30s-N2-1200s | rep 4,sample 8,93.72805004663212,38.24257543253512,5.742608060359996,75.93245359969099,759.0498779589941,0.0683448660812116,0.0753563223904549,0.6228829572123384,0.7240834855540657,0.8179359350036914,,False,47.0,"{""elastic_r2"": {""pts"": 28, ""max"": 30, ""note"": ""NRMSE-score=0.921 (RMSE=0.33, range=4.17)""}, ""plateau_r2_start"": {""pts"": 15, ""max"": 15, ""note"": ""R\u00b2(first 40%)=0.984""}, ""densification_r2"": {""pts"": 13, ""max"": 15, ""note"": ""R\u00b2=0.895""}, ""yield_accuracy"": {""pts"": 25, ""max"": 25, ""note"": ""elastic tail undershoots data by 6.6% of elastic range""}, ""junction_continuity"": {""pts"": 13, ""max"": 15, ""note"": ""gap=2.1%""}, ""plateau_r2_full_penalty"": {""pts"": 0, ""max"": 0, ""note"": ""R\u00b2(full)=0.868""}, ""elastic_modulus_penalty"": {""pts"": 0, ""max"": 0, ""note"": ""E=38.2 bar ok""}, ""bp1_accuracy_penalty"": {""pts"": 0, ""max"": 0, ""note"": ""plateau spans 28% of remaining stress \u2014 ok | GAM slope stable in early plateau (drop=-13%) \u2014 ok""}, ""changepoint_curvature_penalty"": {""pts"": 0, ""max"": 0, ""note"": ""d2_norm=1.86, linear_stretch=20%""}, ""catastrophic_slope_vs_modulus"": {""pts"": 0, ""max"": 0, ""note"": ""slope ratio=1.99 \u2014 plateau slope \u226595% of elastic""}, ""_score_final"": {""pts"": 47, ""max"": 100, ""note"": ""after catastrophic halving""}}",62.22745020705751,0.0684676631288805,25,5,17.0,0.0,10.0,True,30,1200,none,none,0.0,
"2026-08-23
00:03:59",13-0add-25deg-cosolv-none-bathSolv-none-0wt-300s-NoN2-1800s | rep 1,sample 13,129.43465309574114,412.712785103735,111.3119832291966,-313.735697940671,0.0106040240448982,0.0529751454031536,-0.0913904142616825,0.0319566540188034,0.0837942630134432,,,False,42.0,"{""elastic_r2"": {""pts"": 27, ""max"": 30, ""note"": ""NRMSE-score=0.900 (RMSE=14.73, range=147.42)""}, ""plateau_r2_start"": {""pts"": 0, ""max"": 15, ""note"": ""R\u00b2(first 40%)=-12855951.559""}, ""densification_r2"": {""pts"": 0, ""max"": 15, ""note"": ""R\u00b2=-0.216""}, ""yield_accuracy"": {""pts"": 25, ""max"": 25, ""note"": ""elastic tail undershoots data by 8.7% of elastic range""}, ""junction_continuity"": {""pts"": 0, ""max"": 15, ""note"": ""gap=20.2%""}, ""plateau_r2_full_penalty"": {""pts"": -10, ""max"": 0, ""note"": ""R\u00b2(full)=0.236""}, ""elastic_modulus_penalty"": {""pts"": 0, ""max"": 0, ""note"": ""E=412.7 bar ok""}, ""bp1_accuracy_penalty"": {""pts"": 0, ""max"": 0, ""note"": ""plateau spans -235% of remaining stress \u2014 ok | GAM already flat at bp1 \u2014 ok""}, ""changepoint_curvature_penalty"": {""pts"": 0, ""max"": 0, ""note"": ""d2_norm=1.12, linear_stretch=47%""}, ""slope_ratio_penalty"": {""pts"": 0, ""max"": 0, ""note"": ""plateau/elastic slope ratio=-0.76 \u2014 good separation""}, ""_score_final"": {""pts"": 42, ""max"": 100, ""note"": ""no catastrophic applied""}}",66.32941645492296,-1.447540987580114,60,25,13.0,0.0,2.0,False,300,1800,none,none,0.0,
"2026-08-23
00:03:59",13-0add-25deg-cosolv-none-bathSolv-none-0wt-300s-NoN2-1800s | rep 2,sample 14,76.3191489423965,25.37821420505816,8.111844263256316,109.21344497831342,-0.0164225625285563,0.052504833702017,-2.4830786761633106,-1.898699212568816,-1.818157067038736,,,False,26.0,"{""elastic_r2"": {""pts"": 28, ""max"": 30, ""note"": ""NRMSE-score=0.942 (RMSE=0.50, range=8.69)""}, ""plateau_r2_start"": {""pts"": 0, ""max"": 15, ""note"": ""insufficient data""}, ""densification_r2"": {""pts"": 0, ""max"": 15, ""note"": ""insufficient data""}, ""yield_accuracy"": {""pts"": 25, ""max"": 25, ""note"": ""elastic tail undershoots data by 4.0% of elastic range""}, ""junction_continuity"": {""pts"": 0, ""max"": 15, ""note"": ""gap=59.1%""}, ""elastic_modulus_penalty"": {""pts"": 0, ""max"": 0, ""note"": ""E=25.4 bar ok""}, ""bp1_accuracy_penalty"": {""pts"": 0, ""max"": 0, ""note"": """"}, ""catastrophic_slope_vs_modulus"": {""pts"": 0, ""max"": 0, ""note"": ""slope ratio=4.30 \u2014 plateau slope \u226595% of elastic""}, ""catastrophic_slope_ordering"": {""pts"": 0, ""max"": 0, ""note"": ""densif=-0.0 <= plateau=109.2""}, ""_score_final"": {""pts"": 26, ""max"": 100, ""note"": ""after catastrophic halving""}}",65.18026639058888,-1.447540987580114,60,25,13.0,0.0,2.0,False,300,1800,none,none,0.0,
"2026-08-23
00:03:59",13-0add-25deg-cosolv-none-bathSolv-none-0wt-300s-NoN2-1800s | rep 3,sample 15,30.240023842759864,,,,,,,,,,,False,,,63.366954992828056,-1.447540987580114,60,25,13.0,0.0,2.0,False,300,1800,none,none,0.0,
"2026-08-23
00:03:59",13-0add-25deg-cosolv-none-bathSolv-none-0wt-300s-NoN2-1800s | rep 4,sample 16,29.71053877272115,,,,,,,,,,,False,,,58.920018930877,-1.447540987580114,60,25,13.0,0.0,2.0,False,300,1800,none,none,0.0,
"2026-08-23
02:20:26",15-0add-15deg-cosolv-none-bathSolv-none-0wt-550s-NoN2-1500s | rep 4,sample 24,155.2813709383771,169.280640056994,16.096526960809037,45.93474386818311,968.2241052579764,0.0642509138954765,0.0,0.5493626110060481,0.624080052650839,0.6910821083283458,,True,95.0,"{""elastic_r2"": {""pts"": 28, ""max"": 30, ""note"": ""NRMSE-score=0.944 (RMSE=0.87, range=15.38)""}, ""plateau_r2_start"": {""pts"": 14, ""max"": 15, ""note"": ""R\u00b2(first 40%)=0.938""}, ""densification_r2"": {""pts"": 13, ""max"": 15, ""note"": ""R\u00b2=0.898""}, ""yield_accuracy"": {""pts"": 25, ""max"": 25, ""note"": ""elastic tail undershoots data by 1.5% of elastic range""}, ""junction_continuity"": {""pts"": 15, ""max"": 15, ""note"": ""gap=0.1%""}, ""plateau_r2_full_penalty"": {""pts"": 0, ""max"": 0, ""note"": ""R\u00b2(full)=0.704""}, ""elastic_modulus_penalty"": {""pts"": 0, ""max"": 0, ""note"": ""E=169.3 bar ok""}, ""bp1_accuracy_penalty"": {""pts"": 0, ""max"": 0, ""note"": ""plateau spans 17% of remaining stress \u2014 ok | GAM slope stable in early plateau (drop=35%) \u2014 ok""}, ""changepoint_curvature_penalty"": {""pts"": 0, ""max"": 0, ""note"": ""d2_norm=2.46, linear_stretch=17%""}, ""slope_ratio_penalty"": {""pts"": 0, ""max"": 0, ""note"": ""plateau/elastic slope ratio=0.27 \u2014 good separation""}, ""_score_final"": {""pts"": 95, ""max"": 100, ""note"": ""no catastrophic applied""}}",60.13004533737568,0.0210766116914245,75,15,15.0,0.0,18.0,False,550,1500,none,none,0.0,
"2026-08-23
02:20:26",15-0add-15deg-cosolv-none-bathSolv-none-0wt-550s-NoN2-1500s | rep 3,sample 23,147.43144199258697,165.58321906164406,17.823741759208858,45.933322631867824,960.7432629987078,0.0606031132198178,0.0,0.5535375230467934,0.633272469493186,0.70506045736288,,True,92.0,"{""elastic_r2"": {""pts"": 28, ""max"": 30, ""note"": ""NRMSE-score=0.937 (RMSE=1.11, range=17.71)""}, ""plateau_r2_start"": {""pts"": 13, ""max"": 15, ""note"": ""R\u00b2(first 40%)=0.899""}, ""densification_r2"": {""pts"": 13, ""max"": 15, ""note"": ""R\u00b2=0.889""}, ""yield_accuracy"": {""pts"": 25, ""max"": 25, ""note"": ""elastic tail undershoots data by 3.1% of elastic range""}, ""junction_continuity"": {""pts"": 13, ""max"": 15, ""note"": ""gap=1.6%""}, ""plateau_r2_full_penalty"": {""pts"": 0, ""max"": 0, ""note"": ""R\u00b2(full)=0.687""}, ""elastic_modulus_penalty"": {""pts"": 0, ""max"": 0, ""note"": ""E=165.6 bar ok""}, ""bp1_accuracy_penalty"": {""pts"": 0, ""max"": 0, ""note"": ""plateau spans 17% of remaining stress \u2014 ok | GAM slope stable in early plateau (drop=31%) \u2014 ok""}, ""changepoint_curvature_penalty"": {""pts"": 0, ""max"": 0, ""note"": ""d2_norm=1.23, linear_stretch=20%""}, ""slope_ratio_penalty"": {""pts"": 0, ""max"": 0, ""note"": ""plateau/elastic slope ratio=0.28 \u2014 good separation""}, ""_score_final"": {""pts"": 92, ""max"": 100, ""note"": ""no catastrophic applied""}}",60.080816166884055,0.0210766116914245,75,15,15.0,0.0,18.0,False,550,1500,none,none,0.0,
"2026-08-23
02:20:26",15-0add-15deg-cosolv-none-bathSolv-none-0wt-550s-NoN2-1500s | rep 1,sample 21,147.43104629636508,149.3685248780881,17.691574117622434,43.73922458946644,937.7649434352484,0.0699592561557634,0.0355903376963963,0.5563153036575,0.6354904986508927,0.7079611797690591,,True,93.0,"{""elastic_r2"": {""pts"": 27, ""max"": 30, ""note"": ""NRMSE-score=0.909 (RMSE=1.59, range=17.43)""}, ""plateau_r2_start"": {""pts"": 14, ""max"": 15, ""note"": ""R\u00b2(first 40%)=0.919""}, ""densification_r2"": {""pts"": 13, ""max"": 15, ""note"": ""R\u00b2=0.877""}, ""yield_accuracy"": {""pts"": 25, ""max"": 25, ""note"": ""elastic tail undershoots data by 7.2% of elastic range""}, ""junction_continuity"": {""pts"": 14, ""max"": 15, ""note"": ""gap=0.9%""}, ""plateau_r2_full_penalty"": {""pts"": 0, ""max"": 0, ""note"": ""R\u00b2(full)=0.624""}, ""elastic_modulus_penalty"": {""pts"": 0, ""max"": 0, ""note"": ""E=149.4 bar ok""}, ""bp1_accuracy_penalty"": {""pts"": 0, ""max"": 0, ""note"": ""plateau spans 16% of remaining stress \u2014 ok | GAM slope stable in early plateau (drop=-41%) \u2014 ok""}, ""changepoint_curvature_penalty"": {""pts"": 0, ""max"": 0, ""note"": ""d2_norm=1.59, linear_stretch=20%""}, ""slope_ratio_penalty"": {""pts"": 0, ""max"": 0, ""note"": ""plateau/elastic slope ratio=0.29 \u2014 good separation""}, ""_score_final"": {""pts"": 93, ""max"": 100, ""note"": ""no catastrophic applied""}}",60.936568118336695,0.0210766116914245,75,15,15.0,0.0,18.0,False,550,1500,none,none,0.0,
"2026-08-23
02:20:26",15-0add-15deg-cosolv-none-bathSolv-none-0wt-550s-NoN2-1500s | rep 2,sample 22,155.97627833613103,240.8295360241022,15.848724400535495,43.39288075800753,974.0202061822164,0.0645331544584719,0.0,0.5401977763425498,0.6129724500875876,0.6822758237789832,,True,90.0,"{""elastic_r2"": {""pts"": 27, ""max"": 30, ""note"": ""NRMSE-score=0.885 (RMSE=1.72, range=14.88)""}, ""plateau_r2_start"": {""pts"": 14, ""max"": 15, ""note"": ""R\u00b2(first 40%)=0.959""}, ""densification_r2"": {""pts"": 14, ""max"": 15, ""note"": ""R\u00b2=0.911""}, ""yield_accuracy"": {""pts"": 25, ""max"": 25, ""note"": ""elastic tail undershoots data by 8.0% of elastic range""}, ""junction_continuity"": {""pts"": 15, ""max"": 15, ""note"": ""gap=0.0%""}, ""plateau_r2_full_penalty"": {""pts"": 0, ""max"": 0, ""note"": ""R\u00b2(full)=0.675""}, ""elastic_modulus_penalty"": {""pts"": 0, ""max"": 0, ""note"": ""E=240.8 bar ok""}, ""bp1_accuracy_penalty"": {""pts"": -5, ""max"": 0, ""note"": ""plateau spans 16% of remaining stress \u2014 ok | GAM slope drops 63% in early plateau \u2014 bp1 suspect""}, ""changepoint_curvature_penalty"": {""pts"": 0, ""max"": 0, ""note"": ""d2_norm=2.40, linear_stretch=13%""}, ""slope_ratio_penalty"": {""pts"": 0, ""max"": 0, ""note"": ""plateau/elastic slope ratio=0.18 \u2014 good separation""}, ""_score_final"": {""pts"": 90, ""max"": 100, ""note"": ""no catastrophic applied""}}",60.22821539522362,0.0210766116914245,75,15,15.0,0.0,18.0,False,550,1500,none,none,0.0,
"2026-08-23
04:28:29",14-0add-5deg-cosolv-none-bathSolv-none-0wt-0s-N2-1350s | rep 1,sample 29,138.22222475098744,52.057150340757474,7.437109723138901,36.89395353383256,926.1750905892042,0.0426287325820747,0.0,0.6010510915953984,0.6631267945692059,0.7348006315803615,,True,78.0,"{""elastic_r2"": {""pts"": 29, ""max"": 30, ""note"": ""NRMSE-score=0.965 (RMSE=0.24, range=6.81)""}, ""plateau_r2_start"": {""pts"": 14, ""max"": 15, ""note"": ""R\u00b2(first 40%)=0.943""}, ""densification_r2"": {""pts"": 13, ""max"": 15, ""note"": ""R\u00b2=0.889""}, ""yield_accuracy"": {""pts"": 25, ""max"": 25, ""note"": ""elastic tail undershoots data by 0.8% of elastic range""}, ""junction_continuity"": {""pts"": 7, ""max"": 15, ""note"": ""gap=8.1%""}, ""plateau_r2_full_penalty"": {""pts"": 0, ""max"": 0, ""note"": ""R\u00b2(full)=0.503""}, ""elastic_modulus_penalty"": {""pts"": 0, ""max"": 0, ""note"": ""E=52.1 bar ok""}, ""bp1_accuracy_penalty"": {""pts"": 0, ""max"": 0, ""note"": ""plateau spans 13% of remaining stress \u2014 ok | GAM slope stable in early plateau (drop=-32%) \u2014 ok""}, ""changepoint_curvature_penalty"": {""pts"": 0, ""max"": 0, ""note"": ""d2_norm=1.74, linear_stretch=17%""}, ""slope_ratio_penalty"": {""pts"": -10, ""max"": 0, ""note"": ""plateau/elastic slope ratio=0.71 \u2014 nearly parallel (-10 pts)""}, ""_score_final"": {""pts"": 78, ""max"": 100, ""note"": ""no catastrophic applied""}}",64.01502005548782,0.0279997838237863,80,5,14.0,0.0,20.0,True,0,1350,none,none,0.0,
"2026-08-23
04:28:29",14-0add-5deg-cosolv-none-bathSolv-none-0wt-0s-N2-1350s | rep 4,sample 32,130.09266192830833,72.43531278045089,8.019085239375801,39.49169786474299,880.4474502465879,0.0479350247827943,0.0,0.5605265647806772,0.6292687419668536,0.7058688517204845,,True,89.0,"{""elastic_r2"": {""pts"": 29, ""max"": 30, ""note"": ""NRMSE-score=0.952 (RMSE=0.37, range=7.75)""}, ""plateau_r2_start"": {""pts"": 14, ""max"": 15, ""note"": ""R\u00b2(first 40%)=0.942""}, ""densification_r2"": {""pts"": 13, ""max"": 15, ""note"": ""R\u00b2=0.864""}, ""yield_accuracy"": {""pts"": 25, ""max"": 25, ""note"": ""elastic tail undershoots data by 1.3% of elastic range""}, ""junction_continuity"": {""pts"": 8, ""max"": 15, ""note"": ""gap=7.1%""}, ""plateau_r2_full_penalty"": {""pts"": 0, ""max"": 0, ""note"": ""R\u00b2(full)=0.503""}, ""elastic_modulus_penalty"": {""pts"": 0, ""max"": 0, ""note"": ""E=72.4 bar ok""}, ""bp1_accuracy_penalty"": {""pts"": 0, ""max"": 0, ""note"": ""plateau spans 13% of remaining stress \u2014 ok | GAM slope stable in early plateau (drop=-18%) \u2014 ok""}, ""changepoint_curvature_penalty"": {""pts"": 0, ""max"": 0, ""note"": ""d2_norm=1.58, linear_stretch=23%""}, ""slope_ratio_penalty"": {""pts"": 0, ""max"": 0, ""note"": ""plateau/elastic slope ratio=0.55 \u2014 good separation""}, ""_score_final"": {""pts"": 89, ""max"": 100, ""note"": ""no catastrophic applied""}}",62.84790787364255,0.0279997838237863,80,5,14.0,0.0,20.0,True,0,1350,none,none,0.0,
"2026-08-23
04:28:29",14-0add-5deg-cosolv-none-bathSolv-none-0wt-0s-N2-1350s | rep 3,sample 31,135.9057518691619,62.3969847159458,8.127822598707768,40.2013432385782,943.801979507621,0.0466868519521717,0.0,0.5782760637801171,0.6484004533746616,0.719295124589281,,True,72.0,"{""elastic_r2"": {""pts"": 29, ""max"": 30, ""note"": ""NRMSE-score=0.953 (RMSE=0.34, range=7.18)""}, ""plateau_r2_start"": {""pts"": 14, ""max"": 15, ""note"": ""R\u00b2(first 40%)=0.945""}, ""densification_r2"": {""pts"": 13, ""max"": 15, ""note"": ""R\u00b2=0.849""}, ""yield_accuracy"": {""pts"": 25, ""max"": 25, ""note"": ""elastic tail undershoots data by 1.9% of elastic range""}, ""junction_continuity"": {""pts"": 8, ""max"": 15, ""note"": ""gap=7.5%""}, ""plateau_r2_full_penalty"": {""pts"": -10, ""max"": 0, ""note"": ""R\u00b2(full)=0.490""}, ""elastic_modulus_penalty"": {""pts"": 0, ""max"": 0, ""note"": ""E=62.4 bar ok""}, ""bp1_accuracy_penalty"": {""pts"": 0, ""max"": 0, ""note"": ""plateau spans 14% of remaining stress \u2014 ok | GAM slope stable in early plateau (drop=-34%) \u2014 ok""}, ""changepoint_curvature_penalty"": {""pts"": 0, ""max"": 0, ""note"": ""d2_norm=1.53, linear_stretch=23%""}, ""slope_ratio_penalty"": {""pts"": -7, ""max"": 0, ""note"": ""plateau/elastic slope ratio=0.64 \u2014 nearly parallel (-7 pts)""}, ""_score_final"": {""pts"": 72, ""max"": 100, ""note"": ""no catastrophic applied""}}",63.320273781854254,0.0279997838237863,80,5,14.0,0.0,20.0,True,0,1350,none,none,0.0,
"2026-08-23
04:28:29",14-0add-5deg-cosolv-none-bathSolv-none-0wt-0s-N2-1350s | rep 2,sample 30,132.29626674739393,63.97588834475077,7.676616285658285,39.51238062749966,896.2762377435579,0.0464623843977145,0.0,0.5808224950041121,0.6510897451821395,0.7255675831056068,,True,73.0,"{""elastic_r2"": {""pts"": 29, ""max"": 30, ""note"": ""NRMSE-score=0.952 (RMSE=0.32, range=6.82)""}, ""plateau_r2_start"": {""pts"": 14, ""max"": 15, ""note"": ""R\u00b2(first 40%)=0.952""}, ""densification_r2"": {""pts"": 13, ""max"": 15, ""note"": ""R\u00b2=0.861""}, ""yield_accuracy"": {""pts"": 25, ""max"": 25, ""note"": ""elastic tail undershoots data by 1.1% of elastic range""}, ""junction_continuity"": {""pts"": 8, ""max"": 15, ""note"": ""gap=6.8%""}, ""plateau_r2_full_penalty"": {""pts"": -10, ""max"": 0, ""note"": ""R\u00b2(full)=0.482""}, ""elastic_modulus_penalty"": {""pts"": 0, ""max"": 0, ""note"": ""E=64.0 bar ok""}, ""bp1_accuracy_penalty"": {""pts"": 0, ""max"": 0, ""note"": ""plateau spans 13% of remaining stress \u2014 ok | GAM slope stable in early plateau (drop=-27%) \u2014 ok""}, ""changepoint_curvature_penalty"": {""pts"": 0, ""max"": 0, ""note"": ""d2_norm=1.42, linear_stretch=20%""}, ""slope_ratio_penalty"": {""pts"": -6, ""max"": 0, ""note"": ""plateau/elastic slope ratio=0.62 \u2014 nearly parallel (-6 pts)""}, ""_score_final"": {""pts"": 73, ""max"": 100, ""note"": ""no catastrophic applied""}}",63.3832712100095,0.0279997838237863,80,5,14.0,0.0,20.0,True,0,1350,none,none,0.0,
"2026-08-23
06:39:47",16-0add-10deg-cosolv-none-bathSolv-none-0wt-150s-NoN2-1650s | rep 1,sample 37,149.8794274628916,32.851995161452976,5.451351847897545,82.8676872813928,594.4934541697545,0.0870059095956726,0.1119199025748806,0.589066904429878,0.6979698532657932,0.8240262931688376,,False,40.0,"{""elastic_r2"": {""pts"": 28, ""max"": 30, ""note"": ""NRMSE-score=0.944 (RMSE=0.24, range=4.28)""}, ""plateau_r2_start"": {""pts"": 14, ""max"": 15, ""note"": ""R\u00b2(first 40%)=0.960""}, ""densification_r2"": {""pts"": 13, ""max"": 15, ""note"": ""R\u00b2=0.872""}, ""yield_accuracy"": {""pts"": 25, ""max"": 25, ""note"": ""elastic tail undershoots data by 3.6% of elastic range""}, ""junction_continuity"": {""pts"": 0, ""max"": 15, ""note"": ""gap=23.1%""}, ""plateau_r2_full_penalty"": {""pts"": 0, ""max"": 0, ""note"": ""R\u00b2(full)=0.776""}, ""elastic_modulus_penalty"": {""pts"": 0, ""max"": 0, ""note"": ""E=32.9 bar ok""}, ""bp1_accuracy_penalty"": {""pts"": 0, ""max"": 0, ""note"": ""plateau spans 26% of remaining stress \u2014 ok | GAM slope stable in early plateau (drop=-116%) \u2014 ok""}, ""changepoint_curvature_penalty"": {""pts"": 0, ""max"": 0, ""note"": ""d2_norm=1.48, linear_stretch=17%""}, ""catastrophic_slope_vs_modulus"": {""pts"": 0, ""max"": 0, ""note"": ""slope ratio=2.52 \u2014 plateau slope \u226595% of elastic""}, ""_score_final"": {""pts"": 40, ""max"": 100, ""note"": ""after catastrophic halving""}}",63.09792481924325,0.1058811535074704,45,10,16.0,0.0,6.0,False,150,1650,none,none,0.0,
"2026-08-23
06:39:47",16-0add-10deg-cosolv-none-bathSolv-none-0wt-150s-NoN2-1650s | rep 4,sample 40,191.40457333331324,43.77014661237232,6.300493255067965,92.0374812251921,671.9928208768459,0.1148910197195203,0.0166283630365998,0.4562376925810874,0.5432981188604841,0.6561780769597111,,False,41.0,"{""elastic_r2"": {""pts"": 29, ""max"": 30, ""note"": ""NRMSE-score=0.969 (RMSE=0.20, range=6.50)""}, ""plateau_r2_start"": {""pts"": 15, ""max"": 15, ""note"": ""R\u00b2(first 40%)=0.968""}, ""densification_r2"": {""pts"": 13, ""max"": 15, ""note"": ""R\u00b2=0.884""}, ""yield_accuracy"": {""pts"": 25, ""max"": 25, ""note"": ""elastic tail undershoots data by 0.9% of elastic range""}, ""junction_continuity"": {""pts"": 0, ""max"": 15, ""note"": ""gap=17.0%""}, ""plateau_r2_full_penalty"": {""pts"": 0, ""max"": 0, ""note"": ""R\u00b2(full)=0.755""}, ""elastic_modulus_penalty"": {""pts"": 0, ""max"": 0, ""note"": ""E=43.8 bar ok""}, ""bp1_accuracy_penalty"": {""pts"": 0, ""max"": 0, ""note"": ""plateau spans 24% of remaining stress \u2014 ok | GAM slope stable in early plateau (drop=-146%) \u2014 ok""}, ""changepoint_curvature_penalty"": {""pts"": 0, ""max"": 0, ""note"": ""d2_norm=1.17, linear_stretch=23%""}, ""catastrophic_slope_vs_modulus"": {""pts"": 0, ""max"": 0, ""note"": ""slope ratio=2.10 \u2014 plateau slope \u226595% of elastic""}, ""_score_final"": {""pts"": 41, ""max"": 100, ""note"": ""after catastrophic halving""}}",61.633283580629566,0.1058811535074704,45,10,16.0,0.0,6.0,False,150,1650,none,none,0.0,
"2026-08-23
06:39:47",16-0add-10deg-cosolv-none-bathSolv-none-0wt-150s-NoN2-1650s | rep 3,sample 39,152.44803166518568,33.23878202959822,6.805117374118442,80.75944429840912,765.0861400072351,0.1014487463259946,0.1087113569755494,0.5534301714076431,0.6526220937315419,0.749355437121001,,False,43.0,"{""elastic_r2"": {""pts"": 28, ""max"": 30, ""note"": ""NRMSE-score=0.947 (RMSE=0.22, range=4.10)""}, ""plateau_r2_start"": {""pts"": 14, ""max"": 15, ""note"": ""R\u00b2(first 40%)=0.959""}, ""densification_r2"": {""pts"": 13, ""max"": 15, ""note"": ""R\u00b2=0.847""}, ""yield_accuracy"": {""pts"": 25, ""max"": 25, ""note"": ""elastic tail undershoots data by 1.1% of elastic range""}, ""junction_continuity"": {""pts"": 6, ""max"": 15, ""note"": ""gap=9.0%""}, ""plateau_r2_full_penalty"": {""pts"": 0, ""max"": 0, ""note"": ""R\u00b2(full)=0.624""}, ""elastic_modulus_penalty"": {""pts"": 0, ""max"": 0, ""note"": ""E=33.2 bar ok""}, ""bp1_accuracy_penalty"": {""pts"": 0, ""max"": 0, ""note"": ""plateau spans 23% of remaining stress \u2014 ok | GAM slope stable in early plateau (drop=-154%) \u2014 ok""}, ""changepoint_curvature_penalty"": {""pts"": 0, ""max"": 0, ""note"": ""d2_norm=1.41, linear_stretch=33%""}, ""catastrophic_slope_vs_modulus"": {""pts"": 0, ""max"": 0, ""note"": ""slope ratio=2.43 \u2014 plateau slope \u226595% of elastic""}, ""_score_final"": {""pts"": 43, ""max"": 100, ""note"": ""after catastrophic halving""}}",62.51824077007311,0.1058811535074704,45,10,16.0,0.0,6.0,False,150,1650,none,none,0.0,
"2026-08-23
06:39:47",16-0add-10deg-cosolv-none-bathSolv-none-0wt-150s-NoN2-1650s | rep 2,sample 38,158.23410082621996,54.09782467460522,7.200716935892327,83.45167591070626,671.8173271384205,0.088302057596426,0.0968456843033878,0.5255941248165525,0.6240733187127097,0.7357214219824961,,False,46.0,"{""elastic_r2"": {""pts"": 28, ""max"": 30, ""note"": ""NRMSE-score=0.942 (RMSE=0.26, range=4.54)""}, ""plateau_r2_start"": {""pts"": 15, ""max"": 15, ""note"": ""R\u00b2(first 40%)=0.977""}, ""densification_r2"": {""pts"": 13, ""max"": 15, ""note"": ""R\u00b2=0.852""}, ""yield_accuracy"": {""pts"": 25, ""max"": 25, ""note"": ""elastic tail undershoots data by 2.4% of elastic range""}, ""junction_continuity"": {""pts"": 11, ""max"": 15, ""note"": ""gap=3.6%""}, ""plateau_r2_full_penalty"": {""pts"": 0, ""max"": 0, ""note"": ""R\u00b2(full)=0.760""}, ""elastic_modulus_penalty"": {""pts"": 0, ""max"": 0, ""note"": ""E=54.1 bar ok""}, ""bp1_accuracy_penalty"": {""pts"": 0, ""max"": 0, ""note"": ""plateau spans 24% of remaining stress \u2014 ok | GAM slope stable in early plateau (drop=-51%) \u2014 ok""}, ""changepoint_curvature_penalty"": {""pts"": 0, ""max"": 0, ""note"": ""d2_norm=2.01, linear_stretch=27%""}, ""catastrophic_slope_vs_modulus"": {""pts"": 0, ""max"": 0, ""note"": ""slope ratio=1.54 \u2014 plateau slope \u226595% of elastic""}, ""_score_final"": {""pts"": 46, ""max"": 100, ""note"": ""after catastrophic halving""}}",61.77882849702685,0.1058811535074704,45,10,16.0,0.0,6.0,False,150,1650,none,none,0.0,
"2026-08-23
08:49:50",15p5-0add-20deg-cosolv-none-bathSolv-none-0wt-450s-N2-1800s | rep 3,sample 47,11.019514002085424,,,,,,,,,,,False,,,57.58444714155178,,35,20,15.5,0.0,14.0,True,450,1800,none,none,0.0,
"2026-08-23
08:49:50",15p5-0add-20deg-cosolv-none-bathSolv-none-0wt-450s-N2-1800s | rep 2,sample 46,44.809220703923735,,,,,,,,,,,False,,,63.27595564103,,35,20,15.5,0.0,14.0,True,450,1800,none,none,0.0,
"2026-08-23
08:49:50",15p5-0add-20deg-cosolv-none-bathSolv-none-0wt-450s-N2-1800s | rep 1,sample 45,42.73545392423805,,,,,,,,,,,False,,,63.93444070509763,,35,20,15.5,0.0,14.0,True,450,1800,none,none,0.0,
"2026-08-23
08:49:50",15p5-0add-20deg-cosolv-none-bathSolv-none-0wt-450s-N2-1800s | rep 4,sample 48,44.14991806238392,,,,,,,,,,,False,,,57.90143043648471,,35,20,15.5,0.0,14.0,True,450,1800,none,none,0.0,
"2026-08-25
17:20:49",13p5-0add-25deg-cosolv-none-bathSolv-none-0wt-600s-N2-1200s | rep 2,sample 6,143.95276265971245,152.49908305209317,28.468010904409105,59.44505889834406,1029.857081493376,0.0406307880199232,0.0,0.5278290617763175,0.6672414834830566,0.73371468759709,,True,86.0,"{""elastic_r2"": {""pts"": 29, ""max"": 30, ""note"": ""NRMSE-score=0.963 (RMSE=1.03, range=28.21)""}, ""plateau_r2_start"": {""pts"": 14, ""max"": 15, ""note"": ""R\u00b2(first 40%)=0.924""}, ""densification_r2"": {""pts"": 14, ""max"": 15, ""note"": ""R\u00b2=0.946""}, ""yield_accuracy"": {""pts"": 25, ""max"": 25, ""note"": ""elastic tail undershoots data by 1.8% of elastic range""}, ""junction_continuity"": {""pts"": 9, ""max"": 15, ""note"": ""gap=6.2%""}, ""plateau_r2_full_penalty"": {""pts"": 0, ""max"": 0, ""note"": ""R\u00b2(full)=0.939""}, ""elastic_modulus_penalty"": {""pts"": 0, ""max"": 0, ""note"": ""E=152.5 bar ok""}, ""bp1_accuracy_penalty"": {""pts"": -5, ""max"": 0, ""note"": ""plateau spans 23% of remaining stress \u2014 ok | GAM slope drops 43% in early plateau \u2014 bp1 suspect""}, ""changepoint_curvature_penalty"": {""pts"": 0, ""max"": 0, ""note"": ""d2_norm=4.50, linear_stretch=20%""}, ""slope_ratio_penalty"": {""pts"": 0, ""max"": 0, ""note"": ""plateau/elastic slope ratio=0.39 \u2014 good separation""}, ""_score_final"": {""pts"": 86, ""max"": 100, ""note"": ""no catastrophic applied""}}",56.97441137247144,0.0578398250767045,50,25,13.5,0.0,4.0,True,600,1200,none,none,0.0,
"2026-08-25
17:20:49",13p5-0add-25deg-cosolv-none-bathSolv-none-0wt-600s-N2-1200s | rep 4,sample 8,133.8198876250489,192.43706883229208,23.3163677383517,70.02971071042863,1026.0765400672165,0.0380709876173228,0.0,0.5330257090863777,0.5996079672748338,0.665821618269938,,True,91.0,"{""elastic_r2"": {""pts"": 29, ""max"": 30, ""note"": ""NRMSE-score=0.961 (RMSE=0.86, range=22.18)""}, ""plateau_r2_start"": {""pts"": 14, ""max"": 15, ""note"": ""R\u00b2(first 40%)=0.932""}, ""densification_r2"": {""pts"": 14, ""max"": 15, ""note"": ""R\u00b2=0.917""}, ""yield_accuracy"": {""pts"": 25, ""max"": 25, ""note"": ""elastic tail overshoots data by 0.3% of elastic range""}, ""junction_continuity"": {""pts"": 14, ""max"": 15, ""note"": ""gap=0.8%""}, ""plateau_r2_full_penalty"": {""pts"": 0, ""max"": 0, ""note"": ""R\u00b2(full)=0.862""}, ""elastic_modulus_penalty"": {""pts"": 0, ""max"": 0, ""note"": ""E=192.4 bar ok""}, ""bp1_accuracy_penalty"": {""pts"": -5, ""max"": 0, ""note"": ""plateau spans 26% of remaining stress \u2014 ok | GAM slope drops 46% in early plateau \u2014 bp1 suspect""}, ""changepoint_curvature_penalty"": {""pts"": 0, ""max"": 0, ""note"": ""d2_norm=1.99, linear_stretch=30%""}, ""slope_ratio_penalty"": {""pts"": 0, ""max"": 0, ""note"": ""plateau/elastic slope ratio=0.36 \u2014 good separation""}, ""_score_final"": {""pts"": 91, ""max"": 100, ""note"": ""no catastrophic applied""}}",57.1422079219074,0.0578398250767045,50,25,13.5,0.0,4.0,True,600,1200,none,none,0.0,
"2026-08-25
17:20:49",13p5-0add-25deg-cosolv-none-bathSolv-none-0wt-600s-N2-1200s | rep 1,sample 5,137.68648277858637,171.05007592896035,22.120434642723467,70.8859290936021,1132.484732521553,0.041339834418013,0.0,0.4979647673697539,0.6211011464662415,0.6812175478091983,,True,82.0,"{""elastic_r2"": {""pts"": 29, ""max"": 30, ""note"": ""NRMSE-score=0.960 (RMSE=0.83, range=20.59)""}, ""plateau_r2_start"": {""pts"": 14, ""max"": 15, ""note"": ""R\u00b2(first 40%)=0.924""}, ""densification_r2"": {""pts"": 14, ""max"": 15, ""note"": ""R\u00b2=0.941""}, ""yield_accuracy"": {""pts"": 25, ""max"": 25, ""note"": ""elastic tail undershoots data by 0.1% of elastic range""}, ""junction_continuity"": {""pts"": 5, ""max"": 15, ""note"": ""gap=10.1%""}, ""plateau_r2_full_penalty"": {""pts"": 0, ""max"": 0, ""note"": ""R\u00b2(full)=0.957""}, ""elastic_modulus_penalty"": {""pts"": 0, ""max"": 0, ""note"": ""E=171.1 bar ok""}, ""bp1_accuracy_penalty"": {""pts"": -5, ""max"": 0, ""note"": ""plateau spans 27% of remaining stress \u2014 ok | GAM slope drops 54% in early plateau \u2014 bp1 suspect""}, ""changepoint_curvature_penalty"": {""pts"": 0, ""max"": 0, ""note"": ""d2_norm=4.51, linear_stretch=20%""}, ""slope_ratio_penalty"": {""pts"": 0, ""max"": 0, ""note"": ""plateau/elastic slope ratio=0.41 \u2014 good separation""}, ""_score_final"": {""pts"": 82, ""max"": 100, ""note"": ""no catastrophic applied""}}",56.873917697727336,0.0578398250767045,50,25,13.5,0.0,4.0,True,600,1200,none,none,0.0,
"2026-08-25
17:20:49",13p5-0add-25deg-cosolv-none-bathSolv-none-0wt-600s-N2-1200s | rep 3,sample 7,136.57540020901158,162.15544000128074,27.29113637602698,66.50332147946007,1548.7523042418711,0.0408610143881236,0.0,0.5156221919422078,0.5966682776938425,0.6467978617702492,,True,85.0,"{""elastic_r2"": {""pts"": 29, ""max"": 30, ""note"": ""NRMSE-score=0.962 (RMSE=1.01, range=26.69)""}, ""plateau_r2_start"": {""pts"": 14, ""max"": 15, ""note"": ""R\u00b2(first 40%)=0.951""}, ""densification_r2"": {""pts"": 13, ""max"": 15, ""note"": ""R\u00b2=0.854""}, ""yield_accuracy"": {""pts"": 25, ""max"": 25, ""note"": ""elastic tail undershoots data by 1.3% of elastic range""}, ""junction_continuity"": {""pts"": 9, ""max"": 15, ""note"": ""gap=5.7%""}, ""plateau_r2_full_penalty"": {""pts"": 0, ""max"": 0, ""note"": ""R\u00b2(full)=0.841""}, ""elastic_modulus_penalty"": {""pts"": 0, ""max"": 0, ""note"": ""E=162.2 bar ok""}, ""bp1_accuracy_penalty"": {""pts"": -5, ""max"": 0, ""note"": ""plateau spans 23% of remaining stress \u2014 ok | GAM slope drops 46% in early plateau \u2014 bp1 suspect""}, ""changepoint_curvature_penalty"": {""pts"": 0, ""max"": 0, ""note"": ""d2_norm=4.17, linear_stretch=17%""}, ""slope_ratio_penalty"": {""pts"": 0, ""max"": 0, ""note"": ""plateau/elastic slope ratio=0.41 \u2014 good separation""}, ""_score_final"": {""pts"": 85, ""max"": 100, ""note"": ""no catastrophic applied""}}",57.08479737294191,0.0578398250767045,50,25,13.5,0.0,4.0,True,600,1200,none,none,0.0,
"2026-08-26
00:21:17",14p5-0add-5deg-cosolv-none-bathSolv-none-0wt-90s-NoN2-1450s | rep 3,sample 8,124.65453092504676,77.04890792574926,12.521727772775826,61.30952900286449,857.3408090549875,0.0574868633852183,0.0,0.5373527362738597,0.6148885204958687,0.6980228128579913,,True,75.0,"{""elastic_r2"": {""pts"": 29, ""max"": 30, ""note"": ""NRMSE-score=0.954 (RMSE=0.56, range=12.13)""}, ""plateau_r2_start"": {""pts"": 14, ""max"": 15, ""note"": ""R\u00b2(first 40%)=0.933""}, ""densification_r2"": {""pts"": 13, ""max"": 15, ""note"": ""R\u00b2=0.872""}, ""yield_accuracy"": {""pts"": 25, ""max"": 25, ""note"": ""elastic tail undershoots data by 1.2% of elastic range""}, ""junction_continuity"": {""pts"": 7, ""max"": 15, ""note"": ""gap=7.6%""}, ""plateau_r2_full_penalty"": {""pts"": 0, ""max"": 0, ""note"": ""R\u00b2(full)=0.667""}, ""elastic_modulus_penalty"": {""pts"": 0, ""max"": 0, ""note"": ""E=77.0 bar ok""}, ""bp1_accuracy_penalty"": {""pts"": 0, ""max"": 0, ""note"": ""plateau spans 18% of remaining stress \u2014 ok | GAM slope stable in early plateau (drop=-34%) \u2014 ok""}, ""changepoint_curvature_penalty"": {""pts"": 0, ""max"": 0, ""note"": ""d2_norm=0.95, linear_stretch=27%""}, ""slope_ratio_penalty"": {""pts"": -13, ""max"": 0, ""note"": ""plateau/elastic slope ratio=0.80 \u2014 nearly parallel (-13 pts)""}, ""_score_final"": {""pts"": 75, ""max"": 100, ""note"": ""no catastrophic applied""}}",60.77455301061568,0.033102656357122,65,5,14.5,0.0,8.0,False,90,1450,none,none,0.0,
"2026-08-26
00:21:17",14p5-0add-5deg-cosolv-none-bathSolv-none-0wt-90s-NoN2-1450s | rep 2,sample 7,135.8741534779887,98.38749999487548,10.004766335981524,52.32085428474005,955.9406020178684,0.0553037169376317,0.0,0.5076696261405119,0.5759797881251028,0.6479260237986448,,True,89.0,"{""elastic_r2"": {""pts"": 28, ""max"": 30, ""note"": ""NRMSE-score=0.942 (RMSE=0.55, range=9.51)""}, ""plateau_r2_start"": {""pts"": 14, ""max"": 15, ""note"": ""R\u00b2(first 40%)=0.949""}, ""densification_r2"": {""pts"": 13, ""max"": 15, ""note"": ""R\u00b2=0.852""}, ""yield_accuracy"": {""pts"": 25, ""max"": 25, ""note"": ""elastic tail undershoots data by 2.2% of elastic range""}, ""junction_continuity"": {""pts"": 9, ""max"": 15, ""note"": ""gap=5.7%""}, ""plateau_r2_full_penalty"": {""pts"": 0, ""max"": 0, ""note"": ""R\u00b2(full)=0.606""}, ""elastic_modulus_penalty"": {""pts"": 0, ""max"": 0, ""note"": ""E=98.4 bar ok""}, ""bp1_accuracy_penalty"": {""pts"": 0, ""max"": 0, ""note"": ""plateau spans 16% of remaining stress \u2014 ok | GAM slope stable in early plateau (drop=-7%) \u2014 ok""}, ""changepoint_curvature_penalty"": {""pts"": 0, ""max"": 0, ""note"": ""d2_norm=1.43, linear_stretch=27%""}, ""slope_ratio_penalty"": {""pts"": 0, ""max"": 0, ""note"": ""plateau/elastic slope ratio=0.53 \u2014 good separation""}, ""_score_final"": {""pts"": 89, ""max"": 100, ""note"": ""no catastrophic applied""}}",61.55625583632112,0.033102656357122,65,5,14.5,0.0,8.0,False,90,1450,none,none,0.0,
"2026-08-26
00:21:17",14p5-0add-5deg-cosolv-none-bathSolv-none-0wt-90s-NoN2-1450s | rep 4,sample 9,124.1050794735499,78.94171736912568,12.325572329508022,58.80430410524922,853.1350521800954,0.0549362161884201,0.0,0.5156011767514725,0.5920605142561173,0.674209310401066,,True,79.0,"{""elastic_r2"": {""pts"": 29, ""max"": 30, ""note"": ""NRMSE-score=0.958 (RMSE=0.50, range=11.81)""}, ""plateau_r2_start"": {""pts"": 14, ""max"": 15, ""note"": ""R\u00b2(first 40%)=0.950""}, ""densification_r2"": {""pts"": 13, ""max"": 15, ""note"": ""R\u00b2=0.872""}, ""yield_accuracy"": {""pts"": 25, ""max"": 25, ""note"": ""elastic tail undershoots data by 1.2% of elastic range""}, ""junction_continuity"": {""pts"": 9, ""max"": 15, ""note"": ""gap=5.6%""}, ""plateau_r2_full_penalty"": {""pts"": 0, ""max"": 0, ""note"": ""R\u00b2(full)=0.641""}, ""elastic_modulus_penalty"": {""pts"": 0, ""max"": 0, ""note"": ""E=78.9 bar ok""}, ""bp1_accuracy_penalty"": {""pts"": 0, ""max"": 0, ""note"": ""plateau spans 17% of remaining stress \u2014 ok | GAM slope stable in early plateau (drop=-22%) \u2014 ok""}, ""changepoint_curvature_penalty"": {""pts"": 0, ""max"": 0, ""note"": ""d2_norm=1.29, linear_stretch=23%""}, ""slope_ratio_penalty"": {""pts"": -11, ""max"": 0, ""note"": ""plateau/elastic slope ratio=0.74 \u2014 nearly parallel (-11 pts)""}, ""_score_final"": {""pts"": 79, ""max"": 100, ""note"": ""no catastrophic applied""}}",60.92488873342315,0.033102656357122,65,5,14.5,0.0,8.0,False,90,1450,none,none,0.0,
"2026-08-26
00:21:17",14p5-0add-5deg-cosolv-none-bathSolv-none-0wt-90s-NoN2-1450s | rep 1,sample 6,138.13630321401348,81.76662406361912,9.611095658990171,51.14412111635031,939.5766553033276,0.050256934958397,0.0,0.5098402026011839,0.5770652857870322,0.6483224910052174,,True,83.0,"{""elastic_r2"": {""pts"": 29, ""max"": 30, ""note"": ""NRMSE-score=0.950 (RMSE=0.45, range=9.01)""}, ""plateau_r2_start"": {""pts"": 14, ""max"": 15, ""note"": ""R\u00b2(first 40%)=0.956""}, ""densification_r2"": {""pts"": 13, ""max"": 15, ""note"": ""R\u00b2=0.866""}, ""yield_accuracy"": {""pts"": 25, ""max"": 25, ""note"": ""elastic tail undershoots data by 1.5% of elastic range""}, ""junction_continuity"": {""pts"": 8, ""max"": 15, ""note"": ""gap=6.6%""}, ""plateau_r2_full_penalty"": {""pts"": 0, ""max"": 0, ""note"": ""R\u00b2(full)=0.593""}, ""elastic_modulus_penalty"": {""pts"": 0, ""max"": 0, ""note"": ""E=81.8 bar ok""}, ""bp1_accuracy_penalty"": {""pts"": 0, ""max"": 0, ""note"": ""plateau spans 16% of remaining stress \u2014 ok | GAM slope stable in early plateau (drop=-12%) \u2014 ok""}, ""changepoint_curvature_penalty"": {""pts"": 0, ""max"": 0, ""note"": ""d2_norm=1.31, linear_stretch=23%""}, ""slope_ratio_penalty"": {""pts"": -6, ""max"": 0, ""note"": ""plateau/elastic slope ratio=0.63 \u2014 nearly parallel (-6 pts)""}, ""_score_final"": {""pts"": 83, ""max"": 100, ""note"": ""no catastrophic applied""}}",61.879066545943445,0.033102656357122,65,5,14.5,0.0,8.0,False,90,1450,none,none,0.0,
"2026-08-27
11:47:09",16p5-0add-10deg-cosolv-none-bathSolv-none-0wt-225s-NoN2-1750s | rep 1,sample 5,128.62013075267595,179.56811713833667,26.63243922849336,60.44969343547897,940.3428208046204,0.0940757521946971,0.0,0.4291659502019308,0.5227487781854416,0.6104690190657873,,True,92.0,"{""elastic_r2"": {""pts"": 28, ""max"": 30, ""note"": ""NRMSE-score=0.942 (RMSE=1.59, range=27.69)""}, ""plateau_r2_start"": {""pts"": 13, ""max"": 15, ""note"": ""R\u00b2(first 40%)=0.862""}, ""densification_r2"": {""pts"": 12, ""max"": 15, ""note"": ""R\u00b2=0.808""}, ""yield_accuracy"": {""pts"": 25, ""max"": 25, ""note"": ""elastic tail undershoots data by 2.6% of elastic range""}, ""junction_continuity"": {""pts"": 14, ""max"": 15, ""note"": ""gap=1.4%""}, ""plateau_r2_full_penalty"": {""pts"": 0, ""max"": 0, ""note"": ""R\u00b2(full)=0.685""}, ""elastic_modulus_penalty"": {""pts"": 0, ""max"": 0, ""note"": ""E=179.6 bar ok""}, ""bp1_accuracy_penalty"": {""pts"": 0, ""max"": 0, ""note"": ""plateau spans 18% of remaining stress \u2014 ok | GAM slope stable in early plateau (drop=35%) \u2014 ok""}, ""changepoint_curvature_penalty"": {""pts"": 0, ""max"": 0, ""note"": ""d2_norm=1.96, linear_stretch=17%""}, ""slope_ratio_penalty"": {""pts"": 0, ""max"": 0, ""note"": ""plateau/elastic slope ratio=0.34 \u2014 good separation""}, ""_score_final"": {""pts"": 92, ""max"": 100, ""note"": ""no catastrophic applied""}}",57.687006588665135,0.042107778900056,40,10,16.5,0.0,16.0,False,225,1750,none,none,0.0,
"2026-08-27
11:47:09",16p5-0add-10deg-cosolv-none-bathSolv-none-0wt-225s-NoN2-1750s | rep 3,sample 7,120.15577456049762,380.5840925001778,28.50119877477843,51.41903805663016,741.1258150766326,0.097101411369423,0.0,0.394228359027269,0.5039926018431458,0.6001230169941008,,True,86.0,"{""elastic_r2"": {""pts"": 26, ""max"": 30, ""note"": ""NRMSE-score=0.878 (RMSE=3.43, range=28.13)""}, ""plateau_r2_start"": {""pts"": 13, ""max"": 15, ""note"": ""R\u00b2(first 40%)=0.853""}, ""densification_r2"": {""pts"": 13, ""max"": 15, ""note"": ""R\u00b2=0.898""}, ""yield_accuracy"": {""pts"": 25, ""max"": 25, ""note"": ""elastic tail undershoots data by 5.1% of elastic range""}, ""junction_continuity"": {""pts"": 14, ""max"": 15, ""note"": ""gap=1.0%""}, ""plateau_r2_full_penalty"": {""pts"": 0, ""max"": 0, ""note"": ""R\u00b2(full)=0.759""}, ""elastic_modulus_penalty"": {""pts"": 0, ""max"": 0, ""note"": ""E=380.6 bar ok""}, ""bp1_accuracy_penalty"": {""pts"": -5, ""max"": 0, ""note"": ""plateau spans 17% of remaining stress \u2014 ok | GAM slope drops 59% in early plateau \u2014 bp1 suspect""}, ""changepoint_curvature_penalty"": {""pts"": 0, ""max"": 0, ""note"": ""d2_norm=1.44, linear_stretch=17%""}, ""slope_ratio_penalty"": {""pts"": 0, ""max"": 0, ""note"": ""plateau/elastic slope ratio=0.14 \u2014 good separation""}, ""_score_final"": {""pts"": 86, ""max"": 100, ""note"": ""no catastrophic applied""}}",54.67736323050876,0.042107778900056,40,10,16.5,0.0,16.0,False,225,1750,none,none,0.0,
"2026-08-27
11:47:09",16p5-0add-10deg-cosolv-none-bathSolv-none-0wt-225s-NoN2-1750s | rep 4,sample 8,124.91757443620182,315.7017534891899,26.16355299494528,54.39699539227405,734.7573224837698,0.0934672120319322,0.0,0.4204107977781796,0.5266783331408864,0.6286711396861817,,True,89.0,"{""elastic_r2"": {""pts"": 27, ""max"": 30, ""note"": ""NRMSE-score=0.893 (RMSE=2.78, range=25.88)""}, ""plateau_r2_start"": {""pts"": 14, ""max"": 15, ""note"": ""R\u00b2(first 40%)=0.903""}, ""densification_r2"": {""pts"": 14, ""max"": 15, ""note"": ""R\u00b2=0.914""}, ""yield_accuracy"": {""pts"": 25, ""max"": 25, ""note"": ""elastic tail undershoots data by 4.0% of elastic range""}, ""junction_continuity"": {""pts"": 14, ""max"": 15, ""note"": ""gap=0.9%""}, ""plateau_r2_full_penalty"": {""pts"": 0, ""max"": 0, ""note"": ""R\u00b2(full)=0.779""}, ""elastic_modulus_penalty"": {""pts"": 0, ""max"": 0, ""note"": ""E=315.7 bar ok""}, ""bp1_accuracy_penalty"": {""pts"": -5, ""max"": 0, ""note"": ""plateau spans 18% of remaining stress \u2014 ok | GAM slope drops 60% in early plateau \u2014 bp1 suspect""}, ""changepoint_curvature_penalty"": {""pts"": 0, ""max"": 0, ""note"": ""d2_norm=2.98, linear_stretch=13%""}, ""slope_ratio_penalty"": {""pts"": 0, ""max"": 0, ""note"": ""plateau/elastic slope ratio=0.17 \u2014 good separation""}, ""_score_final"": {""pts"": 89, ""max"": 100, ""note"": ""no catastrophic applied""}}",55.30368469145901,0.042107778900056,40,10,16.5,0.0,16.0,False,225,1750,none,none,0.0,
"2026-08-27
11:47:09",16p5-0add-10deg-cosolv-none-bathSolv-none-0wt-225s-NoN2-1750s | rep 2,sample 6,124.76598026795592,356.5335424299898,23.585625816430834,59.022587505628586,705.6207474220333,0.1013288460039895,0.0,0.4233484395729688,0.5332263188148363,,,True,88.0,"{""elastic_r2"": {""pts"": 26, ""max"": 30, ""note"": ""NRMSE-score=0.855 (RMSE=3.33, range=22.91)""}, ""plateau_r2_start"": {""pts"": 14, ""max"": 15, ""note"": ""R\u00b2(first 40%)=0.915""}, ""densification_r2"": {""pts"": 14, ""max"": 15, ""note"": ""R\u00b2=0.901""}, ""yield_accuracy"": {""pts"": 25, ""max"": 25, ""note"": ""elastic tail undershoots data by 6.7% of elastic range""}, ""junction_continuity"": {""pts"": 14, ""max"": 15, ""note"": ""gap=0.5%""}, ""plateau_r2_full_penalty"": {""pts"": 0, ""max"": 0, ""note"": ""R\u00b2(full)=0.830""}, ""elastic_modulus_penalty"": {""pts"": 0, ""max"": 0, ""note"": ""E=356.5 bar ok""}, ""bp1_accuracy_penalty"": {""pts"": -5, ""max"": 0, ""note"": ""plateau spans 20% of remaining stress \u2014 ok | GAM slope drops 68% in early plateau \u2014 bp1 suspect""}, ""changepoint_curvature_penalty"": {""pts"": 0, ""max"": 0, ""note"": ""d2_norm=2.37, linear_stretch=17%""}, ""slope_ratio_penalty"": {""pts"": 0, ""max"": 0, ""note"": ""plateau/elastic slope ratio=0.17 \u2014 good separation""}, ""_score_final"": {""pts"": 88, ""max"": 100, ""note"": ""no catastrophic applied""}}",56.047870723389714,0.042107778900056,40,10,16.5,0.0,16.0,False,225,1750,none,none,0.0,
"2026-08-27
15:13:05",13-0add-20deg-cosolv-none-bathSolv-none-0wt-375s-N2-1550s | rep 4,sample 8,129.76216788703522,139.82442556844344,17.721432451884287,33.07050579723873,1051.6192676771427,0.0438463698059752,0.039859250660722,0.6278778344662712,0.6884949420426126,0.7544816205611198,,True,90.0,"{""elastic_r2"": {""pts"": 28, ""max"": 30, ""note"": ""NRMSE-score=0.932 (RMSE=1.20, range=17.68)""}, ""plateau_r2_start"": {""pts"": 14, ""max"": 15, ""note"": ""R\u00b2(first 40%)=0.919""}, ""densification_r2"": {""pts"": 13, ""max"": 15, ""note"": ""R\u00b2=0.882""}, ""yield_accuracy"": {""pts"": 25, ""max"": 25, ""note"": ""elastic tail undershoots data by 4.2% of elastic range""}, ""junction_continuity"": {""pts"": 10, ""max"": 15, ""note"": ""gap=5.4%""}, ""plateau_r2_full_penalty"": {""pts"": 0, ""max"": 0, ""note"": ""R\u00b2(full)=0.652""}, ""elastic_modulus_penalty"": {""pts"": 0, ""max"": 0, ""note"": ""E=139.8 bar ok""}, ""bp1_accuracy_penalty"": {""pts"": 0, ""max"": 0, ""note"": ""plateau spans 13% of remaining stress \u2014 ok | GAM slope drops 77% in early plateau, but plateau geometry ok \u2014 no penalty""}, ""changepoint_curvature_penalty"": {""pts"": 0, ""max"": 0, ""note"": ""d2_norm=2.92, linear_stretch=20%""}, ""slope_ratio_penalty"": {""pts"": 0, ""max"": 0, ""note"": ""plateau/elastic slope ratio=0.24 \u2014 good separation""}, ""_score_final"": {""pts"": 90, ""max"": 100, ""note"": ""no catastrophic applied""}}",61.190989545585765,0.0406423882799241,55,20,13.0,0.0,12.0,True,375,1550,none,none,0.0,
"2026-08-27
15:13:05",13-0add-20deg-cosolv-none-bathSolv-none-0wt-375s-N2-1550s | rep 1,sample 5,123.10060549754908,340.0332149542915,21.555648604126645,67.72789144234434,1012.9936292839984,0.0479506657748248,0.0,0.6466335385752817,0.7144374442540918,0.775683031745303,,False,68.0,"{""elastic_r2"": {""pts"": 26, ""max"": 30, ""note"": ""NRMSE-score=0.858 (RMSE=2.71, range=19.14)""}, ""plateau_r2_start"": {""pts"": 6, ""max"": 15, ""note"": ""R\u00b2(first 40%)=0.384""}, ""densification_r2"": {""pts"": 14, ""max"": 15, ""note"": ""R\u00b2=0.922""}, ""yield_accuracy"": {""pts"": 25, ""max"": 25, ""note"": ""elastic tail undershoots data by 9.7% of elastic range""}, ""junction_continuity"": {""pts"": 7, ""max"": 15, ""note"": ""gap=7.8%""}, ""plateau_r2_full_penalty"": {""pts"": -10, ""max"": 0, ""note"": ""R\u00b2(full)=0.242""}, ""elastic_modulus_penalty"": {""pts"": 0, ""max"": 0, ""note"": ""E=340.0 bar ok""}, ""bp1_accuracy_penalty"": {""pts"": 0, ""max"": 0, ""note"": ""plateau spans 34% of remaining stress \u2014 ok | GAM slope drops 81% in early plateau, but plateau geometry ok \u2014 no penalty""}, ""changepoint_curvature_penalty"": {""pts"": 0, ""max"": 0, ""note"": ""d2_norm=7.86, linear_stretch=20%""}, ""slope_ratio_penalty"": {""pts"": 0, ""max"": 0, ""note"": ""plateau/elastic slope ratio=0.20 \u2014 good separation""}, ""_score_final"": {""pts"": 68, ""max"": 100, ""note"": ""no catastrophic applied""}}",59.74417556377857,0.0406423882799241,55,20,13.0,0.0,12.0,True,375,1550,none,none,0.0,
"2026-08-27
15:13:05",13-0add-20deg-cosolv-none-bathSolv-none-0wt-375s-N2-1550s | rep 2,sample 6,128.09768029478667,151.66193815697662,15.10794562448737,49.906726766635344,1074.2921501133087,0.0379294677522633,0.0,0.638040626418223,0.6943977102527328,0.7531744967725199,,True,92.0,"{""elastic_r2"": {""pts"": 28, ""max"": 30, ""note"": ""NRMSE-score=0.936 (RMSE=0.92, range=14.30)""}, ""plateau_r2_start"": {""pts"": 12, ""max"": 15, ""note"": ""R\u00b2(first 40%)=0.811""}, ""densification_r2"": {""pts"": 14, ""max"": 15, ""note"": ""R\u00b2=0.920""}, ""yield_accuracy"": {""pts"": 25, ""max"": 25, ""note"": ""elastic tail undershoots data by 1.8% of elastic range""}, ""junction_continuity"": {""pts"": 13, ""max"": 15, ""note"": ""gap=1.7%""}, ""plateau_r2_full_penalty"": {""pts"": 0, ""max"": 0, ""note"": ""R\u00b2(full)=0.799""}, ""elastic_modulus_penalty"": {""pts"": 0, ""max"": 0, ""note"": ""E=151.7 bar ok""}, ""bp1_accuracy_penalty"": {""pts"": 0, ""max"": 0, ""note"": ""plateau spans 21% of remaining stress \u2014 ok | GAM slope drops 92% in early plateau, but plateau geometry ok \u2014 no penalty""}, ""changepoint_curvature_penalty"": {""pts"": 0, ""max"": 0, ""note"": ""d2_norm=4.14, linear_stretch=17%""}, ""slope_ratio_penalty"": {""pts"": 0, ""max"": 0, ""note"": ""plateau/elastic slope ratio=0.33 \u2014 good separation""}, ""_score_final"": {""pts"": 92, ""max"": 100, ""note"": ""no catastrophic applied""}}",61.23120072066709,0.0406423882799241,55,20,13.0,0.0,12.0,True,375,1550,none,none,0.0,
"2026-08-27
15:13:05",13-0add-20deg-cosolv-none-bathSolv-none-0wt-375s-N2-1550s | rep 3,sample 7,130.2970367725077,151.9893872602084,22.22962276787785,32.84645369452276,949.6765598087478,0.0482333895897881,0.0,0.6200338830301495,0.678700213837238,0.7469140265425738,,True,84.0,"{""elastic_r2"": {""pts"": 29, ""max"": 30, ""note"": ""NRMSE-score=0.951 (RMSE=1.07, range=21.56)""}, ""plateau_r2_start"": {""pts"": 13, ""max"": 15, ""note"": ""R\u00b2(first 40%)=0.859""}, ""densification_r2"": {""pts"": 14, ""max"": 15, ""note"": ""R\u00b2=0.933""}, ""yield_accuracy"": {""pts"": 25, ""max"": 25, ""note"": ""elastic tail undershoots data by 2.1% of elastic range""}, ""junction_continuity"": {""pts"": 8, ""max"": 15, ""note"": ""gap=7.2%""}, ""plateau_r2_full_penalty"": {""pts"": 0, ""max"": 0, ""note"": ""R\u00b2(full)=0.767""}, ""elastic_modulus_penalty"": {""pts"": 0, ""max"": 0, ""note"": ""E=152.0 bar ok""}, ""bp1_accuracy_penalty"": {""pts"": -5, ""max"": 0, ""note"": ""plateau spans 13% of remaining stress \u2014 ok | GAM slope drops 68% in early plateau \u2014 bp1 suspect""}, ""changepoint_curvature_penalty"": {""pts"": 0, ""max"": 0, ""note"": ""d2_norm=3.25, linear_stretch=17%""}, ""slope_ratio_penalty"": {""pts"": 0, ""max"": 0, ""note"": ""plateau/elastic slope ratio=0.22 \u2014 good separation""}, ""_score_final"": {""pts"": 84, ""max"": 100, ""note"": ""no catastrophic applied""}}",59.66901171991443,0.0406423882799241,55,20,13.0,0.0,12.0,True,375,1550,none,none,0.0,
"2026-08-27
16:43:23",17-0add-15deg-cosolv-none-bathSolv-none-0wt-500s-NoN2-1800s | rep 1,sample 13,139.67955684557626,282.15653205687084,20.69063272167916,52.89789539739115,708.3299195342664,0.0854019810370736,0.0,0.4672703120922007,0.5593323061401212,0.6629173670269844,,True,89.0,"{""elastic_r2"": {""pts"": 27, ""max"": 30, ""note"": ""NRMSE-score=0.886 (RMSE=2.33, range=20.37)""}, ""plateau_r2_start"": {""pts"": 14, ""max"": 15, ""note"": ""R\u00b2(first 40%)=0.925""}, ""densification_r2"": {""pts"": 14, ""max"": 15, ""note"": ""R\u00b2=0.921""}, ""yield_accuracy"": {""pts"": 25, ""max"": 25, ""note"": ""elastic tail undershoots data by 5.6% of elastic range""}, ""junction_continuity"": {""pts"": 14, ""max"": 15, ""note"": ""gap=1.0%""}, ""plateau_r2_full_penalty"": {""pts"": 0, ""max"": 0, ""note"": ""R\u00b2(full)=0.770""}, ""elastic_modulus_penalty"": {""pts"": 0, ""max"": 0, ""note"": ""E=282.2 bar ok""}, ""bp1_accuracy_penalty"": {""pts"": -5, ""max"": 0, ""note"": ""plateau spans 18% of remaining stress \u2014 ok | GAM slope drops 62% in early plateau \u2014 bp1 suspect""}, ""changepoint_curvature_penalty"": {""pts"": 0, ""max"": 0, ""note"": ""d2_norm=1.44, linear_stretch=20%""}, ""slope_ratio_penalty"": {""pts"": 0, ""max"": 0, ""note"": ""plateau/elastic slope ratio=0.19 \u2014 good separation""}, ""_score_final"": {""pts"": 89, ""max"": 100, ""note"": ""no catastrophic applied""}}",55.96793502699341,0.0177222005581488,25,15,17.0,0.0,1.0,False,500,1800,none,none,0.0,
"2026-08-27
16:43:23",17-0add-15deg-cosolv-none-bathSolv-none-0wt-500s-NoN2-1800s | rep 2,sample 14,141.539740915002,254.7313276118535,22.071710446475784,50.02673442516623,746.7254577304469,0.0846825938186892,0.0,0.4679900745572461,0.5653115951127996,0.6609266561463704,,True,90.0,"{""elastic_r2"": {""pts"": 27, ""max"": 30, ""note"": ""NRMSE-score=0.904 (RMSE=2.08, range=21.73)""}, ""plateau_r2_start"": {""pts"": 14, ""max"": 15, ""note"": ""R\u00b2(first 40%)=0.959""}, ""densification_r2"": {""pts"": 14, ""max"": 15, ""note"": ""R\u00b2=0.905""}, ""yield_accuracy"": {""pts"": 25, ""max"": 25, ""note"": ""elastic tail undershoots data by 5.0% of elastic range""}, ""junction_continuity"": {""pts"": 15, ""max"": 15, ""note"": ""gap=0.3%""}, ""plateau_r2_full_penalty"": {""pts"": 0, ""max"": 0, ""note"": ""R\u00b2(full)=0.718""}, ""elastic_modulus_penalty"": {""pts"": 0, ""max"": 0, ""note"": ""E=254.7 bar ok""}, ""bp1_accuracy_penalty"": {""pts"": -5, ""max"": 0, ""note"": ""plateau spans 17% of remaining stress \u2014 ok | GAM slope drops 51% in early plateau \u2014 bp1 suspect""}, ""changepoint_curvature_penalty"": {""pts"": 0, ""max"": 0, ""note"": ""d2_norm=1.84, linear_stretch=27%""}, ""slope_ratio_penalty"": {""pts"": 0, ""max"": 0, ""note"": ""plateau/elastic slope ratio=0.20 \u2014 good separation""}, ""_score_final"": {""pts"": 90, ""max"": 100, ""note"": ""no catastrophic applied""}}",56.11833840406559,0.0177222005581488,25,15,17.0,0.0,1.0,False,500,1800,none,none,0.0,
"2026-08-27
16:43:23",17-0add-15deg-cosolv-none-bathSolv-none-0wt-500s-NoN2-1800s | rep 3,sample 15,140.78344345230244,219.6844669736585,20.91859407529093,52.90985524514249,759.9726278527045,0.0947698589005631,0.0,0.4705402727122857,0.5626582901860637,0.6609861980536414,,True,88.0,"{""elastic_r2"": {""pts"": 27, ""max"": 30, ""note"": ""NRMSE-score=0.910 (RMSE=1.85, range=20.48)""}, ""plateau_r2_start"": {""pts"": 14, ""max"": 15, ""note"": ""R\u00b2(first 40%)=0.942""}, ""densification_r2"": {""pts"": 13, ""max"": 15, ""note"": ""R\u00b2=0.891""}, ""yield_accuracy"": {""pts"": 25, ""max"": 25, ""note"": ""elastic tail undershoots data by 3.9% of elastic range""}, ""junction_continuity"": {""pts"": 14, ""max"": 15, ""note"": ""gap=0.7%""}, ""plateau_r2_full_penalty"": {""pts"": 0, ""max"": 0, ""note"": ""R\u00b2(full)=0.716""}, ""elastic_modulus_penalty"": {""pts"": 0, ""max"": 0, ""note"": ""E=219.7 bar ok""}, ""bp1_accuracy_penalty"": {""pts"": -5, ""max"": 0, ""note"": ""plateau spans 18% of remaining stress \u2014 ok | GAM slope drops 52% in early plateau \u2014 bp1 suspect""}, ""changepoint_curvature_penalty"": {""pts"": 0, ""max"": 0, ""note"": ""d2_norm=1.21, linear_stretch=33%""}, ""slope_ratio_penalty"": {""pts"": 0, ""max"": 0, ""note"": ""plateau/elastic slope ratio=0.24 \u2014 good separation""}, ""_score_final"": {""pts"": 88, ""max"": 100, ""note"": ""no catastrophic applied""}}",56.031960918925,0.0177222005581488,25,15,17.0,0.0,1.0,False,500,1800,none,none,0.0,
"2026-08-27
16:43:23",17-0add-15deg-cosolv-none-bathSolv-none-0wt-500s-NoN2-1800s | rep 4,sample 16,141.556744167773,271.1909693448416,20.97718448191436,54.92519548620994,674.8392981152934,0.0895554765490953,0.0,0.4556999574449422,0.5530377445577636,0.6620801811388347,,True,89.0,"{""elastic_r2"": {""pts"": 26, ""max"": 30, ""note"": ""NRMSE-score=0.882 (RMSE=2.42, range=20.48)""}, ""plateau_r2_start"": {""pts"": 14, ""max"": 15, ""note"": ""R\u00b2(first 40%)=0.944""}, ""densification_r2"": {""pts"": 14, ""max"": 15, ""note"": ""R\u00b2=0.910""}, ""yield_accuracy"": {""pts"": 25, ""max"": 25, ""note"": ""elastic tail undershoots data by 3.8% of elastic range""}, ""junction_continuity"": {""pts"": 15, ""max"": 15, ""note"": ""gap=0.2%""}, ""plateau_r2_full_penalty"": {""pts"": 0, ""max"": 0, ""note"": ""R\u00b2(full)=0.763""}, ""elastic_modulus_penalty"": {""pts"": 0, ""max"": 0, ""note"": ""E=271.2 bar ok""}, ""bp1_accuracy_penalty"": {""pts"": -5, ""max"": 0, ""note"": ""plateau spans 18% of remaining stress \u2014 ok | GAM slope drops 57% in early plateau \u2014 bp1 suspect""}, ""changepoint_curvature_penalty"": {""pts"": 0, ""max"": 0, ""note"": ""d2_norm=2.00, linear_stretch=20%""}, ""slope_ratio_penalty"": {""pts"": 0, ""max"": 0, ""note"": ""plateau/elastic slope ratio=0.20 \u2014 good separation""}, ""_score_final"": {""pts"": 89, ""max"": 100, ""note"": ""no catastrophic applied""}}",55.67048909225078,0.0177222005581488,25,15,17.0,0.0,1.0,False,500,1800,none,none,0.0,
"2026-08-27
18:42:55",16p5-0add-5deg-cosolv-none-bathSolv-none-0wt-60s-NoN2-1200s | rep 2,sample 22,125.17313226236762,129.7684566985756,13.526736509268687,61.22403365916626,638.9156965748845,0.0858347139342953,0.0351215657580979,0.4940060997972529,0.588478080384595,,,True,90.0,"{""elastic_r2"": {""pts"": 26, ""max"": 30, ""note"": ""NRMSE-score=0.868 (RMSE=1.72, range=13.06)""}, ""plateau_r2_start"": {""pts"": 13, ""max"": 15, ""note"": ""R\u00b2(first 40%)=0.892""}, ""densification_r2"": {""pts"": 13, ""max"": 15, ""note"": ""R\u00b2=0.858""}, ""yield_accuracy"": {""pts"": 25, ""max"": 25, ""note"": ""elastic tail undershoots data by 7.7% of elastic range""}, ""junction_continuity"": {""pts"": 13, ""max"": 15, ""note"": ""gap=2.3%""}, ""plateau_r2_full_penalty"": {""pts"": 0, ""max"": 0, ""note"": ""R\u00b2(full)=0.704""}, ""elastic_modulus_penalty"": {""pts"": 0, ""max"": 0, ""note"": ""E=129.8 bar ok""}, ""bp1_accuracy_penalty"": {""pts"": 0, ""max"": 0, ""note"": ""plateau spans 18% of remaining stress \u2014 ok | GAM slope stable in early plateau (drop=2%) \u2014 ok""}, ""changepoint_curvature_penalty"": {""pts"": 0, ""max"": 0, ""note"": ""d2_norm=0.93, linear_stretch=27%""}, ""slope_ratio_penalty"": {""pts"": 0, ""max"": 0, ""note"": ""plateau/elastic slope ratio=0.47 \u2014 good separation""}, ""_score_final"": {""pts"": 90, ""max"": 100, ""note"": ""no catastrophic applied""}}",59.49187851706101,0.0312518498254623,70,5,16.5,0.0,3.0,False,60,1200,none,none,0.0,
"2026-08-27
18:42:55",16p5-0add-5deg-cosolv-none-bathSolv-none-0wt-60s-NoN2-1200s | rep 1,sample 21,129.46109882795378,97.89373236674918,14.022861051610455,70.836977245349,707.3049584399622,0.0939218559472125,0.0,0.4941789207499909,0.5808388118139776,0.6829832310104335,,True,76.0,"{""elastic_r2"": {""pts"": 27, ""max"": 30, ""note"": ""NRMSE-score=0.905 (RMSE=1.34, range=14.15)""}, ""plateau_r2_start"": {""pts"": 13, ""max"": 15, ""note"": ""R\u00b2(first 40%)=0.881""}, ""densification_r2"": {""pts"": 13, ""max"": 15, ""note"": ""R\u00b2=0.881""}, ""yield_accuracy"": {""pts"": 25, ""max"": 25, ""note"": ""elastic tail undershoots data by 5.4% of elastic range""}, ""junction_continuity"": {""pts"": 8, ""max"": 15, ""note"": ""gap=7.2%""}, ""plateau_r2_full_penalty"": {""pts"": 0, ""max"": 0, ""note"": ""R\u00b2(full)=0.785""}, ""elastic_modulus_penalty"": {""pts"": 0, ""max"": 0, ""note"": ""E=97.9 bar ok""}, ""bp1_accuracy_penalty"": {""pts"": 0, ""max"": 0, ""note"": ""plateau spans 20% of remaining stress \u2014 ok | GAM slope stable in early plateau (drop=-47%) \u2014 ok""}, ""changepoint_curvature_penalty"": {""pts"": 0, ""max"": 0, ""note"": ""d2_norm=2.60, linear_stretch=20%""}, ""slope_ratio_penalty"": {""pts"": -10, ""max"": 0, ""note"": ""plateau/elastic slope ratio=0.72 \u2014 nearly parallel (-10 pts)""}, ""_score_final"": {""pts"": 76, ""max"": 100, ""note"": ""no catastrophic applied""}}",60.40393913160801,0.0312518498254623,70,5,16.5,0.0,3.0,False,60,1200,none,none,0.0,
"2026-08-27
18:42:55",16p5-0add-5deg-cosolv-none-bathSolv-none-0wt-60s-NoN2-1200s | rep 4,sample 24,123.12570715632528,132.4024241692015,15.409474845785097,60.38927422369185,691.6767522539114,0.0861717805625272,0.0,0.4735974629774508,0.5666285975560403,,,True,90.0,"{""elastic_r2"": {""pts"": 27, ""max"": 30, ""note"": ""NRMSE-score=0.899 (RMSE=1.62, range=16.00)""}, ""plateau_r2_start"": {""pts"": 13, ""max"": 15, ""note"": ""R\u00b2(first 40%)=0.899""}, ""densification_r2"": {""pts"": 12, ""max"": 15, ""note"": ""R\u00b2=0.804""}, ""yield_accuracy"": {""pts"": 25, ""max"": 25, ""note"": ""elastic tail undershoots data by 5.1% of elastic range""}, ""junction_continuity"": {""pts"": 13, ""max"": 15, ""note"": ""gap=2.4%""}, ""plateau_r2_full_penalty"": {""pts"": 0, ""max"": 0, ""note"": ""R\u00b2(full)=0.656""}, ""elastic_modulus_penalty"": {""pts"": 0, ""max"": 0, ""note"": ""E=132.4 bar ok""}, ""bp1_accuracy_penalty"": {""pts"": 0, ""max"": 0, ""note"": ""plateau spans 19% of remaining stress \u2014 ok | GAM slope stable in early plateau (drop=0%) \u2014 ok""}, ""changepoint_curvature_penalty"": {""pts"": 0, ""max"": 0, ""note"": ""d2_norm=1.89, linear_stretch=33%""}, ""slope_ratio_penalty"": {""pts"": 0, ""max"": 0, ""note"": ""plateau/elastic slope ratio=0.46 \u2014 good separation""}, ""_score_final"": {""pts"": 90, ""max"": 100, ""note"": ""no catastrophic applied""}}",58.95418289845031,0.0312518498254623,70,5,16.5,0.0,3.0,False,60,1200,none,none,0.0,
"2026-08-27
18:42:55",16p5-0add-5deg-cosolv-none-bathSolv-none-0wt-60s-NoN2-1200s | rep 3,sample 23,126.00019032414812,99.76036966030462,14.661373965043836,69.62331525124071,652.562773821338,0.088582365799806,0.0,0.5043051279460921,0.5895218137877005,,,True,79.0,"{""elastic_r2"": {""pts"": 27, ""max"": 30, ""note"": ""NRMSE-score=0.911 (RMSE=1.32, range=14.81)""}, ""plateau_r2_start"": {""pts"": 13, ""max"": 15, ""note"": ""R\u00b2(first 40%)=0.876""}, ""densification_r2"": {""pts"": 13, ""max"": 15, ""note"": ""R\u00b2=0.869""}, ""yield_accuracy"": {""pts"": 25, ""max"": 25, ""note"": ""elastic tail undershoots data by 5.9% of elastic range""}, ""junction_continuity"": {""pts"": 10, ""max"": 15, ""note"": ""gap=4.6%""}, ""plateau_r2_full_penalty"": {""pts"": 0, ""max"": 0, ""note"": ""R\u00b2(full)=0.813""}, ""elastic_modulus_penalty"": {""pts"": 0, ""max"": 0, ""note"": ""E=99.8 bar ok""}, ""bp1_accuracy_penalty"": {""pts"": 0, ""max"": 0, ""note"": ""plateau spans 20% of remaining stress \u2014 ok | GAM slope stable in early plateau (drop=-17%) \u2014 ok""}, ""changepoint_curvature_penalty"": {""pts"": 0, ""max"": 0, ""note"": ""d2_norm=3.46, linear_stretch=23%""}, ""slope_ratio_penalty"": {""pts"": -9, ""max"": 0, ""note"": ""plateau/elastic slope ratio=0.70 \u2014 nearly parallel (-9 pts)""}, ""_score_final"": {""pts"": 79, ""max"": 100, ""note"": ""no catastrophic applied""}}",59.69417073159321,0.0312518498254623,70,5,16.5,0.0,3.0,False,60,1200,none,none,0.0,
"2026-08-28
17:07:51",14-0add-8deg-cosolv-none-bathSolv-none-0wt-120s-N2-1250s | rep 1,sample 5,132.71612774537286,86.40764958104332,17.734079502840466,39.3848361310728,800.8593417068624,0.0681438527651986,0.0,0.7470446851340954,0.8098865662563093,0.8854147581608586,,True,91.0,"{""elastic_r2"": {""pts"": 28, ""max"": 30, ""note"": ""NRMSE-score=0.939 (RMSE=1.09, range=17.88)""}, ""plateau_r2_start"": {""pts"": 13, ""max"": 15, ""note"": ""R\u00b2(first 40%)=0.862""}, ""densification_r2"": {""pts"": 13, ""max"": 15, ""note"": ""R\u00b2=0.834""}, ""yield_accuracy"": {""pts"": 25, ""max"": 25, ""note"": ""elastic tail undershoots data by 1.4% of elastic range""}, ""junction_continuity"": {""pts"": 12, ""max"": 15, ""note"": ""gap=2.6%""}, ""plateau_r2_full_penalty"": {""pts"": 0, ""max"": 0, ""note"": ""R\u00b2(full)=0.842""}, ""elastic_modulus_penalty"": {""pts"": 0, ""max"": 0, ""note"": ""E=86.4 bar ok""}, ""bp1_accuracy_penalty"": {""pts"": 0, ""max"": 0, ""note"": ""plateau spans 17% of remaining stress \u2014 ok | GAM slope stable in early plateau (drop=-10%) \u2014 ok""}, ""changepoint_curvature_penalty"": {""pts"": 0, ""max"": 0, ""note"": ""d2_norm=4.67, linear_stretch=13%""}, ""slope_ratio_penalty"": {""pts"": 0, ""max"": 0, ""note"": ""plateau/elastic slope ratio=0.46 \u2014 good separation""}, ""_score_final"": {""pts"": 91, ""max"": 100, ""note"": ""no catastrophic applied""}}",61.63442052552116,0.0446379351325427,30,8,14.0,0.0,5.0,True,120,1250,none,none,0.0,
"2026-08-28
17:07:51",14-0add-8deg-cosolv-none-bathSolv-none-0wt-120s-N2-1250s | rep 2,sample 6,140.24505777982046,136.55677192099446,19.19427043582451,32.47533480230835,761.8944821595834,0.0744595430146766,0.0,0.7122423929998988,0.788826512268655,0.8712421203468611,,True,93.0,"{""elastic_r2"": {""pts"": 27, ""max"": 30, ""note"": ""NRMSE-score=0.911 (RMSE=1.74, range=19.53)""}, ""plateau_r2_start"": {""pts"": 13, ""max"": 15, ""note"": ""R\u00b2(first 40%)=0.884""}, ""densification_r2"": {""pts"": 13, ""max"": 15, ""note"": ""R\u00b2=0.849""}, ""yield_accuracy"": {""pts"": 25, ""max"": 25, ""note"": ""elastic tail overshoots data by 0.5% of elastic range""}, ""junction_continuity"": {""pts"": 15, ""max"": 15, ""note"": ""gap=0.2%""}, ""plateau_r2_full_penalty"": {""pts"": 0, ""max"": 0, ""note"": ""R\u00b2(full)=0.664""}, ""elastic_modulus_penalty"": {""pts"": 0, ""max"": 0, ""note"": ""E=136.6 bar ok""}, ""bp1_accuracy_penalty"": {""pts"": 0, ""max"": 0, ""note"": ""plateau spans 15% of remaining stress \u2014 ok | GAM slope stable in early plateau (drop=-36%) \u2014 ok""}, ""changepoint_curvature_penalty"": {""pts"": 0, ""max"": 0, ""note"": ""d2_norm=3.74, linear_stretch=13%""}, ""slope_ratio_penalty"": {""pts"": 0, ""max"": 0, ""note"": ""plateau/elastic slope ratio=0.24 \u2014 good separation""}, ""_score_final"": {""pts"": 93, ""max"": 100, ""note"": ""no catastrophic applied""}}",59.427471809641965,0.0446379351325427,30,8,14.0,0.0,5.0,True,120,1250,none,none,0.0,
"2026-08-28
17:07:51",14-0add-8deg-cosolv-none-bathSolv-none-0wt-120s-N2-1250s | rep 3,sample 7,130.45084847432457,118.29135327863584,20.3706226354585,38.9319835061498,738.5512596724262,0.0780290985353213,0.0,0.7167515626983998,0.8275022878164674,,,True,90.0,"{""elastic_r2"": {""pts"": 28, ""max"": 30, ""note"": ""NRMSE-score=0.932 (RMSE=1.46, range=21.43)""}, ""plateau_r2_start"": {""pts"": 13, ""max"": 15, ""note"": ""R\u00b2(first 40%)=0.840""}, ""densification_r2"": {""pts"": 13, ""max"": 15, ""note"": ""R\u00b2=0.844""}, ""yield_accuracy"": {""pts"": 25, ""max"": 25, ""note"": ""elastic tail undershoots data by 3.2% of elastic range""}, ""junction_continuity"": {""pts"": 11, ""max"": 15, ""note"": ""gap=4.0%""}, ""plateau_r2_full_penalty"": {""pts"": 0, ""max"": 0, ""note"": ""R\u00b2(full)=0.695""}, ""elastic_modulus_penalty"": {""pts"": 0, ""max"": 0, ""note"": ""E=118.3 bar ok""}, ""bp1_accuracy_penalty"": {""pts"": 0, ""max"": 0, ""note"": ""plateau spans 18% of remaining stress \u2014 ok | GAM slope stable in early plateau (drop=9%) \u2014 ok""}, ""changepoint_curvature_penalty"": {""pts"": 0, ""max"": 0, ""note"": ""d2_norm=2.81, linear_stretch=13%""}, ""slope_ratio_penalty"": {""pts"": 0, ""max"": 0, ""note"": ""plateau/elastic slope ratio=0.33 \u2014 good separation""}, ""_score_final"": {""pts"": 90, ""max"": 100, ""note"": ""no catastrophic applied""}}",59.5690298354148,0.0446379351325427,30,8,14.0,0.0,5.0,True,120,1250,none,none,0.0,
"2026-08-28
17:07:51",14-0add-8deg-cosolv-none-bathSolv-none-0wt-120s-N2-1250s | rep 4,sample 8,128.75417061782036,73.1490577978249,19.323560166322565,34.821613551167935,763.8369495546864,0.0781974868406267,0.0268064486345351,0.6994272326742711,0.7807413877056846,0.8770853748513062,,True,84.0,"{""elastic_r2"": {""pts"": 28, ""max"": 30, ""note"": ""NRMSE-score=0.950 (RMSE=0.96, range=19.17)""}, ""plateau_r2_start"": {""pts"": 13, ""max"": 15, ""note"": ""R\u00b2(first 40%)=0.872""}, ""densification_r2"": {""pts"": 13, ""max"": 15, ""note"": ""R\u00b2=0.862""}, ""yield_accuracy"": {""pts"": 25, ""max"": 25, ""note"": ""elastic tail undershoots data by 0.8% of elastic range""}, ""junction_continuity"": {""pts"": 15, ""max"": 15, ""note"": ""gap=0.3%""}, ""plateau_r2_full_penalty"": {""pts"": -10, ""max"": 0, ""note"": ""R\u00b2(full)=0.396""}, ""elastic_modulus_penalty"": {""pts"": 0, ""max"": 0, ""note"": ""E=73.1 bar ok""}, ""bp1_accuracy_penalty"": {""pts"": 0, ""max"": 0, ""note"": ""plateau spans 12% of remaining stress \u2014 ok | GAM slope stable in early plateau (drop=-88%) \u2014 ok""}, ""changepoint_curvature_penalty"": {""pts"": 0, ""max"": 0, ""note"": ""d2_norm=1.66, linear_stretch=13%""}, ""slope_ratio_penalty"": {""pts"": 0, ""max"": 0, ""note"": ""plateau/elastic slope ratio=0.48 \u2014 good separation""}, ""_score_final"": {""pts"": 84, ""max"": 100, ""note"": ""no catastrophic applied""}}",61.49652187661081,0.0446379351325427,30,8,14.0,0.0,5.0,True,120,1250,none,none,0.0,
"2026-08-28
19:14:27",15-0add-12deg-cosolv-none-bathSolv-none-0wt-270s-N2-1300s | rep 3,sample 15,137.0813687710098,214.2020275928544,26.528428801677165,123.9362021678044,675.8584579387184,0.0699102613498399,0.0,0.3206120789470196,0.5495159615755423,0.7252329643854678,,False,65.0,"{""elastic_r2"": {""pts"": 28, ""max"": 30, ""note"": ""NRMSE-score=0.936 (RMSE=1.69, range=26.49)""}, ""plateau_r2_start"": {""pts"": 15, ""max"": 15, ""note"": ""R\u00b2(first 40%)=0.976""}, ""densification_r2"": {""pts"": 13, ""max"": 15, ""note"": ""R\u00b2=0.867""}, ""yield_accuracy"": {""pts"": 25, ""max"": 25, ""note"": ""elastic tail undershoots data by 2.0% of elastic range""}, ""junction_continuity"": {""pts"": 14, ""max"": 15, ""note"": ""gap=0.9%""}, ""plateau_r2_full_penalty"": {""pts"": 0, ""max"": 0, ""note"": ""R\u00b2(full)=0.982""}, ""elastic_modulus_penalty"": {""pts"": 0, ""max"": 0, ""note"": ""E=214.2 bar ok""}, ""bp1_accuracy_penalty"": {""pts"": -30, ""max"": 0, ""note"": ""plateau spans 53% of remaining stress \u2014 elastic peak likely wrong | GAM slope stable in early plateau (drop=38%) \u2014 ok""}, ""changepoint_curvature_penalty"": {""pts"": 0, ""max"": 0, ""note"": ""d2_norm=7.85, linear_stretch=10%""}, ""slope_ratio_penalty"": {""pts"": 0, ""max"": 0, ""note"": ""plateau/elastic slope ratio=0.58 \u2014 good separation""}, ""_score_final"": {""pts"": 65, ""max"": 100, ""note"": ""no catastrophic applied""}}",53.14469390918332,0.0893372935656299,57,12,15.0,0.0,11.0,True,270,1300,none,none,0.0,
"2026-08-28
19:14:27",15-0add-12deg-cosolv-none-bathSolv-none-0wt-270s-N2-1300s | rep 4,sample 16,138.28676513310674,185.3383943290009,30.29880828791488,102.82704664805873,435.94307235447,0.0738773204450697,0.0359295489878833,0.4365011883266579,0.597794583779899,0.7861767653624028,,True,93.0,"{""elastic_r2"": {""pts"": 28, ""max"": 30, ""note"": ""NRMSE-score=0.945 (RMSE=1.53, range=27.91)""}, ""plateau_r2_start"": {""pts"": 13, ""max"": 15, ""note"": ""R\u00b2(first 40%)=0.840""}, ""densification_r2"": {""pts"": 14, ""max"": 15, ""note"": ""R\u00b2=0.914""}, ""yield_accuracy"": {""pts"": 25, ""max"": 25, ""note"": ""elastic tail undershoots data by 0.2% of elastic range""}, ""junction_continuity"": {""pts"": 13, ""max"": 15, ""note"": ""gap=2.1%""}, ""plateau_r2_full_penalty"": {""pts"": 0, ""max"": 0, ""note"": ""R\u00b2(full)=0.919""}, ""elastic_modulus_penalty"": {""pts"": 0, ""max"": 0, ""note"": ""E=185.3 bar ok""}, ""bp1_accuracy_penalty"": {""pts"": 0, ""max"": 0, ""note"": ""plateau spans 38% of remaining stress \u2014 ok | GAM slope drops 81% in early plateau, but plateau geometry ok \u2014 no penalty""}, ""changepoint_curvature_penalty"": {""pts"": 0, ""max"": 0, ""note"": ""d2_norm=1.59, linear_stretch=43%""}, ""slope_ratio_penalty"": {""pts"": 0, ""max"": 0, ""note"": ""plateau/elastic slope ratio=0.55 \u2014 good separation""}, ""_score_final"": {""pts"": 93, ""max"": 100, ""note"": ""no catastrophic applied""}}",54.81119182738319,0.0893372935656299,57,12,15.0,0.0,11.0,True,270,1300,none,none,0.0,
"2026-08-28
19:14:27",15-0add-12deg-cosolv-none-bathSolv-none-0wt-270s-N2-1300s | rep 1,sample 13,137.4223956397759,185.5072362077998,24.38521479313132,108.81651808623988,593.7996159106692,0.0774153131732811,0.0,0.4141807271642669,0.6449698854194137,0.8587741580536276,,False,59.0,"{""elastic_r2"": {""pts"": 28, ""max"": 30, ""note"": ""NRMSE-score=0.934 (RMSE=1.65, range=25.17)""}, ""plateau_r2_start"": {""pts"": 14, ""max"": 15, ""note"": ""R\u00b2(first 40%)=0.966""}, ""densification_r2"": {""pts"": 13, ""max"": 15, ""note"": ""R\u00b2=0.875""}, ""yield_accuracy"": {""pts"": 25, ""max"": 25, ""note"": ""elastic tail undershoots data by 0.7% of elastic range""}, ""junction_continuity"": {""pts"": 14, ""max"": 15, ""note"": ""gap=0.7%""}, ""plateau_r2_full_penalty"": {""pts"": 0, ""max"": 0, ""note"": ""R\u00b2(full)=0.959""}, ""elastic_modulus_penalty"": {""pts"": 0, ""max"": 0, ""note"": ""E=185.5 bar ok""}, ""bp1_accuracy_penalty"": {""pts"": -35, ""max"": 0, ""note"": ""plateau spans 57% of remaining stress \u2014 elastic peak likely wrong | GAM slope drops 67% in early plateau \u2014 bp1 suspect""}, ""changepoint_curvature_penalty"": {""pts"": 0, ""max"": 0, ""note"": ""d2_norm=9.08, linear_stretch=17%""}, ""slope_ratio_penalty"": {""pts"": 0, ""max"": 0, ""note"": ""plateau/elastic slope ratio=0.59 \u2014 good separation""}, ""_score_final"": {""pts"": 59, ""max"": 100, ""note"": ""no catastrophic applied""}}",53.840090580724166,0.0893372935656299,57,12,15.0,0.0,11.0,True,270,1300,none,none,0.0,
"2026-08-28
19:14:27",15-0add-12deg-cosolv-none-bathSolv-none-0wt-270s-N2-1300s | rep 2,sample 14,137.03996302555984,203.27690673027303,29.79879842131173,81.00664599177546,569.3273729155818,0.075215711117661,0.0,0.4171784958227856,0.6324317468896006,0.8505147195250699,,True,92.0,"{""elastic_r2"": {""pts"": 28, ""max"": 30, ""note"": ""NRMSE-score=0.937 (RMSE=1.81, range=28.60)""}, ""plateau_r2_start"": {""pts"": 13, ""max"": 15, ""note"": ""R\u00b2(first 40%)=0.879""}, ""densification_r2"": {""pts"": 13, ""max"": 15, ""note"": ""R\u00b2=0.856""}, ""yield_accuracy"": {""pts"": 25, ""max"": 25, ""note"": ""elastic tail overshoots data by 0.0% of elastic range""}, ""junction_continuity"": {""pts"": 13, ""max"": 15, ""note"": ""gap=2.3%""}, ""plateau_r2_full_penalty"": {""pts"": 0, ""max"": 0, ""note"": ""R\u00b2(full)=0.899""}, ""elastic_modulus_penalty"": {""pts"": 0, ""max"": 0, ""note"": ""E=203.3 bar ok""}, ""bp1_accuracy_penalty"": {""pts"": 0, ""max"": 0, ""note"": ""plateau spans 41% of remaining stress \u2014 ok | GAM slope stable in early plateau (drop=23%) \u2014 ok""}, ""changepoint_curvature_penalty"": {""pts"": 0, ""max"": 0, ""note"": ""d2_norm=4.60, linear_stretch=7%""}, ""slope_ratio_penalty"": {""pts"": 0, ""max"": 0, ""note"": ""plateau/elastic slope ratio=0.40 \u2014 good separation""}, ""_score_final"": {""pts"": 92, ""max"": 100, ""note"": ""no catastrophic applied""}}",53.87701142296644,0.0893372935656299,57,12,15.0,0.0,11.0,True,270,1300,none,none,0.0,
"2026-08-31
16:42:51",13-0add-18deg-cosolv-none-bathSolv-none-0wt-340s-NoN2-1600s | rep 1,sample 22,83.69582333990729,35.87736521453433,5.718680990410679,74.63694367276864,651.8043613927431,0.085695362424757,0.035413667353255,0.448932481783195,0.5571265759137505,0.6884349374249962,,False,34.0,"{""elastic_r2"": {""pts"": 27, ""max"": 30, ""note"": ""NRMSE-score=0.910 (RMSE=0.45, range=5.06)""}, ""plateau_r2_start"": {""pts"": 14, ""max"": 15, ""note"": ""R\u00b2(first 40%)=0.917""}, ""densification_r2"": {""pts"": 11, ""max"": 15, ""note"": ""R\u00b2=0.760""}, ""yield_accuracy"": {""pts"": 25, ""max"": 25, ""note"": ""elastic tail undershoots data by 4.8% of elastic range""}, ""junction_continuity"": {""pts"": 0, ""max"": 15, ""note"": ""gap=14.6%""}, ""plateau_r2_full_penalty"": {""pts"": -10, ""max"": 0, ""note"": ""R\u00b2(full)=0.429""}, ""elastic_modulus_penalty"": {""pts"": 0, ""max"": 0, ""note"": ""E=35.9 bar ok""}, ""bp1_accuracy_penalty"": {""pts"": 0, ""max"": 0, ""note"": ""plateau spans 19% of remaining stress \u2014 ok | GAM slope stable in early plateau (drop=-274%) \u2014 ok""}, ""changepoint_curvature_penalty"": {""pts"": 0, ""max"": 0, ""note"": ""d2_norm=0.83, linear_stretch=23%""}, ""catastrophic_slope_vs_modulus"": {""pts"": 0, ""max"": 0, ""note"": ""slope ratio=2.08 \u2014 plateau slope \u226595% of elastic""}, ""_score_final"": {""pts"": 34, ""max"": 100, ""note"": ""after catastrophic halving""}}",60.532272839064056,0.0928979197169144,25,18,13.0,0.0,7.0,False,340,1600,none,none,0.0,
"2026-08-31
16:42:51",13-0add-18deg-cosolv-none-bathSolv-none-0wt-340s-NoN2-1600s | rep 3,sample 24,71.05404589460461,29.649478672813697,3.55340796777067,84.7785592192849,422.6684438200298,0.1138155333459591,0.0434088998653598,0.4406057424155593,0.5645399637421711,,,False,38.0,"{""elastic_r2"": {""pts"": 27, ""max"": 30, ""note"": ""NRMSE-score=0.889 (RMSE=0.32, range=2.88)""}, ""plateau_r2_start"": {""pts"": 13, ""max"": 15, ""note"": ""R\u00b2(first 40%)=0.842""}, ""densification_r2"": {""pts"": 14, ""max"": 15, ""note"": ""R\u00b2=0.902""}, ""yield_accuracy"": {""pts"": 25, ""max"": 25, ""note"": ""elastic tail undershoots data by 7.1% of elastic range""}, ""junction_continuity"": {""pts"": 0, ""max"": 15, ""note"": ""gap=45.8%""}, ""plateau_r2_full_penalty"": {""pts"": 0, ""max"": 0, ""note"": ""R\u00b2(full)=0.656""}, ""elastic_modulus_penalty"": {""pts"": 0, ""max"": 0, ""note"": ""E=29.6 bar ok""}, ""bp1_accuracy_penalty"": {""pts"": 0, ""max"": 0, ""note"": ""plateau spans 20% of remaining stress \u2014 ok | GAM slope stable in early plateau (drop=-276%) \u2014 ok""}, ""changepoint_curvature_penalty"": {""pts"": -2, ""max"": 0, ""note"": ""d2_norm=0.36, linear_stretch=37%""}, ""catastrophic_slope_vs_modulus"": {""pts"": 0, ""max"": 0, ""note"": ""slope ratio=2.86 \u2014 plateau slope \u226595% of elastic""}, ""_score_final"": {""pts"": 38, ""max"": 100, ""note"": ""after catastrophic halving""}}",57.3213502447925,0.0928979197169144,25,18,13.0,0.0,7.0,False,340,1600,none,none,0.0,
"2026-08-31
16:42:51",13-0add-18deg-cosolv-none-bathSolv-none-0wt-340s-NoN2-1600s | rep 2,sample 23,77.60630691545548,52.31115439705547,8.729255404274669,150.7892636178614,507.8774989330898,0.1351443353222553,0.038142027975224,0.4356734419611302,0.5379940426034349,,,False,46.0,"{""elastic_r2"": {""pts"": 28, ""max"": 30, ""note"": ""NRMSE-score=0.927 (RMSE=0.78, range=10.66)""}, ""plateau_r2_start"": {""pts"": 13, ""max"": 15, ""note"": ""R\u00b2(first 40%)=0.853""}, ""densification_r2"": {""pts"": 14, ""max"": 15, ""note"": ""R\u00b2=0.934""}, ""yield_accuracy"": {""pts"": 25, ""max"": 25, ""note"": ""elastic tail undershoots data by 5.2% of elastic range""}, ""junction_continuity"": {""pts"": 12, ""max"": 15, ""note"": ""gap=3.1%""}, ""plateau_r2_full_penalty"": {""pts"": 0, ""max"": 0, ""note"": ""R\u00b2(full)=0.954""}, ""elastic_modulus_penalty"": {""pts"": 0, ""max"": 0, ""note"": ""E=52.3 bar ok""}, ""bp1_accuracy_penalty"": {""pts"": 0, ""max"": 0, ""note"": ""plateau spans 30% of remaining stress \u2014 ok | GAM slope stable in early plateau (drop=-53%) \u2014 ok""}, ""changepoint_curvature_penalty"": {""pts"": 0, ""max"": 0, ""note"": ""d2_norm=1.54, linear_stretch=17%""}, ""catastrophic_slope_vs_modulus"": {""pts"": 0, ""max"": 0, ""note"": ""slope ratio=2.88 \u2014 plateau slope \u226595% of elastic""}, ""_score_final"": {""pts"": 46, ""max"": 100, ""note"": ""after catastrophic halving""}}",58.51784810370242,0.0928979197169144,25,18,13.0,0.0,7.0,False,340,1600,none,none,0.0,
"2026-08-31
16:42:51",13-0add-18deg-cosolv-none-bathSolv-none-0wt-340s-NoN2-1600s | rep 4,sample 25,69.03948533135694,18.447163711106985,3.2330244695365185,48.63485515389738,511.9866021889779,0.1205322148636344,0.0641326999367253,0.5235096958260733,0.6433056830164793,,,False,32.0,"{""elastic_r2"": {""pts"": 27, ""max"": 30, ""note"": ""NRMSE-score=0.901 (RMSE=0.24, range=2.40)""}, ""plateau_r2_start"": {""pts"": 14, ""max"": 15, ""note"": ""R\u00b2(first 40%)=0.910""}, ""densification_r2"": {""pts"": 11, ""max"": 15, ""note"": ""R\u00b2=0.731""}, ""yield_accuracy"": {""pts"": 25, ""max"": 25, ""note"": ""elastic tail undershoots data by 4.8% of elastic range""}, ""junction_continuity"": {""pts"": 0, ""max"": 15, ""note"": ""gap=22.7%""}, ""plateau_r2_full_penalty"": {""pts"": -10, ""max"": 0, ""note"": ""R\u00b2(full)=0.205""}, ""elastic_modulus_penalty"": {""pts"": 0, ""max"": 0, ""note"": ""E=18.4 bar ok""}, ""bp1_accuracy_penalty"": {""pts"": 0, ""max"": 0, ""note"": ""plateau spans 13% of remaining stress \u2014 ok | GAM slope stable in early plateau (drop=-385%) \u2014 ok""}, ""changepoint_curvature_penalty"": {""pts"": -3, ""max"": 0, ""note"": ""d2_norm=0.28, linear_stretch=37%""}, ""catastrophic_slope_vs_modulus"": {""pts"": 0, ""max"": 0, ""note"": ""slope ratio=2.64 \u2014 plateau slope \u226595% of elastic""}, ""_score_final"": {""pts"": 32, ""max"": 100, ""note"": ""after catastrophic halving""}}",58.48977327082231,0.0928979197169144,25,18,13.0,0.0,7.0,False,340,1600,none,none,0.0,
"2026-08-31
19:13:46",17-0add-22deg-cosolv-none-bathSolv-none-0wt-200s-N2-1450s | rep 2,sample 31,146.14450083257697,261.3607361494974,33.053639871694884,95.27860442826513,648.4387611284087,0.0661479267902827,0.0,0.3050105480035495,0.6069535953316427,0.7418257465975646,,True,93.0,"{""elastic_r2"": {""pts"": 29, ""max"": 30, ""note"": ""NRMSE-score=0.954 (RMSE=1.45, range=31.33)""}, ""plateau_r2_start"": {""pts"": 15, ""max"": 15, ""note"": ""R\u00b2(first 40%)=0.972""}, ""densification_r2"": {""pts"": 14, ""max"": 15, ""note"": ""R\u00b2=0.941""}, ""yield_accuracy"": {""pts"": 25, ""max"": 25, ""note"": ""elastic tail undershoots data by 0.0% of elastic range""}, ""junction_continuity"": {""pts"": 15, ""max"": 15, ""note"": ""gap=0.1%""}, ""plateau_r2_full_penalty"": {""pts"": 0, ""max"": 0, ""note"": ""R\u00b2(full)=0.988""}, ""elastic_modulus_penalty"": {""pts"": 0, ""max"": 0, ""note"": ""E=261.4 bar ok""}, ""bp1_accuracy_penalty"": {""pts"": -5, ""max"": 0, ""note"": ""plateau spans 43% of remaining stress \u2014 ok | GAM slope drops 41% in early plateau \u2014 bp1 suspect""}, ""changepoint_curvature_penalty"": {""pts"": 0, ""max"": 0, ""note"": ""d2_norm=4.43, linear_stretch=20%""}, ""slope_ratio_penalty"": {""pts"": 0, ""max"": 0, ""note"": ""plateau/elastic slope ratio=0.36 \u2014 good separation""}, ""_score_final"": {""pts"": 93, ""max"": 100, ""note"": ""no catastrophic applied""}}",52.00460988759685,0.0888046633810824,25,22,17.0,0.0,19.0,True,200,1450,none,none,0.0,
"2026-08-31
19:13:46",17-0add-22deg-cosolv-none-bathSolv-none-0wt-200s-N2-1450s | rep 1,sample 30,144.96279790025514,297.7906857435071,29.35597823377155,124.7997387089532,549.0480701327477,0.0757376479339795,0.0,0.2562576696370835,0.477839310154747,0.7186849738608672,,False,64.0,"{""elastic_r2"": {""pts"": 28, ""max"": 30, ""note"": ""NRMSE-score=0.943 (RMSE=1.64, range=28.90)""}, ""plateau_r2_start"": {""pts"": 15, ""max"": 15, ""note"": ""R\u00b2(first 40%)=0.977""}, ""densification_r2"": {""pts"": 14, ""max"": 15, ""note"": ""R\u00b2=0.933""}, ""yield_accuracy"": {""pts"": 25, ""max"": 25, ""note"": ""elastic tail overshoots data by 0.1% of elastic range""}, ""junction_continuity"": {""pts"": 12, ""max"": 15, ""note"": ""gap=2.7%""}, ""plateau_r2_full_penalty"": {""pts"": 0, ""max"": 0, ""note"": ""R\u00b2(full)=0.991""}, ""elastic_modulus_penalty"": {""pts"": 0, ""max"": 0, ""note"": ""E=297.8 bar ok""}, ""bp1_accuracy_penalty"": {""pts"": -30, ""max"": 0, ""note"": ""plateau spans 56% of remaining stress \u2014 elastic peak likely wrong | GAM slope stable in early plateau (drop=29%) \u2014 ok""}, ""changepoint_curvature_penalty"": {""pts"": 0, ""max"": 0, ""note"": ""d2_norm=6.57, linear_stretch=13%""}, ""slope_ratio_penalty"": {""pts"": 0, ""max"": 0, ""note"": ""plateau/elastic slope ratio=0.42 \u2014 good separation""}, ""_score_final"": {""pts"": 64, ""max"": 100, ""note"": ""no catastrophic applied""}}",50.04862466668041,0.0888046633810824,25,22,17.0,0.0,19.0,True,200,1450,none,none,0.0,
"2026-08-31
19:13:46",17-0add-22deg-cosolv-none-bathSolv-none-0wt-200s-N2-1450s | rep 3,sample 32,143.3065114625882,280.9916638588719,33.35024378389484,133.23964244498512,556.8733169579357,0.074965762736425,0.0,0.2440540096337956,0.4446578214619208,0.6654632565727031,,False,67.0,"{""elastic_r2"": {""pts"": 29, ""max"": 30, ""note"": ""NRMSE-score=0.956 (RMSE=1.45, range=33.01)""}, ""plateau_r2_start"": {""pts"": 15, ""max"": 15, ""note"": ""R\u00b2(first 40%)=0.975""}, ""densification_r2"": {""pts"": 13, ""max"": 15, ""note"": ""R\u00b2=0.889""}, ""yield_accuracy"": {""pts"": 25, ""max"": 25, ""note"": ""elastic tail overshoots data by 0.0% of elastic range""}, ""junction_continuity"": {""pts"": 15, ""max"": 15, ""note"": ""gap=0.3%""}, ""plateau_r2_full_penalty"": {""pts"": 0, ""max"": 0, ""note"": ""R\u00b2(full)=0.948""}, ""elastic_modulus_penalty"": {""pts"": 0, ""max"": 0, ""note"": ""E=281.0 bar ok""}, ""bp1_accuracy_penalty"": {""pts"": -30, ""max"": 0, ""note"": ""plateau spans 52% of remaining stress \u2014 elastic peak likely wrong | GAM slope stable in early plateau (drop=26%) \u2014 ok""}, ""changepoint_curvature_penalty"": {""pts"": 0, ""max"": 0, ""note"": ""d2_norm=4.12, linear_stretch=10%""}, ""slope_ratio_penalty"": {""pts"": 0, ""max"": 0, ""note"": ""plateau/elastic slope ratio=0.47 \u2014 good separation""}, ""_score_final"": {""pts"": 67, ""max"": 100, ""note"": ""no catastrophic applied""}}",48.90524909271822,0.0888046633810824,25,22,17.0,0.0,19.0,True,200,1450,none,none,0.0,
"2026-08-31
19:13:46",17-0add-22deg-cosolv-none-bathSolv-none-0wt-200s-N2-1450s | rep 4,sample 33,138.9535560500165,262.49560084108407,34.47629819290313,88.59640628292975,652.1802073004601,0.0661054869398904,0.0,0.2913256932048362,0.5816712608689727,0.7000369874839778,,True,90.0,"{""elastic_r2"": {""pts"": 29, ""max"": 30, ""note"": ""NRMSE-score=0.960 (RMSE=1.34, range=33.39)""}, ""plateau_r2_start"": {""pts"": 14, ""max"": 15, ""note"": ""R\u00b2(first 40%)=0.958""}, ""densification_r2"": {""pts"": 14, ""max"": 15, ""note"": ""R\u00b2=0.935""}, ""yield_accuracy"": {""pts"": 25, ""max"": 25, ""note"": ""elastic tail overshoots data by 0.3% of elastic range""}, ""junction_continuity"": {""pts"": 13, ""max"": 15, ""note"": ""gap=1.8%""}, ""plateau_r2_full_penalty"": {""pts"": 0, ""max"": 0, ""note"": ""R\u00b2(full)=0.981""}, ""elastic_modulus_penalty"": {""pts"": 0, ""max"": 0, ""note"": ""E=262.5 bar ok""}, ""bp1_accuracy_penalty"": {""pts"": -5, ""max"": 0, ""note"": ""plateau spans 37% of remaining stress \u2014 ok | GAM slope drops 46% in early plateau \u2014 bp1 suspect""}, ""changepoint_curvature_penalty"": {""pts"": 0, ""max"": 0, ""note"": ""d2_norm=3.59, linear_stretch=27%""}, ""slope_ratio_penalty"": {""pts"": 0, ""max"": 0, ""note"": ""plateau/elastic slope ratio=0.34 \u2014 good separation""}, ""_score_final"": {""pts"": 90, ""max"": 100, ""note"": ""no catastrophic applied""}}",51.17782666652569,0.0888046633810824,25,22,17.0,0.0,19.0,True,200,1450,none,none,0.0,
"2026-08-31
21:26:25",15p8-0add-13deg-cosolv-none-bathSolv-none-0wt-410s-NoN2-1700s | rep 3,sample 40,134.2491755853997,144.12845568669005,16.502678655985267,39.797207359873326,1169.0281525800924,0.0832494729000775,0.0,0.5562991429092485,0.6092346644693837,0.6616684234587233,,True,93.0,"{""elastic_r2"": {""pts"": 28, ""max"": 30, ""note"": ""NRMSE-score=0.942 (RMSE=0.93, range=16.07)""}, ""plateau_r2_start"": {""pts"": 14, ""max"": 15, ""note"": ""R\u00b2(first 40%)=0.914""}, ""densification_r2"": {""pts"": 13, ""max"": 15, ""note"": ""R\u00b2=0.890""}, ""yield_accuracy"": {""pts"": 25, ""max"": 25, ""note"": ""elastic tail undershoots data by 3.5% of elastic range""}, ""junction_continuity"": {""pts"": 13, ""max"": 15, ""note"": ""gap=2.1%""}, ""plateau_r2_full_penalty"": {""pts"": 0, ""max"": 0, ""note"": ""R\u00b2(full)=0.652""}, ""elastic_modulus_penalty"": {""pts"": 0, ""max"": 0, ""note"": ""E=144.1 bar ok""}, ""bp1_accuracy_penalty"": {""pts"": 0, ""max"": 0, ""note"": ""plateau spans 14% of remaining stress \u2014 ok | GAM slope stable in early plateau (drop=34%) \u2014 ok""}, ""changepoint_curvature_penalty"": {""pts"": 0, ""max"": 0, ""note"": ""d2_norm=0.98, linear_stretch=10%""}, ""slope_ratio_penalty"": {""pts"": 0, ""max"": 0, ""note"": ""plateau/elastic slope ratio=0.28 \u2014 good separation""}, ""_score_final"": {""pts"": 93, ""max"": 100, ""note"": ""no catastrophic applied""}}",60.3921551554291,0.0698720946471131,63,13,15.8,0.0,9.0,False,410,1700,none,none,0.0,
"2026-08-31
21:26:25",15p8-0add-13deg-cosolv-none-bathSolv-none-0wt-410s-NoN2-1700s | rep 4,sample 41,130.74765838040912,221.38412291502829,16.49376485919227,41.022647816521015,1005.9675147436412,0.0815845311165306,0.0,0.4977429112699327,0.5598090160432536,0.6231933323453331,,True,88.0,"{""elastic_r2"": {""pts"": 27, ""max"": 30, ""note"": ""NRMSE-score=0.899 (RMSE=1.56, range=15.48)""}, ""plateau_r2_start"": {""pts"": 14, ""max"": 15, ""note"": ""R\u00b2(first 40%)=0.913""}, ""densification_r2"": {""pts"": 14, ""max"": 15, ""note"": ""R\u00b2=0.921""}, ""yield_accuracy"": {""pts"": 25, ""max"": 25, ""note"": ""elastic tail undershoots data by 4.8% of elastic range""}, ""junction_continuity"": {""pts"": 13, ""max"": 15, ""note"": ""gap=2.1%""}, ""plateau_r2_full_penalty"": {""pts"": 0, ""max"": 0, ""note"": ""R\u00b2(full)=0.645""}, ""elastic_modulus_penalty"": {""pts"": 0, ""max"": 0, ""note"": ""E=221.4 bar ok""}, ""bp1_accuracy_penalty"": {""pts"": -5, ""max"": 0, ""note"": ""plateau spans 14% of remaining stress \u2014 ok | GAM slope drops 48% in early plateau \u2014 bp1 suspect""}, ""changepoint_curvature_penalty"": {""pts"": 0, ""max"": 0, ""note"": ""d2_norm=1.93, linear_stretch=17%""}, ""slope_ratio_penalty"": {""pts"": 0, ""max"": 0, ""note"": ""plateau/elastic slope ratio=0.19 \u2014 good separation""}, ""_score_final"": {""pts"": 88, ""max"": 100, ""note"": ""no catastrophic applied""}}",59.74101068628317,0.0698720946471131,63,13,15.8,0.0,9.0,False,410,1700,none,none,0.0,
"2026-08-31
21:26:25",15p8-0add-13deg-cosolv-none-bathSolv-none-0wt-410s-NoN2-1700s | rep 1,sample 38,135.45152924331956,349.5881182470061,15.787356603540193,35.80401237053353,1079.323776115217,0.0793577656523036,0.0,0.4904859250366928,0.5463091470483097,0.6013005433081748,,True,89.0,"{""elastic_r2"": {""pts"": 25, ""max"": 30, ""note"": ""NRMSE-score=0.844 (RMSE=2.44, range=15.63)""}, ""plateau_r2_start"": {""pts"": 14, ""max"": 15, ""note"": ""R\u00b2(first 40%)=0.935""}, ""densification_r2"": {""pts"": 14, ""max"": 15, ""note"": ""R\u00b2=0.905""}, ""yield_accuracy"": {""pts"": 24, ""max"": 25, ""note"": ""elastic tail undershoots data by 10.5% of elastic range""}, ""junction_continuity"": {""pts"": 14, ""max"": 15, ""note"": ""gap=1.2%""}, ""plateau_r2_full_penalty"": {""pts"": 0, ""max"": 0, ""note"": ""R\u00b2(full)=0.619""}, ""elastic_modulus_penalty"": {""pts"": 0, ""max"": 0, ""note"": ""E=349.6 bar ok""}, ""bp1_accuracy_penalty"": {""pts"": 0, ""max"": 0, ""note"": ""plateau spans 13% of remaining stress \u2014 ok | GAM slope drops 73% in early plateau, but plateau geometry ok \u2014 no penalty""}, ""changepoint_curvature_penalty"": {""pts"": -2, ""max"": 0, ""note"": ""d2_norm=0.00, linear_stretch=20%""}, ""slope_ratio_penalty"": {""pts"": 0, ""max"": 0, ""note"": ""plateau/elastic slope ratio=0.10 \u2014 good separation""}, ""_score_final"": {""pts"": 89, ""max"": 100, ""note"": ""no catastrophic applied""}}",60.88275287591864,0.0698720946471131,63,13,15.8,0.0,9.0,False,410,1700,none,none,0.0,
"2026-08-31
21:26:25",15p8-0add-13deg-cosolv-none-bathSolv-none-0wt-410s-NoN2-1700s | rep 2,sample 39,135.80771395138575,125.09883737639151,18.01810780109389,38.77615268525784,999.6319697438362,0.076415755992987,-0.0003854301045784,0.4847767901984837,0.5264001400926465,0.5917541935079556,,True,86.0,"{""elastic_r2"": {""pts"": 22, ""max"": 30, ""note"": ""NRMSE-score=0.732 (RMSE=4.76, range=17.75)""}, ""plateau_r2_start"": {""pts"": 13, ""max"": 15, ""note"": ""R\u00b2(first 40%)=0.900""}, ""densification_r2"": {""pts"": 14, ""max"": 15, ""note"": ""R\u00b2=0.952""}, ""yield_accuracy"": {""pts"": 24, ""max"": 25, ""note"": ""elastic tail undershoots data by 12.4% of elastic range""}, ""junction_continuity"": {""pts"": 13, ""max"": 15, ""note"": ""gap=1.5%""}, ""plateau_r2_full_penalty"": {""pts"": 0, ""max"": 0, ""note"": ""R\u00b2(full)=0.701""}, ""elastic_modulus_penalty"": {""pts"": 0, ""max"": 0, ""note"": ""E=125.1 bar ok""}, ""bp1_accuracy_penalty"": {""pts"": 0, ""max"": 0, ""note"": ""plateau spans 12% of remaining stress \u2014 ok | GAM slope stable in early plateau (drop=-169%) \u2014 ok""}, ""changepoint_curvature_penalty"": {""pts"": 0, ""max"": 0, ""note"": ""d2_norm=4.52, linear_stretch=7%""}, ""slope_ratio_penalty"": {""pts"": 0, ""max"": 0, ""note"": ""plateau/elastic slope ratio=0.31 \u2014 good separation""}, ""_score_final"": {""pts"": 86, ""max"": 100, ""note"": ""no catastrophic applied""}}",61.08450539528003,0.0698720946471131,63,13,15.8,0.0,9.0,False,410,1700,none,none,0.0,
"2026-08-31
23:25:56",16p2-0add-7deg-cosolv-none-bathSolv-none-0wt-75s-N2-1380s | rep 1,sample 46,132.10350634369746,254.4533966511383,26.61253622274856,108.7454318342336,745.6445200143041,0.0636596258587137,0.0,0.311086471420128,0.5816358840625053,0.6902703964778123,,True,91.0,"{""elastic_r2"": {""pts"": 28, ""max"": 30, ""note"": ""NRMSE-score=0.928 (RMSE=1.87, range=25.99)""}, ""plateau_r2_start"": {""pts"": 15, ""max"": 15, ""note"": ""R\u00b2(first 40%)=0.967""}, ""densification_r2"": {""pts"": 14, ""max"": 15, ""note"": ""R\u00b2=0.919""}, ""yield_accuracy"": {""pts"": 25, ""max"": 25, ""note"": ""elastic tail undershoots data by 1.4% of elastic range""}, ""junction_continuity"": {""pts"": 14, ""max"": 15, ""note"": ""gap=0.7%""}, ""plateau_r2_full_penalty"": {""pts"": 0, ""max"": 0, ""note"": ""R\u00b2(full)=0.950""}, ""elastic_modulus_penalty"": {""pts"": 0, ""max"": 0, ""note"": ""E=254.5 bar ok""}, ""bp1_accuracy_penalty"": {""pts"": -5, ""max"": 0, ""note"": ""plateau spans 47% of remaining stress \u2014 ok | GAM slope drops 50% in early plateau \u2014 bp1 suspect""}, ""changepoint_curvature_penalty"": {""pts"": 0, ""max"": 0, ""note"": ""d2_norm=6.93, linear_stretch=17%""}, ""slope_ratio_penalty"": {""pts"": 0, ""max"": 0, ""note"": ""plateau/elastic slope ratio=0.43 \u2014 good separation""}, ""_score_final"": {""pts"": 91, ""max"": 100, ""note"": ""no catastrophic applied""}}",54.99318195486993,0.0634657697549077,47,7,16.2,0.0,13.0,True,75,1380,none,none,0.0,
"2026-08-31
23:25:56",16p2-0add-7deg-cosolv-none-bathSolv-none-0wt-75s-N2-1380s | rep 3,sample 48,133.05781197003512,216.48322432272417,29.704964311992097,102.54185392748718,836.724334941473,0.0558360455702221,0.0,0.3853401271486786,0.5902825308872433,0.6747762260648703,,True,92.0,"{""elastic_r2"": {""pts"": 29, ""max"": 30, ""note"": ""NRMSE-score=0.959 (RMSE=1.23, range=29.66)""}, ""plateau_r2_start"": {""pts"": 14, ""max"": 15, ""note"": ""R\u00b2(first 40%)=0.935""}, ""densification_r2"": {""pts"": 14, ""max"": 15, ""note"": ""R\u00b2=0.926""}, ""yield_accuracy"": {""pts"": 25, ""max"": 25, ""note"": ""elastic tail undershoots data by 0.9% of elastic range""}, ""junction_continuity"": {""pts"": 15, ""max"": 15, ""note"": ""gap=0.4%""}, ""plateau_r2_full_penalty"": {""pts"": 0, ""max"": 0, ""note"": ""R\u00b2(full)=0.901""}, ""elastic_modulus_penalty"": {""pts"": 0, ""max"": 0, ""note"": ""E=216.5 bar ok""}, ""bp1_accuracy_penalty"": {""pts"": -5, ""max"": 0, ""note"": ""plateau spans 39% of remaining stress \u2014 ok | GAM slope drops 63% in early plateau \u2014 bp1 suspect""}, ""changepoint_curvature_penalty"": {""pts"": 0, ""max"": 0, ""note"": ""d2_norm=5.75, linear_stretch=17%""}, ""slope_ratio_penalty"": {""pts"": 0, ""max"": 0, ""note"": ""plateau/elastic slope ratio=0.47 \u2014 good separation""}, ""_score_final"": {""pts"": 92, ""max"": 100, ""note"": ""no catastrophic applied""}}",54.00407260485167,0.0634657697549077,47,7,16.2,0.0,13.0,True,75,1380,none,none,0.0,
"2026-08-31
23:25:56",16p2-0add-7deg-cosolv-none-bathSolv-none-0wt-75s-N2-1380s | rep 4,sample 49,131.50800400614074,240.2260309775353,29.136816824907925,122.11447182641908,811.3287487542925,0.0596143307647738,0.0,0.2938667730809955,0.5287071820646969,0.6362522610582433,,True,97.0,"{""elastic_r2"": {""pts"": 28, ""max"": 30, ""note"": ""NRMSE-score=0.949 (RMSE=1.44, range=28.06)""}, ""plateau_r2_start"": {""pts"": 15, ""max"": 15, ""note"": ""R\u00b2(first 40%)=0.970""}, ""densification_r2"": {""pts"": 14, ""max"": 15, ""note"": ""R\u00b2=0.916""}, ""yield_accuracy"": {""pts"": 25, ""max"": 25, ""note"": ""elastic tail undershoots data by 0.8% of elastic range""}, ""junction_continuity"": {""pts"": 15, ""max"": 15, ""note"": ""gap=0.4%""}, ""plateau_r2_full_penalty"": {""pts"": 0, ""max"": 0, ""note"": ""R\u00b2(full)=0.982""}, ""elastic_modulus_penalty"": {""pts"": 0, ""max"": 0, ""note"": ""E=240.2 bar ok""}, ""bp1_accuracy_penalty"": {""pts"": 0, ""max"": 0, ""note"": ""plateau spans 44% of remaining stress \u2014 ok | GAM slope stable in early plateau (drop=26%) \u2014 ok""}, ""changepoint_curvature_penalty"": {""pts"": 0, ""max"": 0, ""note"": ""d2_norm=7.22, linear_stretch=10%""}, ""slope_ratio_penalty"": {""pts"": 0, ""max"": 0, ""note"": ""plateau/elastic slope ratio=0.51 \u2014 good separation""}, ""_score_final"": {""pts"": 97, ""max"": 100, ""note"": ""no catastrophic applied""}}",52.1322221513042,0.0634657697549077,47,7,16.2,0.0,13.0,True,75,1380,none,none,0.0,
"2026-08-31
23:25:56",16p2-0add-7deg-cosolv-none-bathSolv-none-0wt-75s-N2-1380s | rep 2,sample 47,132.0451324170701,238.96969849175647,26.549277542477768,123.48637561417144,689.6174948126642,0.0731011524437694,0.0,0.2985268368699527,0.5286360446952163,0.7009458277000028,,False,64.0,"{""elastic_r2"": {""pts"": 28, ""max"": 30, ""note"": ""NRMSE-score=0.944 (RMSE=1.53, range=27.22)""}, ""plateau_r2_start"": {""pts"": 15, ""max"": 15, ""note"": ""R\u00b2(first 40%)=0.978""}, ""densification_r2"": {""pts"": 13, ""max"": 15, ""note"": ""R\u00b2=0.878""}, ""yield_accuracy"": {""pts"": 25, ""max"": 25, ""note"": ""elastic tail undershoots data by 2.0% of elastic range""}, ""junction_continuity"": {""pts"": 13, ""max"": 15, ""note"": ""gap=1.9%""}, ""plateau_r2_full_penalty"": {""pts"": 0, ""max"": 0, ""note"": ""R\u00b2(full)=0.965""}, ""elastic_modulus_penalty"": {""pts"": 0, ""max"": 0, ""note"": ""E=239.0 bar ok""}, ""bp1_accuracy_penalty"": {""pts"": -30, ""max"": 0, ""note"": ""plateau spans 52% of remaining stress \u2014 elastic peak likely wrong | GAM slope stable in early plateau (drop=27%) \u2014 ok""}, ""changepoint_curvature_penalty"": {""pts"": 0, ""max"": 0, ""note"": ""d2_norm=5.21, linear_stretch=13%""}, ""slope_ratio_penalty"": {""pts"": 0, ""max"": 0, ""note"": ""plateau/elastic slope ratio=0.52 \u2014 good separation""}, ""_score_final"": {""pts"": 64, ""max"": 100, ""note"": ""no catastrophic applied""}}",52.265251074420384,0.0634657697549077,47,7,16.2,0.0,13.0,True,75,1380,none,none,0.0,
"2026-09-01
00:45:43",17-0add-5deg-cosolv-none-bathSolv-none-0wt-15s-NoN2-1800s | rep 4,sample 57,125.40026871399132,225.8763587111539,13.612367652575376,71.04643434132663,818.2133104525486,0.065145057860888,0.0,0.4107973207486689,0.4973252235940401,0.5838472907722944,,True,89.0,"{""elastic_r2"": {""pts"": 26, ""max"": 30, ""note"": ""NRMSE-score=0.856 (RMSE=1.93, range=13.47)""}, ""plateau_r2_start"": {""pts"": 15, ""max"": 15, ""note"": ""R\u00b2(first 40%)=0.978""}, ""densification_r2"": {""pts"": 14, ""max"": 15, ""note"": ""R\u00b2=0.901""}, ""yield_accuracy"": {""pts"": 25, ""max"": 25, ""note"": ""elastic tail undershoots data by 5.4% of elastic range""}, ""junction_continuity"": {""pts"": 14, ""max"": 15, ""note"": ""gap=1.0%""}, ""plateau_r2_full_penalty"": {""pts"": 0, ""max"": 0, ""note"": ""R\u00b2(full)=0.784""}, ""elastic_modulus_penalty"": {""pts"": 0, ""max"": 0, ""note"": ""E=225.9 bar ok""}, ""bp1_accuracy_penalty"": {""pts"": -5, ""max"": 0, ""note"": ""plateau spans 22% of remaining stress \u2014 ok | GAM slope drops 48% in early plateau \u2014 bp1 suspect""}, ""changepoint_curvature_penalty"": {""pts"": 0, ""max"": 0, ""note"": ""d2_norm=2.16, linear_stretch=33%""}, ""slope_ratio_penalty"": {""pts"": 0, ""max"": 0, ""note"": ""plateau/elastic slope ratio=0.31 \u2014 good separation""}, ""_score_final"": {""pts"": 89, ""max"": 100, ""note"": ""no catastrophic applied""}}",56.81118795528568,0.0838190863673654,25,5,17.0,0.0,15.0,False,15,1800,none,none,0.0,
"2026-09-01
00:45:43",17-0add-5deg-cosolv-none-bathSolv-none-0wt-15s-NoN2-1800s | rep 3,sample 56,127.06894581494376,153.51402443697265,13.945802776318558,70.32559499622771,761.6856424862307,0.0639652745041041,0.0,0.4611702358899463,0.5506486020070107,0.6449771868204319,,True,94.0,"{""elastic_r2"": {""pts"": 27, ""max"": 30, ""note"": ""NRMSE-score=0.916 (RMSE=1.07, range=12.83)""}, ""plateau_r2_start"": {""pts"": 15, ""max"": 15, ""note"": ""R\u00b2(first 40%)=0.975""}, ""densification_r2"": {""pts"": 14, ""max"": 15, ""note"": ""R\u00b2=0.913""}, ""yield_accuracy"": {""pts"": 25, ""max"": 25, ""note"": ""elastic tail undershoots data by 2.5% of elastic range""}, ""junction_continuity"": {""pts"": 13, ""max"": 15, ""note"": ""gap=2.0%""}, ""plateau_r2_full_penalty"": {""pts"": 0, ""max"": 0, ""note"": ""R\u00b2(full)=0.777""}, ""elastic_modulus_penalty"": {""pts"": 0, ""max"": 0, ""note"": ""E=153.5 bar ok""}, ""bp1_accuracy_penalty"": {""pts"": 0, ""max"": 0, ""note"": ""plateau spans 22% of remaining stress \u2014 ok | GAM slope stable in early plateau (drop=29%) \u2014 ok""}, ""changepoint_curvature_penalty"": {""pts"": 0, ""max"": 0, ""note"": ""d2_norm=2.05, linear_stretch=23%""}, ""slope_ratio_penalty"": {""pts"": 0, ""max"": 0, ""note"": ""plateau/elastic slope ratio=0.46 \u2014 good separation""}, ""_score_final"": {""pts"": 94, ""max"": 100, ""note"": ""no catastrophic applied""}}",56.895107769757,0.0838190863673654,25,5,17.0,0.0,15.0,False,15,1800,none,none,0.0,
"2026-09-01
00:45:43",17-0add-5deg-cosolv-none-bathSolv-none-0wt-15s-NoN2-1800s | rep 2,sample 55,123.37724085659244,182.38579019390104,13.619989383146722,72.96829660108665,802.3358589457107,0.0656966405666764,0.0,0.4394860755951629,0.5279886868301087,0.6211087579001316,,True,91.0,"{""elastic_r2"": {""pts"": 27, ""max"": 30, ""note"": ""NRMSE-score=0.916 (RMSE=1.14, range=13.58)""}, ""plateau_r2_start"": {""pts"": 15, ""max"": 15, ""note"": ""R\u00b2(first 40%)=0.969""}, ""densification_r2"": {""pts"": 13, ""max"": 15, ""note"": ""R\u00b2=0.880""}, ""yield_accuracy"": {""pts"": 25, ""max"": 25, ""note"": ""elastic tail undershoots data by 2.3% of elastic range""}, ""junction_continuity"": {""pts"": 11, ""max"": 15, ""note"": ""gap=4.2%""}, ""plateau_r2_full_penalty"": {""pts"": 0, ""max"": 0, ""note"": ""R\u00b2(full)=0.762""}, ""elastic_modulus_penalty"": {""pts"": 0, ""max"": 0, ""note"": ""E=182.4 bar ok""}, ""bp1_accuracy_penalty"": {""pts"": 0, ""max"": 0, ""note"": ""plateau spans 23% of remaining stress \u2014 ok | GAM slope stable in early plateau (drop=20%) \u2014 ok""}, ""changepoint_curvature_penalty"": {""pts"": 0, ""max"": 0, ""note"": ""d2_norm=1.69, linear_stretch=30%""}, ""slope_ratio_penalty"": {""pts"": 0, ""max"": 0, ""note"": ""plateau/elastic slope ratio=0.40 \u2014 good separation""}, ""_score_final"": {""pts"": 91, ""max"": 100, ""note"": ""no catastrophic applied""}}",56.81693422761524,0.0838190863673654,25,5,17.0,0.0,15.0,False,15,1800,none,none,0.0,
"2026-09-01
00:45:43",17-0add-5deg-cosolv-none-bathSolv-none-0wt-15s-NoN2-1800s | rep 1,sample 54,143.32051062105137,93.51356516510504,14.241705198475737,74.55107666791493,869.4914412156701,0.0554950527156092,0.0,0.4991896890212011,0.5924190930529137,0.6719618821077098,,True,80.0,"{""elastic_r2"": {""pts"": 29, ""max"": 30, ""note"": ""NRMSE-score=0.955 (RMSE=0.61, range=13.69)""}, ""plateau_r2_start"": {""pts"": 15, ""max"": 15, ""note"": ""R\u00b2(first 40%)=0.979""}, ""densification_r2"": {""pts"": 13, ""max"": 15, ""note"": ""R\u00b2=0.896""}, ""yield_accuracy"": {""pts"": 25, ""max"": 25, ""note"": ""elastic tail undershoots data by 1.9% of elastic range""}, ""junction_continuity"": {""pts"": 12, ""max"": 15, ""note"": ""gap=2.9%""}, ""plateau_r2_full_penalty"": {""pts"": 0, ""max"": 0, ""note"": ""R\u00b2(full)=0.751""}, ""elastic_modulus_penalty"": {""pts"": 0, ""max"": 0, ""note"": ""E=93.5 bar ok""}, ""bp1_accuracy_penalty"": {""pts"": 0, ""max"": 0, ""note"": ""plateau spans 23% of remaining stress \u2014 ok | GAM slope stable in early plateau (drop=-15%) \u2014 ok""}, ""changepoint_curvature_penalty"": {""pts"": -1, ""max"": 0, ""note"": ""d2_norm=0.61, linear_stretch=20%""}, ""slope_ratio_penalty"": {""pts"": -13, ""max"": 0, ""note"": ""plateau/elastic slope ratio=0.80 \u2014 nearly parallel (-13 pts)""}, ""_score_final"": {""pts"": 80, ""max"": 100, ""note"": ""no catastrophic applied""}}",58.44856058877981,0.0838190863673654,25,5,17.0,0.0,15.0,False,15,1800,none,none,0.0,
"2026-09-01
02:54:39",14p8-0add-17deg-cosolv-none-bathSolv-none-0wt-530s-N2-1425s | rep 2,sample 63,131.34884474585755,176.85711176335647,18.260616316602032,41.11257455159322,948.9892386881356,0.0594042591653189,0.0,0.6129402998058187,0.6869548065189879,0.7587030550288012,,True,86.0,"{""elastic_r2"": {""pts"": 28, ""max"": 30, ""note"": ""NRMSE-score=0.933 (RMSE=1.20, range=18.09)""}, ""plateau_r2_start"": {""pts"": 14, ""max"": 15, ""note"": ""R\u00b2(first 40%)=0.926""}, ""densification_r2"": {""pts"": 14, ""max"": 15, ""note"": ""R\u00b2=0.902""}, ""yield_accuracy"": {""pts"": 25, ""max"": 25, ""note"": ""elastic tail undershoots data by 2.2% of elastic range""}, ""junction_continuity"": {""pts"": 10, ""max"": 15, ""note"": ""gap=5.4%""}, ""plateau_r2_full_penalty"": {""pts"": 0, ""max"": 0, ""note"": ""R\u00b2(full)=0.779""}, ""elastic_modulus_penalty"": {""pts"": 0, ""max"": 0, ""note"": ""E=176.9 bar ok""}, ""bp1_accuracy_penalty"": {""pts"": -5, ""max"": 0, ""note"": ""plateau spans 17% of remaining stress \u2014 ok | GAM slope drops 50% in early plateau \u2014 bp1 suspect""}, ""changepoint_curvature_penalty"": {""pts"": 0, ""max"": 0, ""note"": ""d2_norm=3.53, linear_stretch=17%""}, ""slope_ratio_penalty"": {""pts"": 0, ""max"": 0, ""note"": ""plateau/elastic slope ratio=0.23 \u2014 good separation""}, ""_score_final"": {""pts"": 86, ""max"": 100, ""note"": ""no catastrophic applied""}}",59.18970821278855,0.0451484790177253,72,17,14.8,0.0,17.0,True,530,1425,none,none,0.0,
"2026-09-01
02:54:39",14p8-0add-17deg-cosolv-none-bathSolv-none-0wt-530s-N2-1425s | rep 3,sample 64,130.08771395644902,196.89550185548413,24.580522956044742,46.64948324973883,954.6224284036016,0.06249089394641,0.0210754997256674,0.5815336620238218,0.6546379379302196,0.7251000637581314,,True,86.0,"{""elastic_r2"": {""pts"": 28, ""max"": 30, ""note"": ""NRMSE-score=0.939 (RMSE=1.50, range=24.45)""}, ""plateau_r2_start"": {""pts"": 14, ""max"": 15, ""note"": ""R\u00b2(first 40%)=0.911""}, ""densification_r2"": {""pts"": 14, ""max"": 15, ""note"": ""R\u00b2=0.918""}, ""yield_accuracy"": {""pts"": 25, ""max"": 25, ""note"": ""elastic tail undershoots data by 1.6% of elastic range""}, ""junction_continuity"": {""pts"": 10, ""max"": 15, ""note"": ""gap=4.6%""}, ""plateau_r2_full_penalty"": {""pts"": 0, ""max"": 0, ""note"": ""R\u00b2(full)=0.871""}, ""elastic_modulus_penalty"": {""pts"": 0, ""max"": 0, ""note"": ""E=196.9 bar ok""}, ""bp1_accuracy_penalty"": {""pts"": -5, ""max"": 0, ""note"": ""plateau spans 18% of remaining stress \u2014 ok | GAM slope drops 54% in early plateau \u2014 bp1 suspect""}, ""changepoint_curvature_penalty"": {""pts"": 0, ""max"": 0, ""note"": ""d2_norm=2.23, linear_stretch=13%""}, ""slope_ratio_penalty"": {""pts"": 0, ""max"": 0, ""note"": ""plateau/elastic slope ratio=0.24 \u2014 good separation""}, ""_score_final"": {""pts"": 86, ""max"": 100, ""note"": ""no catastrophic applied""}}",57.50241957500773,0.0451484790177253,72,17,14.8,0.0,17.0,True,530,1425,none,none,0.0,
"2026-09-01
02:54:39",14p8-0add-17deg-cosolv-none-bathSolv-none-0wt-530s-N2-1425s | rep 4,sample 65,130.52550033765553,167.81712171277658,20.964848343921936,46.85413137994269,924.4522892189126,0.0596417490500404,0.0407612389121964,0.6109485331987154,0.6799318373376791,0.7511663992057165,,True,95.0,"{""elastic_r2"": {""pts"": 27, ""max"": 30, ""note"": ""NRMSE-score=0.914 (RMSE=1.80, range=20.89)""}, ""plateau_r2_start"": {""pts"": 14, ""max"": 15, ""note"": ""R\u00b2(first 40%)=0.931""}, ""densification_r2"": {""pts"": 14, ""max"": 15, ""note"": ""R\u00b2=0.912""}, ""yield_accuracy"": {""pts"": 25, ""max"": 25, ""note"": ""elastic tail undershoots data by 4.5% of elastic range""}, ""junction_continuity"": {""pts"": 15, ""max"": 15, ""note"": ""gap=0.0%""}, ""plateau_r2_full_penalty"": {""pts"": 0, ""max"": 0, ""note"": ""R\u00b2(full)=0.823""}, ""elastic_modulus_penalty"": {""pts"": 0, ""max"": 0, ""note"": ""E=167.8 bar ok""}, ""bp1_accuracy_penalty"": {""pts"": 0, ""max"": 0, ""note"": ""plateau spans 19% of remaining stress \u2014 ok | GAM slope stable in early plateau (drop=37%) \u2014 ok""}, ""changepoint_curvature_penalty"": {""pts"": 0, ""max"": 0, ""note"": ""d2_norm=3.19, linear_stretch=17%""}, ""slope_ratio_penalty"": {""pts"": 0, ""max"": 0, ""note"": ""plateau/elastic slope ratio=0.28 \u2014 good separation""}, ""_score_final"": {""pts"": 95, ""max"": 100, ""note"": ""no catastrophic applied""}}",59.187614654579136,0.0451484790177253,72,17,14.8,0.0,17.0,True,530,1425,none,none,0.0,
"2026-09-01
02:54:39",14p8-0add-17deg-cosolv-none-bathSolv-none-0wt-530s-N2-1425s | rep 1,sample 62,132.27536543023206,184.146233239018,25.26829581840132,64.10845641844725,919.7004407678533,0.0550252312746561,0.0,0.6196789152263411,0.7006431560111943,0.7687373340920827,,True,88.0,"{""elastic_r2"": {""pts"": 28, ""max"": 30, ""note"": ""NRMSE-score=0.942 (RMSE=1.43, range=24.62)""}, ""plateau_r2_start"": {""pts"": 12, ""max"": 15, ""note"": ""R\u00b2(first 40%)=0.823""}, ""densification_r2"": {""pts"": 14, ""max"": 15, ""note"": ""R\u00b2=0.918""}, ""yield_accuracy"": {""pts"": 25, ""max"": 25, ""note"": ""elastic tail undershoots data by 1.3% of elastic range""}, ""junction_continuity"": {""pts"": 14, ""max"": 15, ""note"": ""gap=1.3%""}, ""plateau_r2_full_penalty"": {""pts"": 0, ""max"": 0, ""note"": ""R\u00b2(full)=0.725""}, ""elastic_modulus_penalty"": {""pts"": 0, ""max"": 0, ""note"": ""E=184.1 bar ok""}, ""bp1_accuracy_penalty"": {""pts"": -5, ""max"": 0, ""note"": ""plateau spans 28% of remaining stress \u2014 ok | GAM slope drops 67% in early plateau \u2014 bp1 suspect""}, ""changepoint_curvature_penalty"": {""pts"": 0, ""max"": 0, ""note"": ""d2_norm=4.64, linear_stretch=20%""}, ""slope_ratio_penalty"": {""pts"": 0, ""max"": 0, ""note"": ""plateau/elastic slope ratio=0.35 \u2014 good separation""}, ""_score_final"": {""pts"": 88, ""max"": 100, ""note"": ""no catastrophic applied""}}",58.04465681276325,0.0451484790177253,72,17,14.8,0.0,17.0,True,530,1425,none,none,0.0,
"2026-09-01
04:50:06",16p8-0add-23deg-cosolv-none-bathSolv-none-0wt-50s-NoN2-1200s | rep 4,sample 73,116.09480249857958,240.244935224226,15.636456260773262,69.12965038022695,745.7087357155443,0.0751007873656404,0.0,0.4316366822534445,0.5282352689752119,0.6281366472103023,,True,86.0,"{""elastic_r2"": {""pts"": 26, ""max"": 30, ""note"": ""NRMSE-score=0.858 (RMSE=2.21, range=15.62)""}, ""plateau_r2_start"": {""pts"": 14, ""max"": 15, ""note"": ""R\u00b2(first 40%)=0.961""}, ""densification_r2"": {""pts"": 13, ""max"": 15, ""note"": ""R\u00b2=0.878""}, ""yield_accuracy"": {""pts"": 25, ""max"": 25, ""note"": ""elastic tail undershoots data by 5.5% of elastic range""}, ""junction_continuity"": {""pts"": 13, ""max"": 15, ""note"": ""gap=2.0%""}, ""plateau_r2_full_penalty"": {""pts"": 0, ""max"": 0, ""note"": ""R\u00b2(full)=0.787""}, ""elastic_modulus_penalty"": {""pts"": 0, ""max"": 0, ""note"": ""E=240.2 bar ok""}, ""bp1_accuracy_penalty"": {""pts"": -5, ""max"": 0, ""note"": ""plateau spans 23% of remaining stress \u2014 ok | GAM slope drops 43% in early plateau \u2014 bp1 suspect""}, ""changepoint_curvature_penalty"": {""pts"": 0, ""max"": 0, ""note"": ""d2_norm=2.63, linear_stretch=27%""}, ""slope_ratio_penalty"": {""pts"": 0, ""max"": 0, ""note"": ""plateau/elastic slope ratio=0.29 \u2014 good separation""}, ""_score_final"": {""pts"": 86, ""max"": 100, ""note"": ""no catastrophic applied""}}",57.65068359444601,0.0312749070093913,42,23,16.8,0.0,10.0,False,50,1200,none,none,0.0,
"2026-09-01
04:50:06",16p8-0add-23deg-cosolv-none-bathSolv-none-0wt-50s-NoN2-1200s | rep 1,sample 70,120.07503874690988,136.3180515185245,15.147106240491294,71.81298507627876,790.8037038151341,0.0718213223930154,0.0,0.4561806718055347,0.5490469581817682,0.6390945565727217,,True,91.0,"{""elastic_r2"": {""pts"": 28, ""max"": 30, ""note"": ""NRMSE-score=0.936 (RMSE=0.94, range=14.71)""}, ""plateau_r2_start"": {""pts"": 14, ""max"": 15, ""note"": ""R\u00b2(first 40%)=0.953""}, ""densification_r2"": {""pts"": 13, ""max"": 15, ""note"": ""R\u00b2=0.879""}, ""yield_accuracy"": {""pts"": 25, ""max"": 25, ""note"": ""elastic tail undershoots data by 0.3% of elastic range""}, ""junction_continuity"": {""pts"": 11, ""max"": 15, ""note"": ""gap=3.9%""}, ""plateau_r2_full_penalty"": {""pts"": 0, ""max"": 0, ""note"": ""R\u00b2(full)=0.766""}, ""elastic_modulus_penalty"": {""pts"": 0, ""max"": 0, ""note"": ""E=136.3 bar ok""}, ""bp1_accuracy_penalty"": {""pts"": 0, ""max"": 0, ""note"": ""plateau spans 22% of remaining stress \u2014 ok | GAM slope stable in early plateau (drop=14%) \u2014 ok""}, ""changepoint_curvature_penalty"": {""pts"": 0, ""max"": 0, ""note"": ""d2_norm=1.37, linear_stretch=20%""}, ""slope_ratio_penalty"": {""pts"": 0, ""max"": 0, ""note"": ""plateau/elastic slope ratio=0.53 \u2014 good separation""}, ""_score_final"": {""pts"": 91, ""max"": 100, ""note"": ""no catastrophic applied""}}",58.74967827688872,0.0312749070093913,42,23,16.8,0.0,10.0,False,50,1200,none,none,0.0,
"2026-09-01
04:50:06",16p8-0add-23deg-cosolv-none-bathSolv-none-0wt-50s-NoN2-1200s | rep 2,sample 71,119.65449431551032,191.19490649771728,15.822670944205957,62.21649544406037,748.5099490485206,0.0655958436726744,0.0,0.4627621179958439,0.561296379388637,0.6549309817430633,,True,93.0,"{""elastic_r2"": {""pts"": 27, ""max"": 30, ""note"": ""NRMSE-score=0.908 (RMSE=1.42, range=15.46)""}, ""plateau_r2_start"": {""pts"": 14, ""max"": 15, ""note"": ""R\u00b2(first 40%)=0.957""}, ""densification_r2"": {""pts"": 13, ""max"": 15, ""note"": ""R\u00b2=0.878""}, ""yield_accuracy"": {""pts"": 25, ""max"": 25, ""note"": ""elastic tail undershoots data by 2.6% of elastic range""}, ""junction_continuity"": {""pts"": 14, ""max"": 15, ""note"": ""gap=1.1%""}, ""plateau_r2_full_penalty"": {""pts"": 0, ""max"": 0, ""note"": ""R\u00b2(full)=0.743""}, ""elastic_modulus_penalty"": {""pts"": 0, ""max"": 0, ""note"": ""E=191.2 bar ok""}, ""bp1_accuracy_penalty"": {""pts"": 0, ""max"": 0, ""note"": ""plateau spans 20% of remaining stress \u2014 ok | GAM slope stable in early plateau (drop=28%) \u2014 ok""}, ""changepoint_curvature_penalty"": {""pts"": 0, ""max"": 0, ""note"": ""d2_norm=1.54, linear_stretch=33%""}, ""slope_ratio_penalty"": {""pts"": 0, ""max"": 0, ""note"": ""plateau/elastic slope ratio=0.33 \u2014 good separation""}, ""_score_final"": {""pts"": 93, ""max"": 100, ""note"": ""no catastrophic applied""}}",59.17118860345468,0.0312749070093913,42,23,16.8,0.0,10.0,False,50,1200,none,none,0.0,
"2026-09-01
04:50:06",16p8-0add-23deg-cosolv-none-bathSolv-none-0wt-50s-NoN2-1200s | rep 3,sample 72,118.31529809240524,153.62969183977654,15.615820665248034,70.308073593229,763.1672218382566,0.0693132818402648,0.0,0.4611313070237374,0.5568789158507628,0.6502693801598667,,True,93.0,"{""elastic_r2"": {""pts"": 28, ""max"": 30, ""note"": ""NRMSE-score=0.930 (RMSE=1.05, range=15.10)""}, ""plateau_r2_start"": {""pts"": 14, ""max"": 15, ""note"": ""R\u00b2(first 40%)=0.961""}, ""densification_r2"": {""pts"": 13, ""max"": 15, ""note"": ""R\u00b2=0.892""}, ""yield_accuracy"": {""pts"": 25, ""max"": 25, ""note"": ""elastic tail undershoots data by 1.2% of elastic range""}, ""junction_continuity"": {""pts"": 13, ""max"": 15, ""note"": ""gap=1.6%""}, ""plateau_r2_full_penalty"": {""pts"": 0, ""max"": 0, ""note"": ""R\u00b2(full)=0.776""}, ""elastic_modulus_penalty"": {""pts"": 0, ""max"": 0, ""note"": ""E=153.6 bar ok""}, ""bp1_accuracy_penalty"": {""pts"": 0, ""max"": 0, ""note"": ""plateau spans 22% of remaining stress \u2014 ok | GAM slope stable in early plateau (drop=16%) \u2014 ok""}, ""changepoint_curvature_penalty"": {""pts"": 0, ""max"": 0, ""note"": ""d2_norm=1.02, linear_stretch=30%""}, ""slope_ratio_penalty"": {""pts"": 0, ""max"": 0, ""note"": ""plateau/elastic slope ratio=0.46 \u2014 good separation""}, ""_score_final"": {""pts"": 93, ""max"": 100, ""note"": ""no catastrophic applied""}}",57.82456536107427,0.0312749070093913,42,23,16.8,0.0,10.0,False,50,1200,none,none,0.0,
"2026-09-01
15:36:49",17-0add-5deg-cosolv-none-bathSolv-none-0wt-600s-N2-1800s | rep 2,sample 79,125.10325453398154,405.7988701483026,22.672397823135828,203.63585820728065,369.7615553981167,0.1872762166943347,0.0,0.2056291534133427,0.4030023317420876,0.6199433191741416,,False,54.0,"{""elastic_r2"": {""pts"": 28, ""max"": 30, ""note"": ""NRMSE-score=0.923 (RMSE=1.77, range=22.96)""}, ""plateau_r2_start"": {""pts"": 13, ""max"": 15, ""note"": ""R\u00b2(first 40%)=0.845""}, ""densification_r2"": {""pts"": 13, ""max"": 15, ""note"": ""R\u00b2=0.841""}, ""yield_accuracy"": {""pts"": 25, ""max"": 25, ""note"": ""elastic tail undershoots data by 2.1% of elastic range""}, ""junction_continuity"": {""pts"": 13, ""max"": 15, ""note"": ""gap=2.2%""}, ""plateau_r2_full_penalty"": {""pts"": 0, ""max"": 0, ""note"": ""R\u00b2(full)=0.859""}, ""elastic_modulus_penalty"": {""pts"": 0, ""max"": 0, ""note"": ""E=405.8 bar ok""}, ""bp1_accuracy_penalty"": {""pts"": -35, ""max"": 0, ""note"": ""plateau spans 82% of remaining stress \u2014 elastic peak likely wrong | GAM slope drops 53% in early plateau \u2014 bp1 suspect""}, ""changepoint_curvature_penalty"": {""pts"": -3, ""max"": 0, ""note"": ""d2_norm=0.00, linear_stretch=27%""}, ""slope_ratio_penalty"": {""pts"": 0, ""max"": 0, ""note"": ""plateau/elastic slope ratio=0.50 \u2014 good separation""}, ""_score_final"": {""pts"": 54, ""max"": 100, ""note"": ""no catastrophic applied""}}",50.95045316869552,0.098777325111729,25,5,17.0,0.0,6.5,True,600,1800,none,none,0.0,
"2026-09-01
15:36:49",17-0add-5deg-cosolv-none-bathSolv-none-0wt-600s-N2-1800s | rep 1,sample 78,132.04893983714516,229.79950529258835,36.49687417785945,157.9401713604647,477.81148236028514,0.1547235533821583,0.0340107086377474,0.2598360248766348,0.4097604505900099,0.5778455707313594,,True,86.0,"{""elastic_r2"": {""pts"": 28, ""max"": 30, ""note"": ""NRMSE-score=0.949 (RMSE=1.93, range=37.59)""}, ""plateau_r2_start"": {""pts"": 14, ""max"": 15, ""note"": ""R\u00b2(first 40%)=0.935""}, ""densification_r2"": {""pts"": 14, ""max"": 15, ""note"": ""R\u00b2=0.948""}, ""yield_accuracy"": {""pts"": 25, ""max"": 25, ""note"": ""elastic tail undershoots data by 1.7% of elastic range""}, ""junction_continuity"": {""pts"": 14, ""max"": 15, ""note"": ""gap=0.6%""}, ""plateau_r2_full_penalty"": {""pts"": 0, ""max"": 0, ""note"": ""R\u00b2(full)=0.960""}, ""elastic_modulus_penalty"": {""pts"": 0, ""max"": 0, ""note"": ""E=229.8 bar ok""}, ""bp1_accuracy_penalty"": {""pts"": 0, ""max"": 0, ""note"": ""plateau spans 36% of remaining stress \u2014 ok | GAM slope stable in early plateau (drop=2%) \u2014 ok""}, ""changepoint_curvature_penalty"": {""pts"": 0, ""max"": 0, ""note"": ""d2_norm=3.98, linear_stretch=47%""}, ""slope_ratio_penalty"": {""pts"": -9, ""max"": 0, ""note"": ""plateau/elastic slope ratio=0.69 \u2014 nearly parallel (-9 pts)""}, ""_score_final"": {""pts"": 86, ""max"": 100, ""note"": ""no catastrophic applied""}}",54.27384968418542,0.098777325111729,25,5,17.0,0.0,6.5,True,600,1800,none,none,0.0,
"2026-09-01
15:36:49",17-0add-5deg-cosolv-none-bathSolv-none-0wt-600s-N2-1800s | rep 4,sample 81,131.3157620091412,285.7729368293858,35.90543750853229,165.0368747399317,481.5468053658896,0.1158743797376233,0.0,0.2123149615250412,0.3683594502731292,0.5352710116094004,,True,95.0,"{""elastic_r2"": {""pts"": 29, ""max"": 30, ""note"": ""NRMSE-score=0.967 (RMSE=1.21, range=36.67)""}, ""plateau_r2_start"": {""pts"": 15, ""max"": 15, ""note"": ""R\u00b2(first 40%)=0.967""}, ""densification_r2"": {""pts"": 14, ""max"": 15, ""note"": ""R\u00b2=0.961""}, ""yield_accuracy"": {""pts"": 25, ""max"": 25, ""note"": ""elastic tail undershoots data by 0.2% of elastic range""}, ""junction_continuity"": {""pts"": 14, ""max"": 15, ""note"": ""gap=1.5%""}, ""plateau_r2_full_penalty"": {""pts"": 0, ""max"": 0, ""note"": ""R\u00b2(full)=0.972""}, ""elastic_modulus_penalty"": {""pts"": 0, ""max"": 0, ""note"": ""E=285.8 bar ok""}, ""bp1_accuracy_penalty"": {""pts"": 0, ""max"": 0, ""note"": ""plateau spans 39% of remaining stress \u2014 ok | GAM slope stable in early plateau (drop=17%) \u2014 ok""}, ""changepoint_curvature_penalty"": {""pts"": -2, ""max"": 0, ""note"": ""d2_norm=0.09, linear_stretch=23%""}, ""slope_ratio_penalty"": {""pts"": 0, ""max"": 0, ""note"": ""plateau/elastic slope ratio=0.58 \u2014 good separation""}, ""_score_final"": {""pts"": 95, ""max"": 100, ""note"": ""no catastrophic applied""}}",50.76161542656308,0.098777325111729,25,5,17.0,0.0,6.5,True,600,1800,none,none,0.0,
"2026-09-01
15:36:49",17-0add-5deg-cosolv-none-bathSolv-none-0wt-600s-N2-1800s | rep 3,sample 80,127.36971782376038,340.3377308863339,30.40392633637697,166.86468873146424,575.9933973064377,0.1218892421793825,0.0,0.1950842679886195,0.3474239437418245,0.4999054110496878,,True,92.0,"{""elastic_r2"": {""pts"": 28, ""max"": 30, ""note"": ""NRMSE-score=0.949 (RMSE=1.48, range=29.16)""}, ""plateau_r2_start"": {""pts"": 14, ""max"": 15, ""note"": ""R\u00b2(first 40%)=0.966""}, ""densification_r2"": {""pts"": 14, ""max"": 15, ""note"": ""R\u00b2=0.938""}, ""yield_accuracy"": {""pts"": 25, ""max"": 25, ""note"": ""elastic tail overshoots data by 0.5% of elastic range""}, ""junction_continuity"": {""pts"": 15, ""max"": 15, ""note"": ""gap=0.1%""}, ""plateau_r2_full_penalty"": {""pts"": 0, ""max"": 0, ""note"": ""R\u00b2(full)=0.967""}, ""elastic_modulus_penalty"": {""pts"": 0, ""max"": 0, ""note"": ""E=340.3 bar ok""}, ""bp1_accuracy_penalty"": {""pts"": 0, ""max"": 0, ""note"": ""plateau spans 43% of remaining stress \u2014 ok | GAM slope stable in early plateau (drop=37%) \u2014 ok""}, ""changepoint_curvature_penalty"": {""pts"": -4, ""max"": 0, ""note"": ""d2_norm=0.04, linear_stretch=37%""}, ""slope_ratio_penalty"": {""pts"": 0, ""max"": 0, ""note"": ""plateau/elastic slope ratio=0.49 \u2014 good separation""}, ""_score_final"": {""pts"": 92, ""max"": 100, ""note"": ""no catastrophic applied""}}",50.379613225468766,0.098777325111729,25,5,17.0,0.0,6.5,True,600,1800,none,none,0.0,
"2026-09-01
17:47:45",13p2-0add-6deg-cosolv-none-bathSolv-none-0wt-480s-NoN2-1500s | rep 2,sample 87,104.53485808933368,55.364138732500216,14.663108585187707,81.53238676285527,1283.892250785239,0.0869930366103088,0.0474572084302181,0.5378949585349764,0.6051701644902634,0.667872227461944,,False,43.0,"{""elastic_r2"": {""pts"": 29, ""max"": 30, ""note"": ""NRMSE-score=0.971 (RMSE=0.37, range=12.94)""}, ""plateau_r2_start"": {""pts"": 14, ""max"": 15, ""note"": ""R\u00b2(first 40%)=0.930""}, ""densification_r2"": {""pts"": 11, ""max"": 15, ""note"": ""R\u00b2=0.703""}, ""yield_accuracy"": {""pts"": 25, ""max"": 25, ""note"": ""elastic tail overshoots data by 0.1% of elastic range""}, ""junction_continuity"": {""pts"": 7, ""max"": 15, ""note"": ""gap=7.9%""}, ""plateau_r2_full_penalty"": {""pts"": 0, ""max"": 0, ""note"": ""R\u00b2(full)=0.542""}, ""elastic_modulus_penalty"": {""pts"": 0, ""max"": 0, ""note"": ""E=55.4 bar ok""}, ""bp1_accuracy_penalty"": {""pts"": 0, ""max"": 0, ""note"": ""plateau spans 20% of remaining stress \u2014 ok | GAM slope stable in early plateau (drop=-60%) \u2014 ok""}, ""changepoint_curvature_penalty"": {""pts"": 0, ""max"": 0, ""note"": ""d2_norm=1.18, linear_stretch=30%""}, ""catastrophic_slope_vs_modulus"": {""pts"": 0, ""max"": 0, ""note"": ""slope ratio=1.47 \u2014 plateau slope \u226595% of elastic""}, ""_score_final"": {""pts"": 43, ""max"": 100, ""note"": ""after catastrophic halving""}}",61.651770165564486,0.0624187675762044,68,6,13.2,0.0,19.5,False,480,1500,none,none,0.0,
"2026-09-01
17:47:45",13p2-0add-6deg-cosolv-none-bathSolv-none-0wt-480s-NoN2-1500s | rep 1,sample 86,82.87443883193195,59.06853944990748,8.992293956231036,131.80307804124348,789.6054661364502,0.1067536017309029,0.1448239281835285,0.534126817392152,0.6246817458703561,0.7162215678003367,,False,44.0,"{""elastic_r2"": {""pts"": 28, ""max"": 30, ""note"": ""NRMSE-score=0.926 (RMSE=0.54, range=7.31)""}, ""plateau_r2_start"": {""pts"": 14, ""max"": 15, ""note"": ""R\u00b2(first 40%)=0.963""}, ""densification_r2"": {""pts"": 14, ""max"": 15, ""note"": ""R\u00b2=0.909""}, ""yield_accuracy"": {""pts"": 25, ""max"": 25, ""note"": ""elastic tail undershoots data by 4.8% of elastic range""}, ""junction_continuity"": {""pts"": 6, ""max"": 15, ""note"": ""gap=9.1%""}, ""plateau_r2_full_penalty"": {""pts"": 0, ""max"": 0, ""note"": ""R\u00b2(full)=0.945""}, ""elastic_modulus_penalty"": {""pts"": 0, ""max"": 0, ""note"": ""E=59.1 bar ok""}, ""bp1_accuracy_penalty"": {""pts"": 0, ""max"": 0, ""note"": ""plateau spans 34% of remaining stress \u2014 ok | GAM slope stable in early plateau (drop=-45%) \u2014 ok""}, ""changepoint_curvature_penalty"": {""pts"": 0, ""max"": 0, ""note"": ""d2_norm=1.06, linear_stretch=27%""}, ""catastrophic_slope_vs_modulus"": {""pts"": 0, ""max"": 0, ""note"": ""slope ratio=2.23 \u2014 plateau slope \u226595% of elastic""}, ""_score_final"": {""pts"": 44, ""max"": 100, ""note"": ""after catastrophic halving""}}",60.40837923393722,0.0624187675762044,68,6,13.2,0.0,19.5,False,480,1500,none,none,0.0,
"2026-09-01
17:47:45",13p2-0add-6deg-cosolv-none-bathSolv-none-0wt-480s-NoN2-1500s | rep 4,sample 89,82.29987669583574,29.45137486001045,3.5179539440264698,83.38099383741118,679.5023665246513,0.1044861082099803,0.0412590061634867,0.4497550603147141,0.5558447151223516,0.6658354748378423,,False,40.0,"{""elastic_r2"": {""pts"": 28, ""max"": 30, ""note"": ""NRMSE-score=0.918 (RMSE=0.25, range=3.05)""}, ""plateau_r2_start"": {""pts"": 14, ""max"": 15, ""note"": ""R\u00b2(first 40%)=0.961""}, ""densification_r2"": {""pts"": 12, ""max"": 15, ""note"": ""R\u00b2=0.789""}, ""yield_accuracy"": {""pts"": 25, ""max"": 25, ""note"": ""elastic tail undershoots data by 3.7% of elastic range""}, ""junction_continuity"": {""pts"": 0, ""max"": 15, ""note"": ""gap=20.8%""}, ""plateau_r2_full_penalty"": {""pts"": 0, ""max"": 0, ""note"": ""R\u00b2(full)=0.618""}, ""elastic_modulus_penalty"": {""pts"": 0, ""max"": 0, ""note"": ""E=29.5 bar ok""}, ""bp1_accuracy_penalty"": {""pts"": 0, ""max"": 0, ""note"": ""plateau spans 23% of remaining stress \u2014 ok | GAM slope stable in early plateau (drop=-172%) \u2014 ok""}, ""changepoint_curvature_penalty"": {""pts"": 0, ""max"": 0, ""note"": ""d2_norm=1.15, linear_stretch=20%""}, ""catastrophic_slope_vs_modulus"": {""pts"": 0, ""max"": 0, ""note"": ""slope ratio=2.83 \u2014 plateau slope \u226595% of elastic""}, ""_score_final"": {""pts"": 40, ""max"": 100, ""note"": ""after catastrophic halving""}}",59.07220346510097,0.0624187675762044,68,6,13.2,0.0,19.5,False,480,1500,none,none,0.0,
"2026-09-01
17:47:45",13p2-0add-6deg-cosolv-none-bathSolv-none-0wt-480s-NoN2-1500s | rep 3,sample 88,101.6800208828759,50.20535070273505,10.442134555861935,93.53602974351467,876.2216551363042,0.0949001940507703,0.1136706093716846,0.5463084138342879,0.6262104607776928,0.7057777570138963,,False,44.0,"{""elastic_r2"": {""pts"": 29, ""max"": 30, ""note"": ""NRMSE-score=0.953 (RMSE=0.34, range=7.21)""}, ""plateau_r2_start"": {""pts"": 15, ""max"": 15, ""note"": ""R\u00b2(first 40%)=0.970""}, ""densification_r2"": {""pts"": 13, ""max"": 15, ""note"": ""R\u00b2=0.878""}, ""yield_accuracy"": {""pts"": 25, ""max"": 25, ""note"": ""elastic tail undershoots data by 1.8% of elastic range""}, ""junction_continuity"": {""pts"": 7, ""max"": 15, ""note"": ""gap=7.9%""}, ""plateau_r2_full_penalty"": {""pts"": 0, ""max"": 0, ""note"": ""R\u00b2(full)=0.795""}, ""elastic_modulus_penalty"": {""pts"": 0, ""max"": 0, ""note"": ""E=50.2 bar ok""}, ""bp1_accuracy_penalty"": {""pts"": 0, ""max"": 0, ""note"": ""plateau spans 24% of remaining stress \u2014 ok | GAM slope stable in early plateau (drop=-64%) \u2014 ok""}, ""changepoint_curvature_penalty"": {""pts"": 0, ""max"": 0, ""note"": ""d2_norm=1.96, linear_stretch=30%""}, ""catastrophic_slope_vs_modulus"": {""pts"": 0, ""max"": 0, ""note"": ""slope ratio=1.86 \u2014 plateau slope \u226595% of elastic""}, ""_score_final"": {""pts"": 44, ""max"": 100, ""note"": ""after catastrophic halving""}}",61.17471348406601,0.0624187675762044,68,6,13.2,0.0,19.5,False,480,1500,none,none,0.0,
"2026-09-01
21:05:00",16-0add-25deg-cosolv-none-bathSolv-none-0wt-0s-N2-1800s | rep 3,sample 96,129.70253498774147,127.95177106202156,10.926074612521331,57.193949976884525,818.9673050122458,0.0561518200117169,0.0,0.4976816163983212,0.5762673732049652,0.6628937515224829,,True,89.0,"{""elastic_r2"": {""pts"": 28, ""max"": 30, ""note"": ""NRMSE-score=0.935 (RMSE=0.69, range=10.59)""}, ""plateau_r2_start"": {""pts"": 14, ""max"": 15, ""note"": ""R\u00b2(first 40%)=0.949""}, ""densification_r2"": {""pts"": 13, ""max"": 15, ""note"": ""R\u00b2=0.879""}, ""yield_accuracy"": {""pts"": 25, ""max"": 25, ""note"": ""elastic tail undershoots data by 1.5% of elastic range""}, ""junction_continuity"": {""pts"": 9, ""max"": 15, ""note"": ""gap=6.4%""}, ""plateau_r2_full_penalty"": {""pts"": 0, ""max"": 0, ""note"": ""R\u00b2(full)=0.683""}, ""elastic_modulus_penalty"": {""pts"": 0, ""max"": 0, ""note"": ""E=128.0 bar ok""}, ""bp1_accuracy_penalty"": {""pts"": 0, ""max"": 0, ""note"": ""plateau spans 19% of remaining stress \u2014 ok | GAM slope stable in early plateau (drop=6%) \u2014 ok""}, ""changepoint_curvature_penalty"": {""pts"": 0, ""max"": 0, ""note"": ""d2_norm=1.67, linear_stretch=27%""}, ""slope_ratio_penalty"": {""pts"": 0, ""max"": 0, ""note"": ""plateau/elastic slope ratio=0.45 \u2014 good separation""}, ""_score_final"": {""pts"": 89, ""max"": 100, ""note"": ""no catastrophic applied""}}",59.85597044764479,0.0124738472762458,25,25,16.0,0.0,20.0,True,0,1800,none,none,0.0,
"2026-09-01
21:05:00",16-0add-25deg-cosolv-none-bathSolv-none-0wt-0s-N2-1800s | rep 1,sample 94,132.45565061295187,114.00238528199056,10.406999720838837,53.65315891222704,828.6713647147067,0.0508633630858071,0.0,0.4885034354141316,0.567996919147072,0.6533503243814316,,True,90.0,"{""elastic_r2"": {""pts"": 28, ""max"": 30, ""note"": ""NRMSE-score=0.933 (RMSE=0.61, range=9.15)""}, ""plateau_r2_start"": {""pts"": 14, ""max"": 15, ""note"": ""R\u00b2(first 40%)=0.952""}, ""densification_r2"": {""pts"": 13, ""max"": 15, ""note"": ""R\u00b2=0.865""}, ""yield_accuracy"": {""pts"": 25, ""max"": 25, ""note"": ""elastic tail undershoots data by 2.1% of elastic range""}, ""junction_continuity"": {""pts"": 10, ""max"": 15, ""note"": ""gap=5.3%""}, ""plateau_r2_full_penalty"": {""pts"": 0, ""max"": 0, ""note"": ""R\u00b2(full)=0.633""}, ""elastic_modulus_penalty"": {""pts"": 0, ""max"": 0, ""note"": ""E=114.0 bar ok""}, ""bp1_accuracy_penalty"": {""pts"": 0, ""max"": 0, ""note"": ""plateau spans 17% of remaining stress \u2014 ok | GAM slope stable in early plateau (drop=-0%) \u2014 ok""}, ""changepoint_curvature_penalty"": {""pts"": 0, ""max"": 0, ""note"": ""d2_norm=2.24, linear_stretch=27%""}, ""slope_ratio_penalty"": {""pts"": 0, ""max"": 0, ""note"": ""plateau/elastic slope ratio=0.47 \u2014 good separation""}, ""_score_final"": {""pts"": 90, ""max"": 100, ""note"": ""no catastrophic applied""}}",60.34507151421157,0.0124738472762458,25,25,16.0,0.0,20.0,True,0,1800,none,none,0.0,
"2026-09-01
21:05:00",16-0add-25deg-cosolv-none-bathSolv-none-0wt-0s-N2-1800s | rep 4,sample 97,124.81837639281493,124.25194496482162,11.193080537820318,54.73070441122072,781.3678874011268,0.0527913399464904,0.0,0.4899348921917952,0.573289582508079,0.6617305211534934,,True,91.0,"{""elastic_r2"": {""pts"": 28, ""max"": 30, ""note"": ""NRMSE-score=0.937 (RMSE=0.66, range=10.54)""}, ""plateau_r2_start"": {""pts"": 14, ""max"": 15, ""note"": ""R\u00b2(first 40%)=0.954""}, ""densification_r2"": {""pts"": 13, ""max"": 15, ""note"": ""R\u00b2=0.891""}, ""yield_accuracy"": {""pts"": 25, ""max"": 25, ""note"": ""elastic tail undershoots data by 2.2% of elastic range""}, ""junction_continuity"": {""pts"": 11, ""max"": 15, ""note"": ""gap=4.5%""}, ""plateau_r2_full_penalty"": {""pts"": 0, ""max"": 0, ""note"": ""R\u00b2(full)=0.667""}, ""elastic_modulus_penalty"": {""pts"": 0, ""max"": 0, ""note"": ""E=124.3 bar ok""}, ""bp1_accuracy_penalty"": {""pts"": 0, ""max"": 0, ""note"": ""plateau spans 18% of remaining stress \u2014 ok | GAM slope stable in early plateau (drop=9%) \u2014 ok""}, ""changepoint_curvature_penalty"": {""pts"": 0, ""max"": 0, ""note"": ""d2_norm=1.33, linear_stretch=20%""}, ""slope_ratio_penalty"": {""pts"": 0, ""max"": 0, ""note"": ""plateau/elastic slope ratio=0.44 \u2014 good separation""}, ""_score_final"": {""pts"": 91, ""max"": 100, ""note"": ""no catastrophic applied""}}",59.95043526461145,0.0124738472762458,25,25,16.0,0.0,20.0,True,0,1800,none,none,0.0,
"2026-09-01
21:05:00",16-0add-25deg-cosolv-none-bathSolv-none-0wt-0s-N2-1800s | rep 2,sample 95,128.45948542068905,122.12063367849348,10.9558566810437,54.631595547993705,780.9241942863327,0.050101230202551,0.0,0.4846145365284173,0.5661141832222194,0.6554235947020712,,True,91.0,"{""elastic_r2"": {""pts"": 28, ""max"": 30, ""note"": ""NRMSE-score=0.939 (RMSE=0.65, range=10.66)""}, ""plateau_r2_start"": {""pts"": 14, ""max"": 15, ""note"": ""R\u00b2(first 40%)=0.957""}, ""densification_r2"": {""pts"": 13, ""max"": 15, ""note"": ""R\u00b2=0.881""}, ""yield_accuracy"": {""pts"": 25, ""max"": 25, ""note"": ""elastic tail undershoots data by 2.1% of elastic range""}, ""junction_continuity"": {""pts"": 11, ""max"": 15, ""note"": ""gap=3.9%""}, ""plateau_r2_full_penalty"": {""pts"": 0, ""max"": 0, ""note"": ""R\u00b2(full)=0.654""}, ""elastic_modulus_penalty"": {""pts"": 0, ""max"": 0, ""note"": ""E=122.1 bar ok""}, ""bp1_accuracy_penalty"": {""pts"": 0, ""max"": 0, ""note"": ""plateau spans 17% of remaining stress \u2014 ok | GAM slope stable in early plateau (drop=7%) \u2014 ok""}, ""changepoint_curvature_penalty"": {""pts"": 0, ""max"": 0, ""note"": ""d2_norm=1.60, linear_stretch=27%""}, ""slope_ratio_penalty"": {""pts"": 0, ""max"": 0, ""note"": ""plateau/elastic slope ratio=0.45 \u2014 good separation""}, ""_score_final"": {""pts"": 91, ""max"": 100, ""note"": ""no catastrophic applied""}}",59.93577213970697,0.0124738472762458,25,25,16.0,0.0,20.0,True,0,1800,none,none,0.0,
"2026-09-01
23:18:03",15p3-0add-9deg-cosolv-none-bathSolv-none-0wt-560s-NoN2-1630s | rep 3,sample 104,173.20297647903365,274.0250616163616,16.032681329052323,32.63072299338863,1016.8630129941872,0.0707358764961726,0.0,0.5056728280414994,0.5730243998779914,0.6405820097089988,,True,77.0,"{""elastic_r2"": {""pts"": 28, ""max"": 30, ""note"": ""NRMSE-score=0.921 (RMSE=1.21, range=15.29)""}, ""plateau_r2_start"": {""pts"": 13, ""max"": 15, ""note"": ""R\u00b2(first 40%)=0.864""}, ""densification_r2"": {""pts"": 13, ""max"": 15, ""note"": ""R\u00b2=0.863""}, ""yield_accuracy"": {""pts"": 25, ""max"": 25, ""note"": ""elastic tail undershoots data by 2.3% of elastic range""}, ""junction_continuity"": {""pts"": 13, ""max"": 15, ""note"": ""gap=1.5%""}, ""plateau_r2_full_penalty"": {""pts"": -10, ""max"": 0, ""note"": ""R\u00b2(full)=0.484""}, ""elastic_modulus_penalty"": {""pts"": 0, ""max"": 0, ""note"": ""E=274.0 bar ok""}, ""bp1_accuracy_penalty"": {""pts"": -5, ""max"": 0, ""note"": ""plateau spans 12% of remaining stress \u2014 ok | GAM slope drops 63% in early plateau \u2014 bp1 suspect""}, ""changepoint_curvature_penalty"": {""pts"": 0, ""max"": 0, ""note"": ""d2_norm=2.47, linear_stretch=13%""}, ""slope_ratio_penalty"": {""pts"": 0, ""max"": 0, ""note"": ""plateau/elastic slope ratio=0.12 \u2014 good separation""}, ""_score_final"": {""pts"": 77, ""max"": 100, ""note"": ""no catastrophic applied""}}",60.38068686689874,0.0394087097915586,53,9,15.3,0.0,2.5,False,560,1630,none,none,0.0,
"2026-09-01
23:18:03",15p3-0add-9deg-cosolv-none-bathSolv-none-0wt-560s-NoN2-1630s | rep 4,sample 105,168.03256960842185,265.219566602275,16.385450606870045,39.39426981150156,1019.8467082465476,0.0721190895544445,0.0,0.5174674940304318,0.5833309591611892,0.6489431511146679,,True,83.0,"{""elastic_r2"": {""pts"": 28, ""max"": 30, ""note"": ""NRMSE-score=0.919 (RMSE=1.24, range=15.32)""}, ""plateau_r2_start"": {""pts"": 12, ""max"": 15, ""note"": ""R\u00b2(first 40%)=0.769""}, ""densification_r2"": {""pts"": 13, ""max"": 15, ""note"": ""R\u00b2=0.879""}, ""yield_accuracy"": {""pts"": 25, ""max"": 25, ""note"": ""elastic tail undershoots data by 0.6% of elastic range""}, ""junction_continuity"": {""pts"": 10, ""max"": 15, ""note"": ""gap=5.5%""}, ""plateau_r2_full_penalty"": {""pts"": 0, ""max"": 0, ""note"": ""R\u00b2(full)=0.626""}, ""elastic_modulus_penalty"": {""pts"": 0, ""max"": 0, ""note"": ""E=265.2 bar ok""}, ""bp1_accuracy_penalty"": {""pts"": -5, ""max"": 0, ""note"": ""plateau spans 14% of remaining stress \u2014 ok | GAM slope drops 63% in early plateau \u2014 bp1 suspect""}, ""changepoint_curvature_penalty"": {""pts"": 0, ""max"": 0, ""note"": ""d2_norm=2.03, linear_stretch=20%""}, ""slope_ratio_penalty"": {""pts"": 0, ""max"": 0, ""note"": ""plateau/elastic slope ratio=0.15 \u2014 good separation""}, ""_score_final"": {""pts"": 83, ""max"": 100, ""note"": ""no catastrophic applied""}}",60.23033341348289,0.0394087097915586,53,9,15.3,0.0,2.5,False,560,1630,none,none,0.0,
"2026-09-01
23:18:03",15p3-0add-9deg-cosolv-none-bathSolv-none-0wt-560s-NoN2-1630s | rep 1,sample 102,172.83594835464558,163.27810276509666,15.136325091091102,33.93062964889922,1071.874170585332,0.0668342375909822,0.0,0.508914747285728,0.5723826923510928,0.6347180552348346,,True,76.0,"{""elastic_r2"": {""pts"": 28, ""max"": 30, ""note"": ""NRMSE-score=0.946 (RMSE=0.78, range=14.30)""}, ""plateau_r2_start"": {""pts"": 12, ""max"": 15, ""note"": ""R\u00b2(first 40%)=0.833""}, ""densification_r2"": {""pts"": 13, ""max"": 15, ""note"": ""R\u00b2=0.868""}, ""yield_accuracy"": {""pts"": 25, ""max"": 25, ""note"": ""elastic tail undershoots data by 0.8% of elastic range""}, ""junction_continuity"": {""pts"": 13, ""max"": 15, ""note"": ""gap=1.6%""}, ""plateau_r2_full_penalty"": {""pts"": -10, ""max"": 0, ""note"": ""R\u00b2(full)=0.445""}, ""elastic_modulus_penalty"": {""pts"": 0, ""max"": 0, ""note"": ""E=163.3 bar ok""}, ""bp1_accuracy_penalty"": {""pts"": -5, ""max"": 0, ""note"": ""plateau spans 11% of remaining stress \u2014 ok | GAM slope drops 41% in early plateau \u2014 bp1 suspect""}, ""changepoint_curvature_penalty"": {""pts"": 0, ""max"": 0, ""note"": ""d2_norm=1.78, linear_stretch=17%""}, ""slope_ratio_penalty"": {""pts"": 0, ""max"": 0, ""note"": ""plateau/elastic slope ratio=0.21 \u2014 good separation""}, ""_score_final"": {""pts"": 76, ""max"": 100, ""note"": ""no catastrophic applied""}}",61.61474209425428,0.0394087097915586,53,9,15.3,0.0,2.5,False,560,1630,none,none,0.0,
"2026-09-01
23:18:03",15p3-0add-9deg-cosolv-none-bathSolv-none-0wt-560s-NoN2-1630s | rep 2,sample 103,177.85094717875168,333.80409798900075,15.215309263215932,32.30631185893678,1011.7910363608823,0.0671332769901432,0.0,0.4771374891273217,0.5397241354582729,0.6031871969937895,,True,77.0,"{""elastic_r2"": {""pts"": 27, ""max"": 30, ""note"": ""NRMSE-score=0.899 (RMSE=1.53, range=15.15)""}, ""plateau_r2_start"": {""pts"": 13, ""max"": 15, ""note"": ""R\u00b2(first 40%)=0.848""}, ""densification_r2"": {""pts"": 13, ""max"": 15, ""note"": ""R\u00b2=0.889""}, ""yield_accuracy"": {""pts"": 25, ""max"": 25, ""note"": ""elastic tail undershoots data by 0.9% of elastic range""}, ""junction_continuity"": {""pts"": 14, ""max"": 15, ""note"": ""gap=1.2%""}, ""plateau_r2_full_penalty"": {""pts"": -10, ""max"": 0, ""note"": ""R\u00b2(full)=0.463""}, ""elastic_modulus_penalty"": {""pts"": 0, ""max"": 0, ""note"": ""E=333.8 bar ok""}, ""bp1_accuracy_penalty"": {""pts"": -5, ""max"": 0, ""note"": ""plateau spans 11% of remaining stress \u2014 ok | GAM slope drops 60% in early plateau \u2014 bp1 suspect""}, ""changepoint_curvature_penalty"": {""pts"": 0, ""max"": 0, ""note"": ""d2_norm=2.04, linear_stretch=20%""}, ""slope_ratio_penalty"": {""pts"": 0, ""max"": 0, ""note"": ""plateau/elastic slope ratio=0.10 \u2014 good separation""}, ""_score_final"": {""pts"": 77, ""max"": 100, ""note"": ""no catastrophic applied""}}",60.61825159734133,0.0394087097915586,53,9,15.3,0.0,2.5,False,560,1630,none,none,0.0,
"2026-09-02
01:13:09",13p7-0add-11deg-cosolv-none-bathSolv-none-0wt-0s-N2-1200s | rep 4,sample 113,116.94707312153103,40.769009680890576,4.6511993428636895,28.993432972964488,1068.882858571487,0.0522621598166945,0.0,0.6752866898245966,0.733209953362671,0.789774785742498,,False,64.0,"{""elastic_r2"": {""pts"": 28, ""max"": 30, ""note"": ""NRMSE-score=0.937 (RMSE=0.25, range=3.91)""}, ""plateau_r2_start"": {""pts"": 14, ""max"": 15, ""note"": ""R\u00b2(first 40%)=0.955""}, ""densification_r2"": {""pts"": 12, ""max"": 15, ""note"": ""R\u00b2=0.829""}, ""yield_accuracy"": {""pts"": 25, ""max"": 25, ""note"": ""elastic tail undershoots data by 2.7% of elastic range""}, ""junction_continuity"": {""pts"": 5, ""max"": 15, ""note"": ""gap=10.2%""}, ""plateau_r2_full_penalty"": {""pts"": -10, ""max"": 0, ""note"": ""R\u00b2(full)=0.393""}, ""elastic_modulus_penalty"": {""pts"": 0, ""max"": 0, ""note"": ""E=40.8 bar ok""}, ""bp1_accuracy_penalty"": {""pts"": 0, ""max"": 0, ""note"": ""plateau spans 12% of remaining stress \u2014 ok | GAM slope stable in early plateau (drop=-39%) \u2014 ok""}, ""changepoint_curvature_penalty"": {""pts"": 0, ""max"": 0, ""note"": ""d2_norm=2.45, linear_stretch=13%""}, ""slope_ratio_penalty"": {""pts"": -10, ""max"": 0, ""note"": ""plateau/elastic slope ratio=0.71 \u2014 nearly parallel (-10 pts)""}, ""_score_final"": {""pts"": 64, ""max"": 100, ""note"": ""no catastrophic applied""}}",63.5280733942034,0.0659507206465839,25,11,13.7,0.0,20.0,True,0,1200,none,none,0.0,
"2026-09-02
01:13:09",13p7-0add-11deg-cosolv-none-bathSolv-none-0wt-0s-N2-1200s | rep 3,sample 112,121.41978275527224,47.447409556401134,5.117055868108641,32.8616235268642,952.1122676325928,0.056956778155028,0.0,0.6412808755972619,0.710716383914259,0.7763863108226183,,False,66.0,"{""elastic_r2"": {""pts"": 28, ""max"": 30, ""note"": ""NRMSE-score=0.943 (RMSE=0.27, range=4.72)""}, ""plateau_r2_start"": {""pts"": 14, ""max"": 15, ""note"": ""R\u00b2(first 40%)=0.954""}, ""densification_r2"": {""pts"": 12, ""max"": 15, ""note"": ""R\u00b2=0.823""}, ""yield_accuracy"": {""pts"": 25, ""max"": 25, ""note"": ""elastic tail undershoots data by 0.8% of elastic range""}, ""junction_continuity"": {""pts"": 6, ""max"": 15, ""note"": ""gap=9.3%""}, ""plateau_r2_full_penalty"": {""pts"": -10, ""max"": 0, ""note"": ""R\u00b2(full)=0.444""}, ""elastic_modulus_penalty"": {""pts"": 0, ""max"": 0, ""note"": ""E=47.4 bar ok""}, ""bp1_accuracy_penalty"": {""pts"": 0, ""max"": 0, ""note"": ""plateau spans 13% of remaining stress \u2014 ok | GAM slope stable in early plateau (drop=-45%) \u2014 ok""}, ""changepoint_curvature_penalty"": {""pts"": 0, ""max"": 0, ""note"": ""d2_norm=0.83, linear_stretch=20%""}, ""slope_ratio_penalty"": {""pts"": -9, ""max"": 0, ""note"": ""plateau/elastic slope ratio=0.69 \u2014 nearly parallel (-9 pts)""}, ""_score_final"": {""pts"": 66, ""max"": 100, ""note"": ""no catastrophic applied""}}",62.68127919368688,0.0659507206465839,25,11,13.7,0.0,20.0,True,0,1200,none,none,0.0,
"2026-09-02
01:13:09",13p7-0add-11deg-cosolv-none-bathSolv-none-0wt-0s-N2-1200s | rep 1,sample 110,115.79371408138272,50.95584070708074,5.071066936121754,31.02513859759562,901.268436614264,0.0544896108310415,0.0,0.6031782737023681,0.6603516669235641,0.734379666663775,,True,79.0,"{""elastic_r2"": {""pts"": 28, ""max"": 30, ""note"": ""NRMSE-score=0.925 (RMSE=0.36, range=4.74)""}, ""plateau_r2_start"": {""pts"": 15, ""max"": 15, ""note"": ""R\u00b2(first 40%)=0.971""}, ""densification_r2"": {""pts"": 13, ""max"": 15, ""note"": ""R\u00b2=0.874""}, ""yield_accuracy"": {""pts"": 25, ""max"": 25, ""note"": ""elastic tail undershoots data by 2.1% of elastic range""}, ""junction_continuity"": {""pts"": 13, ""max"": 15, ""note"": ""gap=2.4%""}, ""plateau_r2_full_penalty"": {""pts"": -10, ""max"": 0, ""note"": ""R\u00b2(full)=0.426""}, ""elastic_modulus_penalty"": {""pts"": 0, ""max"": 0, ""note"": ""E=51.0 bar ok""}, ""bp1_accuracy_penalty"": {""pts"": 0, ""max"": 0, ""note"": ""plateau spans 12% of remaining stress \u2014 ok | GAM slope stable in early plateau (drop=-54%) \u2014 ok""}, ""changepoint_curvature_penalty"": {""pts"": 0, ""max"": 0, ""note"": ""d2_norm=2.76, linear_stretch=17%""}, ""slope_ratio_penalty"": {""pts"": -5, ""max"": 0, ""note"": ""plateau/elastic slope ratio=0.61 \u2014 nearly parallel (-5 pts)""}, ""_score_final"": {""pts"": 79, ""max"": 100, ""note"": ""no catastrophic applied""}}",63.83795899905332,0.0659507206465839,25,11,13.7,0.0,20.0,True,0,1200,none,none,0.0,
"2026-09-02
01:13:09",13p7-0add-11deg-cosolv-none-bathSolv-none-0wt-0s-N2-1200s | rep 2,sample 111,119.47977225275498,63.79784701137836,5.664473173107578,47.00379261778483,882.3838689970669,0.0527635269847122,0.0,0.5843569001640904,0.6415742116870571,0.7169585177447242,,True,73.0,"{""elastic_r2"": {""pts"": 27, ""max"": 30, ""note"": ""NRMSE-score=0.912 (RMSE=0.45, range=5.06)""}, ""plateau_r2_start"": {""pts"": 14, ""max"": 15, ""note"": ""R\u00b2(first 40%)=0.935""}, ""densification_r2"": {""pts"": 14, ""max"": 15, ""note"": ""R\u00b2=0.902""}, ""yield_accuracy"": {""pts"": 25, ""max"": 25, ""note"": ""elastic tail undershoots data by 4.7% of elastic range""}, ""junction_continuity"": {""pts"": 4, ""max"": 15, ""note"": ""gap=11.0%""}, ""plateau_r2_full_penalty"": {""pts"": 0, ""max"": 0, ""note"": ""R\u00b2(full)=0.728""}, ""elastic_modulus_penalty"": {""pts"": 0, ""max"": 0, ""note"": ""E=63.8 bar ok""}, ""bp1_accuracy_penalty"": {""pts"": 0, ""max"": 0, ""note"": ""plateau spans 17% of remaining stress \u2014 ok | GAM slope stable in early plateau (drop=-6%) \u2014 ok""}, ""changepoint_curvature_penalty"": {""pts"": 0, ""max"": 0, ""note"": ""d2_norm=2.90, linear_stretch=17%""}, ""slope_ratio_penalty"": {""pts"": -11, ""max"": 0, ""note"": ""plateau/elastic slope ratio=0.74 \u2014 nearly parallel (-11 pts)""}, ""_score_final"": {""pts"": 73, ""max"": 100, ""note"": ""no catastrophic applied""}}",63.55016075723723,0.0659507206465839,25,11,13.7,0.0,20.0,True,0,1200,none,none,0.0,
"2026-09-04
18:50:34",17-0add-14deg-cosolv-none-bathSolv-none-0wt-250s-NoN2-1480s | rep 3,sample 21,153.17121743811734,311.3066834511492,25.32683186083361,44.70575042360205,847.2010524755758,0.0714856705803601,0.0,0.4600354046701163,0.5550717566823595,0.6349223354191514,,True,92.0,"{""elastic_r2"": {""pts"": 29, ""max"": 30, ""note"": ""NRMSE-score=0.955 (RMSE=1.04, range=23.28)""}, ""plateau_r2_start"": {""pts"": 14, ""max"": 15, ""note"": ""R\u00b2(first 40%)=0.937""}, ""densification_r2"": {""pts"": 14, ""max"": 15, ""note"": ""R\u00b2=0.919""}, ""yield_accuracy"": {""pts"": 25, ""max"": 25, ""note"": ""elastic tail undershoots data by 1.2% of elastic range""}, ""junction_continuity"": {""pts"": 15, ""max"": 15, ""note"": ""gap=0.0%""}, ""plateau_r2_full_penalty"": {""pts"": 0, ""max"": 0, ""note"": ""R\u00b2(full)=0.684""}, ""elastic_modulus_penalty"": {""pts"": 0, ""max"": 0, ""note"": ""E=311.3 bar ok""}, ""bp1_accuracy_penalty"": {""pts"": -5, ""max"": 0, ""note"": ""plateau spans 16% of remaining stress \u2014 ok | GAM slope drops 62% in early plateau \u2014 bp1 suspect""}, ""changepoint_curvature_penalty"": {""pts"": 0, ""max"": 0, ""note"": ""d2_norm=1.99, linear_stretch=13%""}, ""slope_ratio_penalty"": {""pts"": 0, ""max"": 0, ""note"": ""plateau/elastic slope ratio=0.14 \u2014 good separation""}, ""_score_final"": {""pts"": 92, ""max"": 100, ""note"": ""no catastrophic applied""}}",56.7869071425759,0.0285710012313355,25,14,17.0,0.0,7.0,False,250,1480,none,none,0.0,
"2026-09-04
18:50:34",17-0add-14deg-cosolv-none-bathSolv-none-0wt-250s-NoN2-1480s | rep 2,sample 20,146.99294755637837,262.06482434045023,23.037312655594533,47.83548912648735,837.6758910374821,0.0823528230916168,0.0,0.4539283863254286,0.5363157678006374,0.6210914412424419,,True,90.0,"{""elastic_r2"": {""pts"": 29, ""max"": 30, ""note"": ""NRMSE-score=0.955 (RMSE=0.94, range=21.03)""}, ""plateau_r2_start"": {""pts"": 14, ""max"": 15, ""note"": ""R\u00b2(first 40%)=0.902""}, ""densification_r2"": {""pts"": 14, ""max"": 15, ""note"": ""R\u00b2=0.925""}, ""yield_accuracy"": {""pts"": 25, ""max"": 25, ""note"": ""elastic tail undershoots data by 1.0% of elastic range""}, ""junction_continuity"": {""pts"": 13, ""max"": 15, ""note"": ""gap=1.6%""}, ""plateau_r2_full_penalty"": {""pts"": 0, ""max"": 0, ""note"": ""R\u00b2(full)=0.689""}, ""elastic_modulus_penalty"": {""pts"": 0, ""max"": 0, ""note"": ""E=262.1 bar ok""}, ""bp1_accuracy_penalty"": {""pts"": -5, ""max"": 0, ""note"": ""plateau spans 16% of remaining stress \u2014 ok | GAM slope drops 60% in early plateau \u2014 bp1 suspect""}, ""changepoint_curvature_penalty"": {""pts"": 0, ""max"": 0, ""note"": ""d2_norm=2.37, linear_stretch=13%""}, ""slope_ratio_penalty"": {""pts"": 0, ""max"": 0, ""note"": ""plateau/elastic slope ratio=0.18 \u2014 good separation""}, ""_score_final"": {""pts"": 90, ""max"": 100, ""note"": ""no catastrophic applied""}}",57.69052803316213,0.0285710012313355,25,14,17.0,0.0,7.0,False,250,1480,none,none,0.0,
"2026-09-04
18:50:34",17-0add-14deg-cosolv-none-bathSolv-none-0wt-250s-NoN2-1480s | rep 4,sample 22,151.1141127878166,310.76100612799354,24.9530309991978,47.05902433952705,819.3854980119823,0.0762986641276586,0.0,0.4391918101975656,0.538192992007978,0.6225695324465701,,True,91.0,"{""elastic_r2"": {""pts"": 29, ""max"": 30, ""note"": ""NRMSE-score=0.953 (RMSE=1.12, range=23.53)""}, ""plateau_r2_start"": {""pts"": 14, ""max"": 15, ""note"": ""R\u00b2(first 40%)=0.947""}, ""densification_r2"": {""pts"": 14, ""max"": 15, ""note"": ""R\u00b2=0.929""}, ""yield_accuracy"": {""pts"": 25, ""max"": 25, ""note"": ""elastic tail overshoots data by 0.6% of elastic range""}, ""junction_continuity"": {""pts"": 14, ""max"": 15, ""note"": ""gap=0.6%""}, ""plateau_r2_full_penalty"": {""pts"": 0, ""max"": 0, ""note"": ""R\u00b2(full)=0.707""}, ""elastic_modulus_penalty"": {""pts"": 0, ""max"": 0, ""note"": ""E=310.8 bar ok""}, ""bp1_accuracy_penalty"": {""pts"": -5, ""max"": 0, ""note"": ""plateau spans 17% of remaining stress \u2014 ok | GAM slope drops 68% in early plateau \u2014 bp1 suspect""}, ""changepoint_curvature_penalty"": {""pts"": 0, ""max"": 0, ""note"": ""d2_norm=2.28, linear_stretch=13%""}, ""slope_ratio_penalty"": {""pts"": 0, ""max"": 0, ""note"": ""plateau/elastic slope ratio=0.15 \u2014 good separation""}, ""_score_final"": {""pts"": 91, ""max"": 100, ""note"": ""no catastrophic applied""}}",56.99511870356015,0.0285710012313355,25,14,17.0,0.0,7.0,False,250,1480,none,none,0.0,
"2026-09-04
18:50:34",17-0add-14deg-cosolv-none-bathSolv-none-0wt-250s-NoN2-1480s | rep 1,sample 19,147.18502471728988,305.62191013864475,24.44142752861121,50.10680078159125,877.4967675842879,0.0703593313457704,0.0,0.4621461566059227,0.557495426245864,0.64127922779124,,True,89.0,"{""elastic_r2"": {""pts"": 29, ""max"": 30, ""note"": ""NRMSE-score=0.954 (RMSE=1.03, range=22.25)""}, ""plateau_r2_start"": {""pts"": 14, ""max"": 15, ""note"": ""R\u00b2(first 40%)=0.910""}, ""densification_r2"": {""pts"": 14, ""max"": 15, ""note"": ""R\u00b2=0.903""}, ""yield_accuracy"": {""pts"": 25, ""max"": 25, ""note"": ""elastic tail overshoots data by 0.6% of elastic range""}, ""junction_continuity"": {""pts"": 12, ""max"": 15, ""note"": ""gap=2.5%""}, ""plateau_r2_full_penalty"": {""pts"": 0, ""max"": 0, ""note"": ""R\u00b2(full)=0.745""}, ""elastic_modulus_penalty"": {""pts"": 0, ""max"": 0, ""note"": ""E=305.6 bar ok""}, ""bp1_accuracy_penalty"": {""pts"": -5, ""max"": 0, ""note"": ""plateau spans 18% of remaining stress \u2014 ok | GAM slope drops 57% in early plateau \u2014 bp1 suspect""}, ""changepoint_curvature_penalty"": {""pts"": 0, ""max"": 0, ""note"": ""d2_norm=2.56, linear_stretch=20%""}, ""slope_ratio_penalty"": {""pts"": 0, ""max"": 0, ""note"": ""plateau/elastic slope ratio=0.16 \u2014 good separation""}, ""_score_final"": {""pts"": 89, ""max"": 100, ""note"": ""no catastrophic applied""}}",56.56631877743386,0.0285710012313355,25,14,17.0,0.0,7.0,False,250,1480,none,none,0.0,
"2026-09-04
20:56:28",14p3-0add-16deg-cosolv-none-bathSolv-none-0wt-100s-NoN2-1550s | rep 4,sample 30,143.05612442123456,131.7147005301971,16.561692339979054,39.310937408561806,920.0133412924832,0.0643944472105183,0.0260692603607601,0.5711890753026239,0.6400144047192657,0.7065448534005467,,True,92.0,"{""elastic_r2"": {""pts"": 28, ""max"": 30, ""note"": ""NRMSE-score=0.936 (RMSE=1.05, range=16.59)""}, ""plateau_r2_start"": {""pts"": 13, ""max"": 15, ""note"": ""R\u00b2(first 40%)=0.889""}, ""densification_r2"": {""pts"": 14, ""max"": 15, ""note"": ""R\u00b2=0.907""}, ""yield_accuracy"": {""pts"": 25, ""max"": 25, ""note"": ""elastic tail undershoots data by 3.5% of elastic range""}, ""junction_continuity"": {""pts"": 12, ""max"": 15, ""note"": ""gap=3.2%""}, ""plateau_r2_full_penalty"": {""pts"": 0, ""max"": 0, ""note"": ""R\u00b2(full)=0.623""}, ""elastic_modulus_penalty"": {""pts"": 0, ""max"": 0, ""note"": ""E=131.7 bar ok""}, ""bp1_accuracy_penalty"": {""pts"": 0, ""max"": 0, ""note"": ""plateau spans 14% of remaining stress \u2014 ok | GAM slope stable in early plateau (drop=-2%) \u2014 ok""}, ""changepoint_curvature_penalty"": {""pts"": 0, ""max"": 0, ""note"": ""d2_norm=2.60, linear_stretch=17%""}, ""slope_ratio_penalty"": {""pts"": 0, ""max"": 0, ""note"": ""plateau/elastic slope ratio=0.30 \u2014 good separation""}, ""_score_final"": {""pts"": 92, ""max"": 100, ""note"": ""no catastrophic applied""}}",61.03867650862249,0.0475864158272879,77,16,14.3,0.0,1.0,False,100,1550,none,none,0.0,
"2026-09-04
20:56:28",14p3-0add-16deg-cosolv-none-bathSolv-none-0wt-100s-NoN2-1550s | rep 3,sample 29,130.71625154264945,144.66504223785182,16.541384391532603,38.74139665589511,907.5245496444156,0.0679641780621881,0.0257230672067713,0.5604438904555371,0.632768371414187,0.7025673689356418,,True,94.0,"{""elastic_r2"": {""pts"": 28, ""max"": 30, ""note"": ""NRMSE-score=0.929 (RMSE=1.15, range=16.13)""}, ""plateau_r2_start"": {""pts"": 14, ""max"": 15, ""note"": ""R\u00b2(first 40%)=0.909""}, ""densification_r2"": {""pts"": 14, ""max"": 15, ""note"": ""R\u00b2=0.905""}, ""yield_accuracy"": {""pts"": 25, ""max"": 25, ""note"": ""elastic tail undershoots data by 4.6% of elastic range""}, ""junction_continuity"": {""pts"": 13, ""max"": 15, ""note"": ""gap=1.9%""}, ""plateau_r2_full_penalty"": {""pts"": 0, ""max"": 0, ""note"": ""R\u00b2(full)=0.599""}, ""elastic_modulus_penalty"": {""pts"": 0, ""max"": 0, ""note"": ""E=144.7 bar ok""}, ""bp1_accuracy_penalty"": {""pts"": 0, ""max"": 0, ""note"": ""plateau spans 14% of remaining stress \u2014 ok | GAM slope stable in early plateau (drop=15%) \u2014 ok""}, ""changepoint_curvature_penalty"": {""pts"": 0, ""max"": 0, ""note"": ""d2_norm=1.58, linear_stretch=20%""}, ""slope_ratio_penalty"": {""pts"": 0, ""max"": 0, ""note"": ""plateau/elastic slope ratio=0.27 \u2014 good separation""}, ""_score_final"": {""pts"": 94, ""max"": 100, ""note"": ""no catastrophic applied""}}",60.69746660664141,0.0475864158272879,77,16,14.3,0.0,1.0,False,100,1550,none,none,0.0,
"2026-09-04
20:56:28",14p3-0add-16deg-cosolv-none-bathSolv-none-0wt-100s-NoN2-1550s | rep 2,sample 28,139.63658065081268,151.66883040234137,16.599651178069237,43.7397750044202,1014.3658029215238,0.0639574443066837,0.036663093835944,0.5347194368834935,0.6034566453299586,0.6706757779883291,,True,90.0,"{""elastic_r2"": {""pts"": 28, ""max"": 30, ""note"": ""NRMSE-score=0.930 (RMSE=1.08, range=15.39)""}, ""plateau_r2_start"": {""pts"": 13, ""max"": 15, ""note"": ""R\u00b2(first 40%)=0.891""}, ""densification_r2"": {""pts"": 13, ""max"": 15, ""note"": ""R\u00b2=0.900""}, ""yield_accuracy"": {""pts"": 25, ""max"": 25, ""note"": ""elastic tail undershoots data by 3.5% of elastic range""}, ""junction_continuity"": {""pts"": 11, ""max"": 15, ""note"": ""gap=3.7%""}, ""plateau_r2_full_penalty"": {""pts"": 0, ""max"": 0, ""note"": ""R\u00b2(full)=0.617""}, ""elastic_modulus_penalty"": {""pts"": 0, ""max"": 0, ""note"": ""E=151.7 bar ok""}, ""bp1_accuracy_penalty"": {""pts"": 0, ""max"": 0, ""note"": ""plateau spans 15% of remaining stress \u2014 ok | GAM slope stable in early plateau (drop=20%) \u2014 ok""}, ""changepoint_curvature_penalty"": {""pts"": 0, ""max"": 0, ""note"": ""d2_norm=1.94, linear_stretch=17%""}, ""slope_ratio_penalty"": {""pts"": 0, ""max"": 0, ""note"": ""plateau/elastic slope ratio=0.29 \u2014 good separation""}, ""_score_final"": {""pts"": 90, ""max"": 100, ""note"": ""no catastrophic applied""}}",60.69901724246405,0.0475864158272879,77,16,14.3,0.0,1.0,False,100,1550,none,none,0.0,
"2026-09-04
20:56:28",14p3-0add-16deg-cosolv-none-bathSolv-none-0wt-100s-NoN2-1550s | rep 1,sample 27,135.1183023087247,200.0181770432624,15.246767181739507,46.08787433817817,1047.844448609503,0.0608888250344601,0.0,0.5153553712908574,0.5817377948353755,0.6441514032045683,,True,90.0,"{""elastic_r2"": {""pts"": 28, ""max"": 30, ""note"": ""NRMSE-score=0.941 (RMSE=0.85, range=14.27)""}, ""plateau_r2_start"": {""pts"": 13, ""max"": 15, ""note"": ""R\u00b2(first 40%)=0.895""}, ""densification_r2"": {""pts"": 13, ""max"": 15, ""note"": ""R\u00b2=0.893""}, ""yield_accuracy"": {""pts"": 25, ""max"": 25, ""note"": ""elastic tail undershoots data by 1.9% of elastic range""}, ""junction_continuity"": {""pts"": 11, ""max"": 15, ""note"": ""gap=3.9%""}, ""plateau_r2_full_penalty"": {""pts"": 0, ""max"": 0, ""note"": ""R\u00b2(full)=0.671""}, ""elastic_modulus_penalty"": {""pts"": 0, ""max"": 0, ""note"": ""E=200.0 bar ok""}, ""bp1_accuracy_penalty"": {""pts"": 0, ""max"": 0, ""note"": ""plateau spans 16% of remaining stress \u2014 ok | GAM slope stable in early plateau (drop=32%) \u2014 ok""}, ""changepoint_curvature_penalty"": {""pts"": 0, ""max"": 0, ""note"": ""d2_norm=1.18, linear_stretch=20%""}, ""slope_ratio_penalty"": {""pts"": 0, ""max"": 0, ""note"": ""plateau/elastic slope ratio=0.23 \u2014 good separation""}, ""_score_final"": {""pts"": 90, ""max"": 100, ""note"": ""no catastrophic applied""}}",60.27344751306504,0.0475864158272879,77,16,14.3,0.0,1.0,False,100,1550,none,none,0.0,
"2026-09-04
22:58:21",16p5-0add-19deg-cosolv-none-bathSolv-none-0wt-175s-N2-1450s | rep 2,sample 36,135.9085705964187,449.9714505669911,27.89501957388521,138.17404602504052,334.45962745832804,0.1668705798398988,0.0,0.2191937164470077,0.402214235256184,0.6331615756700346,,True,91.0,"{""elastic_r2"": {""pts"": 27, ""max"": 30, ""note"": ""NRMSE-score=0.900 (RMSE=2.65, range=26.47)""}, ""plateau_r2_start"": {""pts"": 14, ""max"": 15, ""note"": ""R\u00b2(first 40%)=0.963""}, ""densification_r2"": {""pts"": 15, ""max"": 15, ""note"": ""R\u00b2=0.985""}, ""yield_accuracy"": {""pts"": 25, ""max"": 25, ""note"": ""elastic tail undershoots data by 2.5% of elastic range""}, ""junction_continuity"": {""pts"": 15, ""max"": 15, ""note"": ""gap=0.0%""}, ""plateau_r2_full_penalty"": {""pts"": 0, ""max"": 0, ""note"": ""R\u00b2(full)=0.986""}, ""elastic_modulus_penalty"": {""pts"": 0, ""max"": 0, ""note"": ""E=450.0 bar ok""}, ""bp1_accuracy_penalty"": {""pts"": -5, ""max"": 0, ""note"": ""plateau spans 40% of remaining stress \u2014 ok | GAM slope drops 48% in early plateau \u2014 bp1 suspect""}, ""changepoint_curvature_penalty"": {""pts"": 0, ""max"": 0, ""note"": ""d2_norm=2.26, linear_stretch=13%""}, ""slope_ratio_penalty"": {""pts"": 0, ""max"": 0, ""note"": ""plateau/elastic slope ratio=0.31 \u2014 good separation""}, ""_score_final"": {""pts"": 91, ""max"": 100, ""note"": ""no catastrophic applied""}}",51.97881774603015,0.0934683606104618,58,19,16.5,0.0,12.0,True,175,1450,none,none,0.0,
"2026-09-04
22:58:21",16p5-0add-19deg-cosolv-none-bathSolv-none-0wt-175s-N2-1450s | rep 1,sample 35,137.03820086636492,278.79340941668147,28.9674957390703,146.8820678966137,366.95642867342747,0.2168334839030234,0.0,0.2452307317629887,0.4114780054451104,0.6126151588130251,,True,97.0,"{""elastic_r2"": {""pts"": 29, ""max"": 30, ""note"": ""NRMSE-score=0.951 (RMSE=1.42, range=28.76)""}, ""plateau_r2_start"": {""pts"": 14, ""max"": 15, ""note"": ""R\u00b2(first 40%)=0.951""}, ""densification_r2"": {""pts"": 15, ""max"": 15, ""note"": ""R\u00b2=0.986""}, ""yield_accuracy"": {""pts"": 25, ""max"": 25, ""note"": ""elastic tail undershoots data by 1.7% of elastic range""}, ""junction_continuity"": {""pts"": 14, ""max"": 15, ""note"": ""gap=0.9%""}, ""plateau_r2_full_penalty"": {""pts"": 0, ""max"": 0, ""note"": ""R\u00b2(full)=0.985""}, ""elastic_modulus_penalty"": {""pts"": 0, ""max"": 0, ""note"": ""E=278.8 bar ok""}, ""bp1_accuracy_penalty"": {""pts"": 0, ""max"": 0, ""note"": ""plateau spans 36% of remaining stress \u2014 ok | GAM slope stable in early plateau (drop=24%) \u2014 ok""}, ""changepoint_curvature_penalty"": {""pts"": 0, ""max"": 0, ""note"": ""d2_norm=1.16, linear_stretch=10%""}, ""slope_ratio_penalty"": {""pts"": 0, ""max"": 0, ""note"": ""plateau/elastic slope ratio=0.53 \u2014 good separation""}, ""_score_final"": {""pts"": 97, ""max"": 100, ""note"": ""no catastrophic applied""}}",51.997475550453785,0.0934683606104618,58,19,16.5,0.0,12.0,True,175,1450,none,none,0.0,
"2026-09-04
22:58:21",16p5-0add-19deg-cosolv-none-bathSolv-none-0wt-175s-N2-1450s | rep 4,sample 38,138.39610750263006,458.51188580000496,27.567536015365683,149.2529789880877,476.43019249253547,0.1162975370228119,0.0,0.2116994256073736,0.3783597411055988,0.5543922034574189,,True,96.0,"{""elastic_r2"": {""pts"": 28, ""max"": 30, ""note"": ""NRMSE-score=0.925 (RMSE=2.02, range=26.96)""}, ""plateau_r2_start"": {""pts"": 14, ""max"": 15, ""note"": ""R\u00b2(first 40%)=0.965""}, ""densification_r2"": {""pts"": 14, ""max"": 15, ""note"": ""R\u00b2=0.966""}, ""yield_accuracy"": {""pts"": 25, ""max"": 25, ""note"": ""elastic tail undershoots data by 2.5% of elastic range""}, ""junction_continuity"": {""pts"": 15, ""max"": 15, ""note"": ""gap=0.2%""}, ""plateau_r2_full_penalty"": {""pts"": 0, ""max"": 0, ""note"": ""R\u00b2(full)=0.977""}, ""elastic_modulus_penalty"": {""pts"": 0, ""max"": 0, ""note"": ""E=458.5 bar ok""}, ""bp1_accuracy_penalty"": {""pts"": 0, ""max"": 0, ""note"": ""plateau spans 43% of remaining stress \u2014 ok | GAM slope stable in early plateau (drop=37%) \u2014 ok""}, ""changepoint_curvature_penalty"": {""pts"": 0, ""max"": 0, ""note"": ""d2_norm=2.66, linear_stretch=17%""}, ""slope_ratio_penalty"": {""pts"": 0, ""max"": 0, ""note"": ""plateau/elastic slope ratio=0.33 \u2014 good separation""}, ""_score_final"": {""pts"": 96, ""max"": 100, ""note"": ""no catastrophic applied""}}",51.17381281166039,0.0934683606104618,58,19,16.5,0.0,12.0,True,175,1450,none,none,0.0,
"2026-09-04
22:58:21",16p5-0add-19deg-cosolv-none-bathSolv-none-0wt-175s-N2-1450s | rep 3,sample 37,131.3915357764776,564.3534663096592,24.13789368327997,156.023804801548,501.1355553228786,0.1032171833188666,0.0,0.1899159859217503,0.3485440476869571,0.5135258725763521,,True,87.0,"{""elastic_r2"": {""pts"": 26, ""max"": 30, ""note"": ""NRMSE-score=0.852 (RMSE=3.61, range=24.40)""}, ""plateau_r2_start"": {""pts"": 15, ""max"": 15, ""note"": ""R\u00b2(first 40%)=0.972""}, ""densification_r2"": {""pts"": 14, ""max"": 15, ""note"": ""R\u00b2=0.963""}, ""yield_accuracy"": {""pts"": 25, ""max"": 25, ""note"": ""elastic tail undershoots data by 5.9% of elastic range""}, ""junction_continuity"": {""pts"": 12, ""max"": 15, ""note"": ""gap=2.7%""}, ""plateau_r2_full_penalty"": {""pts"": 0, ""max"": 0, ""note"": ""R\u00b2(full)=0.981""}, ""elastic_modulus_penalty"": {""pts"": 0, ""max"": 0, ""note"": ""E=564.4 bar ok""}, ""bp1_accuracy_penalty"": {""pts"": -5, ""max"": 0, ""note"": ""plateau spans 43% of remaining stress \u2014 ok | GAM slope drops 48% in early plateau \u2014 bp1 suspect""}, ""changepoint_curvature_penalty"": {""pts"": 0, ""max"": 0, ""note"": ""d2_norm=5.22, linear_stretch=27%""}, ""slope_ratio_penalty"": {""pts"": 0, ""max"": 0, ""note"": ""plateau/elastic slope ratio=0.28 \u2014 good separation""}, ""_score_final"": {""pts"": 87, ""max"": 100, ""note"": ""no catastrophic applied""}}",51.14079143350225,0.0934683606104618,58,19,16.5,0.0,12.0,True,175,1450,none,none,0.0,
"2026-09-05
00:18:32",17-0add-21deg-cosolv-none-bathSolv-none-0wt-325s-N2-1800s | rep 2,sample 44,158.5894343002842,308.78851301436924,31.751213952424493,127.571170369411,344.0290675562144,0.0878450613008346,0.0,0.2488975148123327,0.4246135824961103,,,True,90.0,"{""elastic_r2"": {""pts"": 29, ""max"": 30, ""note"": ""NRMSE-score=0.958 (RMSE=1.30, range=30.83)""}, ""plateau_r2_start"": {""pts"": 14, ""max"": 15, ""note"": ""R\u00b2(first 40%)=0.961""}, ""densification_r2"": {""pts"": 14, ""max"": 15, ""note"": ""R\u00b2=0.958""}, ""yield_accuracy"": {""pts"": 25, ""max"": 25, ""note"": ""elastic tail overshoots data by 0.2% of elastic range""}, ""junction_continuity"": {""pts"": 14, ""max"": 15, ""note"": ""gap=1.3%""}, ""plateau_r2_full_penalty"": {""pts"": 0, ""max"": 0, ""note"": ""R\u00b2(full)=0.966""}, ""elastic_modulus_penalty"": {""pts"": 0, ""max"": 0, ""note"": ""E=308.8 bar ok""}, ""bp1_accuracy_penalty"": {""pts"": -5, ""max"": 0, ""note"": ""plateau spans 37% of remaining stress \u2014 ok | GAM slope drops 47% in early plateau \u2014 bp1 suspect""}, ""changepoint_curvature_penalty"": {""pts"": -1, ""max"": 0, ""note"": ""d2_norm=0.60, linear_stretch=13%""}, ""slope_ratio_penalty"": {""pts"": 0, ""max"": 0, ""note"": ""plateau/elastic slope ratio=0.41 \u2014 good separation""}, ""_score_final"": {""pts"": 90, ""max"": 100, ""note"": ""no catastrophic applied""}}",50.33225847145842,0.1075376986265493,25,21,17.0,0.0,11.0,True,325,1800,none,none,0.0,
"2026-09-05
00:18:32",17-0add-21deg-cosolv-none-bathSolv-none-0wt-325s-N2-1800s | rep 3,sample 45,143.80806979099873,450.9947850632003,31.433490020691604,137.94775291149838,534.4963413132456,0.0657460006621426,0.0,0.2071290783914964,0.4039447464525714,0.5710856117637484,,True,90.0,"{""elastic_r2"": {""pts"": 27, ""max"": 30, ""note"": ""NRMSE-score=0.915 (RMSE=2.60, range=30.68)""}, ""plateau_r2_start"": {""pts"": 14, ""max"": 15, ""note"": ""R\u00b2(first 40%)=0.960""}, ""densification_r2"": {""pts"": 14, ""max"": 15, ""note"": ""R\u00b2=0.912""}, ""yield_accuracy"": {""pts"": 25, ""max"": 25, ""note"": ""elastic tail undershoots data by 0.9% of elastic range""}, ""junction_continuity"": {""pts"": 14, ""max"": 15, ""note"": ""gap=1.4%""}, ""plateau_r2_full_penalty"": {""pts"": 0, ""max"": 0, ""note"": ""R\u00b2(full)=0.972""}, ""elastic_modulus_penalty"": {""pts"": 0, ""max"": 0, ""note"": ""E=451.0 bar ok""}, ""bp1_accuracy_penalty"": {""pts"": 0, ""max"": 0, ""note"": ""plateau spans 46% of remaining stress \u2014 ok | GAM slope stable in early plateau (drop=35%) \u2014 ok""}, ""changepoint_curvature_penalty"": {""pts"": -4, ""max"": 0, ""note"": ""d2_norm=0.00, linear_stretch=37%""}, ""slope_ratio_penalty"": {""pts"": 0, ""max"": 0, ""note"": ""plateau/elastic slope ratio=0.31 \u2014 good separation""}, ""_score_final"": {""pts"": 90, ""max"": 100, ""note"": ""no catastrophic applied""}}",50.06461920950181,0.1075376986265493,25,21,17.0,0.0,11.0,True,325,1800,none,none,0.0,
"2026-09-05
00:18:32",17-0add-21deg-cosolv-none-bathSolv-none-0wt-325s-N2-1800s | rep 1,sample 43,156.24728181330568,270.4493211644795,31.077026681891542,142.96566240733577,470.43010518552194,0.1573798508928499,0.0,0.2507091235049358,0.3995548113948163,0.5680881105140019,,True,98.0,"{""elastic_r2"": {""pts"": 29, ""max"": 30, ""note"": ""NRMSE-score=0.964 (RMSE=1.09, range=30.29)""}, ""plateau_r2_start"": {""pts"": 14, ""max"": 15, ""note"": ""R\u00b2(first 40%)=0.960""}, ""densification_r2"": {""pts"": 15, ""max"": 15, ""note"": ""R\u00b2=0.975""}, ""yield_accuracy"": {""pts"": 25, ""max"": 25, ""note"": ""elastic tail undershoots data by 0.4% of elastic range""}, ""junction_continuity"": {""pts"": 15, ""max"": 15, ""note"": ""gap=0.3%""}, ""plateau_r2_full_penalty"": {""pts"": 0, ""max"": 0, ""note"": ""R\u00b2(full)=0.962""}, ""elastic_modulus_penalty"": {""pts"": 0, ""max"": 0, ""note"": ""E=270.4 bar ok""}, ""bp1_accuracy_penalty"": {""pts"": 0, ""max"": 0, ""note"": ""plateau spans 35% of remaining stress \u2014 ok | GAM slope stable in early plateau (drop=36%) \u2014 ok""}, ""changepoint_curvature_penalty"": {""pts"": 0, ""max"": 0, ""note"": ""d2_norm=1.74, linear_stretch=20%""}, ""slope_ratio_penalty"": {""pts"": 0, ""max"": 0, ""note"": ""plateau/elastic slope ratio=0.53 \u2014 good separation""}, ""_score_final"": {""pts"": 98, ""max"": 100, ""note"": ""no catastrophic applied""}}",51.06018836034441,0.1075376986265493,25,21,17.0,0.0,11.0,True,325,1800,none,none,0.0,
"2026-09-05
00:18:32",17-0add-21deg-cosolv-none-bathSolv-none-0wt-325s-N2-1800s | rep 4,sample 46,153.8698086695833,266.7198219471088,31.80679580958084,102.37650880420696,698.6432718863878,0.0632564948044407,0.0,0.2993419731267275,0.508648937365359,0.6308815273195616,,True,89.0,"{""elastic_r2"": {""pts"": 29, ""max"": 30, ""note"": ""NRMSE-score=0.954 (RMSE=1.42, range=30.56)""}, ""plateau_r2_start"": {""pts"": 14, ""max"": 15, ""note"": ""R\u00b2(first 40%)=0.959""}, ""densification_r2"": {""pts"": 14, ""max"": 15, ""note"": ""R\u00b2=0.932""}, ""yield_accuracy"": {""pts"": 25, ""max"": 25, ""note"": ""elastic tail undershoots data by 1.1% of elastic range""}, ""junction_continuity"": {""pts"": 12, ""max"": 15, ""note"": ""gap=2.9%""}, ""plateau_r2_full_penalty"": {""pts"": 0, ""max"": 0, ""note"": ""R\u00b2(full)=0.939""}, ""elastic_modulus_penalty"": {""pts"": 0, ""max"": 0, ""note"": ""E=266.7 bar ok""}, ""bp1_accuracy_penalty"": {""pts"": -5, ""max"": 0, ""note"": ""plateau spans 35% of remaining stress \u2014 ok | GAM slope drops 46% in early plateau \u2014 bp1 suspect""}, ""changepoint_curvature_penalty"": {""pts"": 0, ""max"": 0, ""note"": ""d2_norm=2.75, linear_stretch=17%""}, ""slope_ratio_penalty"": {""pts"": 0, ""max"": 0, ""note"": ""plateau/elastic slope ratio=0.38 \u2014 good separation""}, ""_score_final"": {""pts"": 89, ""max"": 100, ""note"": ""no catastrophic applied""}}",52.049742695113686,0.1075376986265493,25,21,17.0,0.0,11.0,True,325,1800,none,none,0.0,
"2026-09-05
02:19:54",16p5-0add-24deg-cosolv-none-bathSolv-none-0wt-390s-NoN2-1200s | rep 2,sample 52,146.04179011927775,407.8461365540714,20.76409605710909,42.65320114497597,873.7155508711742,0.0739655882100427,0.0,0.5028034996947123,0.5944022773912216,0.6693931322675,,True,95.0,"{""elastic_r2"": {""pts"": 27, ""max"": 30, ""note"": ""NRMSE-score=0.899 (RMSE=1.99, range=19.77)""}, ""plateau_r2_start"": {""pts"": 14, ""max"": 15, ""note"": ""R\u00b2(first 40%)=0.932""}, ""densification_r2"": {""pts"": 14, ""max"": 15, ""note"": ""R\u00b2=0.921""}, ""yield_accuracy"": {""pts"": 25, ""max"": 25, ""note"": ""elastic tail undershoots data by 3.2% of elastic range""}, ""junction_continuity"": {""pts"": 15, ""max"": 15, ""note"": ""gap=0.1%""}, ""plateau_r2_full_penalty"": {""pts"": 0, ""max"": 0, ""note"": ""R\u00b2(full)=0.712""}, ""elastic_modulus_penalty"": {""pts"": 0, ""max"": 0, ""note"": ""E=407.8 bar ok""}, ""bp1_accuracy_penalty"": {""pts"": 0, ""max"": 0, ""note"": ""plateau spans 17% of remaining stress \u2014 ok | GAM slope drops 73% in early plateau, but plateau geometry ok \u2014 no penalty""}, ""changepoint_curvature_penalty"": {""pts"": 0, ""max"": 0, ""note"": ""d2_norm=3.25, linear_stretch=13%""}, ""slope_ratio_penalty"": {""pts"": 0, ""max"": 0, ""note"": ""plateau/elastic slope ratio=0.10 \u2014 good separation""}, ""_score_final"": {""pts"": 95, ""max"": 100, ""note"": ""no catastrophic applied""}}",57.64335291229692,0.0366665742897912,25,24,16.5,0.0,4.0,False,390,1200,none,none,0.0,
"2026-09-05
02:19:54",16p5-0add-24deg-cosolv-none-bathSolv-none-0wt-390s-NoN2-1200s | rep 1,sample 51,169.76587013756716,157.51287580635596,20.28118535777456,44.23607006116159,970.39909986739,0.0676321072167409,0.0,0.5466846068680129,0.6298906548759933,0.6973329785077693,,True,94.0,"{""elastic_r2"": {""pts"": 29, ""max"": 30, ""note"": ""NRMSE-score=0.965 (RMSE=0.69, range=19.88)""}, ""plateau_r2_start"": {""pts"": 14, ""max"": 15, ""note"": ""R\u00b2(first 40%)=0.910""}, ""densification_r2"": {""pts"": 13, ""max"": 15, ""note"": ""R\u00b2=0.882""}, ""yield_accuracy"": {""pts"": 25, ""max"": 25, ""note"": ""elastic tail undershoots data by 1.1% of elastic range""}, ""junction_continuity"": {""pts"": 13, ""max"": 15, ""note"": ""gap=2.4%""}, ""plateau_r2_full_penalty"": {""pts"": 0, ""max"": 0, ""note"": ""R\u00b2(full)=0.662""}, ""elastic_modulus_penalty"": {""pts"": 0, ""max"": 0, ""note"": ""E=157.5 bar ok""}, ""bp1_accuracy_penalty"": {""pts"": 0, ""max"": 0, ""note"": ""plateau spans 16% of remaining stress \u2014 ok | GAM slope stable in early plateau (drop=37%) \u2014 ok""}, ""changepoint_curvature_penalty"": {""pts"": 0, ""max"": 0, ""note"": ""d2_norm=1.90, linear_stretch=17%""}, ""slope_ratio_penalty"": {""pts"": 0, ""max"": 0, ""note"": ""plateau/elastic slope ratio=0.28 \u2014 good separation""}, ""_score_final"": {""pts"": 94, ""max"": 100, ""note"": ""no catastrophic applied""}}",59.43405647045957,0.0366665742897912,25,24,16.5,0.0,4.0,False,390,1200,none,none,0.0,
"2026-09-05
02:19:54",16p5-0add-24deg-cosolv-none-bathSolv-none-0wt-390s-NoN2-1200s | rep 4,sample 54,151.94535175632296,217.4402546287137,20.733696287544177,43.65496526221864,907.6060594324022,0.0713463000844338,0.0,0.5240847839993693,0.6078808250082806,0.6793927690207994,,True,90.0,"{""elastic_r2"": {""pts"": 28, ""max"": 30, ""note"": ""NRMSE-score=0.948 (RMSE=1.05, range=20.28)""}, ""plateau_r2_start"": {""pts"": 14, ""max"": 15, ""note"": ""R\u00b2(first 40%)=0.914""}, ""densification_r2"": {""pts"": 14, ""max"": 15, ""note"": ""R\u00b2=0.917""}, ""yield_accuracy"": {""pts"": 25, ""max"": 25, ""note"": ""elastic tail undershoots data by 0.4% of elastic range""}, ""junction_continuity"": {""pts"": 14, ""max"": 15, ""note"": ""gap=0.8%""}, ""plateau_r2_full_penalty"": {""pts"": 0, ""max"": 0, ""note"": ""R\u00b2(full)=0.705""}, ""elastic_modulus_penalty"": {""pts"": 0, ""max"": 0, ""note"": ""E=217.4 bar ok""}, ""bp1_accuracy_penalty"": {""pts"": -5, ""max"": 0, ""note"": ""plateau spans 16% of remaining stress \u2014 ok | GAM slope drops 63% in early plateau \u2014 bp1 suspect""}, ""changepoint_curvature_penalty"": {""pts"": 0, ""max"": 0, ""note"": ""d2_norm=2.19, linear_stretch=17%""}, ""slope_ratio_penalty"": {""pts"": 0, ""max"": 0, ""note"": ""plateau/elastic slope ratio=0.20 \u2014 good separation""}, ""_score_final"": {""pts"": 90, ""max"": 100, ""note"": ""no catastrophic applied""}}",58.57245727445524,0.0366665742897912,25,24,16.5,0.0,4.0,False,390,1200,none,none,0.0,
"2026-09-05
02:19:54",16p5-0add-24deg-cosolv-none-bathSolv-none-0wt-390s-NoN2-1200s | rep 3,sample 53,140.82910822444865,348.1033873335767,20.751009915880594,40.10596150765789,847.0955684260114,0.076502796289146,0.0,0.5160431756294306,0.6049072421107251,0.6865746459239732,,True,96.0,"{""elastic_r2"": {""pts"": 28, ""max"": 30, ""note"": ""NRMSE-score=0.925 (RMSE=1.55, range=20.50)""}, ""plateau_r2_start"": {""pts"": 14, ""max"": 15, ""note"": ""R\u00b2(first 40%)=0.925""}, ""densification_r2"": {""pts"": 14, ""max"": 15, ""note"": ""R\u00b2=0.904""}, ""yield_accuracy"": {""pts"": 25, ""max"": 25, ""note"": ""elastic tail undershoots data by 1.3% of elastic range""}, ""junction_continuity"": {""pts"": 15, ""max"": 15, ""note"": ""gap=0.1%""}, ""plateau_r2_full_penalty"": {""pts"": 0, ""max"": 0, ""note"": ""R\u00b2(full)=0.687""}, ""elastic_modulus_penalty"": {""pts"": 0, ""max"": 0, ""note"": ""E=348.1 bar ok""}, ""bp1_accuracy_penalty"": {""pts"": 0, ""max"": 0, ""note"": ""plateau spans 16% of remaining stress \u2014 ok | GAM slope drops 78% in early plateau, but plateau geometry ok \u2014 no penalty""}, ""changepoint_curvature_penalty"": {""pts"": 0, ""max"": 0, ""note"": ""d2_norm=3.42, linear_stretch=13%""}, ""slope_ratio_penalty"": {""pts"": 0, ""max"": 0, ""note"": ""plateau/elastic slope ratio=0.12 \u2014 good separation""}, ""_score_final"": {""pts"": 96, ""max"": 100, ""note"": ""no catastrophic applied""}}",57.778353555660914,0.0366665742897912,25,24,16.5,0.0,4.0,False,390,1200,none,none,0.0,
"2026-09-05
04:18:27",16p5-0add-5deg-cosolv-none-bathSolv-none-0wt-160s-N2-1200s | rep 4,sample 62,144.0151325501682,228.52052618133325,32.72201048781028,170.0304176228403,514.8642860103757,0.1055470114856116,0.0,0.266404644515396,0.4061071816275527,0.5535505805343137,,True,85.0,"{""elastic_r2"": {""pts"": 29, ""max"": 30, ""note"": ""NRMSE-score=0.954 (RMSE=1.50, range=32.54)""}, ""plateau_r2_start"": {""pts"": 14, ""max"": 15, ""note"": ""R\u00b2(first 40%)=0.941""}, ""densification_r2"": {""pts"": 15, ""max"": 15, ""note"": ""R\u00b2=0.969""}, ""yield_accuracy"": {""pts"": 25, ""max"": 25, ""note"": ""elastic tail undershoots data by 1.8% of elastic range""}, ""junction_continuity"": {""pts"": 14, ""max"": 15, ""note"": ""gap=1.2%""}, ""plateau_r2_full_penalty"": {""pts"": 0, ""max"": 0, ""note"": ""R\u00b2(full)=0.973""}, ""elastic_modulus_penalty"": {""pts"": 0, ""max"": 0, ""note"": ""E=228.5 bar ok""}, ""bp1_accuracy_penalty"": {""pts"": 0, ""max"": 0, ""note"": ""plateau spans 39% of remaining stress \u2014 ok | GAM slope stable in early plateau (drop=13%) \u2014 ok""}, ""changepoint_curvature_penalty"": {""pts"": -1, ""max"": 0, ""note"": ""d2_norm=0.70, linear_stretch=30%""}, ""slope_ratio_penalty"": {""pts"": -11, ""max"": 0, ""note"": ""plateau/elastic slope ratio=0.74 \u2014 nearly parallel (-11 pts)""}, ""_score_final"": {""pts"": 85, ""max"": 100, ""note"": ""no catastrophic applied""}}",53.42741437893754,0.0894482941489694,32,5,16.5,0.0,17.0,True,160,1200,none,none,0.0,
"2026-09-05
04:18:27",16p5-0add-5deg-cosolv-none-bathSolv-none-0wt-160s-N2-1200s | rep 3,sample 61,132.30077649751064,232.3359714997457,31.55140275864599,146.40892482153367,587.6990506560682,0.0653785420574598,0.0,0.2715144513887446,0.4227858645953074,0.6345063080737352,,True,72.0,"{""elastic_r2"": {""pts"": 28, ""max"": 30, ""note"": ""NRMSE-score=0.945 (RMSE=1.73, range=31.61)""}, ""plateau_r2_start"": {""pts"": 15, ""max"": 15, ""note"": ""R\u00b2(first 40%)=0.972""}, ""densification_r2"": {""pts"": 2, ""max"": 15, ""note"": ""R\u00b2=0.142""}, ""yield_accuracy"": {""pts"": 25, ""max"": 25, ""note"": ""elastic tail undershoots data by 2.7% of elastic range""}, ""junction_continuity"": {""pts"": 13, ""max"": 15, ""note"": ""gap=1.6%""}, ""plateau_r2_full_penalty"": {""pts"": 0, ""max"": 0, ""note"": ""R\u00b2(full)=0.868""}, ""elastic_modulus_penalty"": {""pts"": 0, ""max"": 0, ""note"": ""E=232.3 bar ok""}, ""bp1_accuracy_penalty"": {""pts"": 0, ""max"": 0, ""note"": ""plateau spans 49% of remaining stress \u2014 ok | GAM slope stable in early plateau (drop=-8%) \u2014 ok""}, ""changepoint_curvature_penalty"": {""pts"": -5, ""max"": 0, ""note"": ""d2_norm=0.00, linear_stretch=47%""}, ""slope_ratio_penalty"": {""pts"": -6, ""max"": 0, ""note"": ""plateau/elastic slope ratio=0.63 \u2014 nearly parallel (-6 pts)""}, ""_score_final"": {""pts"": 72, ""max"": 100, ""note"": ""no catastrophic applied""}}",51.742847139292,0.0894482941489694,32,5,16.5,0.0,17.0,True,160,1200,none,none,0.0,
"2026-09-05
04:18:27",16p5-0add-5deg-cosolv-none-bathSolv-none-0wt-160s-N2-1200s | rep 1,sample 59,130.76081574726538,256.4882792553697,26.18262099521658,133.99097943051805,327.9263448048036,0.0785806444828768,0.0,0.291523931007534,0.4657424701999084,0.7669782709787623,,False,57.0,"{""elastic_r2"": {""pts"": 28, ""max"": 30, ""note"": ""NRMSE-score=0.943 (RMSE=1.46, range=25.54)""}, ""plateau_r2_start"": {""pts"": 15, ""max"": 15, ""note"": ""R\u00b2(first 40%)=0.982""}, ""densification_r2"": {""pts"": 5, ""max"": 15, ""note"": ""R\u00b2=0.346""}, ""yield_accuracy"": {""pts"": 25, ""max"": 25, ""note"": ""elastic tail undershoots data by 0.9% of elastic range""}, ""junction_continuity"": {""pts"": 14, ""max"": 15, ""note"": ""gap=0.6%""}, ""plateau_r2_full_penalty"": {""pts"": 0, ""max"": 0, ""note"": ""R\u00b2(full)=0.931""}, ""elastic_modulus_penalty"": {""pts"": 0, ""max"": 0, ""note"": ""E=256.5 bar ok""}, ""bp1_accuracy_penalty"": {""pts"": -30, ""max"": 0, ""note"": ""plateau spans 53% of remaining stress \u2014 elastic peak likely wrong | GAM slope stable in early plateau (drop=12%) \u2014 ok""}, ""changepoint_curvature_penalty"": {""pts"": 0, ""max"": 0, ""note"": ""d2_norm=4.15, linear_stretch=33%""}, ""slope_ratio_penalty"": {""pts"": 0, ""max"": 0, ""note"": ""plateau/elastic slope ratio=0.52 \u2014 good separation""}, ""_score_final"": {""pts"": 57, ""max"": 100, ""note"": ""no catastrophic applied""}}",51.34969750038305,0.0894482941489694,32,5,16.5,0.0,17.0,True,160,1200,none,none,0.0,
"2026-09-05
04:18:27",16p5-0add-5deg-cosolv-none-bathSolv-none-0wt-160s-N2-1200s | rep 2,sample 60,143.58754133727595,241.88284572739173,29.00023433539795,144.32265805067254,388.8828507510015,0.2179182319538745,0.0088460844070017,0.2722280181247736,0.4353579094147335,0.6348107773500193,,True,99.0,"{""elastic_r2"": {""pts"": 29, ""max"": 30, ""note"": ""NRMSE-score=0.958 (RMSE=1.20, range=28.77)""}, ""plateau_r2_start"": {""pts"": 15, ""max"": 15, ""note"": ""R\u00b2(first 40%)=0.977""}, ""densification_r2"": {""pts"": 15, ""max"": 15, ""note"": ""R\u00b2=0.982""}, ""yield_accuracy"": {""pts"": 25, ""max"": 25, ""note"": ""elastic tail undershoots data by 1.4% of elastic range""}, ""junction_continuity"": {""pts"": 15, ""max"": 15, ""note"": ""gap=0.1%""}, ""plateau_r2_full_penalty"": {""pts"": 0, ""max"": 0, ""note"": ""R\u00b2(full)=0.979""}, ""elastic_modulus_penalty"": {""pts"": 0, ""max"": 0, ""note"": ""E=241.9 bar ok""}, ""bp1_accuracy_penalty"": {""pts"": 0, ""max"": 0, ""note"": ""plateau spans 37% of remaining stress \u2014 ok | GAM slope stable in early plateau (drop=17%) \u2014 ok""}, ""changepoint_curvature_penalty"": {""pts"": 0, ""max"": 0, ""note"": ""d2_norm=1.26, linear_stretch=30%""}, ""slope_ratio_penalty"": {""pts"": 0, ""max"": 0, ""note"": ""plateau/elastic slope ratio=0.60 \u2014 good separation""}, ""_score_final"": {""pts"": 99, ""max"": 100, ""note"": ""no catastrophic applied""}}",52.60691346960791,0.0894482941489694,32,5,16.5,0.0,17.0,True,160,1200,none,none,0.0,
"2026-09-05
06:24:45",15p7-0add-20deg-cosolv-none-bathSolv-none-0wt-35s-N2-1680s | rep 1,sample 67,143.5125454452681,134.76490715121415,18.76802903920884,34.72385660319389,950.2291712251794,0.0462776691826986,0.0,0.5637456177552362,0.6361648107100208,0.7080818583206381,,True,90.0,"{""elastic_r2"": {""pts"": 29, ""max"": 30, ""note"": ""NRMSE-score=0.955 (RMSE=0.82, range=18.10)""}, ""plateau_r2_start"": {""pts"": 14, ""max"": 15, ""note"": ""R\u00b2(first 40%)=0.911""}, ""densification_r2"": {""pts"": 13, ""max"": 15, ""note"": ""R\u00b2=0.892""}, ""yield_accuracy"": {""pts"": 25, ""max"": 25, ""note"": ""elastic tail undershoots data by 1.3% of elastic range""}, ""junction_continuity"": {""pts"": 14, ""max"": 15, ""note"": ""gap=0.8%""}, ""plateau_r2_full_penalty"": {""pts"": 0, ""max"": 0, ""note"": ""R\u00b2(full)=0.531""}, ""elastic_modulus_penalty"": {""pts"": 0, ""max"": 0, ""note"": ""E=134.8 bar ok""}, ""bp1_accuracy_penalty"": {""pts"": -5, ""max"": 0, ""note"": ""plateau spans 12% of remaining stress \u2014 ok | GAM slope drops 56% in early plateau \u2014 bp1 suspect""}, ""changepoint_curvature_penalty"": {""pts"": 0, ""max"": 0, ""note"": ""d2_norm=1.82, linear_stretch=17%""}, ""slope_ratio_penalty"": {""pts"": 0, ""max"": 0, ""note"": ""plateau/elastic slope ratio=0.26 \u2014 good separation""}, ""_score_final"": {""pts"": 90, ""max"": 100, ""note"": ""no catastrophic applied""}}",60.28147195121764,0.107840439944476,73,20,15.7,0.0,16.0,True,35,1680,none,none,0.0,
"2026-09-05
06:24:45",15p7-0add-20deg-cosolv-none-bathSolv-none-0wt-35s-N2-1680s | rep 4,sample 70,148.6593669243273,172.05235920431537,7.600144332030775,47.55781241821175,940.915249495706,0.0432728900245198,0.0,0.4798331970898184,0.546142864199138,0.6209635306037093,,True,86.0,"{""elastic_r2"": {""pts"": 26, ""max"": 30, ""note"": ""NRMSE-score=0.882 (RMSE=0.87, range=7.37)""}, ""plateau_r2_start"": {""pts"": 14, ""max"": 15, ""note"": ""R\u00b2(first 40%)=0.944""}, ""densification_r2"": {""pts"": 13, ""max"": 15, ""note"": ""R\u00b2=0.879""}, ""yield_accuracy"": {""pts"": 25, ""max"": 25, ""note"": ""elastic tail undershoots data by 7.5% of elastic range""}, ""junction_continuity"": {""pts"": 8, ""max"": 15, ""note"": ""gap=6.7%""}, ""plateau_r2_full_penalty"": {""pts"": 0, ""max"": 0, ""note"": ""R\u00b2(full)=0.611""}, ""elastic_modulus_penalty"": {""pts"": 0, ""max"": 0, ""note"": ""E=172.1 bar ok""}, ""bp1_accuracy_penalty"": {""pts"": 0, ""max"": 0, ""note"": ""plateau spans 15% of remaining stress \u2014 ok | GAM slope stable in early plateau (drop=28%) \u2014 ok""}, ""changepoint_curvature_penalty"": {""pts"": 0, ""max"": 0, ""note"": ""d2_norm=1.26, linear_stretch=20%""}, ""slope_ratio_penalty"": {""pts"": 0, ""max"": 0, ""note"": ""plateau/elastic slope ratio=0.28 \u2014 good separation""}, ""_score_final"": {""pts"": 86, ""max"": 100, ""note"": ""no catastrophic applied""}}",62.380945290624325,0.107840439944476,73,20,15.7,0.0,16.0,True,35,1680,none,none,0.0,
"2026-09-05
06:24:45",15p7-0add-20deg-cosolv-none-bathSolv-none-0wt-35s-N2-1680s | rep 2,sample 68,156.3615095229107,210.3783622451371,14.047618814490274,39.14605216612248,1035.308756570898,0.0417356118227195,0.0,0.4433248459090693,0.5041800767639555,0.5687021526647351,,True,81.0,"{""elastic_r2"": {""pts"": 23, ""max"": 30, ""note"": ""NRMSE-score=0.766 (RMSE=3.12, range=13.35)""}, ""plateau_r2_start"": {""pts"": 14, ""max"": 15, ""note"": ""R\u00b2(first 40%)=0.907""}, ""densification_r2"": {""pts"": 13, ""max"": 15, ""note"": ""R\u00b2=0.875""}, ""yield_accuracy"": {""pts"": 24, ""max"": 25, ""note"": ""elastic tail undershoots data by 10.9% of elastic range""}, ""junction_continuity"": {""pts"": 12, ""max"": 15, ""note"": ""gap=2.9%""}, ""plateau_r2_full_penalty"": {""pts"": 0, ""max"": 0, ""note"": ""R\u00b2(full)=0.506""}, ""elastic_modulus_penalty"": {""pts"": 0, ""max"": 0, ""note"": ""E=210.4 bar ok""}, ""bp1_accuracy_penalty"": {""pts"": -5, ""max"": 0, ""note"": ""plateau spans 12% of remaining stress \u2014 ok | GAM slope drops 61% in early plateau \u2014 bp1 suspect""}, ""changepoint_curvature_penalty"": {""pts"": 0, ""max"": 0, ""note"": ""d2_norm=2.07, linear_stretch=20%""}, ""slope_ratio_penalty"": {""pts"": 0, ""max"": 0, ""note"": ""plateau/elastic slope ratio=0.19 \u2014 good separation""}, ""_score_final"": {""pts"": 81, ""max"": 100, ""note"": ""no catastrophic applied""}}",60.899174058653415,0.107840439944476,73,20,15.7,0.0,16.0,True,35,1680,none,none,0.0,
"2026-09-05
06:24:45",15p7-0add-20deg-cosolv-none-bathSolv-none-0wt-35s-N2-1680s | rep 3,sample 69,149.44919625905163,132.8229465109977,14.155096689622413,44.07992182298235,972.9908249239212,0.048430869522964,0.0388379496266433,0.493366171671816,0.560459329314128,0.6311902142227533,,True,87.0,"{""elastic_r2"": {""pts"": 27, ""max"": 30, ""note"": ""NRMSE-score=0.896 (RMSE=1.40, range=13.53)""}, ""plateau_r2_start"": {""pts"": 12, ""max"": 15, ""note"": ""R\u00b2(first 40%)=0.830""}, ""densification_r2"": {""pts"": 13, ""max"": 15, ""note"": ""R\u00b2=0.868""}, ""yield_accuracy"": {""pts"": 25, ""max"": 25, ""note"": ""elastic tail undershoots data by 6.5% of elastic range""}, ""junction_continuity"": {""pts"": 10, ""max"": 15, ""note"": ""gap=4.8%""}, ""plateau_r2_full_penalty"": {""pts"": 0, ""max"": 0, ""note"": ""R\u00b2(full)=0.513""}, ""elastic_modulus_penalty"": {""pts"": 0, ""max"": 0, ""note"": ""E=132.8 bar ok""}, ""bp1_accuracy_penalty"": {""pts"": 0, ""max"": 0, ""note"": ""plateau spans 13% of remaining stress \u2014 ok | GAM slope stable in early plateau (drop=-97%) \u2014 ok""}, ""changepoint_curvature_penalty"": {""pts"": 0, ""max"": 0, ""note"": ""d2_norm=1.30, linear_stretch=23%""}, ""slope_ratio_penalty"": {""pts"": 0, ""max"": 0, ""note"": ""plateau/elastic slope ratio=0.33 \u2014 good separation""}, ""_score_final"": {""pts"": 87, ""max"": 100, ""note"": ""no catastrophic applied""}}",62.418551173299775,0.107840439944476,73,20,15.7,0.0,16.0,True,35,1680,none,none,0.0,
"2026-09-05
08:32:41",16p5-0add-5deg-cosolv-none-bathSolv-none-0wt-300s-N2-1500s | rep 4,sample 78,113.13060877674695,280.8144877165246,28.452609783506865,167.60877479791088,734.7668422710996,0.0740540945319332,0.0,0.252880102836402,0.3916753264926018,0.5561880887456018,,False,63.0,"{""elastic_r2"": {""pts"": 28, ""max"": 30, ""note"": ""NRMSE-score=0.928 (RMSE=2.07, range=28.83)""}, ""plateau_r2_start"": {""pts"": 14, ""max"": 15, ""note"": ""R\u00b2(first 40%)=0.965""}, ""densification_r2"": {""pts"": 12, ""max"": 15, ""note"": ""R\u00b2=0.801""}, ""yield_accuracy"": {""pts"": 25, ""max"": 25, ""note"": ""elastic tail undershoots data by 1.0% of elastic range""}, ""junction_continuity"": {""pts"": 14, ""max"": 15, ""note"": ""gap=1.4%""}, ""plateau_r2_full_penalty"": {""pts"": 0, ""max"": 0, ""note"": ""R\u00b2(full)=0.920""}, ""elastic_modulus_penalty"": {""pts"": 0, ""max"": 0, ""note"": ""E=280.8 bar ok""}, ""bp1_accuracy_penalty"": {""pts"": -30, ""max"": 0, ""note"": ""plateau spans 50% of remaining stress \u2014 elastic peak likely wrong | GAM slope stable in early plateau (drop=26%) \u2014 ok""}, ""changepoint_curvature_penalty"": {""pts"": 0, ""max"": 0, ""note"": ""d2_norm=3.48, linear_stretch=27%""}, ""slope_ratio_penalty"": {""pts"": 0, ""max"": 0, ""note"": ""plateau/elastic slope ratio=0.60 \u2014 good separation""}, ""_score_final"": {""pts"": 63, ""max"": 100, ""note"": ""no catastrophic applied""}}",52.54633706944176,0.1334250626374701,25,5,16.5,0.0,18.0,True,300,1500,none,none,0.0,
"2026-09-05
08:32:41",16p5-0add-5deg-cosolv-none-bathSolv-none-0wt-300s-N2-1500s | rep 3,sample 77,112.7999054813416,198.6000417009905,33.47759522201311,152.74742187249203,939.7747848239107,0.0640041239487647,0.0159243652618328,0.2834662395128059,0.4530861100442074,0.5530656125963138,,True,82.0,"{""elastic_r2"": {""pts"": 29, ""max"": 30, ""note"": ""NRMSE-score=0.954 (RMSE=1.56, range=33.67)""}, ""plateau_r2_start"": {""pts"": 14, ""max"": 15, ""note"": ""R\u00b2(first 40%)=0.965""}, ""densification_r2"": {""pts"": 13, ""max"": 15, ""note"": ""R\u00b2=0.845""}, ""yield_accuracy"": {""pts"": 25, ""max"": 25, ""note"": ""elastic tail undershoots data by 1.1% of elastic range""}, ""junction_continuity"": {""pts"": 13, ""max"": 15, ""note"": ""gap=1.6%""}, ""plateau_r2_full_penalty"": {""pts"": 0, ""max"": 0, ""note"": ""R\u00b2(full)=0.960""}, ""elastic_modulus_penalty"": {""pts"": 0, ""max"": 0, ""note"": ""E=198.6 bar ok""}, ""bp1_accuracy_penalty"": {""pts"": 0, ""max"": 0, ""note"": ""plateau spans 41% of remaining stress \u2014 ok | GAM slope stable in early plateau (drop=-8%) \u2014 ok""}, ""changepoint_curvature_penalty"": {""pts"": 0, ""max"": 0, ""note"": ""d2_norm=4.26, linear_stretch=20%""}, ""slope_ratio_penalty"": {""pts"": -12, ""max"": 0, ""note"": ""plateau/elastic slope ratio=0.77 \u2014 nearly parallel (-12 pts)""}, ""_score_final"": {""pts"": 82, ""max"": 100, ""note"": ""no catastrophic applied""}}",54.03651442544927,0.1334250626374701,25,5,16.5,0.0,18.0,True,300,1500,none,none,0.0,
"2026-09-05
08:32:41",16p5-0add-5deg-cosolv-none-bathSolv-none-0wt-300s-N2-1500s | rep 1,sample 75,122.01017297818358,253.72592544938016,18.612263045296203,160.71401176894477,511.67237316006987,0.0983628308649325,0.0,0.248747423150665,0.3676846288506026,0.497351784844056,,True,88.0,"{""elastic_r2"": {""pts"": 27, ""max"": 30, ""note"": ""NRMSE-score=0.890 (RMSE=2.33, range=21.18)""}, ""plateau_r2_start"": {""pts"": 14, ""max"": 15, ""note"": ""R\u00b2(first 40%)=0.943""}, ""densification_r2"": {""pts"": 14, ""max"": 15, ""note"": ""R\u00b2=0.957""}, ""yield_accuracy"": {""pts"": 25, ""max"": 25, ""note"": ""elastic tail undershoots data by 1.1% of elastic range""}, ""junction_continuity"": {""pts"": 15, ""max"": 15, ""note"": ""gap=0.4%""}, ""plateau_r2_full_penalty"": {""pts"": 0, ""max"": 0, ""note"": ""R\u00b2(full)=0.987""}, ""elastic_modulus_penalty"": {""pts"": 0, ""max"": 0, ""note"": ""E=253.7 bar ok""}, ""bp1_accuracy_penalty"": {""pts"": 0, ""max"": 0, ""note"": ""plateau spans 32% of remaining stress \u2014 ok | GAM slope stable in early plateau (drop=15%) \u2014 ok""}, ""changepoint_curvature_penalty"": {""pts"": -1, ""max"": 0, ""note"": ""d2_norm=0.49, linear_stretch=20%""}, ""slope_ratio_penalty"": {""pts"": -6, ""max"": 0, ""note"": ""plateau/elastic slope ratio=0.63 \u2014 nearly parallel (-6 pts)""}, ""_score_final"": {""pts"": 88, ""max"": 100, ""note"": ""no catastrophic applied""}}",54.78658238038944,0.1334250626374701,25,5,16.5,0.0,18.0,True,300,1500,none,none,0.0,
"2026-09-05
08:32:41",16p5-0add-5deg-cosolv-none-bathSolv-none-0wt-300s-N2-1500s | rep 2,sample 76,113.95483546837217,318.43024688789126,31.394567269770604,152.44261073595348,290.0890365868073,0.1087250575836027,0.0,0.1763661881769309,0.3429550952985837,0.5960539633174867,,True,93.0,"{""elastic_r2"": {""pts"": 26, ""max"": 30, ""note"": ""NRMSE-score=0.875 (RMSE=4.01, range=32.12)""}, ""plateau_r2_start"": {""pts"": 14, ""max"": 15, ""note"": ""R\u00b2(first 40%)=0.929""}, ""densification_r2"": {""pts"": 14, ""max"": 15, ""note"": ""R\u00b2=0.930""}, ""yield_accuracy"": {""pts"": 25, ""max"": 25, ""note"": ""elastic tail undershoots data by 3.1% of elastic range""}, ""junction_continuity"": {""pts"": 14, ""max"": 15, ""note"": ""gap=0.7%""}, ""plateau_r2_full_penalty"": {""pts"": 0, ""max"": 0, ""note"": ""R\u00b2(full)=0.983""}, ""elastic_modulus_penalty"": {""pts"": 0, ""max"": 0, ""note"": ""E=318.4 bar ok""}, ""bp1_accuracy_penalty"": {""pts"": 0, ""max"": 0, ""note"": ""plateau spans 37% of remaining stress \u2014 ok | GAM slope stable in early plateau (drop=31%) \u2014 ok""}, ""changepoint_curvature_penalty"": {""pts"": 0, ""max"": 0, ""note"": ""d2_norm=4.89, linear_stretch=90%""}, ""slope_ratio_penalty"": {""pts"": 0, ""max"": 0, ""note"": ""plateau/elastic slope ratio=0.48 \u2014 good separation""}, ""_score_final"": {""pts"": 93, ""max"": 100, ""note"": ""no catastrophic applied""}}",52.956772835887385,0.1334250626374701,25,5,16.5,0.0,18.0,True,300,1500,none,none,0.0,
"2026-09-08
17:47:14",17-0add-18deg-cosolv-none-bathSolv-none-0wt-430s-N2-1750s | rep 1,sample 6,85.78961198648403,235.41562066371355,31.36104750404221,98.8019302139148,336.6241918106358,0.2445434160907842,0.0,0.2997229619916798,0.5415149087495706,0.7912953216470703,,True,96.0,"{""elastic_r2"": {""pts"": 28, ""max"": 30, ""note"": ""NRMSE-score=0.922 (RMSE=2.48, range=31.64)""}, ""plateau_r2_start"": {""pts"": 14, ""max"": 15, ""note"": ""R\u00b2(first 40%)=0.939""}, ""densification_r2"": {""pts"": 14, ""max"": 15, ""note"": ""R\u00b2=0.951""}, ""yield_accuracy"": {""pts"": 25, ""max"": 25, ""note"": ""elastic tail undershoots data by 2.2% of elastic range""}, ""junction_continuity"": {""pts"": 15, ""max"": 15, ""note"": ""gap=0.5%""}, ""plateau_r2_full_penalty"": {""pts"": 0, ""max"": 0, ""note"": ""R\u00b2(full)=0.965""}, ""elastic_modulus_penalty"": {""pts"": 0, ""max"": 0, ""note"": ""E=235.4 bar ok""}, ""bp1_accuracy_penalty"": {""pts"": 0, ""max"": 0, ""note"": ""plateau spans 39% of remaining stress \u2014 ok | GAM slope stable in early plateau (drop=36%) \u2014 ok""}, ""changepoint_curvature_penalty"": {""pts"": 0, ""max"": 0, ""note"": ""d2_norm=1.12, linear_stretch=27%""}, ""slope_ratio_penalty"": {""pts"": 0, ""max"": 0, ""note"": ""plateau/elastic slope ratio=0.42 \u2014 good separation""}, ""_score_final"": {""pts"": 96, ""max"": 100, ""note"": ""no catastrophic applied""}}",50.68280724029639,-0.8938719127556927,25,18,17.0,0.0,8.0,True,430,1750,none,none,0.0,
"2026-09-08
17:47:14",17-0add-18deg-cosolv-none-bathSolv-none-0wt-430s-N2-1750s | rep 4,sample 9,98.26120538130144,216.38969849859123,34.23168133323958,112.56699656599754,-72.35380325981275,0.1484582894710002,-2.3507196158907133,-2.0817695418439315,-1.8470627636449428,,,False,15.0,"{""elastic_r2"": {""pts"": 28, ""max"": 30, ""note"": ""NRMSE-score=0.944 (RMSE=2.01, range=35.71)""}, ""plateau_r2_start"": {""pts"": 0, ""max"": 15, ""note"": ""R\u00b2(first 40%)=0.025""}, ""densification_r2"": {""pts"": 0, ""max"": 15, ""note"": ""R\u00b2=-45535.479""}, ""yield_accuracy"": {""pts"": 25, ""max"": 25, ""note"": ""elastic tail undershoots data by 1.6% of elastic range""}, ""junction_continuity"": {""pts"": 11, ""max"": 15, ""note"": ""gap=4.2%""}, ""plateau_r2_full_penalty"": {""pts"": 0, ""max"": 0, ""note"": ""R\u00b2(full)=0.658""}, ""elastic_modulus_penalty"": {""pts"": 0, ""max"": 0, ""note"": ""E=216.4 bar ok""}, ""bp1_accuracy_penalty"": {""pts"": -30, ""max"": 0, ""note"": ""plateau spans 62% of remaining stress \u2014 elastic peak likely wrong | GAM slope stable in early plateau (drop=30%) \u2014 ok""}, ""changepoint_curvature_penalty"": {""pts"": -4, ""max"": 0, ""note"": ""d2_norm=0.00, linear_stretch=40%""}, ""slope_ratio_penalty"": {""pts"": 0, ""max"": 0, ""note"": ""plateau/elastic slope ratio=0.52 \u2014 good separation""}, ""catastrophic_slope_ordering"": {""pts"": 0, ""max"": 0, ""note"": ""densif=-72.4 <= plateau=112.6""}, ""_score_final"": {""pts"": 15, ""max"": 100, ""note"": ""after catastrophic halving""}}",51.29132476616416,-0.8938719127556927,25,18,17.0,0.0,8.0,True,430,1750,none,none,0.0,
"2026-09-08
17:47:14",17-0add-18deg-cosolv-none-bathSolv-none-0wt-430s-N2-1750s | rep 2,sample 7,94.47310020578124,139.58198496447633,331.57820260138817,,,0.21773882593148,0.0,-1.944766840911316,-1.7023261796572176,,,False,0.0,,51.460908308975256,-0.8938719127556927,25,18,17.0,0.0,8.0,True,430,1750,none,none,0.0,
"2026-09-08
17:47:14",17-0add-18deg-cosolv-none-bathSolv-none-0wt-430s-N2-1750s | rep 3,sample 8,90.18514258372912,231.85738847992863,37.15917276691221,104.78458226352866,-87.6238021432284,0.1676521972974283,-0.0957585667947715,-2.29181890784946,-2.0572604565589407,,,False,20.0,"{""elastic_r2"": {""pts"": 29, ""max"": 30, ""note"": ""NRMSE-score=0.951 (RMSE=1.72, range=35.18)""}, ""plateau_r2_start"": {""pts"": 5, ""max"": 15, ""note"": ""R\u00b2(first 40%)=0.358""}, ""densification_r2"": {""pts"": 0, ""max"": 15, ""note"": ""R\u00b2=-730805.831""}, ""yield_accuracy"": {""pts"": 25, ""max"": 25, ""note"": ""elastic tail undershoots data by 0.4% of elastic range""}, ""junction_continuity"": {""pts"": 11, ""max"": 15, ""note"": ""gap=3.9%""}, ""plateau_r2_full_penalty"": {""pts"": 0, ""max"": 0, ""note"": ""R\u00b2(full)=0.638""}, ""elastic_modulus_penalty"": {""pts"": 0, ""max"": 0, ""note"": ""E=231.9 bar ok""}, ""bp1_accuracy_penalty"": {""pts"": -30, ""max"": 0, ""note"": ""plateau spans 67% of remaining stress \u2014 elastic peak likely wrong | GAM slope stable in early plateau (drop=-10%) \u2014 ok""}, ""changepoint_curvature_penalty"": {""pts"": -1, ""max"": 0, ""note"": ""d2_norm=0.82, linear_stretch=43%""}, ""slope_ratio_penalty"": {""pts"": 0, ""max"": 0, ""note"": ""plateau/elastic slope ratio=0.45 \u2014 good separation""}, ""catastrophic_slope_ordering"": {""pts"": 0, ""max"": 0, ""note"": ""densif=-87.6 <= plateau=104.8""}, ""_score_final"": {""pts"": 20, ""max"": 100, ""note"": ""after catastrophic halving""}}",50.67185896316854,-0.8938719127556927,25,18,17.0,0.0,8.0,True,430,1750,none,none,0.0,
"2026-09-08
20:07:23",16p5-0add-16deg-cosolv-none-bathSolv-none-0wt-55s-N2-1620s | rep 2,sample 15,131.841783356979,445.73748296598535,26.170766086384944,89.15287967094233,775.5638947322111,0.0505508066055531,0.0,0.3529520808024956,0.5812711553222356,0.6773533391282106,,True,88.0,"{""elastic_r2"": {""pts"": 26, ""max"": 30, ""note"": ""NRMSE-score=0.857 (RMSE=3.55, range=24.81)""}, ""plateau_r2_start"": {""pts"": 14, ""max"": 15, ""note"": ""R\u00b2(first 40%)=0.962""}, ""densification_r2"": {""pts"": 14, ""max"": 15, ""note"": ""R\u00b2=0.955""}, ""yield_accuracy"": {""pts"": 25, ""max"": 25, ""note"": ""elastic tail undershoots data by 3.2% of elastic range""}, ""junction_continuity"": {""pts"": 14, ""max"": 15, ""note"": ""gap=0.9%""}, ""plateau_r2_full_penalty"": {""pts"": 0, ""max"": 0, ""note"": ""R\u00b2(full)=0.915""}, ""elastic_modulus_penalty"": {""pts"": 0, ""max"": 0, ""note"": ""E=445.7 bar ok""}, ""bp1_accuracy_penalty"": {""pts"": -5, ""max"": 0, ""note"": ""plateau spans 39% of remaining stress \u2014 ok | GAM slope drops 67% in early plateau \u2014 bp1 suspect""}, ""changepoint_curvature_penalty"": {""pts"": 0, ""max"": 0, ""note"": ""d2_norm=3.68, linear_stretch=27%""}, ""slope_ratio_penalty"": {""pts"": 0, ""max"": 0, ""note"": ""plateau/elastic slope ratio=0.20 \u2014 good separation""}, ""_score_final"": {""pts"": 88, ""max"": 100, ""note"": ""no catastrophic applied""}}",55.186677830861086,0.1121182135848345,76,16,16.5,0.0,6.0,True,55,1620,none,none,0.0,
"2026-09-08
20:07:23",16p5-0add-16deg-cosolv-none-bathSolv-none-0wt-55s-N2-1620s | rep 4,sample 17,131.49636669294364,169.62640765628873,24.555736789079223,67.68325874745753,826.9930545789626,0.0460878355719713,0.0,0.5079443609648479,0.5934749996341142,0.6751122473292164,,True,91.0,"{""elastic_r2"": {""pts"": 28, ""max"": 30, ""note"": ""NRMSE-score=0.938 (RMSE=1.52, range=24.27)""}, ""plateau_r2_start"": {""pts"": 14, ""max"": 15, ""note"": ""R\u00b2(first 40%)=0.912""}, ""densification_r2"": {""pts"": 14, ""max"": 15, ""note"": ""R\u00b2=0.934""}, ""yield_accuracy"": {""pts"": 25, ""max"": 25, ""note"": ""elastic tail undershoots data by 3.7% of elastic range""}, ""junction_continuity"": {""pts"": 15, ""max"": 15, ""note"": ""gap=0.4%""}, ""plateau_r2_full_penalty"": {""pts"": 0, ""max"": 0, ""note"": ""R\u00b2(full)=0.849""}, ""elastic_modulus_penalty"": {""pts"": 0, ""max"": 0, ""note"": ""E=169.6 bar ok""}, ""bp1_accuracy_penalty"": {""pts"": -5, ""max"": 0, ""note"": ""plateau spans 22% of remaining stress \u2014 ok | GAM slope drops 60% in early plateau \u2014 bp1 suspect""}, ""changepoint_curvature_penalty"": {""pts"": 0, ""max"": 0, ""note"": ""d2_norm=1.67, linear_stretch=20%""}, ""slope_ratio_penalty"": {""pts"": 0, ""max"": 0, ""note"": ""plateau/elastic slope ratio=0.40 \u2014 good separation""}, ""_score_final"": {""pts"": 91, ""max"": 100, ""note"": ""no catastrophic applied""}}",58.36089049384855,0.1121182135848345,76,16,16.5,0.0,6.0,True,55,1620,none,none,0.0,
"2026-09-08
20:07:23",16p5-0add-16deg-cosolv-none-bathSolv-none-0wt-55s-N2-1620s | rep 1,sample 14,127.82085057637862,166.0895697975777,24.656452729486745,41.91594355255482,856.6306144600542,0.0466814103458187,0.0505773048814631,0.5777233569341504,0.6731892668036675,0.754398197804683,,True,82.0,"{""elastic_r2"": {""pts"": 28, ""max"": 30, ""note"": ""NRMSE-score=0.941 (RMSE=1.44, range=24.41)""}, ""plateau_r2_start"": {""pts"": 13, ""max"": 15, ""note"": ""R\u00b2(first 40%)=0.871""}, ""densification_r2"": {""pts"": 13, ""max"": 15, ""note"": ""R\u00b2=0.892""}, ""yield_accuracy"": {""pts"": 25, ""max"": 25, ""note"": ""elastic tail undershoots data by 3.3% of elastic range""}, ""junction_continuity"": {""pts"": 8, ""max"": 15, ""note"": ""gap=6.8%""}, ""plateau_r2_full_penalty"": {""pts"": 0, ""max"": 0, ""note"": ""R\u00b2(full)=0.712""}, ""elastic_modulus_penalty"": {""pts"": 0, ""max"": 0, ""note"": ""E=166.1 bar ok""}, ""bp1_accuracy_penalty"": {""pts"": -5, ""max"": 0, ""note"": ""plateau spans 16% of remaining stress \u2014 ok | GAM slope drops 68% in early plateau \u2014 bp1 suspect""}, ""changepoint_curvature_penalty"": {""pts"": 0, ""max"": 0, ""note"": ""d2_norm=2.24, linear_stretch=20%""}, ""slope_ratio_penalty"": {""pts"": 0, ""max"": 0, ""note"": ""plateau/elastic slope ratio=0.25 \u2014 good separation""}, ""_score_final"": {""pts"": 82, ""max"": 100, ""note"": ""no catastrophic applied""}}",58.20582587161314,0.1121182135848345,76,16,16.5,0.0,6.0,True,55,1620,none,none,0.0,
"2026-09-08
20:07:23",16p5-0add-16deg-cosolv-none-bathSolv-none-0wt-55s-N2-1620s | rep 3,sample 16,133.81718831286577,193.8821909725833,23.331135289400216,46.51976997577214,915.2946673773408,0.0457554462281798,0.0744908609462363,0.5574019767010913,0.6439274330397438,0.7270840760172605,,True,90.0,"{""elastic_r2"": {""pts"": 29, ""max"": 30, ""note"": ""NRMSE-score=0.952 (RMSE=0.99, range=20.92)""}, ""plateau_r2_start"": {""pts"": 14, ""max"": 15, ""note"": ""R\u00b2(first 40%)=0.917""}, ""densification_r2"": {""pts"": 13, ""max"": 15, ""note"": ""R\u00b2=0.856""}, ""yield_accuracy"": {""pts"": 25, ""max"": 25, ""note"": ""elastic tail undershoots data by 2.5% of elastic range""}, ""junction_continuity"": {""pts"": 14, ""max"": 15, ""note"": ""gap=1.5%""}, ""plateau_r2_full_penalty"": {""pts"": 0, ""max"": 0, ""note"": ""R\u00b2(full)=0.638""}, ""elastic_modulus_penalty"": {""pts"": 0, ""max"": 0, ""note"": ""E=193.9 bar ok""}, ""bp1_accuracy_penalty"": {""pts"": -5, ""max"": 0, ""note"": ""plateau spans 16% of remaining stress \u2014 ok | GAM slope drops 65% in early plateau \u2014 bp1 suspect""}, ""changepoint_curvature_penalty"": {""pts"": 0, ""max"": 0, ""note"": ""d2_norm=2.15, linear_stretch=20%""}, ""slope_ratio_penalty"": {""pts"": 0, ""max"": 0, ""note"": ""plateau/elastic slope ratio=0.24 \u2014 good separation""}, ""_score_final"": {""pts"": 90, ""max"": 100, ""note"": ""no catastrophic applied""}}",60.62742997915908,0.1121182135848345,76,16,16.5,0.0,6.0,True,55,1620,none,none,0.0,
"2026-09-08
22:28:06",15p5-0add-25deg-cosolv-none-bathSolv-none-0wt-80s-N2-1800s | rep 3,sample 24,119.13775601919596,176.56009931701414,25.205773434773526,140.0491042561479,707.8163746180445,0.0807595395555625,0.0,0.3302008390383412,0.4742316527434381,0.6067631489412357,,True,82.0,"{""elastic_r2"": {""pts"": 29, ""max"": 30, ""note"": ""NRMSE-score=0.963 (RMSE=0.94, range=25.37)""}, ""plateau_r2_start"": {""pts"": 15, ""max"": 15, ""note"": ""R\u00b2(first 40%)=0.970""}, ""densification_r2"": {""pts"": 13, ""max"": 15, ""note"": ""R\u00b2=0.884""}, ""yield_accuracy"": {""pts"": 25, ""max"": 25, ""note"": ""elastic tail undershoots data by 0.9% of elastic range""}, ""junction_continuity"": {""pts"": 13, ""max"": 15, ""note"": ""gap=2.0%""}, ""plateau_r2_full_penalty"": {""pts"": 0, ""max"": 0, ""note"": ""R\u00b2(full)=0.933""}, ""elastic_modulus_penalty"": {""pts"": 0, ""max"": 0, ""note"": ""E=176.6 bar ok""}, ""bp1_accuracy_penalty"": {""pts"": 0, ""max"": 0, ""note"": ""plateau spans 40% of remaining stress \u2014 ok | GAM slope stable in early plateau (drop=-2%) \u2014 ok""}, ""changepoint_curvature_penalty"": {""pts"": 0, ""max"": 0, ""note"": ""d2_norm=1.74, linear_stretch=33%""}, ""slope_ratio_penalty"": {""pts"": -13, ""max"": 0, ""note"": ""plateau/elastic slope ratio=0.79 \u2014 nearly parallel (-13 pts)""}, ""_score_final"": {""pts"": 82, ""max"": 100, ""note"": ""no catastrophic applied""}}",55.42668927929879,0.1022539006569133,66,25,15.5,0.0,10.0,True,80,1800,none,none,0.0,
"2026-09-08
22:28:06",15p5-0add-25deg-cosolv-none-bathSolv-none-0wt-80s-N2-1800s | rep 2,sample 23,119.75877170394092,186.30471985956547,29.02231890993383,136.2841900700086,277.08934316466787,0.0831534552978412,0.0427734791674919,0.3349560132912986,0.5175258008515232,,,False,47.0,"{""elastic_r2"": {""pts"": 28, ""max"": 30, ""note"": ""NRMSE-score=0.950 (RMSE=1.54, range=30.69)""}, ""plateau_r2_start"": {""pts"": 14, ""max"": 15, ""note"": ""R\u00b2(first 40%)=0.964""}, ""densification_r2"": {""pts"": 12, ""max"": 15, ""note"": ""R\u00b2=0.830""}, ""yield_accuracy"": {""pts"": 25, ""max"": 25, ""note"": ""elastic tail undershoots data by 2.0% of elastic range""}, ""junction_continuity"": {""pts"": 13, ""max"": 15, ""note"": ""gap=2.4%""}, ""plateau_r2_full_penalty"": {""pts"": 0, ""max"": 0, ""note"": ""R\u00b2(full)=0.954""}, ""elastic_modulus_penalty"": {""pts"": 0, ""max"": 0, ""note"": ""E=186.3 bar ok""}, ""bp1_accuracy_penalty"": {""pts"": -30, ""max"": 0, ""note"": ""plateau spans 53% of remaining stress \u2014 elastic peak likely wrong | GAM slope stable in early plateau (drop=-7%) \u2014 ok""}, ""changepoint_curvature_penalty"": {""pts"": -4, ""max"": 0, ""note"": ""d2_norm=0.09, linear_stretch=47%""}, ""slope_ratio_penalty"": {""pts"": -11, ""max"": 0, ""note"": ""plateau/elastic slope ratio=0.73 \u2014 nearly parallel (-11 pts)""}, ""_score_final"": {""pts"": 47, ""max"": 100, ""note"": ""no catastrophic applied""}}",55.44732398059507,0.1022539006569133,66,25,15.5,0.0,10.0,True,80,1800,none,none,0.0,
"2026-09-08
22:28:06",15p5-0add-25deg-cosolv-none-bathSolv-none-0wt-80s-N2-1800s | rep 4,sample 25,119.2640697955241,187.8328657085874,32.14178956996744,134.57038973055018,646.9423123694334,0.0601951479793445,0.0,0.3130783917258242,0.4597615928382408,0.6381387004442463,,True,77.0,"{""elastic_r2"": {""pts"": 29, ""max"": 30, ""note"": ""NRMSE-score=0.962 (RMSE=1.23, range=32.77)""}, ""plateau_r2_start"": {""pts"": 15, ""max"": 15, ""note"": ""R\u00b2(first 40%)=0.980""}, ""densification_r2"": {""pts"": 7, ""max"": 15, ""note"": ""R\u00b2=0.483""}, ""yield_accuracy"": {""pts"": 25, ""max"": 25, ""note"": ""elastic tail undershoots data by 2.1% of elastic range""}, ""junction_continuity"": {""pts"": 15, ""max"": 15, ""note"": ""gap=0.2%""}, ""plateau_r2_full_penalty"": {""pts"": 0, ""max"": 0, ""note"": ""R\u00b2(full)=0.807""}, ""elastic_modulus_penalty"": {""pts"": 0, ""max"": 0, ""note"": ""E=187.8 bar ok""}, ""bp1_accuracy_penalty"": {""pts"": 0, ""max"": 0, ""note"": ""plateau spans 41% of remaining stress \u2014 ok | GAM slope stable in early plateau (drop=-5%) \u2014 ok""}, ""changepoint_curvature_penalty"": {""pts"": -4, ""max"": 0, ""note"": ""d2_norm=0.00, linear_stretch=40%""}, ""slope_ratio_penalty"": {""pts"": -10, ""max"": 0, ""note"": ""plateau/elastic slope ratio=0.72 \u2014 nearly parallel (-10 pts)""}, ""_score_final"": {""pts"": 77, ""max"": 100, ""note"": ""no catastrophic applied""}}",53.82290197487544,0.1022539006569133,66,25,15.5,0.0,10.0,True,80,1800,none,none,0.0,
"2026-09-08
22:28:06",15p5-0add-25deg-cosolv-none-bathSolv-none-0wt-80s-N2-1800s | rep 1,sample 22,122.01216502444169,268.67635299604,15.114069381541915,143.1333917697323,208.8109539512828,0.1241519433316007,0.0,0.2929239434972318,0.4669763073027735,,,True,95.0,"{""elastic_r2"": {""pts"": 27, ""max"": 30, ""note"": ""NRMSE-score=0.902 (RMSE=1.41, range=14.42)""}, ""plateau_r2_start"": {""pts"": 14, ""max"": 15, ""note"": ""R\u00b2(first 40%)=0.917""}, ""densification_r2"": {""pts"": 14, ""max"": 15, ""note"": ""R\u00b2=0.956""}, ""yield_accuracy"": {""pts"": 25, ""max"": 25, ""note"": ""elastic tail overshoots data by 0.4% of elastic range""}, ""junction_continuity"": {""pts"": 15, ""max"": 15, ""note"": ""gap=0.1%""}, ""plateau_r2_full_penalty"": {""pts"": 0, ""max"": 0, ""note"": ""R\u00b2(full)=0.985""}, ""elastic_modulus_penalty"": {""pts"": 0, ""max"": 0, ""note"": ""E=268.7 bar ok""}, ""bp1_accuracy_penalty"": {""pts"": 0, ""max"": 0, ""note"": ""plateau spans 22% of remaining stress \u2014 ok | GAM slope stable in early plateau (drop=16%) \u2014 ok""}, ""changepoint_curvature_penalty"": {""pts"": 0, ""max"": 0, ""note"": ""d2_norm=1.40, linear_stretch=27%""}, ""slope_ratio_penalty"": {""pts"": 0, ""max"": 0, ""note"": ""plateau/elastic slope ratio=0.53 \u2014 good separation""}, ""_score_final"": {""pts"": 95, ""max"": 100, ""note"": ""no catastrophic applied""}}",54.69347787467244,0.1022539006569133,66,25,15.5,0.0,10.0,True,80,1800,none,none,0.0,
"2026-09-09
00:31:43",13-0add-5deg-cosolv-none-bathSolv-none-0wt-220s-NoN2-1350s | rep 2,sample 31,66.41900703946864,21.53006637738148,5.495723640804994,35.41112943946999,1007.2749079392756,0.0702501058068262,0.1526836138459026,0.7809229327368197,0.8304616166962493,0.8973040553276551,,False,39.0,"{""elastic_r2"": {""pts"": 27, ""max"": 30, ""note"": ""NRMSE-score=0.915 (RMSE=0.28, range=3.36)""}, ""plateau_r2_start"": {""pts"": 13, ""max"": 15, ""note"": ""R\u00b2(first 40%)=0.891""}, ""densification_r2"": {""pts"": 13, ""max"": 15, ""note"": ""R\u00b2=0.896""}, ""yield_accuracy"": {""pts"": 25, ""max"": 25, ""note"": ""elastic tail undershoots data by 2.5% of elastic range""}, ""junction_continuity"": {""pts"": 0, ""max"": 15, ""note"": ""gap=15.1%""}, ""plateau_r2_full_penalty"": {""pts"": 0, ""max"": 0, ""note"": ""R\u00b2(full)=0.536""}, ""elastic_modulus_penalty"": {""pts"": 0, ""max"": 0, ""note"": ""E=21.5 bar ok""}, ""bp1_accuracy_penalty"": {""pts"": 0, ""max"": 0, ""note"": ""plateau spans 13% of remaining stress \u2014 ok | GAM slope stable in early plateau (drop=-37%) \u2014 ok""}, ""changepoint_curvature_penalty"": {""pts"": 0, ""max"": 0, ""note"": ""d2_norm=1.96, linear_stretch=17%""}, ""catastrophic_slope_vs_modulus"": {""pts"": 0, ""max"": 0, ""note"": ""slope ratio=1.64 \u2014 plateau slope \u226595% of elastic""}, ""_score_final"": {""pts"": 39, ""max"": 100, ""note"": ""after catastrophic halving""}}",63.6008386416207,0.0797269788563917,27,5,13.0,0.0,14.0,False,220,1350,none,none,0.0,
"2026-09-09
00:31:43",13-0add-5deg-cosolv-none-bathSolv-none-0wt-220s-NoN2-1350s | rep 3,sample 32,36.86711579512974,,,,,,,,,,,False,,,63.75118922870038,0.0797269788563917,27,5,13.0,0.0,14.0,False,220,1350,none,none,0.0,
"2026-09-09
00:31:43",13-0add-5deg-cosolv-none-bathSolv-none-0wt-220s-NoN2-1350s | rep 4,sample 33,64.738528231558,20.55775643081984,5.339484947239745,47.18485773262812,1028.1075179222676,0.0679376653211346,0.1498672668265631,0.6579701683293289,0.7177313438779891,0.7897955266625241,,False,38.0,"{""elastic_r2"": {""pts"": 27, ""max"": 30, ""note"": ""NRMSE-score=0.912 (RMSE=0.32, range=3.62)""}, ""plateau_r2_start"": {""pts"": 13, ""max"": 15, ""note"": ""R\u00b2(first 40%)=0.846""}, ""densification_r2"": {""pts"": 12, ""max"": 15, ""note"": ""R\u00b2=0.827""}, ""yield_accuracy"": {""pts"": 25, ""max"": 25, ""note"": ""elastic tail undershoots data by 6.6% of elastic range""}, ""junction_continuity"": {""pts"": 0, ""max"": 15, ""note"": ""gap=22.6%""}, ""plateau_r2_full_penalty"": {""pts"": 0, ""max"": 0, ""note"": ""R\u00b2(full)=0.501""}, ""elastic_modulus_penalty"": {""pts"": 0, ""max"": 0, ""note"": ""E=20.6 bar ok""}, ""bp1_accuracy_penalty"": {""pts"": 0, ""max"": 0, ""note"": ""plateau spans 14% of remaining stress \u2014 ok | GAM slope stable in early plateau (drop=-79%) \u2014 ok""}, ""changepoint_curvature_penalty"": {""pts"": 0, ""max"": 0, ""note"": ""d2_norm=1.44, linear_stretch=27%""}, ""catastrophic_slope_vs_modulus"": {""pts"": 0, ""max"": 0, ""note"": ""slope ratio=2.30 \u2014 plateau slope \u226595% of elastic""}, ""_score_final"": {""pts"": 38, ""max"": 100, ""note"": ""after catastrophic halving""}}",64.0437783334221,0.0797269788563917,27,5,13.0,0.0,14.0,False,220,1350,none,none,0.0,
"2026-09-09
00:31:43",13-0add-5deg-cosolv-none-bathSolv-none-0wt-220s-NoN2-1350s | rep 1,sample 30,88.86527352526043,15.064280366843125,4.2085999518137065,37.350461546969846,1230.131513138633,0.0541768459804967,0.0429822477746898,0.7686934949568547,0.8145515905991083,0.859895575641858,,False,41.0,"{""elastic_r2"": {""pts"": 28, ""max"": 30, ""note"": ""NRMSE-score=0.950 (RMSE=0.17, range=3.43)""}, ""plateau_r2_start"": {""pts"": 14, ""max"": 15, ""note"": ""R\u00b2(first 40%)=0.933""}, ""densification_r2"": {""pts"": 13, ""max"": 15, ""note"": ""R\u00b2=0.854""}, ""yield_accuracy"": {""pts"": 25, ""max"": 25, ""note"": ""elastic tail undershoots data by 3.0% of elastic range""}, ""junction_continuity"": {""pts"": 2, ""max"": 15, ""note"": ""gap=12.7%""}, ""plateau_r2_full_penalty"": {""pts"": 0, ""max"": 0, ""note"": ""R\u00b2(full)=0.591""}, ""elastic_modulus_penalty"": {""pts"": 0, ""max"": 0, ""note"": ""E=15.1 bar ok""}, ""bp1_accuracy_penalty"": {""pts"": 0, ""max"": 0, ""note"": ""plateau spans 14% of remaining stress \u2014 ok | GAM slope stable in early plateau (drop=-73%) \u2014 ok""}, ""changepoint_curvature_penalty"": {""pts"": 0, ""max"": 0, ""note"": ""d2_norm=2.40, linear_stretch=20%""}, ""catastrophic_slope_vs_modulus"": {""pts"": 0, ""max"": 0, ""note"": ""slope ratio=2.48 \u2014 plateau slope \u226595% of elastic""}, ""_score_final"": {""pts"": 41, ""max"": 100, ""note"": ""after catastrophic halving""}}",65.57668193881528,0.0797269788563917,27,5,13.0,0.0,14.0,False,220,1350,none,none,0.0,
"2026-09-09
02:51:52",15p5-0add-5deg-cosolv-none-bathSolv-none-0wt-0s-NoN2-1800s | rep 3,sample 40,146.11970395212688,191.7157181967792,11.184231097766103,56.09406783349875,804.4302561106432,0.0482754546462981,0.0,0.4523667220684685,0.5340778872859395,0.6142907750625912,,True,91.0,"{""elastic_r2"": {""pts"": 28, ""max"": 30, ""note"": ""NRMSE-score=0.927 (RMSE=0.75, range=10.28)""}, ""plateau_r2_start"": {""pts"": 14, ""max"": 15, ""note"": ""R\u00b2(first 40%)=0.955""}, ""densification_r2"": {""pts"": 13, ""max"": 15, ""note"": ""R\u00b2=0.885""}, ""yield_accuracy"": {""pts"": 25, ""max"": 25, ""note"": ""elastic tail undershoots data by 0.7% of elastic range""}, ""junction_continuity"": {""pts"": 11, ""max"": 15, ""note"": ""gap=4.5%""}, ""plateau_r2_full_penalty"": {""pts"": 0, ""max"": 0, ""note"": ""R\u00b2(full)=0.659""}, ""elastic_modulus_penalty"": {""pts"": 0, ""max"": 0, ""note"": ""E=191.7 bar ok""}, ""bp1_accuracy_penalty"": {""pts"": 0, ""max"": 0, ""note"": ""plateau spans 18% of remaining stress \u2014 ok | GAM slope stable in early plateau (drop=32%) \u2014 ok""}, ""changepoint_curvature_penalty"": {""pts"": 0, ""max"": 0, ""note"": ""d2_norm=1.58, linear_stretch=23%""}, ""slope_ratio_penalty"": {""pts"": 0, ""max"": 0, ""note"": ""plateau/elastic slope ratio=0.29 \u2014 good separation""}, ""_score_final"": {""pts"": 91, ""max"": 100, ""note"": ""no catastrophic applied""}}",60.00852967819544,0.070516988368629,78,5,15.5,0.0,9.0,False,0,1800,none,none,0.0,
"2026-09-09
02:51:52",15p5-0add-5deg-cosolv-none-bathSolv-none-0wt-0s-NoN2-1800s | rep 1,sample 38,143.91778710517613,117.05687353022594,10.537023469541335,57.948323710455846,918.9502008198637,0.0481485340318391,0.0,0.4832926980736908,0.5576065328278226,0.6351936420402443,,True,87.0,"{""elastic_r2"": {""pts"": 28, ""max"": 30, ""note"": ""NRMSE-score=0.947 (RMSE=0.51, range=9.59)""}, ""plateau_r2_start"": {""pts"": 14, ""max"": 15, ""note"": ""R\u00b2(first 40%)=0.940""}, ""densification_r2"": {""pts"": 13, ""max"": 15, ""note"": ""R\u00b2=0.843""}, ""yield_accuracy"": {""pts"": 25, ""max"": 25, ""note"": ""elastic tail undershoots data by 1.0% of elastic range""}, ""junction_continuity"": {""pts"": 7, ""max"": 15, ""note"": ""gap=7.5%""}, ""plateau_r2_full_penalty"": {""pts"": 0, ""max"": 0, ""note"": ""R\u00b2(full)=0.648""}, ""elastic_modulus_penalty"": {""pts"": 0, ""max"": 0, ""note"": ""E=117.1 bar ok""}, ""bp1_accuracy_penalty"": {""pts"": 0, ""max"": 0, ""note"": ""plateau spans 18% of remaining stress \u2014 ok | GAM slope stable in early plateau (drop=-0%) \u2014 ok""}, ""changepoint_curvature_penalty"": {""pts"": 0, ""max"": 0, ""note"": ""d2_norm=1.27, linear_stretch=30%""}, ""slope_ratio_penalty"": {""pts"": 0, ""max"": 0, ""note"": ""plateau/elastic slope ratio=0.50 \u2014 good separation""}, ""_score_final"": {""pts"": 87, ""max"": 100, ""note"": ""no catastrophic applied""}}",60.7484854211621,0.070516988368629,78,5,15.5,0.0,9.0,False,0,1800,none,none,0.0,
"2026-09-09
02:51:52",15p5-0add-5deg-cosolv-none-bathSolv-none-0wt-0s-NoN2-1800s | rep 4,sample 41,138.99441760422056,87.21018121868246,6.622815131725117,41.1915475526496,1570.4193255074542,0.0462534353402011,0.0,0.54959634445761,0.5916401035926049,0.6305238170206091,,True,83.0,"{""elastic_r2"": {""pts"": 28, ""max"": 30, ""note"": ""NRMSE-score=0.932 (RMSE=0.38, range=5.55)""}, ""plateau_r2_start"": {""pts"": 13, ""max"": 15, ""note"": ""R\u00b2(first 40%)=0.899""}, ""densification_r2"": {""pts"": 13, ""max"": 15, ""note"": ""R\u00b2=0.837""}, ""yield_accuracy"": {""pts"": 25, ""max"": 25, ""note"": ""elastic tail undershoots data by 1.4% of elastic range""}, ""junction_continuity"": {""pts"": 4, ""max"": 15, ""note"": ""gap=11.4%""}, ""plateau_r2_full_penalty"": {""pts"": 0, ""max"": 0, ""note"": ""R\u00b2(full)=0.586""}, ""elastic_modulus_penalty"": {""pts"": 0, ""max"": 0, ""note"": ""E=87.2 bar ok""}, ""bp1_accuracy_penalty"": {""pts"": 0, ""max"": 0, ""note"": ""plateau spans 14% of remaining stress \u2014 ok | GAM slope stable in early plateau (drop=7%) \u2014 ok""}, ""changepoint_curvature_penalty"": {""pts"": 0, ""max"": 0, ""note"": ""d2_norm=4.05, linear_stretch=13%""}, ""slope_ratio_penalty"": {""pts"": 0, ""max"": 0, ""note"": ""plateau/elastic slope ratio=0.47 \u2014 good separation""}, ""_score_final"": {""pts"": 83, ""max"": 100, ""note"": ""no catastrophic applied""}}",63.68812532826897,0.070516988368629,78,5,15.5,0.0,9.0,False,0,1800,none,none,0.0,
"2026-09-09
02:51:52",15p5-0add-5deg-cosolv-none-bathSolv-none-0wt-0s-NoN2-1800s | rep 2,sample 39,148.31855056254565,168.42988758576666,11.060778908118817,53.09583386898407,941.3092728514588,0.056603631137913,0.0,0.4479741922435784,0.5266081872986157,0.6037388431142616,,True,90.0,"{""elastic_r2"": {""pts"": 28, ""max"": 30, ""note"": ""NRMSE-score=0.922 (RMSE=0.78, range=10.06)""}, ""plateau_r2_start"": {""pts"": 14, ""max"": 15, ""note"": ""R\u00b2(first 40%)=0.957""}, ""densification_r2"": {""pts"": 12, ""max"": 15, ""note"": ""R\u00b2=0.819""}, ""yield_accuracy"": {""pts"": 25, ""max"": 25, ""note"": ""elastic tail undershoots data by 4.5% of elastic range""}, ""junction_continuity"": {""pts"": 11, ""max"": 15, ""note"": ""gap=4.1%""}, ""plateau_r2_full_penalty"": {""pts"": 0, ""max"": 0, ""note"": ""R\u00b2(full)=0.578""}, ""elastic_modulus_penalty"": {""pts"": 0, ""max"": 0, ""note"": ""E=168.4 bar ok""}, ""bp1_accuracy_penalty"": {""pts"": 0, ""max"": 0, ""note"": ""plateau spans 17% of remaining stress \u2014 ok | GAM slope stable in early plateau (drop=19%) \u2014 ok""}, ""changepoint_curvature_penalty"": {""pts"": 0, ""max"": 0, ""note"": ""d2_norm=1.69, linear_stretch=30%""}, ""slope_ratio_penalty"": {""pts"": 0, ""max"": 0, ""note"": ""plateau/elastic slope ratio=0.32 \u2014 good separation""}, ""_score_final"": {""pts"": 90, ""max"": 100, ""note"": ""no catastrophic applied""}}",60.5929892202724,0.070516988368629,78,5,15.5,0.0,9.0,False,0,1800,none,none,0.0,
"2026-09-09
05:54:26",16p5-0add-25deg-cosolv-none-bathSolv-none-0wt-130s-NoN2-1250s | rep 3,sample 48,143.3777372014568,325.21374247547163,24.52325670961133,43.34710625338003,815.7470063558595,0.0757351139417312,0.0,0.4848724811758589,0.594526905921632,0.684996630529773,,True,90.0,"{""elastic_r2"": {""pts"": 28, ""max"": 30, ""note"": ""NRMSE-score=0.944 (RMSE=1.32, range=23.38)""}, ""plateau_r2_start"": {""pts"": 14, ""max"": 15, ""note"": ""R\u00b2(first 40%)=0.916""}, ""densification_r2"": {""pts"": 13, ""max"": 15, ""note"": ""R\u00b2=0.893""}, ""yield_accuracy"": {""pts"": 25, ""max"": 25, ""note"": ""elastic tail undershoots data by 1.7% of elastic range""}, ""junction_continuity"": {""pts"": 15, ""max"": 15, ""note"": ""gap=0.0%""}, ""plateau_r2_full_penalty"": {""pts"": 0, ""max"": 0, ""note"": ""R\u00b2(full)=0.679""}, ""elastic_modulus_penalty"": {""pts"": 0, ""max"": 0, ""note"": ""E=325.2 bar ok""}, ""bp1_accuracy_penalty"": {""pts"": -5, ""max"": 0, ""note"": ""plateau spans 17% of remaining stress \u2014 ok | GAM slope drops 68% in early plateau \u2014 bp1 suspect""}, ""changepoint_curvature_penalty"": {""pts"": 0, ""max"": 0, ""note"": ""d2_norm=3.07, linear_stretch=17%""}, ""slope_ratio_penalty"": {""pts"": 0, ""max"": 0, ""note"": ""plateau/elastic slope ratio=0.13 \u2014 good separation""}, ""_score_final"": {""pts"": 90, ""max"": 100, ""note"": ""no catastrophic applied""}}",56.60057643087864,0.0513335365557189,62,25,16.5,0.0,5.0,False,130,1250,none,none,0.0,
"2026-09-09
05:54:26",16p5-0add-25deg-cosolv-none-bathSolv-none-0wt-130s-NoN2-1250s | rep 1,sample 46,146.84415573210245,264.20365595692493,23.19772902897109,54.298511928575486,869.5412540259844,0.0763446460754413,0.0,0.4529828595861883,0.5483015851466821,0.6314458280048454,,True,89.0,"{""elastic_r2"": {""pts"": 29, ""max"": 30, ""note"": ""NRMSE-score=0.954 (RMSE=1.03, range=22.33)""}, ""plateau_r2_start"": {""pts"": 13, ""max"": 15, ""note"": ""R\u00b2(first 40%)=0.837""}, ""densification_r2"": {""pts"": 14, ""max"": 15, ""note"": ""R\u00b2=0.925""}, ""yield_accuracy"": {""pts"": 25, ""max"": 25, ""note"": ""elastic tail undershoots data by 0.4% of elastic range""}, ""junction_continuity"": {""pts"": 13, ""max"": 15, ""note"": ""gap=2.3%""}, ""plateau_r2_full_penalty"": {""pts"": 0, ""max"": 0, ""note"": ""R\u00b2(full)=0.753""}, ""elastic_modulus_penalty"": {""pts"": 0, ""max"": 0, ""note"": ""E=264.2 bar ok""}, ""bp1_accuracy_penalty"": {""pts"": -5, ""max"": 0, ""note"": ""plateau spans 18% of remaining stress \u2014 ok | GAM slope drops 49% in early plateau \u2014 bp1 suspect""}, ""changepoint_curvature_penalty"": {""pts"": 0, ""max"": 0, ""note"": ""d2_norm=2.48, linear_stretch=13%""}, ""slope_ratio_penalty"": {""pts"": 0, ""max"": 0, ""note"": ""plateau/elastic slope ratio=0.21 \u2014 good separation""}, ""_score_final"": {""pts"": 89, ""max"": 100, ""note"": ""no catastrophic applied""}}",57.10511388430514,0.0513335365557189,62,25,16.5,0.0,5.0,False,130,1250,none,none,0.0,
"2026-09-09
05:54:26",16p5-0add-25deg-cosolv-none-bathSolv-none-0wt-130s-NoN2-1250s | rep 2,sample 47,154.00133307633573,260.5733816568658,23.436321063978163,44.79250400979523,812.8828064048263,0.0775683852859046,0.0,0.4674758062316969,0.5574756937814604,0.6415481288622095,,True,90.0,"{""elastic_r2"": {""pts"": 28, ""max"": 30, ""note"": ""NRMSE-score=0.948 (RMSE=1.12, range=21.75)""}, ""plateau_r2_start"": {""pts"": 14, ""max"": 15, ""note"": ""R\u00b2(first 40%)=0.921""}, ""densification_r2"": {""pts"": 14, ""max"": 15, ""note"": ""R\u00b2=0.934""}, ""yield_accuracy"": {""pts"": 25, ""max"": 25, ""note"": ""elastic tail overshoots data by 0.2% of elastic range""}, ""junction_continuity"": {""pts"": 14, ""max"": 15, ""note"": ""gap=0.5%""}, ""plateau_r2_full_penalty"": {""pts"": 0, ""max"": 0, ""note"": ""R\u00b2(full)=0.657""}, ""elastic_modulus_penalty"": {""pts"": 0, ""max"": 0, ""note"": ""E=260.6 bar ok""}, ""bp1_accuracy_penalty"": {""pts"": -5, ""max"": 0, ""note"": ""plateau spans 15% of remaining stress \u2014 ok | GAM slope drops 57% in early plateau \u2014 bp1 suspect""}, ""changepoint_curvature_penalty"": {""pts"": 0, ""max"": 0, ""note"": ""d2_norm=1.94, linear_stretch=13%""}, ""slope_ratio_penalty"": {""pts"": 0, ""max"": 0, ""note"": ""plateau/elastic slope ratio=0.17 \u2014 good separation""}, ""_score_final"": {""pts"": 90, ""max"": 100, ""note"": ""no catastrophic applied""}}",57.6864787599811,0.0513335365557189,62,25,16.5,0.0,5.0,False,130,1250,none,none,0.0,
"2026-09-09
05:54:26",16p5-0add-25deg-cosolv-none-bathSolv-none-0wt-130s-NoN2-1250s | rep 4,sample 49,148.57609657848707,314.1737083222586,24.567728216066502,40.02614441638871,819.0020365999994,0.074972234762099,0.0,0.5002965171650041,0.6034219749515906,0.6913740649493127,,True,90.0,"{""elastic_r2"": {""pts"": 28, ""max"": 30, ""note"": ""NRMSE-score=0.929 (RMSE=1.56, range=21.96)""}, ""plateau_r2_start"": {""pts"": 14, ""max"": 15, ""note"": ""R\u00b2(first 40%)=0.917""}, ""densification_r2"": {""pts"": 13, ""max"": 15, ""note"": ""R\u00b2=0.887""}, ""yield_accuracy"": {""pts"": 25, ""max"": 25, ""note"": ""elastic tail overshoots data by 1.1% of elastic range""}, ""junction_continuity"": {""pts"": 15, ""max"": 15, ""note"": ""gap=0.4%""}, ""plateau_r2_full_penalty"": {""pts"": 0, ""max"": 0, ""note"": ""R\u00b2(full)=0.630""}, ""elastic_modulus_penalty"": {""pts"": 0, ""max"": 0, ""note"": ""E=314.2 bar ok""}, ""bp1_accuracy_penalty"": {""pts"": -5, ""max"": 0, ""note"": ""plateau spans 16% of remaining stress \u2014 ok | GAM slope drops 61% in early plateau \u2014 bp1 suspect""}, ""changepoint_curvature_penalty"": {""pts"": 0, ""max"": 0, ""note"": ""d2_norm=2.47, linear_stretch=30%""}, ""slope_ratio_penalty"": {""pts"": 0, ""max"": 0, ""note"": ""plateau/elastic slope ratio=0.13 \u2014 good separation""}, ""_score_final"": {""pts"": 90, ""max"": 100, ""note"": ""no catastrophic applied""}}",56.42876031208494,0.0513335365557189,62,25,16.5,0.0,5.0,False,130,1250,none,none,0.0,
"2026-09-09
08:07:45",16p3-0add-5deg-cosolv-none-bathSolv-none-0wt-350s-NoN2-1450s | rep 2,sample 55,164.31141193726108,246.93913674337472,20.965042620401743,39.7159056734917,927.422012945258,0.0753232111005086,0.0303369615500693,0.5272807622291704,0.6165700652164209,0.6859947092012385,,True,93.0,"{""elastic_r2"": {""pts"": 27, ""max"": 30, ""note"": ""NRMSE-score=0.910 (RMSE=1.84, range=20.51)""}, ""plateau_r2_start"": {""pts"": 14, ""max"": 15, ""note"": ""R\u00b2(first 40%)=0.937""}, ""densification_r2"": {""pts"": 13, ""max"": 15, ""note"": ""R\u00b2=0.878""}, ""yield_accuracy"": {""pts"": 25, ""max"": 25, ""note"": ""elastic tail undershoots data by 4.9% of elastic range""}, ""junction_continuity"": {""pts"": 14, ""max"": 15, ""note"": ""gap=0.6%""}, ""plateau_r2_full_penalty"": {""pts"": 0, ""max"": 0, ""note"": ""R\u00b2(full)=0.623""}, ""elastic_modulus_penalty"": {""pts"": 0, ""max"": 0, ""note"": ""E=246.9 bar ok""}, ""bp1_accuracy_penalty"": {""pts"": 0, ""max"": 0, ""note"": ""plateau spans 15% of remaining stress \u2014 ok | GAM slope stable in early plateau (drop=17%) \u2014 ok""}, ""changepoint_curvature_penalty"": {""pts"": 0, ""max"": 0, ""note"": ""d2_norm=1.27, linear_stretch=17%""}, ""slope_ratio_penalty"": {""pts"": 0, ""max"": 0, ""note"": ""plateau/elastic slope ratio=0.16 \u2014 good separation""}, ""_score_final"": {""pts"": 93, ""max"": 100, ""note"": ""no catastrophic applied""}}",59.55311266401773,0.0609303963706437,38,5,16.3,0.0,15.0,False,350,1450,none,none,0.0,
"2026-09-09
08:07:45",16p3-0add-5deg-cosolv-none-bathSolv-none-0wt-350s-NoN2-1450s | rep 1,sample 54,185.85662925895983,77.38863987039305,10.411530654861378,62.81427369905694,1042.2475681326237,0.0647559935462044,0.0,0.5548293527224483,0.6339359848648959,0.6918487342443009,,False,61.0,"{""elastic_r2"": {""pts"": 29, ""max"": 30, ""note"": ""NRMSE-score=0.963 (RMSE=0.36, range=9.68)""}, ""plateau_r2_start"": {""pts"": 13, ""max"": 15, ""note"": ""R\u00b2(first 40%)=0.874""}, ""densification_r2"": {""pts"": 13, ""max"": 15, ""note"": ""R\u00b2=0.900""}, ""yield_accuracy"": {""pts"": 25, ""max"": 25, ""note"": ""elastic tail overshoots data by 0.6% of elastic range""}, ""junction_continuity"": {""pts"": 0, ""max"": 15, ""note"": ""gap=20.6%""}, ""plateau_r2_full_penalty"": {""pts"": 0, ""max"": 0, ""note"": ""R\u00b2(full)=0.823""}, ""elastic_modulus_penalty"": {""pts"": 0, ""max"": 0, ""note"": ""E=77.4 bar ok""}, ""bp1_accuracy_penalty"": {""pts"": -5, ""max"": 0, ""note"": ""plateau spans 22% of remaining stress \u2014 ok | GAM slope drops 46% in early plateau \u2014 bp1 suspect""}, ""changepoint_curvature_penalty"": {""pts"": 0, ""max"": 0, ""note"": ""d2_norm=2.20, linear_stretch=13%""}, ""slope_ratio_penalty"": {""pts"": -14, ""max"": 0, ""note"": ""plateau/elastic slope ratio=0.81 \u2014 nearly parallel (-14 pts)""}, ""_score_final"": {""pts"": 61, ""max"": 100, ""note"": ""no catastrophic applied""}}",60.86582140691095,0.0609303963706437,38,5,16.3,0.0,15.0,False,350,1450,none,none,0.0,
"2026-09-09
08:07:45",16p3-0add-5deg-cosolv-none-bathSolv-none-0wt-350s-NoN2-1450s | rep 4,sample 57,164.74094057831772,315.7701256763372,21.08412189000469,45.39735272370981,1026.90910485136,0.0760062910631338,0.0,0.4846165998331608,0.5756257030483986,0.6409367487087223,,True,87.0,"{""elastic_r2"": {""pts"": 28, ""max"": 30, ""note"": ""NRMSE-score=0.936 (RMSE=1.24, range=19.26)""}, ""plateau_r2_start"": {""pts"": 14, ""max"": 15, ""note"": ""R\u00b2(first 40%)=0.913""}, ""densification_r2"": {""pts"": 12, ""max"": 15, ""note"": ""R\u00b2=0.822""}, ""yield_accuracy"": {""pts"": 25, ""max"": 25, ""note"": ""elastic tail undershoots data by 0.6% of elastic range""}, ""junction_continuity"": {""pts"": 14, ""max"": 15, ""note"": ""gap=1.1%""}, ""plateau_r2_full_penalty"": {""pts"": 0, ""max"": 0, ""note"": ""R\u00b2(full)=0.639""}, ""elastic_modulus_penalty"": {""pts"": 0, ""max"": 0, ""note"": ""E=315.8 bar ok""}, ""bp1_accuracy_penalty"": {""pts"": -5, ""max"": 0, ""note"": ""plateau spans 17% of remaining stress \u2014 ok | GAM slope drops 63% in early plateau \u2014 bp1 suspect""}, ""changepoint_curvature_penalty"": {""pts"": -1, ""max"": 0, ""note"": ""d2_norm=0.55, linear_stretch=20%""}, ""slope_ratio_penalty"": {""pts"": 0, ""max"": 0, ""note"": ""plateau/elastic slope ratio=0.14 \u2014 good separation""}, ""_score_final"": {""pts"": 87, ""max"": 100, ""note"": ""no catastrophic applied""}}",57.97683999007853,0.0609303963706437,38,5,16.3,0.0,15.0,False,350,1450,none,none,0.0,
"2026-09-09
08:07:45",16p3-0add-5deg-cosolv-none-bathSolv-none-0wt-350s-NoN2-1450s | rep 3,sample 56,159.62922182609003,343.51068591434546,19.669700555996457,44.24557764609206,1048.1981837129506,0.0740953705285063,0.0,0.519480911147298,0.6089767573878413,0.6780037302203262,,True,85.0,"{""elastic_r2"": {""pts"": 27, ""max"": 30, ""note"": ""NRMSE-score=0.911 (RMSE=1.62, range=18.18)""}, ""plateau_r2_start"": {""pts"": 13, ""max"": 15, ""note"": ""R\u00b2(first 40%)=0.895""}, ""densification_r2"": {""pts"": 13, ""max"": 15, ""note"": ""R\u00b2=0.852""}, ""yield_accuracy"": {""pts"": 25, ""max"": 25, ""note"": ""elastic tail undershoots data by 5.3% of elastic range""}, ""junction_continuity"": {""pts"": 12, ""max"": 15, ""note"": ""gap=3.3%""}, ""plateau_r2_full_penalty"": {""pts"": 0, ""max"": 0, ""note"": ""R\u00b2(full)=0.643""}, ""elastic_modulus_penalty"": {""pts"": 0, ""max"": 0, ""note"": ""E=343.5 bar ok""}, ""bp1_accuracy_penalty"": {""pts"": -5, ""max"": 0, ""note"": ""plateau spans 18% of remaining stress \u2014 ok | GAM slope drops 69% in early plateau \u2014 bp1 suspect""}, ""changepoint_curvature_penalty"": {""pts"": 0, ""max"": 0, ""note"": ""d2_norm=2.44, linear_stretch=17%""}, ""slope_ratio_penalty"": {""pts"": 0, ""max"": 0, ""note"": ""plateau/elastic slope ratio=0.13 \u2014 good separation""}, ""_score_final"": {""pts"": 85, ""max"": 100, ""note"": ""no catastrophic applied""}}",58.43068511650232,0.0609303963706437,38,5,16.3,0.0,15.0,False,350,1450,none,none,0.0,
"2026-09-09
10:24:23",14p6-0add-10deg-cosolv-none-bathSolv-none-0wt-540s-NoN2-1580s | rep 2,sample 63,153.97748215996918,156.0318448726255,13.505959311651058,52.16497340967605,1001.6188308755188,0.0700844085974843,0.0,0.5116747036914113,0.5941514881692624,0.6672902009962492,,True,93.0,"{""elastic_r2"": {""pts"": 28, ""max"": 30, ""note"": ""NRMSE-score=0.937 (RMSE=0.75, range=11.99)""}, ""plateau_r2_start"": {""pts"": 14, ""max"": 15, ""note"": ""R\u00b2(first 40%)=0.944""}, ""densification_r2"": {""pts"": 12, ""max"": 15, ""note"": ""R\u00b2=0.832""}, ""yield_accuracy"": {""pts"": 25, ""max"": 25, ""note"": ""elastic tail undershoots data by 0.9% of elastic range""}, ""junction_continuity"": {""pts"": 14, ""max"": 15, ""note"": ""gap=1.2%""}, ""plateau_r2_full_penalty"": {""pts"": 0, ""max"": 0, ""note"": ""R\u00b2(full)=0.624""}, ""elastic_modulus_penalty"": {""pts"": 0, ""max"": 0, ""note"": ""E=156.0 bar ok""}, ""bp1_accuracy_penalty"": {""pts"": 0, ""max"": 0, ""note"": ""plateau spans 18% of remaining stress \u2014 ok | GAM slope stable in early plateau (drop=26%) \u2014 ok""}, ""changepoint_curvature_penalty"": {""pts"": 0, ""max"": 0, ""note"": ""d2_norm=1.51, linear_stretch=20%""}, ""slope_ratio_penalty"": {""pts"": 0, ""max"": 0, ""note"": ""plateau/elastic slope ratio=0.33 \u2014 good separation""}, ""_score_final"": {""pts"": 93, ""max"": 100, ""note"": ""no catastrophic applied""}}",60.0220892364658,0.0454469255091206,43,10,14.6,0.0,20.0,False,540,1580,none,none,0.0,
"2026-09-09
10:24:23",14p6-0add-10deg-cosolv-none-bathSolv-none-0wt-540s-NoN2-1580s | rep 3,sample 64,154.0253568646886,157.68363964264478,16.78877205126809,40.86090975450546,879.8790048089719,0.0783026917949836,0.0317881973951863,0.5392421368747851,0.6171935678417623,0.692965215425701,,True,94.0,"{""elastic_r2"": {""pts"": 28, ""max"": 30, ""note"": ""NRMSE-score=0.933 (RMSE=1.14, range=16.90)""}, ""plateau_r2_start"": {""pts"": 14, ""max"": 15, ""note"": ""R\u00b2(first 40%)=0.904""}, ""densification_r2"": {""pts"": 14, ""max"": 15, ""note"": ""R\u00b2=0.922""}, ""yield_accuracy"": {""pts"": 25, ""max"": 25, ""note"": ""elastic tail undershoots data by 4.8% of elastic range""}, ""junction_continuity"": {""pts"": 13, ""max"": 15, ""note"": ""gap=2.1%""}, ""plateau_r2_full_penalty"": {""pts"": 0, ""max"": 0, ""note"": ""R\u00b2(full)=0.554""}, ""elastic_modulus_penalty"": {""pts"": 0, ""max"": 0, ""note"": ""E=157.7 bar ok""}, ""bp1_accuracy_penalty"": {""pts"": 0, ""max"": 0, ""note"": ""plateau spans 14% of remaining stress \u2014 ok | GAM slope stable in early plateau (drop=21%) \u2014 ok""}, ""changepoint_curvature_penalty"": {""pts"": 0, ""max"": 0, ""note"": ""d2_norm=3.15, linear_stretch=10%""}, ""slope_ratio_penalty"": {""pts"": 0, ""max"": 0, ""note"": ""plateau/elastic slope ratio=0.26 \u2014 good separation""}, ""_score_final"": {""pts"": 94, ""max"": 100, ""note"": ""no catastrophic applied""}}",60.44883513020525,0.0454469255091206,43,10,14.6,0.0,20.0,False,540,1580,none,none,0.0,
"2026-09-09
10:24:23",14p6-0add-10deg-cosolv-none-bathSolv-none-0wt-540s-NoN2-1580s | rep 1,sample 62,136.2937236662845,111.7819383048682,17.01247216463298,38.134193067931896,803.9576487148535,0.0714020576795657,0.0443005809892628,0.5704392935779725,0.6514552244480927,0.7353901533818945,,True,85.0,"{""elastic_r2"": {""pts"": 28, ""max"": 30, ""note"": ""NRMSE-score=0.942 (RMSE=1.01, range=17.34)""}, ""plateau_r2_start"": {""pts"": 14, ""max"": 15, ""note"": ""R\u00b2(first 40%)=0.925""}, ""densification_r2"": {""pts"": 13, ""max"": 15, ""note"": ""R\u00b2=0.881""}, ""yield_accuracy"": {""pts"": 25, ""max"": 25, ""note"": ""elastic tail undershoots data by 3.1% of elastic range""}, ""junction_continuity"": {""pts"": 15, ""max"": 15, ""note"": ""gap=0.2%""}, ""plateau_r2_full_penalty"": {""pts"": -10, ""max"": 0, ""note"": ""R\u00b2(full)=0.416""}, ""elastic_modulus_penalty"": {""pts"": 0, ""max"": 0, ""note"": ""E=111.8 bar ok""}, ""bp1_accuracy_penalty"": {""pts"": 0, ""max"": 0, ""note"": ""plateau spans 13% of remaining stress \u2014 ok | GAM slope stable in early plateau (drop=-36%) \u2014 ok""}, ""changepoint_curvature_penalty"": {""pts"": 0, ""max"": 0, ""note"": ""d2_norm=2.04, linear_stretch=27%""}, ""slope_ratio_penalty"": {""pts"": 0, ""max"": 0, ""note"": ""plateau/elastic slope ratio=0.34 \u2014 good separation""}, ""_score_final"": {""pts"": 85, ""max"": 100, ""note"": ""no catastrophic applied""}}",60.42411968786525,0.0454469255091206,43,10,14.6,0.0,20.0,False,540,1580,none,none,0.0,
"2026-09-09
10:24:23",14p6-0add-10deg-cosolv-none-bathSolv-none-0wt-540s-NoN2-1580s | rep 4,sample 65,158.18634306750656,149.63908240415927,18.73719409972153,49.920011789759904,918.5567385672954,0.0734592982606024,0.0,0.54052763341182,0.6309094574981621,0.7051886274185712,,True,91.0,"{""elastic_r2"": {""pts"": 29, ""max"": 30, ""note"": ""NRMSE-score=0.951 (RMSE=0.89, range=18.17)""}, ""plateau_r2_start"": {""pts"": 13, ""max"": 15, ""note"": ""R\u00b2(first 40%)=0.885""}, ""densification_r2"": {""pts"": 14, ""max"": 15, ""note"": ""R\u00b2=0.905""}, ""yield_accuracy"": {""pts"": 25, ""max"": 25, ""note"": ""elastic tail undershoots data by 2.7% of elastic range""}, ""junction_continuity"": {""pts"": 10, ""max"": 15, ""note"": ""gap=5.1%""}, ""plateau_r2_full_penalty"": {""pts"": 0, ""max"": 0, ""note"": ""R\u00b2(full)=0.662""}, ""elastic_modulus_penalty"": {""pts"": 0, ""max"": 0, ""note"": ""E=149.6 bar ok""}, ""bp1_accuracy_penalty"": {""pts"": 0, ""max"": 0, ""note"": ""plateau spans 18% of remaining stress \u2014 ok | GAM slope stable in early plateau (drop=2%) \u2014 ok""}, ""changepoint_curvature_penalty"": {""pts"": 0, ""max"": 0, ""note"": ""d2_norm=2.04, linear_stretch=17%""}, ""slope_ratio_penalty"": {""pts"": 0, ""max"": 0, ""note"": ""plateau/elastic slope ratio=0.33 \u2014 good separation""}, ""_score_final"": {""pts"": 91, ""max"": 100, ""note"": ""no catastrophic applied""}}",59.7042456327985,0.0454469255091206,43,10,14.6,0.0,20.0,False,540,1580,none,none,0.0,
"2026-09-09
12:36:56",14-0add-20deg-cosolv-none-bathSolv-none-0wt-420s-NoN2-1350s | rep 3,sample 72,132.69644506150732,106.93660631852448,15.147812439178088,42.758044303222896,983.5789347087938,0.0711569584533166,0.06844218796869161,0.5670869470295009,0.6338905452411265,0.7049657892152299,,True,91.0,"{""elastic_r2"": {""pts"": 27, ""max"": 30, ""note"": ""NRMSE-score=0.908 (RMSE=1.36, range=14.80)""}, ""plateau_r2_start"": {""pts"": 13, ""max"": 15, ""note"": ""R\u00b2(first 40%)=0.878""}, ""densification_r2"": {""pts"": 14, ""max"": 15, ""note"": ""R\u00b2=0.907""}, ""yield_accuracy"": {""pts"": 25, ""max"": 25, ""note"": ""elastic tail undershoots data by 7.0% of elastic range""}, ""junction_continuity"": {""pts"": 12, ""max"": 15, ""note"": ""gap=2.9%""}, ""plateau_r2_full_penalty"": {""pts"": 0, ""max"": 0, ""note"": ""R\u00b2(full)=0.566""}, ""elastic_modulus_penalty"": {""pts"": 0, ""max"": 0, ""note"": ""E=106.9 bar ok""}, ""bp1_accuracy_penalty"": {""pts"": 0, ""max"": 0, ""note"": ""plateau spans 14% of remaining stress \u2014 ok | GAM slope stable in early plateau (drop=-30%) \u2014 ok""}, ""changepoint_curvature_penalty"": {""pts"": 0, ""max"": 0, ""note"": ""d2_norm=1.66, linear_stretch=17%""}, ""slope_ratio_penalty"": {""pts"": 0, ""max"": 0, ""note"": ""plateau/elastic slope ratio=0.40 \u2014 good separation""}, ""_score_final"": {""pts"": 91, ""max"": 100, ""note"": ""no catastrophic applied""}}",61.96317535225296,0.04508829818464569,52,20,14.0,0.0,3.0,False,420,1350,none,none,0.0,
"2026-09-09
12:36:56",14-0add-20deg-cosolv-none-bathSolv-none-0wt-420s-NoN2-1350s | rep 1,sample 70,139.84419668371535,79.4958688860515,13.263058191952803,45.61594241003554,819.4914253039492,0.0853463960536327,0.0,0.5454936933552492,0.6071520654001696,,,True,90.0,"{""elastic_r2"": {""pts"": 28, ""max"": 30, ""note"": ""NRMSE-score=0.934 (RMSE=0.85, range=12.92)""}, ""plateau_r2_start"": {""pts"": 12, ""max"": 15, ""note"": ""R\u00b2(first 40%)=0.800""}, ""densification_r2"": {""pts"": 14, ""max"": 15, ""note"": ""R\u00b2=0.930""}, ""yield_accuracy"": {""pts"": 25, ""max"": 25, ""note"": ""elastic tail undershoots data by 5.4% of elastic range""}, ""junction_continuity"": {""pts"": 11, ""max"": 15, ""note"": ""gap=3.5%""}, ""plateau_r2_full_penalty"": {""pts"": 0, ""max"": 0, ""note"": ""R\u00b2(full)=0.573""}, ""elastic_modulus_penalty"": {""pts"": 0, ""max"": 0, ""note"": ""E=79.5 bar ok""}, ""bp1_accuracy_penalty"": {""pts"": 0, ""max"": 0, ""note"": ""plateau spans 12% of remaining stress \u2014 ok | GAM slope stable in early plateau (drop=-67%) \u2014 ok""}, ""changepoint_curvature_penalty"": {""pts"": 0, ""max"": 0, ""note"": ""d2_norm=1.45, linear_stretch=13%""}, ""slope_ratio_penalty"": {""pts"": 0, ""max"": 0, ""note"": ""plateau/elastic slope ratio=0.57 \u2014 good separation""}, ""_score_final"": {""pts"": 90, ""max"": 100, ""note"": ""no catastrophic applied""}}",62.77611055710633,0.04508829818464569,52,20,14.0,0.0,3.0,False,420,1350,none,none,0.0,
"2026-09-09
12:36:56",14-0add-20deg-cosolv-none-bathSolv-none-0wt-420s-NoN2-1350s | rep 2,sample 71,150.96335862820274,84.67039580674927,10.187317627382328,37.478230608254016,1047.0257144575694,0.06346395557502393,0.03574662421924091,0.5479196420100436,0.595258213843392,0.6542575735254309,,True,90.0,"{""elastic_r2"": {""pts"": 28, ""max"": 30, ""note"": ""NRMSE-score=0.930 (RMSE=0.70, range=10.02)""}, ""plateau_r2_start"": {""pts"": 13, ""max"": 15, ""note"": ""R\u00b2(first 40%)=0.855""}, ""densification_r2"": {""pts"": 14, ""max"": 15, ""note"": ""R\u00b2=0.924""}, ""yield_accuracy"": {""pts"": 25, ""max"": 25, ""note"": ""elastic tail undershoots data by 3.8% of elastic range""}, ""junction_continuity"": {""pts"": 11, ""max"": 15, ""note"": ""gap=3.9%""}, ""plateau_r2_full_penalty"": {""pts"": 0, ""max"": 0, ""note"": ""R\u00b2(full)=0.535""}, ""elastic_modulus_penalty"": {""pts"": 0, ""max"": 0, ""note"": ""E=84.7 bar ok""}, ""bp1_accuracy_penalty"": {""pts"": 0, ""max"": 0, ""note"": ""plateau spans 11% of remaining stress \u2014 ok | GAM slope stable in early plateau (drop=-27%) \u2014 ok""}, ""changepoint_curvature_penalty"": {""pts"": -1, ""max"": 0, ""note"": ""d2_norm=0.55, linear_stretch=20%""}, ""slope_ratio_penalty"": {""pts"": 0, ""max"": 0, ""note"": ""plateau/elastic slope ratio=0.44 \u2014 good separation""}, ""_score_final"": {""pts"": 90, ""max"": 100, ""note"": ""no catastrophic applied""}}",63.63630072948449,0.04508829818464569,52,20,14.0,0.0,3.0,False,420,1350,none,none,0.0,
"2026-09-09
12:36:56",14-0add-20deg-cosolv-none-bathSolv-none-0wt-420s-NoN2-1350s | rep 4,sample 73,137.28332007340296,92.8728867372396,15.402932120512169,42.57152027429829,1081.1151648354755,0.06473433763550884,0.0,0.5925159839063092,0.6512988700475892,0.71070693647981,,True,90.0,"{""elastic_r2"": {""pts"": 28, ""max"": 30, ""note"": ""NRMSE-score=0.939 (RMSE=0.96, range=15.71)""}, ""plateau_r2_start"": {""pts"": 13, ""max"": 15, ""note"": ""R\u00b2(first 40%)=0.864""}, ""densification_r2"": {""pts"": 13, ""max"": 15, ""note"": ""R\u00b2=0.890""}, ""yield_accuracy"": {""pts"": 25, ""max"": 25, ""note"": ""elastic tail undershoots data by 3.3% of elastic range""}, ""junction_continuity"": {""pts"": 11, ""max"": 15, ""note"": ""gap=4.0%""}, ""plateau_r2_full_penalty"": {""pts"": 0, ""max"": 0, ""note"": ""R\u00b2(full)=0.606""}, ""elastic_modulus_penalty"": {""pts"": 0, ""max"": 0, ""note"": ""E=92.9 bar ok""}, ""bp1_accuracy_penalty"": {""pts"": 0, ""max"": 0, ""note"": ""plateau spans 14% of remaining stress \u2014 ok | GAM slope stable in early plateau (drop=-5%) \u2014 ok""}, ""changepoint_curvature_penalty"": {""pts"": 0, ""max"": 0, ""note"": ""d2_norm=2.22, linear_stretch=17%""}, ""slope_ratio_penalty"": {""pts"": 0, ""max"": 0, ""note"": ""plateau/elastic slope ratio=0.46 \u2014 good separation""}, ""_score_final"": {""pts"": 90, ""max"": 100, ""note"": ""no catastrophic applied""}}",62.19799200905089,0.04508829818464569,52,20,14.0,0.0,3.0,False,420,1350,none,none,0.0,
