date,name,Trial,Thickness,Elastic Modulus,Yield Strength,Slope Plateau,Slope Densification,Creep Strain,Toe Region,Strain at 50 bar,Strain at 80 bar,Strain at 150 bar,Strain at 500 bar,Good Fit,Good Fit Score,Good Fit Breakdown,Average Standard Deviation,CV,mixing_temp,bath_temp,polymer_wt,additive_wt,pullcast_speed,nitrogen,coupon_to_bath_wait_time,nips_bath_wait_time,polymer_type,solvent_type,cosolvent_type,nips_bath_solvent,nips_bath_solvent_wt_percent
"2026-09-25
20:33:58",17-0add-8deg-cosolv-none-bathSolv-none-0wt-60s-N2-1800s | rep 1,sample 184,159.15278019308997,304.53138777564595,28.327963319097147,148.34730794995,339.96399916562115,0.1531043488296689,0.0,0.2426723284754847,0.3869564491300411,,,True,92,"{""elastic_r2"": {""pts"": 29, ""max"": 30, ""note"": ""NRMSE-score=0.964 (RMSE=0.95, range=26.47)""}, ""plateau_r2_start"": {""pts"": 14, ""max"": 15, ""note"": ""R\u00b2(first 40%)=0.919""}, ""densification_r2"": {""pts"": 13, ""max"": 15, ""note"": ""R\u00b2=0.881""}, ""yield_accuracy"": {""pts"": 25, ""max"": 25, ""note"": ""elastic tail overshoots data by 0.5% of elastic range""}, ""junction_continuity"": {""pts"": 13, ""max"": 15, ""note"": ""gap=1.9%""}, ""plateau_r2_full_penalty"": {""pts"": 0, ""max"": 0, ""note"": ""R\u00b2(full)=0.975""}, ""elastic_modulus_penalty"": {""pts"": 0, ""max"": 0, ""note"": ""E=304.5 bar ok""}, ""bp1_accuracy_penalty"": {""pts"": 0, ""max"": 0, ""note"": ""plateau spans 25% of remaining stress \u2014 ok | GAM slope stable in early plateau (drop=24%) \u2014 ok""}, ""changepoint_curvature_penalty"": {""pts"": -2, ""max"": 0, ""note"": ""d2_norm=0.07, linear_stretch=20%""}, ""slope_ratio_penalty"": {""pts"": 0, ""max"": 0, ""note"": ""plateau/elastic slope ratio=0.49 \u2014 good separation""}, ""_score_final"": {""pts"": 92, ""max"": 100, ""note"": ""no catastrophic applied""}}",49.90751705577446,0.0876152328115992,25,8,17.0,0.0,15.0,True,60,1800,Polysulfone,PolarClean,none,none,0.0
"2026-09-25
20:33:58",17-0add-8deg-cosolv-none-bathSolv-none-0wt-60s-N2-1800s | rep 2,sample 185,159.9169981114059,299.5767560041332,29.64896765457244,136.1110137201887,311.8641362400561,0.0874799120227266,0.0,0.2536870167503948,0.4180829792187305,,,True,86,"{""elastic_r2"": {""pts"": 29, ""max"": 30, ""note"": ""NRMSE-score=0.968 (RMSE=0.92, range=28.65)""}, ""plateau_r2_start"": {""pts"": 14, ""max"": 15, ""note"": ""R\u00b2(first 40%)=0.959""}, ""densification_r2"": {""pts"": 14, ""max"": 15, ""note"": ""R\u00b2=0.912""}, ""yield_accuracy"": {""pts"": 25, ""max"": 25, ""note"": ""elastic tail overshoots data by 1.1% of elastic range""}, ""junction_continuity"": {""pts"": 13, ""max"": 15, ""note"": ""gap=1.6%""}, ""plateau_r2_full_penalty"": {""pts"": 0, ""max"": 0, ""note"": ""R\u00b2(full)=0.978""}, ""elastic_modulus_penalty"": {""pts"": 0, ""max"": 0, ""note"": ""E=299.6 bar ok""}, ""bp1_accuracy_penalty"": {""pts"": -5, ""max"": 0, ""note"": ""plateau spans 40% of remaining stress \u2014 ok | GAM slope drops 46% in early plateau \u2014 bp1 suspect""}, ""changepoint_curvature_penalty"": {""pts"": -4, ""max"": 0, ""note"": ""d2_norm=0.00, linear_stretch=43%""}, ""slope_ratio_penalty"": {""pts"": 0, ""max"": 0, ""note"": ""plateau/elastic slope ratio=0.45 \u2014 good separation""}, ""_score_final"": {""pts"": 86, ""max"": 100, ""note"": ""no catastrophic applied""}}",49.063699841356296,0.0876152328115992,25,8,17.0,0.0,15.0,True,60,1800,Polysulfone,PolarClean,none,none,0.0
"2026-09-25
20:33:58",17-0add-8deg-cosolv-none-bathSolv-none-0wt-60s-N2-1800s | rep 3,sample 186,159.88925658075607,257.8424681261424,30.80420887158365,151.36764252530722,507.57291862670974,0.0818732674111231,0.0,0.2493185462578682,0.3967729078088868,0.5543429489561362,,True,95,"{""elastic_r2"": {""pts"": 29, ""max"": 30, ""note"": ""NRMSE-score=0.972 (RMSE=0.83, range=29.91)""}, ""plateau_r2_start"": {""pts"": 14, ""max"": 15, ""note"": ""R\u00b2(first 40%)=0.933""}, ""densification_r2"": {""pts"": 14, ""max"": 15, ""note"": ""R\u00b2=0.915""}, ""yield_accuracy"": {""pts"": 25, ""max"": 25, ""note"": ""elastic tail overshoots data by 0.2% of elastic range""}, ""junction_continuity"": {""pts"": 13, ""max"": 15, ""note"": ""gap=1.8%""}, ""plateau_r2_full_penalty"": {""pts"": 0, ""max"": 0, ""note"": ""R\u00b2(full)=0.965""}, ""elastic_modulus_penalty"": {""pts"": 0, ""max"": 0, ""note"": ""E=257.8 bar ok""}, ""bp1_accuracy_penalty"": {""pts"": 0, ""max"": 0, ""note"": ""plateau spans 42% of remaining stress \u2014 ok | GAM slope stable in early plateau (drop=24%) \u2014 ok""}, ""changepoint_curvature_penalty"": {""pts"": 0, ""max"": 0, ""note"": ""d2_norm=2.73, linear_stretch=17%""}, ""slope_ratio_penalty"": {""pts"": 0, ""max"": 0, ""note"": ""plateau/elastic slope ratio=0.59 \u2014 good separation""}, ""_score_final"": {""pts"": 95, ""max"": 100, ""note"": ""no catastrophic applied""}}",49.86272488429893,0.0876152328115992,25,8,17.0,0.0,15.0,True,60,1800,Polysulfone,PolarClean,none,none,0.0
"2026-09-25
20:33:58",17-0add-8deg-cosolv-none-bathSolv-none-0wt-60s-N2-1800s | rep 4,sample 187,159.8094341972029,257.5839209584274,30.65776101595812,119.07698233021506,583.3509051521671,0.0608660027445191,0.0,0.2787647019810754,0.4476015169012536,,,True,90,"{""elastic_r2"": {""pts"": 29, ""max"": 30, ""note"": ""NRMSE-score=0.973 (RMSE=0.78, range=29.27)""}, ""plateau_r2_start"": {""pts"": 14, ""max"": 15, ""note"": ""R\u00b2(first 40%)=0.959""}, ""densification_r2"": {""pts"": 13, ""max"": 15, ""note"": ""R\u00b2=0.843""}, ""yield_accuracy"": {""pts"": 25, ""max"": 25, ""note"": ""elastic tail undershoots data by 0.4% of elastic range""}, ""junction_continuity"": {""pts"": 14, ""max"": 15, ""note"": ""gap=1.4%""}, ""plateau_r2_full_penalty"": {""pts"": 0, ""max"": 0, ""note"": ""R\u00b2(full)=0.875""}, ""elastic_modulus_penalty"": {""pts"": 0, ""max"": 0, ""note"": ""E=257.6 bar ok""}, ""bp1_accuracy_penalty"": {""pts"": -5, ""max"": 0, ""note"": ""plateau spans 41% of remaining stress \u2014 ok | GAM slope drops 45% in early plateau \u2014 bp1 suspect""}, ""changepoint_curvature_penalty"": {""pts"": 0, ""max"": 0, ""note"": ""d2_norm=3.93, linear_stretch=7%""}, ""slope_ratio_penalty"": {""pts"": 0, ""max"": 0, ""note"": ""plateau/elastic slope ratio=0.46 \u2014 good separation""}, ""_score_final"": {""pts"": 90, ""max"": 100, ""note"": ""no catastrophic applied""}}",49.24856169025349,0.0876152328115992,25,8,17.0,0.0,15.0,True,60,1800,Polysulfone,PolarClean,none,none,0.0
"2026-09-25
21:55:40",17-0add-15deg-cosolv-none-bathSolv-none-0wt-200s-N2-1800s_run2 | rep 1,sample 192,150.0191661957842,355.72673552440625,23.73279355202049,148.11280888640525,411.289539115034,0.1520099393667161,0.0,0.2361040518134294,0.3919867453886718,,,True,86,"{""elastic_r2"": {""pts"": 29, ""max"": 30, ""note"": ""NRMSE-score=0.954 (RMSE=1.05, range=22.63)""}, ""plateau_r2_start"": {""pts"": 14, ""max"": 15, ""note"": ""R\u00b2(first 40%)=0.947""}, ""densification_r2"": {""pts"": 15, ""max"": 15, ""note"": ""R\u00b2=0.985""}, ""yield_accuracy"": {""pts"": 25, ""max"": 25, ""note"": ""elastic tail undershoots data by 0.5% of elastic range""}, ""junction_continuity"": {""pts"": 8, ""max"": 15, ""note"": ""gap=7.0%""}, ""plateau_r2_full_penalty"": {""pts"": 0, ""max"": 0, ""note"": ""R\u00b2(full)=0.980""}, ""elastic_modulus_penalty"": {""pts"": 0, ""max"": 0, ""note"": ""E=355.7 bar ok""}, ""bp1_accuracy_penalty"": {""pts"": -5, ""max"": 0, ""note"": ""plateau spans 39% of remaining stress \u2014 ok | GAM slope drops 45% in early plateau \u2014 bp1 suspect""}, ""changepoint_curvature_penalty"": {""pts"": 0, ""max"": 0, ""note"": ""d2_norm=0.76, linear_stretch=17%""}, ""slope_ratio_penalty"": {""pts"": 0, ""max"": 0, ""note"": ""plateau/elastic slope ratio=0.42 \u2014 good separation""}, ""_score_final"": {""pts"": 86, ""max"": 100, ""note"": ""no catastrophic applied""}}",49.56682283227016,0.0727260158269284,25,15,17.0,0.0,15.0,True,200,1800,Polysulfone,PolarClean,none,none,0.0
"2026-09-25
21:55:40",17-0add-15deg-cosolv-none-bathSolv-none-0wt-200s-N2-1800s_run2 | rep 2,sample 193,156.51931038945966,350.19057164486617,25.97725061381267,174.37505721011615,550.1107182886385,0.1237015839330377,0.0,0.2135727909252534,0.3573614003298344,,,True,88,"{""elastic_r2"": {""pts"": 29, ""max"": 30, ""note"": ""NRMSE-score=0.960 (RMSE=1.03, range=26.06)""}, ""plateau_r2_start"": {""pts"": 15, ""max"": 15, ""note"": ""R\u00b2(first 40%)=0.970""}, ""densification_r2"": {""pts"": 14, ""max"": 15, ""note"": ""R\u00b2=0.964""}, ""yield_accuracy"": {""pts"": 25, ""max"": 25, ""note"": ""elastic tail undershoots data by 1.2% of elastic range""}, ""junction_continuity"": {""pts"": 13, ""max"": 15, ""note"": ""gap=2.2%""}, ""plateau_r2_full_penalty"": {""pts"": 0, ""max"": 0, ""note"": ""R\u00b2(full)=0.983""}, ""elastic_modulus_penalty"": {""pts"": 0, ""max"": 0, ""note"": ""E=350.2 bar ok""}, ""bp1_accuracy_penalty"": {""pts"": -5, ""max"": 0, ""note"": ""plateau spans 46% of remaining stress \u2014 ok | GAM slope drops 48% in early plateau \u2014 bp1 suspect""}, ""changepoint_curvature_penalty"": {""pts"": -3, ""max"": 0, ""note"": ""d2_norm=0.00, linear_stretch=30%""}, ""slope_ratio_penalty"": {""pts"": 0, ""max"": 0, ""note"": ""plateau/elastic slope ratio=0.50 \u2014 good separation""}, ""_score_final"": {""pts"": 88, ""max"": 100, ""note"": ""no catastrophic applied""}}",49.60769797645069,0.0727260158269284,25,15,17.0,0.0,15.0,True,200,1800,Polysulfone,PolarClean,none,none,0.0
"2026-09-25
21:55:40",17-0add-15deg-cosolv-none-bathSolv-none-0wt-200s-N2-1800s_run2 | rep 3,sample 194,146.52357701264052,380.591263060089,32.76984306917646,146.08655346967515,419.2212261027936,0.1089309283438185,0.0156015847183613,0.2102603227268412,0.3664955297788723,,,True,97,"{""elastic_r2"": {""pts"": 28, ""max"": 30, ""note"": ""NRMSE-score=0.947 (RMSE=1.69, range=31.61)""}, ""plateau_r2_start"": {""pts"": 14, ""max"": 15, ""note"": ""R\u00b2(first 40%)=0.932""}, ""densification_r2"": {""pts"": 15, ""max"": 15, ""note"": ""R\u00b2=0.986""}, ""yield_accuracy"": {""pts"": 25, ""max"": 25, ""note"": ""elastic tail undershoots data by 2.3% of elastic range""}, ""junction_continuity"": {""pts"": 15, ""max"": 15, ""note"": ""gap=0.1%""}, ""plateau_r2_full_penalty"": {""pts"": 0, ""max"": 0, ""note"": ""R\u00b2(full)=0.979""}, ""elastic_modulus_penalty"": {""pts"": 0, ""max"": 0, ""note"": ""E=380.6 bar ok""}, ""bp1_accuracy_penalty"": {""pts"": 0, ""max"": 0, ""note"": ""plateau spans 34% of remaining stress \u2014 ok | GAM slope stable in early plateau (drop=32%) \u2014 ok""}, ""changepoint_curvature_penalty"": {""pts"": 0, ""max"": 0, ""note"": ""d2_norm=1.20, linear_stretch=23%""}, ""slope_ratio_penalty"": {""pts"": 0, ""max"": 0, ""note"": ""plateau/elastic slope ratio=0.38 \u2014 good separation""}, ""_score_final"": {""pts"": 97, ""max"": 100, ""note"": ""no catastrophic applied""}}",49.702789505739126,0.0727260158269284,25,15,17.0,0.0,15.0,True,200,1800,Polysulfone,PolarClean,none,none,0.0
"2026-09-25
21:55:40",17-0add-15deg-cosolv-none-bathSolv-none-0wt-200s-N2-1800s_run2 | rep 4,sample 195,153.76148567822537,405.3062727973209,30.895904863907703,162.04696044368708,606.1766933485616,0.0956885196313653,0.0,0.194115004198456,0.341248806531329,,,True,91,"{""elastic_r2"": {""pts"": 29, ""max"": 30, ""note"": ""NRMSE-score=0.954 (RMSE=1.35, range=29.22)""}, ""plateau_r2_start"": {""pts"": 14, ""max"": 15, ""note"": ""R\u00b2(first 40%)=0.954""}, ""densification_r2"": {""pts"": 14, ""max"": 15, ""note"": ""R\u00b2=0.939""}, ""yield_accuracy"": {""pts"": 25, ""max"": 25, ""note"": ""elastic tail undershoots data by 1.4% of elastic range""}, ""junction_continuity"": {""pts"": 14, ""max"": 15, ""note"": ""gap=1.0%""}, ""plateau_r2_full_penalty"": {""pts"": 0, ""max"": 0, ""note"": ""R\u00b2(full)=0.971""}, ""elastic_modulus_penalty"": {""pts"": 0, ""max"": 0, ""note"": ""E=405.3 bar ok""}, ""bp1_accuracy_penalty"": {""pts"": -5, ""max"": 0, ""note"": ""plateau spans 40% of remaining stress \u2014 ok | GAM slope drops 48% in early plateau \u2014 bp1 suspect""}, ""changepoint_curvature_penalty"": {""pts"": 0, ""max"": 0, ""note"": ""d2_norm=1.51, linear_stretch=37%""}, ""slope_ratio_penalty"": {""pts"": 0, ""max"": 0, ""note"": ""plateau/elastic slope ratio=0.40 \u2014 good separation""}, ""_score_final"": {""pts"": 91, ""max"": 100, ""note"": ""no catastrophic applied""}}",49.006936661957546,0.0727260158269284,25,15,17.0,0.0,15.0,True,200,1800,Polysulfone,PolarClean,none,none,0.0
"2026-09-25
23:20:01",17-0add-20deg-cosolv-none-bathSolv-none-0wt-120s-N2-1800s | rep 1,sample 200,146.43831286704517,255.4242255798065,32.200405968517146,149.14603243879768,456.43764757447616,0.1544540890433694,0.0,0.2623006448212512,0.4202699290779267,0.5898024778689364,,True,91,"{""elastic_r2"": {""pts"": 29, ""max"": 30, ""note"": ""NRMSE-score=0.974 (RMSE=0.82, range=31.13)""}, ""plateau_r2_start"": {""pts"": 14, ""max"": 15, ""note"": ""R\u00b2(first 40%)=0.955""}, ""densification_r2"": {""pts"": 14, ""max"": 15, ""note"": ""R\u00b2=0.947""}, ""yield_accuracy"": {""pts"": 25, ""max"": 25, ""note"": ""elastic tail overshoots data by 0.1% of elastic range""}, ""junction_continuity"": {""pts"": 13, ""max"": 15, ""note"": ""gap=1.8%""}, ""plateau_r2_full_penalty"": {""pts"": 0, ""max"": 0, ""note"": ""R\u00b2(full)=0.977""}, ""elastic_modulus_penalty"": {""pts"": 0, ""max"": 0, ""note"": ""E=255.4 bar ok""}, ""bp1_accuracy_penalty"": {""pts"": 0, ""max"": 0, ""note"": ""plateau spans 42% of remaining stress \u2014 ok | GAM slope stable in early plateau (drop=39%) \u2014 ok""}, ""changepoint_curvature_penalty"": {""pts"": -4, ""max"": 0, ""note"": ""d2_norm=0.00, linear_stretch=43%""}, ""slope_ratio_penalty"": {""pts"": 0, ""max"": 0, ""note"": ""plateau/elastic slope ratio=0.58 \u2014 good separation""}, ""_score_final"": {""pts"": 91, ""max"": 100, ""note"": ""no catastrophic applied""}}",50.55994443494601,0.1108739375584206,25,20,17.0,0.0,15.0,True,120,1800,Polysulfone,PolarClean,none,none,0.0
"2026-09-25
23:20:01",17-0add-20deg-cosolv-none-bathSolv-none-0wt-120s-N2-1800s | rep 2,sample 201,164.21209782428755,210.1743624500698,34.498871105450284,155.47115209009678,490.4629669700614,0.1075012147941091,0.0644387554639944,0.3164514268929898,0.4761511292229962,,,True,85,"{""elastic_r2"": {""pts"": 29, ""max"": 30, ""note"": ""NRMSE-score=0.976 (RMSE=0.73, range=30.02)""}, ""plateau_r2_start"": {""pts"": 14, ""max"": 15, ""note"": ""R\u00b2(first 40%)=0.964""}, ""densification_r2"": {""pts"": 15, ""max"": 15, ""note"": ""R\u00b2=0.971""}, ""yield_accuracy"": {""pts"": 25, ""max"": 25, ""note"": ""elastic tail undershoots data by 0.2% of elastic range""}, ""junction_continuity"": {""pts"": 15, ""max"": 15, ""note"": ""gap=0.3%""}, ""plateau_r2_full_penalty"": {""pts"": 0, ""max"": 0, ""note"": ""R\u00b2(full)=0.978""}, ""elastic_modulus_penalty"": {""pts"": 0, ""max"": 0, ""note"": ""E=210.2 bar ok""}, ""bp1_accuracy_penalty"": {""pts"": 0, ""max"": 0, ""note"": ""plateau spans 42% of remaining stress \u2014 ok | GAM slope stable in early plateau (drop=8%) \u2014 ok""}, ""changepoint_curvature_penalty"": {""pts"": -2, ""max"": 0, ""note"": ""d2_norm=0.23, linear_stretch=27%""}, ""slope_ratio_penalty"": {""pts"": -11, ""max"": 0, ""note"": ""plateau/elastic slope ratio=0.74 \u2014 nearly parallel (-11 pts)""}, ""_score_final"": {""pts"": 85, ""max"": 100, ""note"": ""no catastrophic applied""}}",53.77817423720207,0.1108739375584206,25,20,17.0,0.0,15.0,True,120,1800,Polysulfone,PolarClean,none,none,0.0
"2026-09-25
23:20:01",17-0add-20deg-cosolv-none-bathSolv-none-0wt-120s-N2-1800s | rep 3,sample 202,153.20441225863405,259.5110178421963,33.80325943558573,147.4892221622071,513.1152445113676,0.1049384056045491,0.0,0.2450543857790637,0.402742751181512,,,True,97,"{""elastic_r2"": {""pts"": 29, ""max"": 30, ""note"": ""NRMSE-score=0.971 (RMSE=0.97, range=33.27)""}, ""plateau_r2_start"": {""pts"": 14, ""max"": 15, ""note"": ""R\u00b2(first 40%)=0.958""}, ""densification_r2"": {""pts"": 14, ""max"": 15, ""note"": ""R\u00b2=0.930""}, ""yield_accuracy"": {""pts"": 25, ""max"": 25, ""note"": ""elastic tail undershoots data by 0.3% of elastic range""}, ""junction_continuity"": {""pts"": 15, ""max"": 15, ""note"": ""gap=0.3%""}, ""plateau_r2_full_penalty"": {""pts"": 0, ""max"": 0, ""note"": ""R\u00b2(full)=0.960""}, ""elastic_modulus_penalty"": {""pts"": 0, ""max"": 0, ""note"": ""E=259.5 bar ok""}, ""bp1_accuracy_penalty"": {""pts"": 0, ""max"": 0, ""note"": ""plateau spans 39% of remaining stress \u2014 ok | GAM slope stable in early plateau (drop=17%) \u2014 ok""}, ""changepoint_curvature_penalty"": {""pts"": 0, ""max"": 0, ""note"": ""d2_norm=2.40, linear_stretch=47%""}, ""slope_ratio_penalty"": {""pts"": 0, ""max"": 0, ""note"": ""plateau/elastic slope ratio=0.57 \u2014 good separation""}, ""_score_final"": {""pts"": 97, ""max"": 100, ""note"": ""no catastrophic applied""}}",50.577768224289095,0.1108739375584206,25,20,17.0,0.0,15.0,True,120,1800,Polysulfone,PolarClean,none,none,0.0
"2026-09-25
23:20:01",17-0add-20deg-cosolv-none-bathSolv-none-0wt-120s-N2-1800s | rep 4,sample 203,150.573281980564,280.2316771630555,26.293288518183363,162.24670046884688,566.7001634810737,0.0826049855624143,0.0,0.2341984372459762,0.3895705448240268,,,True,85,"{""elastic_r2"": {""pts"": 29, ""max"": 30, ""note"": ""NRMSE-score=0.961 (RMSE=1.03, range=26.20)""}, ""plateau_r2_start"": {""pts"": 14, ""max"": 15, ""note"": ""R\u00b2(first 40%)=0.966""}, ""densification_r2"": {""pts"": 15, ""max"": 15, ""note"": ""R\u00b2=0.982""}, ""yield_accuracy"": {""pts"": 25, ""max"": 25, ""note"": ""elastic tail undershoots data by 1.9% of elastic range""}, ""junction_continuity"": {""pts"": 7, ""max"": 15, ""note"": ""gap=8.4%""}, ""plateau_r2_full_penalty"": {""pts"": 0, ""max"": 0, ""note"": ""R\u00b2(full)=0.987""}, ""elastic_modulus_penalty"": {""pts"": 0, ""max"": 0, ""note"": ""E=280.2 bar ok""}, ""bp1_accuracy_penalty"": {""pts"": -5, ""max"": 0, ""note"": ""plateau spans 41% of remaining stress \u2014 ok | GAM slope drops 43% in early plateau \u2014 bp1 suspect""}, ""changepoint_curvature_penalty"": {""pts"": 0, ""max"": 0, ""note"": ""d2_norm=1.73, linear_stretch=17%""}, ""slope_ratio_penalty"": {""pts"": 0, ""max"": 0, ""note"": ""plateau/elastic slope ratio=0.58 \u2014 good separation""}, ""_score_final"": {""pts"": 85, ""max"": 100, ""note"": ""no catastrophic applied""}}",50.52550656384027,0.1108739375584206,25,20,17.0,0.0,15.0,True,120,1800,Polysulfone,PolarClean,none,none,0.0
"2026-09-26
00:35:51",17-0add-16deg-cosolv-none-bathSolv-none-0wt-120s-N2-1800s | rep 3,sample 210,146.5732570585183,274.2848016333982,29.92582170260178,123.66188765138622,456.8783699244314,0.0620939746000108,0.0,0.2739312934504083,0.4424029021629048,0.6089487386117467,,True,86,"{""elastic_r2"": {""pts"": 29, ""max"": 30, ""note"": ""NRMSE-score=0.966 (RMSE=0.99, range=29.25)""}, ""plateau_r2_start"": {""pts"": 14, ""max"": 15, ""note"": ""R\u00b2(first 40%)=0.952""}, ""densification_r2"": {""pts"": 14, ""max"": 15, ""note"": ""R\u00b2=0.934""}, ""yield_accuracy"": {""pts"": 25, ""max"": 25, ""note"": ""elastic tail overshoots data by 0.1% of elastic range""}, ""junction_continuity"": {""pts"": 13, ""max"": 15, ""note"": ""gap=2.0%""}, ""plateau_r2_full_penalty"": {""pts"": 0, ""max"": 0, ""note"": ""R\u00b2(full)=0.954""}, ""elastic_modulus_penalty"": {""pts"": 0, ""max"": 0, ""note"": ""E=274.3 bar ok""}, ""bp1_accuracy_penalty"": {""pts"": -5, ""max"": 0, ""note"": ""plateau spans 38% of remaining stress \u2014 ok | GAM slope drops 59% in early plateau \u2014 bp1 suspect""}, ""changepoint_curvature_penalty"": {""pts"": -4, ""max"": 0, ""note"": ""d2_norm=0.00, linear_stretch=37%""}, ""slope_ratio_penalty"": {""pts"": 0, ""max"": 0, ""note"": ""plateau/elastic slope ratio=0.45 \u2014 good separation""}, ""_score_final"": {""pts"": 86, ""max"": 100, ""note"": ""no catastrophic applied""}}",49.7716973543037,0.1301250887950371,25,16,17.0,0.0,15.0,True,120,1800,Polysulfone,PolarClean,none,none,0.0
"2026-09-26
00:35:51",17-0add-16deg-cosolv-none-bathSolv-none-0wt-120s-N2-1800s | rep 2,sample 209,143.96818960716766,284.9931343050863,27.639300511782032,63.98320091142067,758.0161095707982,0.0536429501807139,0.0,0.4430123850215787,0.6277471227334599,0.7218509704777455,,True,87,"{""elastic_r2"": {""pts"": 29, ""max"": 30, ""note"": ""NRMSE-score=0.950 (RMSE=1.38, range=27.59)""}, ""plateau_r2_start"": {""pts"": 14, ""max"": 15, ""note"": ""R\u00b2(first 40%)=0.905""}, ""densification_r2"": {""pts"": 14, ""max"": 15, ""note"": ""R\u00b2=0.922""}, ""yield_accuracy"": {""pts"": 25, ""max"": 25, ""note"": ""elastic tail overshoots data by 0.7% of elastic range""}, ""junction_continuity"": {""pts"": 10, ""max"": 15, ""note"": ""gap=5.2%""}, ""plateau_r2_full_penalty"": {""pts"": 0, ""max"": 0, ""note"": ""R\u00b2(full)=0.927""}, ""elastic_modulus_penalty"": {""pts"": 0, ""max"": 0, ""note"": ""E=285.0 bar ok""}, ""bp1_accuracy_penalty"": {""pts"": -5, ""max"": 0, ""note"": ""plateau spans 28% of remaining stress \u2014 ok | GAM slope drops 59% in early plateau \u2014 bp1 suspect""}, ""changepoint_curvature_penalty"": {""pts"": 0, ""max"": 0, ""note"": ""d2_norm=1.64, linear_stretch=20%""}, ""slope_ratio_penalty"": {""pts"": 0, ""max"": 0, ""note"": ""plateau/elastic slope ratio=0.22 \u2014 good separation""}, ""_score_final"": {""pts"": 87, ""max"": 100, ""note"": ""no catastrophic applied""}}",52.82542498188366,0.1301250887950371,25,16,17.0,0.0,15.0,True,120,1800,Polysulfone,PolarClean,none,none,0.0
"2026-09-26
00:35:51",17-0add-16deg-cosolv-none-bathSolv-none-0wt-120s-N2-1800s | rep 1,sample 208,148.25371576668908,249.72277868969644,31.94923263174569,120.34776766352402,347.1033711418729,0.0813257831381173,0.0,0.2819873384465965,0.4458359136211164,,,True,89,"{""elastic_r2"": {""pts"": 29, ""max"": 30, ""note"": ""NRMSE-score=0.966 (RMSE=1.06, range=30.84)""}, ""plateau_r2_start"": {""pts"": 14, ""max"": 15, ""note"": ""R\u00b2(first 40%)=0.957""}, ""densification_r2"": {""pts"": 13, ""max"": 15, ""note"": ""R\u00b2=0.878""}, ""yield_accuracy"": {""pts"": 25, ""max"": 25, ""note"": ""elastic tail overshoots data by 0.7% of elastic range""}, ""junction_continuity"": {""pts"": 15, ""max"": 15, ""note"": ""gap=0.2%""}, ""plateau_r2_full_penalty"": {""pts"": 0, ""max"": 0, ""note"": ""R\u00b2(full)=0.922""}, ""elastic_modulus_penalty"": {""pts"": 0, ""max"": 0, ""note"": ""E=249.7 bar ok""}, ""bp1_accuracy_penalty"": {""pts"": -5, ""max"": 0, ""note"": ""plateau spans 36% of remaining stress \u2014 ok | GAM slope drops 48% in early plateau \u2014 bp1 suspect""}, ""changepoint_curvature_penalty"": {""pts"": -2, ""max"": 0, ""note"": ""d2_norm=0.00, linear_stretch=17%""}, ""slope_ratio_penalty"": {""pts"": 0, ""max"": 0, ""note"": ""plateau/elastic slope ratio=0.48 \u2014 good separation""}, ""_score_final"": {""pts"": 89, ""max"": 100, ""note"": ""no catastrophic applied""}}",49.98561266223594,0.1301250887950371,25,16,17.0,0.0,15.0,True,120,1800,Polysulfone,PolarClean,none,none,0.0
"2026-09-26
00:35:51",17-0add-16deg-cosolv-none-bathSolv-none-0wt-120s-N2-1800s | rep 4,sample 211,154.98472217448702,284.730544791163,30.57047584113664,96.08086678193456,723.4466393496899,0.057910006573005,0.0,0.3186491379245983,0.5352355850064666,0.646471710822365,,True,92,"{""elastic_r2"": {""pts"": 29, ""max"": 30, ""note"": ""NRMSE-score=0.961 (RMSE=1.08, range=27.87)""}, ""plateau_r2_start"": {""pts"": 14, ""max"": 15, ""note"": ""R\u00b2(first 40%)=0.960""}, ""densification_r2"": {""pts"": 14, ""max"": 15, ""note"": ""R\u00b2=0.946""}, ""yield_accuracy"": {""pts"": 25, ""max"": 25, ""note"": ""elastic tail overshoots data by 1.8% of elastic range""}, ""junction_continuity"": {""pts"": 15, ""max"": 15, ""note"": ""gap=0.2%""}, ""plateau_r2_full_penalty"": {""pts"": 0, ""max"": 0, ""note"": ""R\u00b2(full)=0.949""}, ""elastic_modulus_penalty"": {""pts"": 0, ""max"": 0, ""note"": ""E=284.7 bar ok""}, ""bp1_accuracy_penalty"": {""pts"": -5, ""max"": 0, ""note"": ""plateau spans 38% of remaining stress \u2014 ok | GAM slope drops 53% in early plateau \u2014 bp1 suspect""}, ""changepoint_curvature_penalty"": {""pts"": 0, ""max"": 0, ""note"": ""d2_norm=5.27, linear_stretch=13%""}, ""slope_ratio_penalty"": {""pts"": 0, ""max"": 0, ""note"": ""plateau/elastic slope ratio=0.34 \u2014 good separation""}, ""_score_final"": {""pts"": 92, ""max"": 100, ""note"": ""no catastrophic applied""}}",50.43056638045827,0.1301250887950371,25,16,17.0,0.0,15.0,True,120,1800,Polysulfone,PolarClean,none,none,0.0
"2026-09-26
01:59:02",17-0add-16deg-cosolv-none-bathSolv-none-0wt-120s-N2-1800s_run2 | rep 2,sample 217,149.72826400583614,297.4415996931657,28.08877691363188,84.89842447945345,690.148405203625,0.0412274934826124,0.0,0.3663681993020958,0.7306378395492144,0.8588608553315527,,True,93,"{""elastic_r2"": {""pts"": 29, ""max"": 30, ""note"": ""NRMSE-score=0.964 (RMSE=0.93, range=25.90)""}, ""plateau_r2_start"": {""pts"": 15, ""max"": 15, ""note"": ""R\u00b2(first 40%)=0.991""}, ""densification_r2"": {""pts"": 15, ""max"": 15, ""note"": ""R\u00b2=0.973""}, ""yield_accuracy"": {""pts"": 25, ""max"": 25, ""note"": ""elastic tail overshoots data by 0.3% of elastic range""}, ""junction_continuity"": {""pts"": 14, ""max"": 15, ""note"": ""gap=0.7%""}, ""plateau_r2_full_penalty"": {""pts"": 0, ""max"": 0, ""note"": ""R\u00b2(full)=0.983""}, ""elastic_modulus_penalty"": {""pts"": 0, ""max"": 0, ""note"": ""E=297.4 bar ok""}, ""bp1_accuracy_penalty"": {""pts"": -5, ""max"": 0, ""note"": ""plateau spans 49% of remaining stress \u2014 ok | GAM slope drops 47% in early plateau \u2014 bp1 suspect""}, ""changepoint_curvature_penalty"": {""pts"": 0, ""max"": 0, ""note"": ""d2_norm=8.38, linear_stretch=13%""}, ""slope_ratio_penalty"": {""pts"": 0, ""max"": 0, ""note"": ""plateau/elastic slope ratio=0.29 \u2014 good separation""}, ""_score_final"": {""pts"": 93, ""max"": 100, ""note"": ""no catastrophic applied""}}",50.37207286550914,0.0915725035907272,25,16,17.0,0.0,15.0,True,120,1800,Polysulfone,PolarClean,none,none,0.0
"2026-09-26
01:59:02",17-0add-16deg-cosolv-none-bathSolv-none-0wt-120s-N2-1800s_run2 | rep 3,sample 218,144.57901129514502,312.9704116187847,31.76031255647357,109.79601667255476,335.14520493369395,0.0617334779946412,0.0,0.2752250654354681,0.5182270278963819,,,False,61,"{""elastic_r2"": {""pts"": 29, ""max"": 30, ""note"": ""NRMSE-score=0.966 (RMSE=1.03, range=29.82)""}, ""plateau_r2_start"": {""pts"": 15, ""max"": 15, ""note"": ""R\u00b2(first 40%)=0.986""}, ""densification_r2"": {""pts"": 11, ""max"": 15, ""note"": ""R\u00b2=0.707""}, ""yield_accuracy"": {""pts"": 25, ""max"": 25, ""note"": ""elastic tail overshoots data by 1.1% of elastic range""}, ""junction_continuity"": {""pts"": 15, ""max"": 15, ""note"": ""gap=0.1%""}, ""plateau_r2_full_penalty"": {""pts"": 0, ""max"": 0, ""note"": ""R\u00b2(full)=0.950""}, ""elastic_modulus_penalty"": {""pts"": 0, ""max"": 0, ""note"": ""E=313.0 bar ok""}, ""bp1_accuracy_penalty"": {""pts"": -30, ""max"": 0, ""note"": ""plateau spans 57% of remaining stress \u2014 elastic peak likely wrong | GAM slope stable in early plateau (drop=38%) \u2014 ok""}, ""changepoint_curvature_penalty"": {""pts"": -4, ""max"": 0, ""note"": ""d2_norm=0.00, linear_stretch=37%""}, ""slope_ratio_penalty"": {""pts"": 0, ""max"": 0, ""note"": ""plateau/elastic slope ratio=0.35 \u2014 good separation""}, ""_score_final"": {""pts"": 61, ""max"": 100, ""note"": ""no catastrophic applied""}}",48.26276670466012,0.0915725035907272,25,16,17.0,0.0,15.0,True,120,1800,Polysulfone,PolarClean,none,none,0.0
"2026-09-26
01:59:02",17-0add-16deg-cosolv-none-bathSolv-none-0wt-120s-N2-1800s_run2 | rep 4,sample 219,145.44027403353277,337.1036053566675,32.45738079039627,98.56050875916776,437.5413979803965,0.0551610346622736,0.0,0.2812176248677797,0.5446019994491956,0.827402665104701,,False,62,"{""elastic_r2"": {""pts"": 29, ""max"": 30, ""note"": ""NRMSE-score=0.961 (RMSE=1.20, range=30.37)""}, ""plateau_r2_start"": {""pts"": 15, ""max"": 15, ""note"": ""R\u00b2(first 40%)=0.985""}, ""densification_r2"": {""pts"": 14, ""max"": 15, ""note"": ""R\u00b2=0.901""}, ""yield_accuracy"": {""pts"": 25, ""max"": 25, ""note"": ""elastic tail overshoots data by 1.4% of elastic range""}, ""junction_continuity"": {""pts"": 14, ""max"": 15, ""note"": ""gap=0.6%""}, ""plateau_r2_full_penalty"": {""pts"": 0, ""max"": 0, ""note"": ""R\u00b2(full)=0.961""}, ""elastic_modulus_penalty"": {""pts"": 0, ""max"": 0, ""note"": ""E=337.1 bar ok""}, ""bp1_accuracy_penalty"": {""pts"": -35, ""max"": 0, ""note"": ""plateau spans 55% of remaining stress \u2014 elastic peak likely wrong | GAM slope drops 41% in early plateau \u2014 bp1 suspect""}, ""changepoint_curvature_penalty"": {""pts"": 0, ""max"": 0, ""note"": ""d2_norm=1.84, linear_stretch=13%""}, ""slope_ratio_penalty"": {""pts"": 0, ""max"": 0, ""note"": ""plateau/elastic slope ratio=0.29 \u2014 good separation""}, ""_score_final"": {""pts"": 62, ""max"": 100, ""note"": ""no catastrophic applied""}}",49.04865990855944,0.0915725035907272,25,16,17.0,0.0,15.0,True,120,1800,Polysulfone,PolarClean,none,none,0.0
"2026-09-26
01:59:02",17-0add-16deg-cosolv-none-bathSolv-none-0wt-120s-N2-1800s_run2 | rep 1,sample 216,146.02259884187671,307.7621661290656,27.13517875881214,81.80777241533453,666.2730290867471,0.0477880127521446,0.0,0.3530531379545399,0.718790108579533,0.8525385519367228,,True,92,"{""elastic_r2"": {""pts"": 29, ""max"": 30, ""note"": ""NRMSE-score=0.961 (RMSE=0.98, range=25.12)""}, ""plateau_r2_start"": {""pts"": 15, ""max"": 15, ""note"": ""R\u00b2(first 40%)=0.984""}, ""densification_r2"": {""pts"": 15, ""max"": 15, ""note"": ""R\u00b2=0.972""}, ""yield_accuracy"": {""pts"": 25, ""max"": 25, ""note"": ""elastic tail overshoots data by 0.9% of elastic range""}, ""junction_continuity"": {""pts"": 13, ""max"": 15, ""note"": ""gap=2.0%""}, ""plateau_r2_full_penalty"": {""pts"": 0, ""max"": 0, ""note"": ""R\u00b2(full)=0.995""}, ""elastic_modulus_penalty"": {""pts"": 0, ""max"": 0, ""note"": ""E=307.8 bar ok""}, ""bp1_accuracy_penalty"": {""pts"": -5, ""max"": 0, ""note"": ""plateau spans 47% of remaining stress \u2014 ok | GAM slope drops 49% in early plateau \u2014 bp1 suspect""}, ""changepoint_curvature_penalty"": {""pts"": 0, ""max"": 0, ""note"": ""d2_norm=8.67, linear_stretch=10%""}, ""slope_ratio_penalty"": {""pts"": 0, ""max"": 0, ""note"": ""plateau/elastic slope ratio=0.27 \u2014 good separation""}, ""_score_final"": {""pts"": 92, ""max"": 100, ""note"": ""no catastrophic applied""}}",50.15852777439061,0.0915725035907272,25,16,17.0,0.0,15.0,True,120,1800,Polysulfone,PolarClean,none,none,0.0
"2026-09-26
03:15:37",17-0add-16deg-cosolv-none-bathSolv-none-0wt-120s-N2-1800s_run3 | rep 3,sample 226,139.86881479753947,233.4308775022314,33.31171216455185,136.94365777080154,533.5839434695364,0.1089616099428278,0.0640044393172378,0.3196029997370643,0.4631671177836303,,,True,95,"{""elastic_r2"": {""pts"": 29, ""max"": 30, ""note"": ""NRMSE-score=0.969 (RMSE=0.91, range=29.63)""}, ""plateau_r2_start"": {""pts"": 14, ""max"": 15, ""note"": ""R\u00b2(first 40%)=0.965""}, ""densification_r2"": {""pts"": 14, ""max"": 15, ""note"": ""R\u00b2=0.941""}, ""yield_accuracy"": {""pts"": 25, ""max"": 25, ""note"": ""elastic tail undershoots data by 1.0% of elastic range""}, ""junction_continuity"": {""pts"": 13, ""max"": 15, ""note"": ""gap=1.9%""}, ""plateau_r2_full_penalty"": {""pts"": 0, ""max"": 0, ""note"": ""R\u00b2(full)=0.947""}, ""elastic_modulus_penalty"": {""pts"": 0, ""max"": 0, ""note"": ""E=233.4 bar ok""}, ""bp1_accuracy_penalty"": {""pts"": 0, ""max"": 0, ""note"": ""plateau spans 33% of remaining stress \u2014 ok | GAM slope stable in early plateau (drop=36%) \u2014 ok""}, ""changepoint_curvature_penalty"": {""pts"": 0, ""max"": 0, ""note"": ""d2_norm=1.97, linear_stretch=43%""}, ""slope_ratio_penalty"": {""pts"": 0, ""max"": 0, ""note"": ""plateau/elastic slope ratio=0.59 \u2014 good separation""}, ""_score_final"": {""pts"": 95, ""max"": 100, ""note"": ""no catastrophic applied""}}",52.98986645625919,0.1081856347543507,25,16,17.0,0.0,15.0,True,120,1800,Polysulfone,PolarClean,none,none,0.0
"2026-09-26
03:15:37",17-0add-16deg-cosolv-none-bathSolv-none-0wt-120s-N2-1800s_run3 | rep 2,sample 225,150.620527631445,256.21256028640494,12.52683075926996,213.80083994742355,446.1899305669394,0.1254339514664961,0.0,0.2466083834213829,0.4007752153607405,,,False,46,"{""elastic_r2"": {""pts"": 28, ""max"": 30, ""note"": ""NRMSE-score=0.927 (RMSE=0.97, range=13.20)""}, ""plateau_r2_start"": {""pts"": 15, ""max"": 15, ""note"": ""R\u00b2(first 40%)=0.981""}, ""densification_r2"": {""pts"": 14, ""max"": 15, ""note"": ""R\u00b2=0.963""}, ""yield_accuracy"": {""pts"": 25, ""max"": 25, ""note"": ""elastic tail undershoots data by 3.1% of elastic range""}, ""junction_continuity"": {""pts"": 12, ""max"": 15, ""note"": ""gap=2.9%""}, ""plateau_r2_full_penalty"": {""pts"": 0, ""max"": 0, ""note"": ""R\u00b2(full)=0.911""}, ""elastic_modulus_penalty"": {""pts"": 0, ""max"": 0, ""note"": ""E=256.2 bar ok""}, ""bp1_accuracy_penalty"": {""pts"": -30, ""max"": 0, ""note"": ""plateau spans 68% of remaining stress \u2014 elastic peak likely wrong | GAM slope stable in early plateau (drop=26%) \u2014 ok""}, ""changepoint_curvature_penalty"": {""pts"": -3, ""max"": 0, ""note"": ""d2_norm=0.39, linear_stretch=57%""}, ""slope_ratio_penalty"": {""pts"": -15, ""max"": 0, ""note"": ""plateau/elastic slope ratio=0.83 \u2014 nearly parallel (-15 pts)""}, ""_score_final"": {""pts"": 46, ""max"": 100, ""note"": ""no catastrophic applied""}}",52.23652079196639,0.1081856347543507,25,16,17.0,0.0,15.0,True,120,1800,Polysulfone,PolarClean,none,none,0.0
"2026-09-26
03:15:37",17-0add-16deg-cosolv-none-bathSolv-none-0wt-120s-N2-1800s_run3 | rep 4,sample 227,145.0286061631424,254.9276040561693,35.10387430202214,149.32761689404154,570.3029029676085,0.0840772098951844,0.0,0.2357534666549947,0.3830066294586063,,,True,98,"{""elastic_r2"": {""pts"": 29, ""max"": 30, ""note"": ""NRMSE-score=0.969 (RMSE=1.07, range=34.02)""}, ""plateau_r2_start"": {""pts"": 14, ""max"": 15, ""note"": ""R\u00b2(first 40%)=0.952""}, ""densification_r2"": {""pts"": 15, ""max"": 15, ""note"": ""R\u00b2=0.970""}, ""yield_accuracy"": {""pts"": 25, ""max"": 25, ""note"": ""elastic tail undershoots data by 0.9% of elastic range""}, ""junction_continuity"": {""pts"": 15, ""max"": 15, ""note"": ""gap=0.4%""}, ""plateau_r2_full_penalty"": {""pts"": 0, ""max"": 0, ""note"": ""R\u00b2(full)=0.962""}, ""elastic_modulus_penalty"": {""pts"": 0, ""max"": 0, ""note"": ""E=254.9 bar ok""}, ""bp1_accuracy_penalty"": {""pts"": 0, ""max"": 0, ""note"": ""plateau spans 34% of remaining stress \u2014 ok | GAM slope stable in early plateau (drop=31%) \u2014 ok""}, ""changepoint_curvature_penalty"": {""pts"": 0, ""max"": 0, ""note"": ""d2_norm=2.64, linear_stretch=10%""}, ""slope_ratio_penalty"": {""pts"": 0, ""max"": 0, ""note"": ""plateau/elastic slope ratio=0.59 \u2014 good separation""}, ""_score_final"": {""pts"": 98, ""max"": 100, ""note"": ""no catastrophic applied""}}",51.35466713383819,0.1081856347543507,25,16,17.0,0.0,15.0,True,120,1800,Polysulfone,PolarClean,none,none,0.0
"2026-09-26
03:15:37",17-0add-16deg-cosolv-none-bathSolv-none-0wt-120s-N2-1800s_run3 | rep 1,sample 224,137.9690401712526,343.31369952309353,26.49709370155817,135.13659640806998,441.40597629638194,0.1620362896829311,0.0,0.2566929293618324,0.4141290269320313,,,True,87,"{""elastic_r2"": {""pts"": 28, ""max"": 30, ""note"": ""NRMSE-score=0.946 (RMSE=1.37, range=25.31)""}, ""plateau_r2_start"": {""pts"": 15, ""max"": 15, ""note"": ""R\u00b2(first 40%)=0.973""}, ""densification_r2"": {""pts"": 14, ""max"": 15, ""note"": ""R\u00b2=0.955""}, ""yield_accuracy"": {""pts"": 25, ""max"": 25, ""note"": ""elastic tail overshoots data by 1.6% of elastic range""}, ""junction_continuity"": {""pts"": 13, ""max"": 15, ""note"": ""gap=1.7%""}, ""plateau_r2_full_penalty"": {""pts"": 0, ""max"": 0, ""note"": ""R\u00b2(full)=0.978""}, ""elastic_modulus_penalty"": {""pts"": 0, ""max"": 0, ""note"": ""E=343.3 bar ok""}, ""bp1_accuracy_penalty"": {""pts"": -5, ""max"": 0, ""note"": ""plateau spans 42% of remaining stress \u2014 ok | GAM slope drops 50% in early plateau \u2014 bp1 suspect""}, ""changepoint_curvature_penalty"": {""pts"": -3, ""max"": 0, ""note"": ""d2_norm=0.00, linear_stretch=33%""}, ""slope_ratio_penalty"": {""pts"": 0, ""max"": 0, ""note"": ""plateau/elastic slope ratio=0.39 \u2014 good separation""}, ""_score_final"": {""pts"": 87, ""max"": 100, ""note"": ""no catastrophic applied""}}",51.132295444400384,0.1081856347543507,25,16,17.0,0.0,15.0,True,120,1800,Polysulfone,PolarClean,none,none,0.0
"2026-09-26
04:34:11",17-0add-10deg-cosolv-none-bathSolv-none-0wt-90s-N2-1800s | rep 1,sample 232,142.76059207781023,226.6929823652584,32.5058993734996,77.73135624256159,765.0918952728796,0.0529434373144293,0.0,0.3333287086317039,0.660331502896349,0.760786982032149,,True,91,"{""elastic_r2"": {""pts"": 28, ""max"": 30, ""note"": ""NRMSE-score=0.941 (RMSE=1.98, range=33.31)""}, ""plateau_r2_start"": {""pts"": 14, ""max"": 15, ""note"": ""R\u00b2(first 40%)=0.945""}, ""densification_r2"": {""pts"": 15, ""max"": 15, ""note"": ""R\u00b2=0.967""}, ""yield_accuracy"": {""pts"": 25, ""max"": 25, ""note"": ""elastic tail overshoots data by 2.0% of elastic range""}, ""junction_continuity"": {""pts"": 14, ""max"": 15, ""note"": ""gap=0.6%""}, ""plateau_r2_full_penalty"": {""pts"": 0, ""max"": 0, ""note"": ""R\u00b2(full)=0.981""}, ""elastic_modulus_penalty"": {""pts"": 0, ""max"": 0, ""note"": ""E=226.7 bar ok""}, ""bp1_accuracy_penalty"": {""pts"": -5, ""max"": 0, ""note"": ""plateau spans 40% of remaining stress \u2014 ok | GAM slope drops 67% in early plateau \u2014 bp1 suspect""}, ""changepoint_curvature_penalty"": {""pts"": 0, ""max"": 0, ""note"": ""d2_norm=7.14, linear_stretch=13%""}, ""slope_ratio_penalty"": {""pts"": 0, ""max"": 0, ""note"": ""plateau/elastic slope ratio=0.34 \u2014 good separation""}, ""_score_final"": {""pts"": 91, ""max"": 100, ""note"": ""no catastrophic applied""}}",52.78399476238842,0.1189231304129565,25,10,17.0,0.0,18.0,True,90,1800,Polysulfone,PolarClean,none,none,0.0
"2026-09-26
04:34:11",17-0add-10deg-cosolv-none-bathSolv-none-0wt-90s-N2-1800s | rep 4,sample 235,150.6951565772577,242.91959919585585,35.38227684031809,122.72473540407404,160.2024726336662,0.08283787072653,0.0,0.2670979852374626,0.4600017136098608,,,False,69,"{""elastic_r2"": {""pts"": 29, ""max"": 30, ""note"": ""NRMSE-score=0.970 (RMSE=1.13, range=38.15)""}, ""plateau_r2_start"": {""pts"": 0, ""max"": 15, ""note"": ""insufficient data""}, ""densification_r2"": {""pts"": 0, ""max"": 15, ""note"": ""insufficient data""}, ""yield_accuracy"": {""pts"": 25, ""max"": 25, ""note"": ""elastic tail undershoots data by 0.4% of elastic range""}, ""junction_continuity"": {""pts"": 15, ""max"": 15, ""note"": ""gap=0.0%""}, ""elastic_modulus_penalty"": {""pts"": 0, ""max"": 0, ""note"": ""E=242.9 bar ok""}, ""bp1_accuracy_penalty"": {""pts"": 0, ""max"": 0, ""note"": """"}, ""slope_ratio_penalty"": {""pts"": 0, ""max"": 0, ""note"": ""plateau/elastic slope ratio=0.51 \u2014 good separation""}, ""_score_final"": {""pts"": 69, ""max"": 100, ""note"": ""no catastrophic applied""}}",50.07941227208652,0.1189231304129565,25,10,17.0,0.0,18.0,True,90,1800,Polysulfone,PolarClean,none,none,0.0
"2026-09-26
04:34:11",17-0add-10deg-cosolv-none-bathSolv-none-0wt-90s-N2-1800s | rep 3,sample 234,138.7161362013586,235.52323907261703,33.07576535163425,120.29611924844134,643.816078726876,0.0565779350858359,0.0,0.3140176847742747,0.6068607434985996,0.7566137696686683,,False,60,"{""elastic_r2"": {""pts"": 29, ""max"": 30, ""note"": ""NRMSE-score=0.957 (RMSE=1.41, range=33.03)""}, ""plateau_r2_start"": {""pts"": 14, ""max"": 15, ""note"": ""R\u00b2(first 40%)=0.931""}, ""densification_r2"": {""pts"": 14, ""max"": 15, ""note"": ""R\u00b2=0.941""}, ""yield_accuracy"": {""pts"": 25, ""max"": 25, ""note"": ""elastic tail undershoots data by 1.6% of elastic range""}, ""junction_continuity"": {""pts"": 13, ""max"": 15, ""note"": ""gap=1.9%""}, ""plateau_r2_full_penalty"": {""pts"": 0, ""max"": 0, ""note"": ""R\u00b2(full)=0.915""}, ""elastic_modulus_penalty"": {""pts"": 0, ""max"": 0, ""note"": ""E=235.5 bar ok""}, ""bp1_accuracy_penalty"": {""pts"": -35, ""max"": 0, ""note"": ""plateau spans 59% of remaining stress \u2014 elastic peak likely wrong | GAM slope drops 53% in early plateau \u2014 bp1 suspect""}, ""changepoint_curvature_penalty"": {""pts"": 0, ""max"": 0, ""note"": ""d2_norm=13.14, linear_stretch=17%""}, ""slope_ratio_penalty"": {""pts"": 0, ""max"": 0, ""note"": ""plateau/elastic slope ratio=0.51 \u2014 good separation""}, ""_score_final"": {""pts"": 60, ""max"": 100, ""note"": ""no catastrophic applied""}}",51.49793223832644,0.1189231304129565,25,10,17.0,0.0,18.0,True,90,1800,Polysulfone,PolarClean,none,none,0.0
"2026-09-26
04:34:11",17-0add-10deg-cosolv-none-bathSolv-none-0wt-90s-N2-1800s | rep 2,sample 233,156.56787703141117,199.2420743318752,30.18580755666368,124.30824376840629,479.4363120455801,0.0662905771305431,0.0443728923569664,0.3480070625844141,0.5622677219065393,,,False,61,"{""elastic_r2"": {""pts"": 29, ""max"": 30, ""note"": ""NRMSE-score=0.967 (RMSE=0.93, range=28.64)""}, ""plateau_r2_start"": {""pts"": 15, ""max"": 15, ""note"": ""R\u00b2(first 40%)=0.972""}, ""densification_r2"": {""pts"": 13, ""max"": 15, ""note"": ""R\u00b2=0.856""}, ""yield_accuracy"": {""pts"": 25, ""max"": 25, ""note"": ""elastic tail undershoots data by 0.3% of elastic range""}, ""junction_continuity"": {""pts"": 15, ""max"": 15, ""note"": ""gap=0.1%""}, ""plateau_r2_full_penalty"": {""pts"": 0, ""max"": 0, ""note"": ""R\u00b2(full)=0.961""}, ""elastic_modulus_penalty"": {""pts"": 0, ""max"": 0, ""note"": ""E=199.2 bar ok""}, ""bp1_accuracy_penalty"": {""pts"": -30, ""max"": 0, ""note"": ""plateau spans 62% of remaining stress \u2014 elastic peak likely wrong | GAM slope stable in early plateau (drop=-2%) \u2014 ok""}, ""changepoint_curvature_penalty"": {""pts"": 0, ""max"": 0, ""note"": ""d2_norm=1.42, linear_stretch=10%""}, ""slope_ratio_penalty"": {""pts"": -6, ""max"": 0, ""note"": ""plateau/elastic slope ratio=0.62 \u2014 nearly parallel (-6 pts)""}, ""_score_final"": {""pts"": 61, ""max"": 100, ""note"": ""no catastrophic applied""}}",52.72298354267256,0.1189231304129565,25,10,17.0,0.0,18.0,True,90,1800,Polysulfone,PolarClean,none,none,0.0
"2026-09-26
05:53:56",17-0add-16deg-cosolv-none-bathSolv-none-0wt-120s-N2-1800s_run4 | rep 3,sample 242,145.4012920972263,242.6247402105324,32.22134024428704,108.15618747742607,458.9261174027144,0.0634482806660263,0.0298165508212674,0.3122987253574711,0.5450039523470455,,,False,64,"{""elastic_r2"": {""pts"": 28, ""max"": 30, ""note"": ""NRMSE-score=0.945 (RMSE=1.77, range=32.03)""}, ""plateau_r2_start"": {""pts"": 15, ""max"": 15, ""note"": ""R\u00b2(first 40%)=0.973""}, ""densification_r2"": {""pts"": 13, ""max"": 15, ""note"": ""R\u00b2=0.854""}, ""yield_accuracy"": {""pts"": 25, ""max"": 25, ""note"": ""elastic tail undershoots data by 1.8% of elastic range""}, ""junction_continuity"": {""pts"": 15, ""max"": 15, ""note"": ""gap=0.1%""}, ""plateau_r2_full_penalty"": {""pts"": 0, ""max"": 0, ""note"": ""R\u00b2(full)=0.960""}, ""elastic_modulus_penalty"": {""pts"": 0, ""max"": 0, ""note"": ""E=242.6 bar ok""}, ""bp1_accuracy_penalty"": {""pts"": -30, ""max"": 0, ""note"": ""plateau spans 50% of remaining stress \u2014 elastic peak likely wrong | GAM slope stable in early plateau (drop=23%) \u2014 ok""}, ""changepoint_curvature_penalty"": {""pts"": -2, ""max"": 0, ""note"": ""d2_norm=0.20, linear_stretch=30%""}, ""slope_ratio_penalty"": {""pts"": 0, ""max"": 0, ""note"": ""plateau/elastic slope ratio=0.45 \u2014 good separation""}, ""_score_final"": {""pts"": 64, ""max"": 100, ""note"": ""no catastrophic applied""}}",50.0384139018868,0.0524399972063148,25,16,17.0,0.0,15.0,True,120,1800,Polysulfone,PolarClean,none,none,0.0
"2026-09-26
05:53:56",17-0add-16deg-cosolv-none-bathSolv-none-0wt-120s-N2-1800s_run4 | rep 2,sample 241,154.9554496429639,285.7224334326965,26.51315195453641,142.17936745765422,618.933217419474,0.0548666772031009,0.0,0.3637560829843332,0.6558896849867383,,,False,34,"{""elastic_r2"": {""pts"": 29, ""max"": 30, ""note"": ""NRMSE-score=0.962 (RMSE=0.93, range=24.52)""}, ""plateau_r2_start"": {""pts"": 0, ""max"": 15, ""note"": ""R\u00b2(first 40%)=-0.127""}, ""densification_r2"": {""pts"": 11, ""max"": 15, ""note"": ""R\u00b2=0.734""}, ""yield_accuracy"": {""pts"": 25, ""max"": 25, ""note"": ""elastic tail overshoots data by 0.8% of elastic range""}, ""junction_continuity"": {""pts"": 9, ""max"": 15, ""note"": ""gap=6.0%""}, ""plateau_r2_full_penalty"": {""pts"": -10, ""max"": 0, ""note"": ""R\u00b2(full)=0.384""}, ""elastic_modulus_penalty"": {""pts"": 0, ""max"": 0, ""note"": ""E=285.7 bar ok""}, ""bp1_accuracy_penalty"": {""pts"": -30, ""max"": 0, ""note"": ""plateau spans 81% of remaining stress \u2014 elastic peak likely wrong | GAM slope stable in early plateau (drop=30%) \u2014 ok""}, ""changepoint_curvature_penalty"": {""pts"": 0, ""max"": 0, ""note"": ""d2_norm=8.22, linear_stretch=100%""}, ""slope_ratio_penalty"": {""pts"": 0, ""max"": 0, ""note"": ""plateau/elastic slope ratio=0.50 \u2014 good separation""}, ""_score_final"": {""pts"": 34, ""max"": 100, ""note"": ""no catastrophic applied""}}",49.82518828420813,0.0524399972063148,25,16,17.0,0.0,15.0,True,120,1800,Polysulfone,PolarClean,none,none,0.0
"2026-09-26
05:53:56",17-0add-16deg-cosolv-none-bathSolv-none-0wt-120s-N2-1800s_run4 | rep 4,sample 243,151.1506643938792,222.2415585164564,34.93476987817361,91.0742943688585,641.8577500124643,0.0588227305150191,0.0442902971618827,0.3299001993583905,0.6197849859018831,,,True,93,"{""elastic_r2"": {""pts"": 29, ""max"": 30, ""note"": ""NRMSE-score=0.950 (RMSE=1.76, range=35.33)""}, ""plateau_r2_start"": {""pts"": 14, ""max"": 15, ""note"": ""R\u00b2(first 40%)=0.965""}, ""densification_r2"": {""pts"": 13, ""max"": 15, ""note"": ""R\u00b2=0.863""}, ""yield_accuracy"": {""pts"": 25, ""max"": 25, ""note"": ""elastic tail undershoots data by 1.5% of elastic range""}, ""junction_continuity"": {""pts"": 14, ""max"": 15, ""note"": ""gap=0.8%""}, ""plateau_r2_full_penalty"": {""pts"": 0, ""max"": 0, ""note"": ""R\u00b2(full)=0.943""}, ""elastic_modulus_penalty"": {""pts"": 0, ""max"": 0, ""note"": ""E=222.2 bar ok""}, ""bp1_accuracy_penalty"": {""pts"": 0, ""max"": 0, ""note"": ""plateau spans 43% of remaining stress \u2014 ok | GAM slope stable in early plateau (drop=17%) \u2014 ok""}, ""changepoint_curvature_penalty"": {""pts"": -2, ""max"": 0, ""note"": ""d2_norm=0.00, linear_stretch=20%""}, ""slope_ratio_penalty"": {""pts"": 0, ""max"": 0, ""note"": ""plateau/elastic slope ratio=0.41 \u2014 good separation""}, ""_score_final"": {""pts"": 93, ""max"": 100, ""note"": ""no catastrophic applied""}}",51.0177457387471,0.0524399972063148,25,16,17.0,0.0,15.0,True,120,1800,Polysulfone,PolarClean,none,none,0.0
"2026-09-26
05:53:56",17-0add-16deg-cosolv-none-bathSolv-none-0wt-120s-N2-1800s_run4 | rep 1,sample 240,152.02012254012317,285.79174116002685,23.248350161360847,85.80345900931609,649.0215329698435,0.0513258483055182,0.0,0.392719881862237,0.6545544045155469,0.7901420318629575,,True,92,"{""elastic_r2"": {""pts"": 28, ""max"": 30, ""note"": ""NRMSE-score=0.948 (RMSE=1.13, range=21.72)""}, ""plateau_r2_start"": {""pts"": 15, ""max"": 15, ""note"": ""R\u00b2(first 40%)=0.975""}, ""densification_r2"": {""pts"": 14, ""max"": 15, ""note"": ""R\u00b2=0.933""}, ""yield_accuracy"": {""pts"": 25, ""max"": 25, ""note"": ""elastic tail overshoots data by 1.9% of elastic range""}, ""junction_continuity"": {""pts"": 15, ""max"": 15, ""note"": ""gap=0.4%""}, ""plateau_r2_full_penalty"": {""pts"": 0, ""max"": 0, ""note"": ""R\u00b2(full)=0.970""}, ""elastic_modulus_penalty"": {""pts"": 0, ""max"": 0, ""note"": ""E=285.8 bar ok""}, ""bp1_accuracy_penalty"": {""pts"": -5, ""max"": 0, ""note"": ""plateau spans 44% of remaining stress \u2014 ok | GAM slope drops 47% in early plateau \u2014 bp1 suspect""}, ""changepoint_curvature_penalty"": {""pts"": 0, ""max"": 0, ""note"": ""d2_norm=1.51, linear_stretch=13%""}, ""slope_ratio_penalty"": {""pts"": 0, ""max"": 0, ""note"": ""plateau/elastic slope ratio=0.30 \u2014 good separation""}, ""_score_final"": {""pts"": 92, ""max"": 100, ""note"": ""no catastrophic applied""}}",51.25688994573822,0.0524399972063148,25,16,17.0,0.0,15.0,True,120,1800,Polysulfone,PolarClean,none,none,0.0
"2026-09-26
07:10:20",17-0add-15deg-cosolv-none-bathSolv-none-0wt-200s-N2-1800s_run3 | rep 1,sample 248,147.45894692519073,269.52566971617654,26.2658147403668,118.34158407642164,662.0375777892499,0.0573432619231055,0.0,0.2987857589278478,0.4709782217775936,,,True,97,"{""elastic_r2"": {""pts"": 29, ""max"": 30, ""note"": ""NRMSE-score=0.965 (RMSE=0.90, range=25.81)""}, ""plateau_r2_start"": {""pts"": 15, ""max"": 15, ""note"": ""R\u00b2(first 40%)=0.976""}, ""densification_r2"": {""pts"": 13, ""max"": 15, ""note"": ""R\u00b2=0.893""}, ""yield_accuracy"": {""pts"": 25, ""max"": 25, ""note"": ""elastic tail undershoots data by 0.7% of elastic range""}, ""junction_continuity"": {""pts"": 15, ""max"": 15, ""note"": ""gap=0.3%""}, ""plateau_r2_full_penalty"": {""pts"": 0, ""max"": 0, ""note"": ""R\u00b2(full)=0.905""}, ""elastic_modulus_penalty"": {""pts"": 0, ""max"": 0, ""note"": ""E=269.5 bar ok""}, ""bp1_accuracy_penalty"": {""pts"": 0, ""max"": 0, ""note"": ""plateau spans 45% of remaining stress \u2014 ok | GAM slope stable in early plateau (drop=31%) \u2014 ok""}, ""changepoint_curvature_penalty"": {""pts"": 0, ""max"": 0, ""note"": ""d2_norm=4.73, linear_stretch=7%""}, ""slope_ratio_penalty"": {""pts"": 0, ""max"": 0, ""note"": ""plateau/elastic slope ratio=0.44 \u2014 good separation""}, ""_score_final"": {""pts"": 97, ""max"": 100, ""note"": ""no catastrophic applied""}}",50.23856777595217,0.085095272182982,25,15,17.0,0.0,15.0,True,200,1800,Polysulfone,PolarClean,none,none,0.0
"2026-09-26
07:10:20",17-0add-15deg-cosolv-none-bathSolv-none-0wt-200s-N2-1800s_run3 | rep 3,sample 250,156.44258008373114,262.2795323335896,27.6927725020035,125.67722815222696,587.5583396674906,0.0535772345250555,0.0148084192301656,0.285293194295302,0.4517897308012112,,,True,96,"{""elastic_r2"": {""pts"": 29, ""max"": 30, ""note"": ""NRMSE-score=0.962 (RMSE=1.04, range=27.10)""}, ""plateau_r2_start"": {""pts"": 15, ""max"": 15, ""note"": ""R\u00b2(first 40%)=0.969""}, ""densification_r2"": {""pts"": 14, ""max"": 15, ""note"": ""R\u00b2=0.910""}, ""yield_accuracy"": {""pts"": 25, ""max"": 25, ""note"": ""elastic tail undershoots data by 1.8% of elastic range""}, ""junction_continuity"": {""pts"": 14, ""max"": 15, ""note"": ""gap=0.5%""}, ""plateau_r2_full_penalty"": {""pts"": 0, ""max"": 0, ""note"": ""R\u00b2(full)=0.920""}, ""elastic_modulus_penalty"": {""pts"": 0, ""max"": 0, ""note"": ""E=262.3 bar ok""}, ""bp1_accuracy_penalty"": {""pts"": 0, ""max"": 0, ""note"": ""plateau spans 42% of remaining stress \u2014 ok | GAM slope stable in early plateau (drop=10%) \u2014 ok""}, ""changepoint_curvature_penalty"": {""pts"": -1, ""max"": 0, ""note"": ""d2_norm=0.00, linear_stretch=10%""}, ""slope_ratio_penalty"": {""pts"": 0, ""max"": 0, ""note"": ""plateau/elastic slope ratio=0.48 \u2014 good separation""}, ""_score_final"": {""pts"": 96, ""max"": 100, ""note"": ""no catastrophic applied""}}",50.23592429085668,0.085095272182982,25,15,17.0,0.0,15.0,True,200,1800,Polysulfone,PolarClean,none,none,0.0
"2026-09-26
07:10:20",17-0add-15deg-cosolv-none-bathSolv-none-0wt-200s-N2-1800s_run3 | rep 2,sample 249,158.76914758311824,303.038141159434,27.5450121764222,131.65258869432142,621.059411863705,0.0915506577869867,0.0,0.2476937023299095,0.414013530026005,,,True,81,"{""elastic_r2"": {""pts"": 29, ""max"": 30, ""note"": ""NRMSE-score=0.962 (RMSE=1.03, range=27.35)""}, ""plateau_r2_start"": {""pts"": 14, ""max"": 15, ""note"": ""R\u00b2(first 40%)=0.953""}, ""densification_r2"": {""pts"": 14, ""max"": 15, ""note"": ""R\u00b2=0.927""}, ""yield_accuracy"": {""pts"": 25, ""max"": 25, ""note"": ""elastic tail undershoots data by 1.0% of elastic range""}, ""junction_continuity"": {""pts"": 8, ""max"": 15, ""note"": ""gap=6.8%""}, ""plateau_r2_full_penalty"": {""pts"": 0, ""max"": 0, ""note"": ""R\u00b2(full)=0.955""}, ""elastic_modulus_penalty"": {""pts"": 0, ""max"": 0, ""note"": ""E=303.0 bar ok""}, ""bp1_accuracy_penalty"": {""pts"": -5, ""max"": 0, ""note"": ""plateau spans 39% of remaining stress \u2014 ok | GAM slope drops 41% in early plateau \u2014 bp1 suspect""}, ""changepoint_curvature_penalty"": {""pts"": -4, ""max"": 0, ""note"": ""d2_norm=0.00, linear_stretch=37%""}, ""slope_ratio_penalty"": {""pts"": 0, ""max"": 0, ""note"": ""plateau/elastic slope ratio=0.43 \u2014 good separation""}, ""_score_final"": {""pts"": 81, ""max"": 100, ""note"": ""no catastrophic applied""}}",49.03899858606423,0.085095272182982,25,15,17.0,0.0,15.0,True,200,1800,Polysulfone,PolarClean,none,none,0.0
"2026-09-26
07:10:20",17-0add-15deg-cosolv-none-bathSolv-none-0wt-200s-N2-1800s_run3 | rep 4,sample 251,157.24617111336372,310.60125547148,31.23589639968658,131.76888255282535,509.52748294834,0.0559788198868401,0.0,0.2555865524602019,0.4110548860290758,,,True,87,"{""elastic_r2"": {""pts"": 29, ""max"": 30, ""note"": ""NRMSE-score=0.966 (RMSE=1.04, range=30.88)""}, ""plateau_r2_start"": {""pts"": 14, ""max"": 15, ""note"": ""R\u00b2(first 40%)=0.957""}, ""densification_r2"": {""pts"": 11, ""max"": 15, ""note"": ""R\u00b2=0.716""}, ""yield_accuracy"": {""pts"": 25, ""max"": 25, ""note"": ""elastic tail undershoots data by 0.2% of elastic range""}, ""junction_continuity"": {""pts"": 13, ""max"": 15, ""note"": ""gap=1.7%""}, ""plateau_r2_full_penalty"": {""pts"": 0, ""max"": 0, ""note"": ""R\u00b2(full)=0.937""}, ""elastic_modulus_penalty"": {""pts"": 0, ""max"": 0, ""note"": ""E=310.6 bar ok""}, ""bp1_accuracy_penalty"": {""pts"": -5, ""max"": 0, ""note"": ""plateau spans 40% of remaining stress \u2014 ok | GAM slope drops 44% in early plateau \u2014 bp1 suspect""}, ""changepoint_curvature_penalty"": {""pts"": 0, ""max"": 0, ""note"": ""d2_norm=3.07, linear_stretch=33%""}, ""slope_ratio_penalty"": {""pts"": 0, ""max"": 0, ""note"": ""plateau/elastic slope ratio=0.42 \u2014 good separation""}, ""_score_final"": {""pts"": 87, ""max"": 100, ""note"": ""no catastrophic applied""}}",48.62472214954821,0.085095272182982,25,15,17.0,0.0,15.0,True,200,1800,Polysulfone,PolarClean,none,none,0.0
"2026-09-28
17:15:10",17-0add-12deg-cosolv-none-bathSolv-none-0wt-150s-N2-1800s | rep 2,sample 257,139.58133186857705,265.6623405182541,30.07692659819072,79.96783061021134,751.621380979701,0.0534551425512583,0.0,0.3403383755693075,0.6231203253893035,0.7324794694757295,,True,95,"{""elastic_r2"": {""pts"": 29, ""max"": 30, ""note"": ""NRMSE-score=0.964 (RMSE=1.01, range=28.33)""}, ""plateau_r2_start"": {""pts"": 14, ""max"": 15, ""note"": ""R\u00b2(first 40%)=0.960""}, ""densification_r2"": {""pts"": 14, ""max"": 15, ""note"": ""R\u00b2=0.924""}, ""yield_accuracy"": {""pts"": 25, ""max"": 25, ""note"": ""elastic tail undershoots data by 0.2% of elastic range""}, ""junction_continuity"": {""pts"": 13, ""max"": 15, ""note"": ""gap=2.0%""}, ""plateau_r2_full_penalty"": {""pts"": 0, ""max"": 0, ""note"": ""R\u00b2(full)=0.967""}, ""elastic_modulus_penalty"": {""pts"": 0, ""max"": 0, ""note"": ""E=265.7 bar ok""}, ""bp1_accuracy_penalty"": {""pts"": 0, ""max"": 0, ""note"": ""plateau spans 38% of remaining stress \u2014 ok | GAM slope stable in early plateau (drop=37%) \u2014 ok""}, ""changepoint_curvature_penalty"": {""pts"": 0, ""max"": 0, ""note"": ""d2_norm=3.56, linear_stretch=13%""}, ""slope_ratio_penalty"": {""pts"": 0, ""max"": 0, ""note"": ""plateau/elastic slope ratio=0.30 \u2014 good separation""}, ""_score_final"": {""pts"": 95, ""max"": 100, ""note"": ""no catastrophic applied""}}",50.70674306852344,0.0768187304249892,25,12,17.0,0.0,15.0,True,150,1800,Polysulfone,PolarClean,none,none,0.0
"2026-09-28
17:15:10",17-0add-12deg-cosolv-none-bathSolv-none-0wt-150s-N2-1800s | rep 4,sample 259,135.58922216388692,267.17254006864704,33.06045919207375,72.5465403780068,682.5292739010865,0.051726775383951,0.0,0.3442758834083327,0.5818109874969981,0.6921599585531006,,True,90,"{""elastic_r2"": {""pts"": 29, ""max"": 30, ""note"": ""NRMSE-score=0.961 (RMSE=1.18, range=30.45)""}, ""plateau_r2_start"": {""pts"": 14, ""max"": 15, ""note"": ""R\u00b2(first 40%)=0.935""}, ""densification_r2"": {""pts"": 14, ""max"": 15, ""note"": ""R\u00b2=0.929""}, ""yield_accuracy"": {""pts"": 25, ""max"": 25, ""note"": ""elastic tail overshoots data by 1.6% of elastic range""}, ""junction_continuity"": {""pts"": 13, ""max"": 15, ""note"": ""gap=2.3%""}, ""plateau_r2_full_penalty"": {""pts"": 0, ""max"": 0, ""note"": ""R\u00b2(full)=0.924""}, ""elastic_modulus_penalty"": {""pts"": 0, ""max"": 0, ""note"": ""E=267.2 bar ok""}, ""bp1_accuracy_penalty"": {""pts"": -5, ""max"": 0, ""note"": ""plateau spans 31% of remaining stress \u2014 ok | GAM slope drops 46% in early plateau \u2014 bp1 suspect""}, ""changepoint_curvature_penalty"": {""pts"": 0, ""max"": 0, ""note"": ""d2_norm=1.63, linear_stretch=20%""}, ""slope_ratio_penalty"": {""pts"": 0, ""max"": 0, ""note"": ""plateau/elastic slope ratio=0.27 \u2014 good separation""}, ""_score_final"": {""pts"": 90, ""max"": 100, ""note"": ""no catastrophic applied""}}",50.13987353137957,0.0768187304249892,25,12,17.0,0.0,15.0,True,150,1800,Polysulfone,PolarClean,none,none,0.0
"2026-09-28
17:15:10",17-0add-12deg-cosolv-none-bathSolv-none-0wt-150s-N2-1800s | rep 3,sample 258,134.46096547866242,266.94298101645256,34.37670975116387,111.27463407155626,598.8632150765881,0.0617946917524033,0.0,0.2596626205798227,0.5085363427030803,0.6638338247487936,,True,98,"{""elastic_r2"": {""pts"": 29, ""max"": 30, ""note"": ""NRMSE-score=0.969 (RMSE=1.02, range=32.60)""}, ""plateau_r2_start"": {""pts"": 15, ""max"": 15, ""note"": ""R\u00b2(first 40%)=0.967""}, ""densification_r2"": {""pts"": 14, ""max"": 15, ""note"": ""R\u00b2=0.946""}, ""yield_accuracy"": {""pts"": 25, ""max"": 25, ""note"": ""elastic tail overshoots data by 0.7% of elastic range""}, ""junction_continuity"": {""pts"": 15, ""max"": 15, ""note"": ""gap=0.2%""}, ""plateau_r2_full_penalty"": {""pts"": 0, ""max"": 0, ""note"": ""R\u00b2(full)=0.979""}, ""elastic_modulus_penalty"": {""pts"": 0, ""max"": 0, ""note"": ""E=266.9 bar ok""}, ""bp1_accuracy_penalty"": {""pts"": 0, ""max"": 0, ""note"": ""plateau spans 46% of remaining stress \u2014 ok | GAM slope stable in early plateau (drop=37%) \u2014 ok""}, ""changepoint_curvature_penalty"": {""pts"": 0, ""max"": 0, ""note"": ""d2_norm=3.00, linear_stretch=10%""}, ""slope_ratio_penalty"": {""pts"": 0, ""max"": 0, ""note"": ""plateau/elastic slope ratio=0.42 \u2014 good separation""}, ""_score_final"": {""pts"": 98, ""max"": 100, ""note"": ""no catastrophic applied""}}",48.97177616465394,0.0768187304249892,25,12,17.0,0.0,15.0,True,150,1800,Polysulfone,PolarClean,none,none,0.0
"2026-09-28
17:15:10",17-0add-12deg-cosolv-none-bathSolv-none-0wt-150s-N2-1800s | rep 1,sample 256,136.9463005171094,270.0063089782468,27.99820238627631,104.36687074378943,619.9611071327034,0.0576678449062277,0.0,0.3078549540224113,0.5547151294328082,,,True,98,"{""elastic_r2"": {""pts"": 29, ""max"": 30, ""note"": ""NRMSE-score=0.962 (RMSE=0.99, range=26.14)""}, ""plateau_r2_start"": {""pts"": 15, ""max"": 15, ""note"": ""R\u00b2(first 40%)=0.971""}, ""densification_r2"": {""pts"": 14, ""max"": 15, ""note"": ""R\u00b2=0.934""}, ""yield_accuracy"": {""pts"": 25, ""max"": 25, ""note"": ""elastic tail overshoots data by 0.2% of elastic range""}, ""junction_continuity"": {""pts"": 15, ""max"": 15, ""note"": ""gap=0.1%""}, ""plateau_r2_full_penalty"": {""pts"": 0, ""max"": 0, ""note"": ""R\u00b2(full)=0.971""}, ""elastic_modulus_penalty"": {""pts"": 0, ""max"": 0, ""note"": ""E=270.0 bar ok""}, ""bp1_accuracy_penalty"": {""pts"": 0, ""max"": 0, ""note"": ""plateau spans 49% of remaining stress \u2014 ok | GAM slope stable in early plateau (drop=34%) \u2014 ok""}, ""changepoint_curvature_penalty"": {""pts"": 0, ""max"": 0, ""note"": ""d2_norm=3.45, linear_stretch=10%""}, ""slope_ratio_penalty"": {""pts"": 0, ""max"": 0, ""note"": ""plateau/elastic slope ratio=0.39 \u2014 good separation""}, ""_score_final"": {""pts"": 98, ""max"": 100, ""note"": ""no catastrophic applied""}}",50.12445197437788,0.0768187304249892,25,12,17.0,0.0,15.0,True,150,1800,Polysulfone,PolarClean,none,none,0.0
"2026-09-28
18:30:59",17-0add-12deg-cosolv-none-bathSolv-none-0wt-150s-N2-1800s_run2 | rep 1,sample 264,157.46622695996243,410.69260150651087,26.86904777457117,158.0900671575117,600.2505380570136,0.1079795447174433,0.0,0.2128712381857839,0.3490926759872746,,,True,89,"{""elastic_r2"": {""pts"": 28, ""max"": 30, ""note"": ""NRMSE-score=0.937 (RMSE=1.62, range=25.54)""}, ""plateau_r2_start"": {""pts"": 14, ""max"": 15, ""note"": ""R\u00b2(first 40%)=0.954""}, ""densification_r2"": {""pts"": 14, ""max"": 15, ""note"": ""R\u00b2=0.942""}, ""yield_accuracy"": {""pts"": 25, ""max"": 25, ""note"": ""elastic tail overshoots data by 1.5% of elastic range""}, ""junction_continuity"": {""pts"": 15, ""max"": 15, ""note"": ""gap=0.3%""}, ""plateau_r2_full_penalty"": {""pts"": 0, ""max"": 0, ""note"": ""R\u00b2(full)=0.966""}, ""elastic_modulus_penalty"": {""pts"": 0, ""max"": 0, ""note"": ""E=410.7 bar ok""}, ""bp1_accuracy_penalty"": {""pts"": -5, ""max"": 0, ""note"": ""plateau spans 42% of remaining stress \u2014 ok | GAM slope drops 43% in early plateau \u2014 bp1 suspect""}, ""changepoint_curvature_penalty"": {""pts"": -2, ""max"": 0, ""note"": ""d2_norm=0.00, linear_stretch=23%""}, ""slope_ratio_penalty"": {""pts"": 0, ""max"": 0, ""note"": ""plateau/elastic slope ratio=0.38 \u2014 good separation""}, ""_score_final"": {""pts"": 89, ""max"": 100, ""note"": ""no catastrophic applied""}}",49.87342503974912,0.1269915156182438,25,12,17.0,0.0,15.0,True,150,1800,Polysulfone,PolarClean,none,none,0.0
"2026-09-28
18:30:59",17-0add-12deg-cosolv-none-bathSolv-none-0wt-150s-N2-1800s_run2 | rep 2,sample 265,157.77956164119644,419.3596417814157,29.373496745874768,151.65000036942865,506.5535320103255,0.1113958569181904,0.0,0.173135180307414,0.321931581949801,,,True,88,"{""elastic_r2"": {""pts"": 25, ""max"": 30, ""note"": ""NRMSE-score=0.846 (RMSE=4.41, range=28.59)""}, ""plateau_r2_start"": {""pts"": 14, ""max"": 15, ""note"": ""R\u00b2(first 40%)=0.954""}, ""densification_r2"": {""pts"": 15, ""max"": 15, ""note"": ""R\u00b2=0.972""}, ""yield_accuracy"": {""pts"": 25, ""max"": 25, ""note"": ""elastic tail undershoots data by 3.5% of elastic range""}, ""junction_continuity"": {""pts"": 14, ""max"": 15, ""note"": ""gap=1.1%""}, ""plateau_r2_full_penalty"": {""pts"": 0, ""max"": 0, ""note"": ""R\u00b2(full)=0.970""}, ""elastic_modulus_penalty"": {""pts"": 0, ""max"": 0, ""note"": ""E=419.4 bar ok""}, ""bp1_accuracy_penalty"": {""pts"": -5, ""max"": 0, ""note"": ""plateau spans 39% of remaining stress \u2014 ok | GAM slope drops 43% in early plateau \u2014 bp1 suspect""}, ""changepoint_curvature_penalty"": {""pts"": 0, ""max"": 0, ""note"": ""d2_norm=1.45, linear_stretch=13%""}, ""slope_ratio_penalty"": {""pts"": 0, ""max"": 0, ""note"": ""plateau/elastic slope ratio=0.36 \u2014 good separation""}, ""_score_final"": {""pts"": 88, ""max"": 100, ""note"": ""no catastrophic applied""}}",50.53887377400828,0.1269915156182438,25,12,17.0,0.0,15.0,True,150,1800,Polysulfone,PolarClean,none,none,0.0
"2026-09-28
18:30:59",17-0add-12deg-cosolv-none-bathSolv-none-0wt-150s-N2-1800s_run2 | rep 4,sample 267,153.57722626949607,346.8729828604496,34.27048476062212,134.87873522274955,565.1918255333425,0.0924989814510173,0.0,0.1512019238833969,0.3110182150794502,,,True,85,"{""elastic_r2"": {""pts"": 23, ""max"": 30, ""note"": ""NRMSE-score=0.772 (RMSE=8.33, range=36.58)""}, ""plateau_r2_start"": {""pts"": 14, ""max"": 15, ""note"": ""R\u00b2(first 40%)=0.949""}, ""densification_r2"": {""pts"": 14, ""max"": 15, ""note"": ""R\u00b2=0.959""}, ""yield_accuracy"": {""pts"": 24, ""max"": 25, ""note"": ""elastic tail undershoots data by 10.3% of elastic range""}, ""junction_continuity"": {""pts"": 10, ""max"": 15, ""note"": ""gap=4.8%""}, ""plateau_r2_full_penalty"": {""pts"": 0, ""max"": 0, ""note"": ""R\u00b2(full)=0.939""}, ""elastic_modulus_penalty"": {""pts"": 0, ""max"": 0, ""note"": ""E=346.9 bar ok""}, ""bp1_accuracy_penalty"": {""pts"": 0, ""max"": 0, ""note"": ""plateau spans 33% of remaining stress \u2014 ok | GAM slope stable in early plateau (drop=23%) \u2014 ok""}, ""changepoint_curvature_penalty"": {""pts"": 0, ""max"": 0, ""note"": ""d2_norm=3.43, linear_stretch=10%""}, ""slope_ratio_penalty"": {""pts"": 0, ""max"": 0, ""note"": ""plateau/elastic slope ratio=0.39 \u2014 good separation""}, ""_score_final"": {""pts"": 85, ""max"": 100, ""note"": ""no catastrophic applied""}}",48.85960359503213,0.1269915156182438,25,12,17.0,0.0,15.0,True,150,1800,Polysulfone,PolarClean,none,none,0.0
"2026-09-28
18:30:59",17-0add-12deg-cosolv-none-bathSolv-none-0wt-150s-N2-1800s_run2 | rep 3,sample 266,149.95180734054685,351.1846433643494,36.75624799685264,161.55433785595827,531.6556035526806,0.105143842596624,0.0,0.1263736887329852,0.2772952397286454,,,True,89,"{""elastic_r2"": {""pts"": 23, ""max"": 30, ""note"": ""NRMSE-score=0.783 (RMSE=8.18, range=37.65)""}, ""plateau_r2_start"": {""pts"": 11, ""max"": 15, ""note"": ""R\u00b2(first 40%)=0.733""}, ""densification_r2"": {""pts"": 15, ""max"": 15, ""note"": ""R\u00b2=0.977""}, ""yield_accuracy"": {""pts"": 25, ""max"": 25, ""note"": ""elastic tail undershoots data by 8.0% of elastic range""}, ""junction_continuity"": {""pts"": 15, ""max"": 15, ""note"": ""gap=0.4%""}, ""plateau_r2_full_penalty"": {""pts"": 0, ""max"": 0, ""note"": ""R\u00b2(full)=0.960""}, ""elastic_modulus_penalty"": {""pts"": 0, ""max"": 0, ""note"": ""E=351.2 bar ok""}, ""bp1_accuracy_penalty"": {""pts"": 0, ""max"": 0, ""note"": ""plateau spans 40% of remaining stress \u2014 ok | GAM slope stable in early plateau (drop=20%) \u2014 ok""}, ""changepoint_curvature_penalty"": {""pts"": 0, ""max"": 0, ""note"": ""d2_norm=1.84, linear_stretch=10%""}, ""slope_ratio_penalty"": {""pts"": 0, ""max"": 0, ""note"": ""plateau/elastic slope ratio=0.46 \u2014 good separation""}, ""_score_final"": {""pts"": 89, ""max"": 100, ""note"": ""no catastrophic applied""}}",48.40194402120753,0.1269915156182438,25,12,17.0,0.0,15.0,True,150,1800,Polysulfone,PolarClean,none,none,0.0
"2026-09-28
19:50:42",17-0add-12deg-cosolv-none-bathSolv-none-0wt-150s-N2-1800s_run3 | rep 3,sample 274,152.18473372065662,224.9411491438617,33.575181841866886,125.52983202414111,1145.5323794648884,0.050406436746075,0.0,0.2881405917135998,0.449076985015934,0.5384067792882435,,True,96,"{""elastic_r2"": {""pts"": 29, ""max"": 30, ""note"": ""NRMSE-score=0.961 (RMSE=1.31, range=33.64)""}, ""plateau_r2_start"": {""pts"": 15, ""max"": 15, ""note"": ""R\u00b2(first 40%)=0.968""}, ""densification_r2"": {""pts"": 13, ""max"": 15, ""note"": ""R\u00b2=0.898""}, ""yield_accuracy"": {""pts"": 25, ""max"": 25, ""note"": ""elastic tail undershoots data by 1.6% of elastic range""}, ""junction_continuity"": {""pts"": 14, ""max"": 15, ""note"": ""gap=0.7%""}, ""plateau_r2_full_penalty"": {""pts"": 0, ""max"": 0, ""note"": ""R\u00b2(full)=0.901""}, ""elastic_modulus_penalty"": {""pts"": 0, ""max"": 0, ""note"": ""E=224.9 bar ok""}, ""bp1_accuracy_penalty"": {""pts"": 0, ""max"": 0, ""note"": ""plateau spans 37% of remaining stress \u2014 ok | GAM slope stable in early plateau (drop=-8%) \u2014 ok""}, ""changepoint_curvature_penalty"": {""pts"": 0, ""max"": 0, ""note"": ""d2_norm=5.57, linear_stretch=10%""}, ""slope_ratio_penalty"": {""pts"": 0, ""max"": 0, ""note"": ""plateau/elastic slope ratio=0.56 \u2014 good separation""}, ""_score_final"": {""pts"": 96, ""max"": 100, ""note"": ""no catastrophic applied""}}",52.34367283756848,0.1176057425713392,25,12,17.0,0.0,15.0,True,150,1800,Polysulfone,PolarClean,none,none,0.0
"2026-09-28
19:50:42",17-0add-12deg-cosolv-none-bathSolv-none-0wt-150s-N2-1800s_run3 | rep 1,sample 272,147.00640799298696,230.6020286516532,26.70572658974317,173.40518888144234,585.3129259580145,0.0655775016763519,0.0,0.234098104288858,0.3368456173521894,,,True,84,"{""elastic_r2"": {""pts"": 28, ""max"": 30, ""note"": ""NRMSE-score=0.949 (RMSE=1.39, range=27.23)""}, ""plateau_r2_start"": {""pts"": 14, ""max"": 15, ""note"": ""R\u00b2(first 40%)=0.938""}, ""densification_r2"": {""pts"": 15, ""max"": 15, ""note"": ""R\u00b2=0.978""}, ""yield_accuracy"": {""pts"": 25, ""max"": 25, ""note"": ""elastic tail overshoots data by 0.5% of elastic range""}, ""junction_continuity"": {""pts"": 14, ""max"": 15, ""note"": ""gap=1.5%""}, ""plateau_r2_full_penalty"": {""pts"": 0, ""max"": 0, ""note"": ""R\u00b2(full)=0.981""}, ""elastic_modulus_penalty"": {""pts"": 0, ""max"": 0, ""note"": ""E=230.6 bar ok""}, ""bp1_accuracy_penalty"": {""pts"": 0, ""max"": 0, ""note"": ""plateau spans 32% of remaining stress \u2014 ok | GAM slope stable in early plateau (drop=29%) \u2014 ok""}, ""changepoint_curvature_penalty"": {""pts"": 0, ""max"": 0, ""note"": ""d2_norm=1.79, linear_stretch=27%""}, ""slope_ratio_penalty"": {""pts"": -12, ""max"": 0, ""note"": ""plateau/elastic slope ratio=0.75 \u2014 nearly parallel (-12 pts)""}, ""_score_final"": {""pts"": 84, ""max"": 100, ""note"": ""no catastrophic applied""}}",52.34605130088672,0.1176057425713392,25,12,17.0,0.0,15.0,True,150,1800,Polysulfone,PolarClean,none,none,0.0
"2026-09-28
19:50:42",17-0add-12deg-cosolv-none-bathSolv-none-0wt-150s-N2-1800s_run3 | rep 4,sample 275,157.8012329306846,264.45203847156847,31.96905157011048,120.94788002191626,1042.4131710909753,0.0507602876886758,0.0,0.2593478711849148,0.4122971446227563,0.4938709789886759,,True,97,"{""elastic_r2"": {""pts"": 29, ""max"": 30, ""note"": ""NRMSE-score=0.963 (RMSE=1.15, range=31.11)""}, ""plateau_r2_start"": {""pts"": 15, ""max"": 15, ""note"": ""R\u00b2(first 40%)=0.969""}, ""densification_r2"": {""pts"": 13, ""max"": 15, ""note"": ""R\u00b2=0.896""}, ""yield_accuracy"": {""pts"": 25, ""max"": 25, ""note"": ""elastic tail undershoots data by 0.3% of elastic range""}, ""junction_continuity"": {""pts"": 15, ""max"": 15, ""note"": ""gap=0.3%""}, ""plateau_r2_full_penalty"": {""pts"": 0, ""max"": 0, ""note"": ""R\u00b2(full)=0.896""}, ""elastic_modulus_penalty"": {""pts"": 0, ""max"": 0, ""note"": ""E=264.5 bar ok""}, ""bp1_accuracy_penalty"": {""pts"": 0, ""max"": 0, ""note"": ""plateau spans 34% of remaining stress \u2014 ok | GAM slope stable in early plateau (drop=33%) \u2014 ok""}, ""changepoint_curvature_penalty"": {""pts"": 0, ""max"": 0, ""note"": ""d2_norm=3.31, linear_stretch=13%""}, ""slope_ratio_penalty"": {""pts"": 0, ""max"": 0, ""note"": ""plateau/elastic slope ratio=0.46 \u2014 good separation""}, ""_score_final"": {""pts"": 97, ""max"": 100, ""note"": ""no catastrophic applied""}}",51.49694286766082,0.1176057425713392,25,12,17.0,0.0,15.0,True,150,1800,Polysulfone,PolarClean,none,none,0.0
"2026-09-28
19:50:42",17-0add-12deg-cosolv-none-bathSolv-none-0wt-150s-N2-1800s_run3 | rep 2,sample 273,142.04172436984632,309.3046593600311,32.406255937663886,156.6491165798638,782.4288155917345,0.0688846407214532,0.0,0.2202636817310688,0.3453794454837059,,,True,90,"{""elastic_r2"": {""pts"": 29, ""max"": 30, ""note"": ""NRMSE-score=0.963 (RMSE=1.21, range=32.76)""}, ""plateau_r2_start"": {""pts"": 14, ""max"": 15, ""note"": ""R\u00b2(first 40%)=0.958""}, ""densification_r2"": {""pts"": 12, ""max"": 15, ""note"": ""R\u00b2=0.789""}, ""yield_accuracy"": {""pts"": 25, ""max"": 25, ""note"": ""elastic tail undershoots data by 0.7% of elastic range""}, ""junction_continuity"": {""pts"": 14, ""max"": 15, ""note"": ""gap=1.1%""}, ""plateau_r2_full_penalty"": {""pts"": 0, ""max"": 0, ""note"": ""R\u00b2(full)=0.879""}, ""elastic_modulus_penalty"": {""pts"": 0, ""max"": 0, ""note"": ""E=309.3 bar ok""}, ""bp1_accuracy_penalty"": {""pts"": 0, ""max"": 0, ""note"": ""plateau spans 38% of remaining stress \u2014 ok | GAM slope stable in early plateau (drop=16%) \u2014 ok""}, ""changepoint_curvature_penalty"": {""pts"": -4, ""max"": 0, ""note"": ""d2_norm=0.00, linear_stretch=37%""}, ""slope_ratio_penalty"": {""pts"": 0, ""max"": 0, ""note"": ""plateau/elastic slope ratio=0.51 \u2014 good separation""}, ""_score_final"": {""pts"": 90, ""max"": 100, ""note"": ""no catastrophic applied""}}",50.81030031977392,0.1176057425713392,25,12,17.0,0.0,15.0,True,150,1800,Polysulfone,PolarClean,none,none,0.0
"2026-09-28
21:07:24",17-0add-12deg-cosolv-none-bathSolv-none-0wt-150s-N2-1800s_run4 | rep 2,sample 281,161.01040765651496,328.91257335135026,30.572145217816868,136.07387839338944,432.431310200921,0.0810559305226442,0.0,0.2413005003803954,0.4069522668191593,0.6080319249771879,,True,96,"{""elastic_r2"": {""pts"": 29, ""max"": 30, ""note"": ""NRMSE-score=0.955 (RMSE=1.38, range=30.63)""}, ""plateau_r2_start"": {""pts"": 14, ""max"": 15, ""note"": ""R\u00b2(first 40%)=0.964""}, ""densification_r2"": {""pts"": 13, ""max"": 15, ""note"": ""R\u00b2=0.837""}, ""yield_accuracy"": {""pts"": 25, ""max"": 25, ""note"": ""elastic tail undershoots data by 1.7% of elastic range""}, ""junction_continuity"": {""pts"": 15, ""max"": 15, ""note"": ""gap=0.3%""}, ""plateau_r2_full_penalty"": {""pts"": 0, ""max"": 0, ""note"": ""R\u00b2(full)=0.939""}, ""elastic_modulus_penalty"": {""pts"": 0, ""max"": 0, ""note"": ""E=328.9 bar ok""}, ""bp1_accuracy_penalty"": {""pts"": 0, ""max"": 0, ""note"": ""plateau spans 45% of remaining stress \u2014 ok | GAM slope stable in early plateau (drop=31%) \u2014 ok""}, ""changepoint_curvature_penalty"": {""pts"": 0, ""max"": 0, ""note"": ""d2_norm=2.10, linear_stretch=23%""}, ""slope_ratio_penalty"": {""pts"": 0, ""max"": 0, ""note"": ""plateau/elastic slope ratio=0.41 \u2014 good separation""}, ""_score_final"": {""pts"": 96, ""max"": 100, ""note"": ""no catastrophic applied""}}",50.09447006898531,0.0804696065924809,25,12,17.0,0.0,15.0,True,150,1800,Polysulfone,PolarClean,none,none,0.0
"2026-09-28
21:07:24",17-0add-12deg-cosolv-none-bathSolv-none-0wt-150s-N2-1800s_run4 | rep 4,sample 283,159.28836408252457,252.07864979793413,30.38575130457009,115.15187557507842,669.7055528066542,0.0568680551204202,0.0,0.2873693244892852,0.4368102770071723,0.574286220271959,,True,89,"{""elastic_r2"": {""pts"": 29, ""max"": 30, ""note"": ""NRMSE-score=0.960 (RMSE=1.22, range=30.26)""}, ""plateau_r2_start"": {""pts"": 14, ""max"": 15, ""note"": ""R\u00b2(first 40%)=0.947""}, ""densification_r2"": {""pts"": 13, ""max"": 15, ""note"": ""R\u00b2=0.852""}, ""yield_accuracy"": {""pts"": 25, ""max"": 25, ""note"": ""elastic tail undershoots data by 2.1% of elastic range""}, ""junction_continuity"": {""pts"": 11, ""max"": 15, ""note"": ""gap=3.6%""}, ""plateau_r2_full_penalty"": {""pts"": 0, ""max"": 0, ""note"": ""R\u00b2(full)=0.858""}, ""elastic_modulus_penalty"": {""pts"": 0, ""max"": 0, ""note"": ""E=252.1 bar ok""}, ""bp1_accuracy_penalty"": {""pts"": 0, ""max"": 0, ""note"": ""plateau spans 34% of remaining stress \u2014 ok | GAM slope stable in early plateau (drop=28%) \u2014 ok""}, ""changepoint_curvature_penalty"": {""pts"": -3, ""max"": 0, ""note"": ""d2_norm=0.06, linear_stretch=30%""}, ""slope_ratio_penalty"": {""pts"": 0, ""max"": 0, ""note"": ""plateau/elastic slope ratio=0.46 \u2014 good separation""}, ""_score_final"": {""pts"": 89, ""max"": 100, ""note"": ""no catastrophic applied""}}",51.15009703474447,0.0804696065924809,25,12,17.0,0.0,15.0,True,150,1800,Polysulfone,PolarClean,none,none,0.0
"2026-09-28
21:07:24",17-0add-12deg-cosolv-none-bathSolv-none-0wt-150s-N2-1800s_run4 | rep 3,sample 282,146.60268339578627,338.4537053355468,29.608069673191128,120.12979770088036,591.0352580860058,0.0622530016218697,0.0,0.2474793120189827,0.3937750615781836,,,True,86,"{""elastic_r2"": {""pts"": 29, ""max"": 30, ""note"": ""NRMSE-score=0.953 (RMSE=1.43, range=30.29)""}, ""plateau_r2_start"": {""pts"": 14, ""max"": 15, ""note"": ""R\u00b2(first 40%)=0.937""}, ""densification_r2"": {""pts"": 13, ""max"": 15, ""note"": ""R\u00b2=0.848""}, ""yield_accuracy"": {""pts"": 25, ""max"": 25, ""note"": ""elastic tail undershoots data by 0.7% of elastic range""}, ""junction_continuity"": {""pts"": 13, ""max"": 15, ""note"": ""gap=2.2%""}, ""plateau_r2_full_penalty"": {""pts"": 0, ""max"": 0, ""note"": ""R\u00b2(full)=0.879""}, ""elastic_modulus_penalty"": {""pts"": 0, ""max"": 0, ""note"": ""E=338.5 bar ok""}, ""bp1_accuracy_penalty"": {""pts"": -5, ""max"": 0, ""note"": ""plateau spans 36% of remaining stress \u2014 ok | GAM slope drops 47% in early plateau \u2014 bp1 suspect""}, ""changepoint_curvature_penalty"": {""pts"": -3, ""max"": 0, ""note"": ""d2_norm=0.00, linear_stretch=27%""}, ""slope_ratio_penalty"": {""pts"": 0, ""max"": 0, ""note"": ""plateau/elastic slope ratio=0.35 \u2014 good separation""}, ""_score_final"": {""pts"": 86, ""max"": 100, ""note"": ""no catastrophic applied""}}",50.24235624393168,0.0804696065924809,25,12,17.0,0.0,15.0,True,150,1800,Polysulfone,PolarClean,none,none,0.0
"2026-09-28
21:07:24",17-0add-12deg-cosolv-none-bathSolv-none-0wt-150s-N2-1800s_run4 | rep 1,sample 280,153.03855926564864,268.3191854033086,29.53896297443837,182.4042814778969,491.6032966104435,0.106833393991904,0.0,0.244078279158015,0.3800990709407763,,,True,86,"{""elastic_r2"": {""pts"": 29, ""max"": 30, ""note"": ""NRMSE-score=0.966 (RMSE=1.03, range=30.13)""}, ""plateau_r2_start"": {""pts"": 13, ""max"": 15, ""note"": ""R\u00b2(first 40%)=0.873""}, ""densification_r2"": {""pts"": 15, ""max"": 15, ""note"": ""R\u00b2=0.981""}, ""yield_accuracy"": {""pts"": 25, ""max"": 25, ""note"": ""elastic tail undershoots data by 0.2% of elastic range""}, ""junction_continuity"": {""pts"": 12, ""max"": 15, ""note"": ""gap=2.9%""}, ""plateau_r2_full_penalty"": {""pts"": 0, ""max"": 0, ""note"": ""R\u00b2(full)=0.945""}, ""elastic_modulus_penalty"": {""pts"": 0, ""max"": 0, ""note"": ""E=268.3 bar ok""}, ""bp1_accuracy_penalty"": {""pts"": 0, ""max"": 0, ""note"": ""plateau spans 44% of remaining stress \u2014 ok | GAM slope stable in early plateau (drop=18%) \u2014 ok""}, ""changepoint_curvature_penalty"": {""pts"": 0, ""max"": 0, ""note"": ""d2_norm=5.19, linear_stretch=10%""}, ""slope_ratio_penalty"": {""pts"": -8, ""max"": 0, ""note"": ""plateau/elastic slope ratio=0.68 \u2014 nearly parallel (-8 pts)""}, ""_score_final"": {""pts"": 86, ""max"": 100, ""note"": ""no catastrophic applied""}}",50.82550889402594,0.0804696065924809,25,12,17.0,0.0,15.0,True,150,1800,Polysulfone,PolarClean,none,none,0.0
"2026-09-28
22:29:55",17-0add-13deg-cosolv-none-bathSolv-none-0wt-100s-N2-1800s | rep 1,sample 288,148.20916929671455,238.40715854581907,31.150275090773302,66.43697105476818,699.7307309936489,0.0470144272341187,0.0,0.3970250038611675,0.6713632369042764,,,True,89,"{""elastic_r2"": {""pts"": 29, ""max"": 30, ""note"": ""NRMSE-score=0.970 (RMSE=0.88, range=29.67)""}, ""plateau_r2_start"": {""pts"": 14, ""max"": 15, ""note"": ""R\u00b2(first 40%)=0.954""}, ""densification_r2"": {""pts"": 14, ""max"": 15, ""note"": ""R\u00b2=0.961""}, ""yield_accuracy"": {""pts"": 25, ""max"": 25, ""note"": ""elastic tail undershoots data by 0.2% of elastic range""}, ""junction_continuity"": {""pts"": 12, ""max"": 15, ""note"": ""gap=3.2%""}, ""plateau_r2_full_penalty"": {""pts"": 0, ""max"": 0, ""note"": ""R\u00b2(full)=0.961""}, ""elastic_modulus_penalty"": {""pts"": 0, ""max"": 0, ""note"": ""E=238.4 bar ok""}, ""bp1_accuracy_penalty"": {""pts"": -5, ""max"": 0, ""note"": ""plateau spans 32% of remaining stress \u2014 ok | GAM slope drops 62% in early plateau \u2014 bp1 suspect""}, ""changepoint_curvature_penalty"": {""pts"": 0, ""max"": 0, ""note"": ""d2_norm=3.38, linear_stretch=17%""}, ""slope_ratio_penalty"": {""pts"": 0, ""max"": 0, ""note"": ""plateau/elastic slope ratio=0.28 \u2014 good separation""}, ""_score_final"": {""pts"": 89, ""max"": 100, ""note"": ""no catastrophic applied""}}",51.47005194033095,0.0898934506803692,25,13,17.0,0.0,15.0,True,100,1800,Polysulfone,PolarClean,none,none,0.0
"2026-09-28
22:29:55",17-0add-13deg-cosolv-none-bathSolv-none-0wt-100s-N2-1800s | rep 3,sample 290,146.36663097408447,220.74006081111068,32.06454303045041,72.75971986829146,792.8968184088268,0.0439151574858478,0.0,0.3800450792800243,0.6339505541677317,0.7294183866012576,,True,90,"{""elastic_r2"": {""pts"": 29, ""max"": 30, ""note"": ""NRMSE-score=0.976 (RMSE=0.75, range=30.75)""}, ""plateau_r2_start"": {""pts"": 15, ""max"": 15, ""note"": ""R\u00b2(first 40%)=0.968""}, ""densification_r2"": {""pts"": 14, ""max"": 15, ""note"": ""R\u00b2=0.948""}, ""yield_accuracy"": {""pts"": 25, ""max"": 25, ""note"": ""elastic tail undershoots data by 0.4% of elastic range""}, ""junction_continuity"": {""pts"": 12, ""max"": 15, ""note"": ""gap=3.3%""}, ""plateau_r2_full_penalty"": {""pts"": 0, ""max"": 0, ""note"": ""R\u00b2(full)=0.953""}, ""elastic_modulus_penalty"": {""pts"": 0, ""max"": 0, ""note"": ""E=220.7 bar ok""}, ""bp1_accuracy_penalty"": {""pts"": -5, ""max"": 0, ""note"": ""plateau spans 32% of remaining stress \u2014 ok | GAM slope drops 54% in early plateau \u2014 bp1 suspect""}, ""changepoint_curvature_penalty"": {""pts"": 0, ""max"": 0, ""note"": ""d2_norm=3.59, linear_stretch=17%""}, ""slope_ratio_penalty"": {""pts"": 0, ""max"": 0, ""note"": ""plateau/elastic slope ratio=0.33 \u2014 good separation""}, ""_score_final"": {""pts"": 90, ""max"": 100, ""note"": ""no catastrophic applied""}}",51.67089169550865,0.0898934506803692,25,13,17.0,0.0,15.0,True,100,1800,Polysulfone,PolarClean,none,none,0.0
"2026-09-28
22:29:55",17-0add-13deg-cosolv-none-bathSolv-none-0wt-100s-N2-1800s | rep 4,sample 291,151.016760067158,292.5386770586184,32.9987872172196,98.9228503787926,628.4446407864715,0.051149643038704,0.0,0.2797237451404583,0.5263348392242593,0.7078090738929422,,True,96,"{""elastic_r2"": {""pts"": 29, ""max"": 30, ""note"": ""NRMSE-score=0.955 (RMSE=1.42, range=31.32)""}, ""plateau_r2_start"": {""pts"": 15, ""max"": 15, ""note"": ""R\u00b2(first 40%)=0.985""}, ""densification_r2"": {""pts"": 13, ""max"": 15, ""note"": ""R\u00b2=0.890""}, ""yield_accuracy"": {""pts"": 25, ""max"": 25, ""note"": ""elastic tail overshoots data by 2.3% of elastic range""}, ""junction_continuity"": {""pts"": 15, ""max"": 15, ""note"": ""gap=0.2%""}, ""plateau_r2_full_penalty"": {""pts"": 0, ""max"": 0, ""note"": ""R\u00b2(full)=0.952""}, ""elastic_modulus_penalty"": {""pts"": 0, ""max"": 0, ""note"": ""E=292.5 bar ok""}, ""bp1_accuracy_penalty"": {""pts"": 0, ""max"": 0, ""note"": ""plateau spans 46% of remaining stress \u2014 ok | GAM slope stable in early plateau (drop=33%) \u2014 ok""}, ""changepoint_curvature_penalty"": {""pts"": -1, ""max"": 0, ""note"": ""d2_norm=0.51, linear_stretch=17%""}, ""slope_ratio_penalty"": {""pts"": 0, ""max"": 0, ""note"": ""plateau/elastic slope ratio=0.34 \u2014 good separation""}, ""_score_final"": {""pts"": 96, ""max"": 100, ""note"": ""no catastrophic applied""}}",48.875004473168936,0.0898934506803692,25,13,17.0,0.0,15.0,True,100,1800,Polysulfone,PolarClean,none,none,0.0
"2026-09-28
22:29:55",17-0add-13deg-cosolv-none-bathSolv-none-0wt-100s-N2-1800s | rep 2,sample 289,154.69090447447869,288.72092631593694,32.24349721906732,94.3078929214209,584.9391983094388,0.0494431652612437,0.0,0.299876962430617,0.5903706122171005,0.7886875986609717,,True,93,"{""elastic_r2"": {""pts"": 29, ""max"": 30, ""note"": ""NRMSE-score=0.970 (RMSE=0.95, range=31.21)""}, ""plateau_r2_start"": {""pts"": 15, ""max"": 15, ""note"": ""R\u00b2(first 40%)=0.986""}, ""densification_r2"": {""pts"": 14, ""max"": 15, ""note"": ""R\u00b2=0.966""}, ""yield_accuracy"": {""pts"": 25, ""max"": 25, ""note"": ""elastic tail overshoots data by 0.6% of elastic range""}, ""junction_continuity"": {""pts"": 15, ""max"": 15, ""note"": ""gap=0.0%""}, ""plateau_r2_full_penalty"": {""pts"": 0, ""max"": 0, ""note"": ""R\u00b2(full)=0.985""}, ""elastic_modulus_penalty"": {""pts"": 0, ""max"": 0, ""note"": ""E=288.7 bar ok""}, ""bp1_accuracy_penalty"": {""pts"": -5, ""max"": 0, ""note"": ""plateau spans 48% of remaining stress \u2014 ok | GAM slope drops 47% in early plateau \u2014 bp1 suspect""}, ""changepoint_curvature_penalty"": {""pts"": 0, ""max"": 0, ""note"": ""d2_norm=5.63, linear_stretch=10%""}, ""slope_ratio_penalty"": {""pts"": 0, ""max"": 0, ""note"": ""plateau/elastic slope ratio=0.33 \u2014 good separation""}, ""_score_final"": {""pts"": 93, ""max"": 100, ""note"": ""no catastrophic applied""}}",49.54948992293296,0.0898934506803692,25,13,17.0,0.0,15.0,True,100,1800,Polysulfone,PolarClean,none,none,0.0
"2026-09-28
23:46:02",17-0add-13deg-cosolv-none-bathSolv-none-0wt-100s-N2-1800s_run2 | rep 4,sample 299,148.99606415882442,494.8511997517684,29.458071688245724,120.96461523324407,500.68492572351937,0.0683324121820416,0.0,0.2408882361484399,0.47472052825965,,,False,56,"{""elastic_r2"": {""pts"": 26, ""max"": 30, ""note"": ""NRMSE-score=0.868 (RMSE=3.36, range=25.46)""}, ""plateau_r2_start"": {""pts"": 14, ""max"": 15, ""note"": ""R\u00b2(first 40%)=0.966""}, ""densification_r2"": {""pts"": 14, ""max"": 15, ""note"": ""R\u00b2=0.931""}, ""yield_accuracy"": {""pts"": 25, ""max"": 25, ""note"": ""elastic tail undershoots data by 0.5% of elastic range""}, ""junction_continuity"": {""pts"": 12, ""max"": 15, ""note"": ""gap=3.0%""}, ""plateau_r2_full_penalty"": {""pts"": 0, ""max"": 0, ""note"": ""R\u00b2(full)=0.987""}, ""elastic_modulus_penalty"": {""pts"": 0, ""max"": 0, ""note"": ""E=494.9 bar ok""}, ""bp1_accuracy_penalty"": {""pts"": -35, ""max"": 0, ""note"": ""plateau spans 59% of remaining stress \u2014 elastic peak likely wrong | GAM slope drops 57% in early plateau \u2014 bp1 suspect""}, ""changepoint_curvature_penalty"": {""pts"": 0, ""max"": 0, ""note"": ""d2_norm=7.00, linear_stretch=17%""}, ""slope_ratio_penalty"": {""pts"": 0, ""max"": 0, ""note"": ""plateau/elastic slope ratio=0.24 \u2014 good separation""}, ""_score_final"": {""pts"": 56, ""max"": 100, ""note"": ""no catastrophic applied""}}",49.90105144396341,0.0887276418187985,25,13,17.0,0.0,15.0,True,100,1800,Polysulfone,PolarClean,none,none,0.0
"2026-09-28
23:46:02",17-0add-13deg-cosolv-none-bathSolv-none-0wt-100s-N2-1800s_run2 | rep 3,sample 298,143.24923896254012,352.5373744805959,32.101991820967385,97.64166454312672,691.5163218940517,0.0582683874067344,0.0,0.3289938494589209,0.5940437417338724,0.7011912206471411,,True,85,"{""elastic_r2"": {""pts"": 28, ""max"": 30, ""note"": ""NRMSE-score=0.919 (RMSE=2.48, range=30.69)""}, ""plateau_r2_start"": {""pts"": 12, ""max"": 15, ""note"": ""R\u00b2(first 40%)=0.831""}, ""densification_r2"": {""pts"": 14, ""max"": 15, ""note"": ""R\u00b2=0.964""}, ""yield_accuracy"": {""pts"": 25, ""max"": 25, ""note"": ""elastic tail overshoots data by 2.1% of elastic range""}, ""junction_continuity"": {""pts"": 11, ""max"": 15, ""note"": ""gap=3.8%""}, ""plateau_r2_full_penalty"": {""pts"": 0, ""max"": 0, ""note"": ""R\u00b2(full)=0.843""}, ""elastic_modulus_penalty"": {""pts"": 0, ""max"": 0, ""note"": ""E=352.5 bar ok""}, ""bp1_accuracy_penalty"": {""pts"": -5, ""max"": 0, ""note"": ""plateau spans 45% of remaining stress \u2014 ok | GAM slope drops 48% in early plateau \u2014 bp1 suspect""}, ""changepoint_curvature_penalty"": {""pts"": 0, ""max"": 0, ""note"": ""d2_norm=3.41, linear_stretch=17%""}, ""slope_ratio_penalty"": {""pts"": 0, ""max"": 0, ""note"": ""plateau/elastic slope ratio=0.28 \u2014 good separation""}, ""_score_final"": {""pts"": 85, ""max"": 100, ""note"": ""no catastrophic applied""}}",52.18770016345728,0.0887276418187985,25,13,17.0,0.0,15.0,True,100,1800,Polysulfone,PolarClean,none,none,0.0
"2026-09-28
23:46:02",17-0add-13deg-cosolv-none-bathSolv-none-0wt-100s-N2-1800s_run2 | rep 1,sample 296,145.62962136629463,311.99371918640475,30.5703169519212,75.56880829315658,809.6827735517725,0.0562254109015782,0.0,0.3416280263676273,0.6205719964573428,0.7217802290832736,,True,96,"{""elastic_r2"": {""pts"": 28, ""max"": 30, ""note"": ""NRMSE-score=0.948 (RMSE=1.50, range=28.95)""}, ""plateau_r2_start"": {""pts"": 14, ""max"": 15, ""note"": ""R\u00b2(first 40%)=0.947""}, ""densification_r2"": {""pts"": 14, ""max"": 15, ""note"": ""R\u00b2=0.924""}, ""yield_accuracy"": {""pts"": 25, ""max"": 25, ""note"": ""elastic tail overshoots data by 2.5% of elastic range""}, ""junction_continuity"": {""pts"": 15, ""max"": 15, ""note"": ""gap=0.2%""}, ""plateau_r2_full_penalty"": {""pts"": 0, ""max"": 0, ""note"": ""R\u00b2(full)=0.958""}, ""elastic_modulus_penalty"": {""pts"": 0, ""max"": 0, ""note"": ""E=312.0 bar ok""}, ""bp1_accuracy_penalty"": {""pts"": 0, ""max"": 0, ""note"": ""plateau spans 37% of remaining stress \u2014 ok | GAM slope stable in early plateau (drop=35%) \u2014 ok""}, ""changepoint_curvature_penalty"": {""pts"": 0, ""max"": 0, ""note"": ""d2_norm=3.42, linear_stretch=20%""}, ""slope_ratio_penalty"": {""pts"": 0, ""max"": 0, ""note"": ""plateau/elastic slope ratio=0.24 \u2014 good separation""}, ""_score_final"": {""pts"": 96, ""max"": 100, ""note"": ""no catastrophic applied""}}",51.87389130413092,0.0887276418187985,25,13,17.0,0.0,15.0,True,100,1800,Polysulfone,PolarClean,none,none,0.0
"2026-09-28
23:46:02",17-0add-13deg-cosolv-none-bathSolv-none-0wt-100s-N2-1800s_run2 | rep 2,sample 297,150.6592651481492,398.5291614165619,31.42857895536777,100.70663174589232,447.8521974338867,0.0702730134861523,0.0,0.2253806986743166,0.4636045770222315,,,True,87,"{""elastic_r2"": {""pts"": 24, ""max"": 30, ""note"": ""NRMSE-score=0.814 (RMSE=5.46, range=29.39)""}, ""plateau_r2_start"": {""pts"": 14, ""max"": 15, ""note"": ""R\u00b2(first 40%)=0.964""}, ""densification_r2"": {""pts"": 14, ""max"": 15, ""note"": ""R\u00b2=0.913""}, ""yield_accuracy"": {""pts"": 25, ""max"": 25, ""note"": ""elastic tail undershoots data by 4.0% of elastic range""}, ""junction_continuity"": {""pts"": 15, ""max"": 15, ""note"": ""gap=0.5%""}, ""plateau_r2_full_penalty"": {""pts"": 0, ""max"": 0, ""note"": ""R\u00b2(full)=0.942""}, ""elastic_modulus_penalty"": {""pts"": 0, ""max"": 0, ""note"": ""E=398.5 bar ok""}, ""bp1_accuracy_penalty"": {""pts"": -5, ""max"": 0, ""note"": ""plateau spans 50% of remaining stress \u2014 ok | GAM slope drops 53% in early plateau \u2014 bp1 suspect""}, ""changepoint_curvature_penalty"": {""pts"": 0, ""max"": 0, ""note"": ""d2_norm=4.10, linear_stretch=13%""}, ""slope_ratio_penalty"": {""pts"": 0, ""max"": 0, ""note"": ""plateau/elastic slope ratio=0.25 \u2014 good separation""}, ""_score_final"": {""pts"": 87, ""max"": 100, ""note"": ""no catastrophic applied""}}",49.98998832272279,0.0887276418187985,25,13,17.0,0.0,15.0,True,100,1800,Polysulfone,PolarClean,none,none,0.0
"2026-09-29
01:04:53",17-0add-13deg-cosolv-none-bathSolv-none-0wt-100s-N2-1800s_run3 | rep 4,sample 307,125.2479089522575,274.93286403166337,31.028736392645648,142.0362855449256,600.092672739383,0.1047199365973082,0.0,0.2475944362147731,0.4022885213867641,,,True,86,"{""elastic_r2"": {""pts"": 28, ""max"": 30, ""note"": ""NRMSE-score=0.929 (RMSE=2.20, range=31.20)""}, ""plateau_r2_start"": {""pts"": 14, ""max"": 15, ""note"": ""R\u00b2(first 40%)=0.963""}, ""densification_r2"": {""pts"": 14, ""max"": 15, ""note"": ""R\u00b2=0.942""}, ""yield_accuracy"": {""pts"": 25, ""max"": 25, ""note"": ""elastic tail overshoots data by 1.5% of elastic range""}, ""junction_continuity"": {""pts"": 14, ""max"": 15, ""note"": ""gap=1.4%""}, ""plateau_r2_full_penalty"": {""pts"": 0, ""max"": 0, ""note"": ""R\u00b2(full)=0.959""}, ""elastic_modulus_penalty"": {""pts"": 0, ""max"": 0, ""note"": ""E=274.9 bar ok""}, ""bp1_accuracy_penalty"": {""pts"": -5, ""max"": 0, ""note"": ""plateau spans 40% of remaining stress \u2014 ok | GAM slope drops 41% in early plateau \u2014 bp1 suspect""}, ""changepoint_curvature_penalty"": {""pts"": -4, ""max"": 0, ""note"": ""d2_norm=0.00, linear_stretch=37%""}, ""slope_ratio_penalty"": {""pts"": 0, ""max"": 0, ""note"": ""plateau/elastic slope ratio=0.52 \u2014 good separation""}, ""_score_final"": {""pts"": 86, ""max"": 100, ""note"": ""no catastrophic applied""}}",52.638943532057326,0.1014696459822507,25,13,17.0,0.0,15.0,True,100,1800,Polysulfone,PolarClean,none,none,0.0
"2026-09-29
01:04:53",17-0add-13deg-cosolv-none-bathSolv-none-0wt-100s-N2-1800s_run3 | rep 3,sample 306,121.1760086163137,263.7036255427103,29.44459459351652,130.83092535204025,551.1170089228856,0.0732129981999265,0.03477639910207,0.2854727298642998,0.4404829365950595,0.6219871452506669,,True,93,"{""elastic_r2"": {""pts"": 29, ""max"": 30, ""note"": ""NRMSE-score=0.955 (RMSE=1.24, range=27.38)""}, ""plateau_r2_start"": {""pts"": 15, ""max"": 15, ""note"": ""R\u00b2(first 40%)=0.971""}, ""densification_r2"": {""pts"": 12, ""max"": 15, ""note"": ""R\u00b2=0.812""}, ""yield_accuracy"": {""pts"": 25, ""max"": 25, ""note"": ""elastic tail undershoots data by 0.0% of elastic range""}, ""junction_continuity"": {""pts"": 12, ""max"": 15, ""note"": ""gap=2.9%""}, ""plateau_r2_full_penalty"": {""pts"": 0, ""max"": 0, ""note"": ""R\u00b2(full)=0.893""}, ""elastic_modulus_penalty"": {""pts"": 0, ""max"": 0, ""note"": ""E=263.7 bar ok""}, ""bp1_accuracy_penalty"": {""pts"": 0, ""max"": 0, ""note"": ""plateau spans 42% of remaining stress \u2014 ok | GAM slope stable in early plateau (drop=32%) \u2014 ok""}, ""changepoint_curvature_penalty"": {""pts"": 0, ""max"": 0, ""note"": ""d2_norm=0.85, linear_stretch=33%""}, ""slope_ratio_penalty"": {""pts"": 0, ""max"": 0, ""note"": ""plateau/elastic slope ratio=0.50 \u2014 good separation""}, ""_score_final"": {""pts"": 93, ""max"": 100, ""note"": ""no catastrophic applied""}}",51.86837918203508,0.1014696459822507,25,13,17.0,0.0,15.0,True,100,1800,Polysulfone,PolarClean,none,none,0.0
"2026-09-29
01:04:53",17-0add-13deg-cosolv-none-bathSolv-none-0wt-100s-N2-1800s_run3 | rep 1,sample 304,116.42862746144311,376.3758991529208,28.10777827592228,135.11596170745577,299.69491975139624,0.1282426556482773,0.0,0.2071677892745078,0.3781722615652858,,,True,88,"{""elastic_r2"": {""pts"": 25, ""max"": 30, ""note"": ""NRMSE-score=0.823 (RMSE=5.08, range=28.66)""}, ""plateau_r2_start"": {""pts"": 14, ""max"": 15, ""note"": ""R\u00b2(first 40%)=0.911""}, ""densification_r2"": {""pts"": 15, ""max"": 15, ""note"": ""R\u00b2=0.973""}, ""yield_accuracy"": {""pts"": 25, ""max"": 25, ""note"": ""elastic tail undershoots data by 4.8% of elastic range""}, ""junction_continuity"": {""pts"": 14, ""max"": 15, ""note"": ""gap=1.1%""}, ""plateau_r2_full_penalty"": {""pts"": 0, ""max"": 0, ""note"": ""R\u00b2(full)=0.986""}, ""elastic_modulus_penalty"": {""pts"": 0, ""max"": 0, ""note"": ""E=376.4 bar ok""}, ""bp1_accuracy_penalty"": {""pts"": -5, ""max"": 0, ""note"": ""plateau spans 31% of remaining stress \u2014 ok | GAM slope drops 55% in early plateau \u2014 bp1 suspect""}, ""changepoint_curvature_penalty"": {""pts"": 0, ""max"": 0, ""note"": ""d2_norm=2.19, linear_stretch=20%""}, ""slope_ratio_penalty"": {""pts"": 0, ""max"": 0, ""note"": ""plateau/elastic slope ratio=0.36 \u2014 good separation""}, ""_score_final"": {""pts"": 88, ""max"": 100, ""note"": ""no catastrophic applied""}}",51.96836677806202,0.1014696459822507,25,13,17.0,0.0,15.0,True,100,1800,Polysulfone,PolarClean,none,none,0.0
"2026-09-29
01:04:53",17-0add-13deg-cosolv-none-bathSolv-none-0wt-100s-N2-1800s_run3 | rep 2,sample 305,125.0995323750379,318.4025439491019,26.356383307654525,117.96492326121415,533.9653907657876,0.139710563998616,0.0,0.287100718924391,0.4517990666782506,,,True,92,"{""elastic_r2"": {""pts"": 28, ""max"": 30, ""note"": ""NRMSE-score=0.930 (RMSE=1.68, range=23.96)""}, ""plateau_r2_start"": {""pts"": 14, ""max"": 15, ""note"": ""R\u00b2(first 40%)=0.956""}, ""densification_r2"": {""pts"": 15, ""max"": 15, ""note"": ""R\u00b2=0.977""}, ""yield_accuracy"": {""pts"": 25, ""max"": 25, ""note"": ""elastic tail overshoots data by 1.3% of elastic range""}, ""junction_continuity"": {""pts"": 15, ""max"": 15, ""note"": ""gap=0.0%""}, ""plateau_r2_full_penalty"": {""pts"": 0, ""max"": 0, ""note"": ""R\u00b2(full)=0.969""}, ""elastic_modulus_penalty"": {""pts"": 0, ""max"": 0, ""note"": ""E=318.4 bar ok""}, ""bp1_accuracy_penalty"": {""pts"": -5, ""max"": 0, ""note"": ""plateau spans 36% of remaining stress \u2014 ok | GAM slope drops 40% in early plateau \u2014 bp1 suspect""}, ""changepoint_curvature_penalty"": {""pts"": 0, ""max"": 0, ""note"": ""d2_norm=1.95, linear_stretch=13%""}, ""slope_ratio_penalty"": {""pts"": 0, ""max"": 0, ""note"": ""plateau/elastic slope ratio=0.37 \u2014 good separation""}, ""_score_final"": {""pts"": 92, ""max"": 100, ""note"": ""no catastrophic applied""}}",52.2462842925296,0.1014696459822507,25,13,17.0,0.0,15.0,True,100,1800,Polysulfone,PolarClean,none,none,0.0
"2026-09-29
02:24:38",17-0add-13deg-cosolv-none-bathSolv-none-0wt-100s-N2-1800s_run4 | rep 3,sample 314,145.8468828104936,257.8096644933323,33.330237602731344,151.57178034198836,581.5463129177374,0.0986967634938,0.0,0.2439635224226688,0.3982239602338616,0.5259908251244587,,True,98,"{""elastic_r2"": {""pts"": 29, ""max"": 30, ""note"": ""NRMSE-score=0.972 (RMSE=0.91, range=32.05)""}, ""plateau_r2_start"": {""pts"": 15, ""max"": 15, ""note"": ""R\u00b2(first 40%)=0.973""}, ""densification_r2"": {""pts"": 15, ""max"": 15, ""note"": ""R\u00b2=0.979""}, ""yield_accuracy"": {""pts"": 25, ""max"": 25, ""note"": ""elastic tail undershoots data by 0.3% of elastic range""}, ""junction_continuity"": {""pts"": 15, ""max"": 15, ""note"": ""gap=0.3%""}, ""plateau_r2_full_penalty"": {""pts"": 0, ""max"": 0, ""note"": ""R\u00b2(full)=0.981""}, ""elastic_modulus_penalty"": {""pts"": 0, ""max"": 0, ""note"": ""E=257.8 bar ok""}, ""bp1_accuracy_penalty"": {""pts"": 0, ""max"": 0, ""note"": ""plateau spans 37% of remaining stress \u2014 ok | GAM slope stable in early plateau (drop=26%) \u2014 ok""}, ""changepoint_curvature_penalty"": {""pts"": -1, ""max"": 0, ""note"": ""d2_norm=0.62, linear_stretch=23%""}, ""slope_ratio_penalty"": {""pts"": 0, ""max"": 0, ""note"": ""plateau/elastic slope ratio=0.59 \u2014 good separation""}, ""_score_final"": {""pts"": 98, ""max"": 100, ""note"": ""no catastrophic applied""}}",51.65059419854592,0.0553957848296643,25,13,17.0,0.0,15.0,True,100,1800,Polysulfone,PolarClean,none,none,0.0
"2026-09-29
02:24:38",17-0add-13deg-cosolv-none-bathSolv-none-0wt-100s-N2-1800s_run4 | rep 1,sample 312,144.65772222242052,260.73622508819426,31.93053159748772,141.66202087226912,465.6692386634092,0.145439288045593,0.0,0.2520420142837415,0.4112053348819577,,,True,97,"{""elastic_r2"": {""pts"": 29, ""max"": 30, ""note"": ""NRMSE-score=0.968 (RMSE=0.98, range=30.86)""}, ""plateau_r2_start"": {""pts"": 15, ""max"": 15, ""note"": ""R\u00b2(first 40%)=0.975""}, ""densification_r2"": {""pts"": 15, ""max"": 15, ""note"": ""R\u00b2=0.982""}, ""yield_accuracy"": {""pts"": 25, ""max"": 25, ""note"": ""elastic tail undershoots data by 0.3% of elastic range""}, ""junction_continuity"": {""pts"": 15, ""max"": 15, ""note"": ""gap=0.2%""}, ""plateau_r2_full_penalty"": {""pts"": 0, ""max"": 0, ""note"": ""R\u00b2(full)=0.984""}, ""elastic_modulus_penalty"": {""pts"": 0, ""max"": 0, ""note"": ""E=260.7 bar ok""}, ""bp1_accuracy_penalty"": {""pts"": 0, ""max"": 0, ""note"": ""plateau spans 36% of remaining stress \u2014 ok | GAM slope stable in early plateau (drop=27%) \u2014 ok""}, ""changepoint_curvature_penalty"": {""pts"": -2, ""max"": 0, ""note"": ""d2_norm=0.17, linear_stretch=23%""}, ""slope_ratio_penalty"": {""pts"": 0, ""max"": 0, ""note"": ""plateau/elastic slope ratio=0.54 \u2014 good separation""}, ""_score_final"": {""pts"": 97, ""max"": 100, ""note"": ""no catastrophic applied""}}",51.13186626321846,0.0553957848296643,25,13,17.0,0.0,15.0,True,100,1800,Polysulfone,PolarClean,none,none,0.0
"2026-09-29
02:24:38",17-0add-13deg-cosolv-none-bathSolv-none-0wt-100s-N2-1800s_run4 | rep 2,sample 313,146.77910609489155,356.4927739601873,22.989574519230334,153.9228429074629,494.170940858685,0.1161206570508396,0.0,0.2278236104243632,0.3987714903606555,,,True,85,"{""elastic_r2"": {""pts"": 29, ""max"": 30, ""note"": ""NRMSE-score=0.958 (RMSE=0.96, range=22.95)""}, ""plateau_r2_start"": {""pts"": 15, ""max"": 15, ""note"": ""R\u00b2(first 40%)=0.968""}, ""densification_r2"": {""pts"": 15, ""max"": 15, ""note"": ""R\u00b2=0.987""}, ""yield_accuracy"": {""pts"": 25, ""max"": 25, ""note"": ""elastic tail overshoots data by 1.0% of elastic range""}, ""junction_continuity"": {""pts"": 6, ""max"": 15, ""note"": ""gap=8.5%""}, ""plateau_r2_full_penalty"": {""pts"": 0, ""max"": 0, ""note"": ""R\u00b2(full)=0.990""}, ""elastic_modulus_penalty"": {""pts"": 0, ""max"": 0, ""note"": ""E=356.5 bar ok""}, ""bp1_accuracy_penalty"": {""pts"": -5, ""max"": 0, ""note"": ""plateau spans 45% of remaining stress \u2014 ok | GAM slope drops 54% in early plateau \u2014 bp1 suspect""}, ""changepoint_curvature_penalty"": {""pts"": 0, ""max"": 0, ""note"": ""d2_norm=1.92, linear_stretch=13%""}, ""slope_ratio_penalty"": {""pts"": 0, ""max"": 0, ""note"": ""plateau/elastic slope ratio=0.43 \u2014 good separation""}, ""_score_final"": {""pts"": 85, ""max"": 100, ""note"": ""no catastrophic applied""}}",50.16841650769079,0.0553957848296643,25,13,17.0,0.0,15.0,True,100,1800,Polysulfone,PolarClean,none,none,0.0
"2026-09-29
02:24:38",17-0add-13deg-cosolv-none-bathSolv-none-0wt-100s-N2-1800s_run4 | rep 4,sample 315,147.96556643313508,381.6509383852703,24.74154065100073,154.81414154887867,773.8569334275977,0.0793847169807598,0.0,0.2250628709294267,0.3796854497305416,0.4847997494669269,,True,94,"{""elastic_r2"": {""pts"": 28, ""max"": 30, ""note"": ""NRMSE-score=0.946 (RMSE=1.22, range=22.57)""}, ""plateau_r2_start"": {""pts"": 15, ""max"": 15, ""note"": ""R\u00b2(first 40%)=0.975""}, ""densification_r2"": {""pts"": 14, ""max"": 15, ""note"": ""R\u00b2=0.958""}, ""yield_accuracy"": {""pts"": 25, ""max"": 25, ""note"": ""elastic tail undershoots data by 0.0% of elastic range""}, ""junction_continuity"": {""pts"": 12, ""max"": 15, ""note"": ""gap=2.8%""}, ""plateau_r2_full_penalty"": {""pts"": 0, ""max"": 0, ""note"": ""R\u00b2(full)=0.982""}, ""elastic_modulus_penalty"": {""pts"": 0, ""max"": 0, ""note"": ""E=381.7 bar ok""}, ""bp1_accuracy_penalty"": {""pts"": 0, ""max"": 0, ""note"": ""plateau spans 43% of remaining stress \u2014 ok | GAM slope stable in early plateau (drop=38%) \u2014 ok""}, ""changepoint_curvature_penalty"": {""pts"": 0, ""max"": 0, ""note"": ""d2_norm=3.06, linear_stretch=17%""}, ""slope_ratio_penalty"": {""pts"": 0, ""max"": 0, ""note"": ""plateau/elastic slope ratio=0.41 \u2014 good separation""}, ""_score_final"": {""pts"": 94, ""max"": 100, ""note"": ""no catastrophic applied""}}",51.0462889963046,0.0553957848296643,25,13,17.0,0.0,15.0,True,100,1800,Polysulfone,PolarClean,none,none,0.0
"2026-09-29
04:42:33",16p5-0add-19deg-cosolv-none-bathSolv-none-0wt-175s-N2-1450s_run4 | rep 2,sample 321,136.03029770765963,333.8630018450119,39.12884948594094,102.13169760804651,565.4276959495616,0.060261691305338094,0.0,0.209525794690256,0.5081324155040974,0.8233717797739899,,False,68,"{""elastic_r2"": {""pts"": 29, ""max"": 30, ""note"": ""NRMSE-score=0.955 (RMSE=1.71, range=37.97)""}, ""plateau_r2_start"": {""pts"": 15, ""max"": 15, ""note"": ""R\u00b2(first 40%)=0.969""}, ""densification_r2"": {""pts"": 14, ""max"": 15, ""note"": ""R\u00b2=0.926""}, ""yield_accuracy"": {""pts"": 25, ""max"": 25, ""note"": ""elastic tail overshoots data by 0.8% of elastic range""}, ""junction_continuity"": {""pts"": 15, ""max"": 15, ""note"": ""gap=0.1%""}, ""plateau_r2_full_penalty"": {""pts"": 0, ""max"": 0, ""note"": ""R\u00b2(full)=0.975""}, ""elastic_modulus_penalty"": {""pts"": 0, ""max"": 0, ""note"": ""E=333.9 bar ok""}, ""bp1_accuracy_penalty"": {""pts"": -30, ""max"": 0, ""note"": ""plateau spans 62% of remaining stress \u2014 elastic peak likely wrong | GAM slope stable in early plateau (drop=39%) \u2014 ok""}, ""changepoint_curvature_penalty"": {""pts"": 0, ""max"": 0, ""note"": ""d2_norm=10.37, linear_stretch=20%""}, ""slope_ratio_penalty"": {""pts"": 0, ""max"": 0, ""note"": ""plateau/elastic slope ratio=0.31 \u2014 good separation""}, ""_score_final"": {""pts"": 68, ""max"": 100, ""note"": ""no catastrophic applied""}}",46.83693624405261,0.09547745724056295,58,19,16.5,0.0,12.0,True,175,1450,Polysulfone,PolarClean,none,none,0.0
"2026-09-29
04:42:33",16p5-0add-19deg-cosolv-none-bathSolv-none-0wt-175s-N2-1450s_run4 | rep 3,sample 322,130.7420903866836,292.9815452389337,40.1439594019791,99.9172948876147,569.8507694631834,0.05527227241228794,0.0,0.23391874853017303,0.5571805287806333,0.7924403324159973,,False,62,"{""elastic_r2"": {""pts"": 29, ""max"": 30, ""note"": ""NRMSE-score=0.965 (RMSE=1.31, range=37.48)""}, ""plateau_r2_start"": {""pts"": 14, ""max"": 15, ""note"": ""R\u00b2(first 40%)=0.963""}, ""densification_r2"": {""pts"": 14, ""max"": 15, ""note"": ""R\u00b2=0.948""}, ""yield_accuracy"": {""pts"": 25, ""max"": 25, ""note"": ""elastic tail undershoots data by 0.2% of elastic range""}, ""junction_continuity"": {""pts"": 15, ""max"": 15, ""note"": ""gap=0.4%""}, ""plateau_r2_full_penalty"": {""pts"": 0, ""max"": 0, ""note"": ""R\u00b2(full)=0.973""}, ""elastic_modulus_penalty"": {""pts"": 0, ""max"": 0, ""note"": ""E=293.0 bar ok""}, ""bp1_accuracy_penalty"": {""pts"": -35, ""max"": 0, ""note"": ""plateau spans 56% of remaining stress \u2014 elastic peak likely wrong | GAM slope drops 40% in early plateau \u2014 bp1 suspect""}, ""changepoint_curvature_penalty"": {""pts"": 0, ""max"": 0, ""note"": ""d2_norm=8.37, linear_stretch=17%""}, ""slope_ratio_penalty"": {""pts"": 0, ""max"": 0, ""note"": ""plateau/elastic slope ratio=0.34 \u2014 good separation""}, ""_score_final"": {""pts"": 62, ""max"": 100, ""note"": ""no catastrophic applied""}}",48.5881902607669,0.09547745724056295,58,19,16.5,0.0,12.0,True,175,1450,Polysulfone,PolarClean,none,none,0.0
"2026-09-29
04:42:33",16p5-0add-19deg-cosolv-none-bathSolv-none-0wt-175s-N2-1450s_run4 | rep 1,sample 320,130.88466984026806,260.9373475125421,37.48512613533437,78.44543524272319,704.180222765839,0.04834824017170114,0.017695553869887526,0.30333294426445456,0.691628624464418,,,True,91,"{""elastic_r2"": {""pts"": 29, ""max"": 30, ""note"": ""NRMSE-score=0.966 (RMSE=1.23, range=36.62)""}, ""plateau_r2_start"": {""pts"": 14, ""max"": 15, ""note"": ""R\u00b2(first 40%)=0.951""}, ""densification_r2"": {""pts"": 14, ""max"": 15, ""note"": ""R\u00b2=0.950""}, ""yield_accuracy"": {""pts"": 25, ""max"": 25, ""note"": ""elastic tail undershoots data by 0.5% of elastic range""}, ""junction_continuity"": {""pts"": 14, ""max"": 15, ""note"": ""gap=1.4%""}, ""plateau_r2_full_penalty"": {""pts"": 0, ""max"": 0, ""note"": ""R\u00b2(full)=0.910""}, ""elastic_modulus_penalty"": {""pts"": 0, ""max"": 0, ""note"": ""E=260.9 bar ok""}, ""bp1_accuracy_penalty"": {""pts"": -5, ""max"": 0, ""note"": ""plateau spans 42% of remaining stress \u2014 ok | GAM slope drops 44% in early plateau \u2014 bp1 suspect""}, ""changepoint_curvature_penalty"": {""pts"": 0, ""max"": 0, ""note"": ""d2_norm=4.40, linear_stretch=23%""}, ""slope_ratio_penalty"": {""pts"": 0, ""max"": 0, ""note"": ""plateau/elastic slope ratio=0.30 \u2014 good separation""}, ""_score_final"": {""pts"": 91, ""max"": 100, ""note"": ""no catastrophic applied""}}",50.377459379473095,0.09547745724056295,58,19,16.5,0.0,12.0,True,175,1450,Polysulfone,PolarClean,none,none,0.0
"2026-09-29
04:42:33",16p5-0add-19deg-cosolv-none-bathSolv-none-0wt-175s-N2-1450s_run4 | rep 4,sample 323,133.93093205438763,353.19190335259367,36.635101895097876,129.38540859784453,317.97002317471413,0.06696112846240587,0.0,0.2029018683402929,0.44211084363210174,,,False,67,"{""elastic_r2"": {""pts"": 29, ""max"": 30, ""note"": ""NRMSE-score=0.960 (RMSE=1.36, range=34.45)""}, ""plateau_r2_start"": {""pts"": 15, ""max"": 15, ""note"": ""R\u00b2(first 40%)=0.973""}, ""densification_r2"": {""pts"": 13, ""max"": 15, ""note"": ""R\u00b2=0.872""}, ""yield_accuracy"": {""pts"": 25, ""max"": 25, ""note"": ""elastic tail overshoots data by 0.3% of elastic range""}, ""junction_continuity"": {""pts"": 15, ""max"": 15, ""note"": ""gap=0.4%""}, ""plateau_r2_full_penalty"": {""pts"": 0, ""max"": 0, ""note"": ""R\u00b2(full)=0.993""}, ""elastic_modulus_penalty"": {""pts"": 0, ""max"": 0, ""note"": ""E=353.2 bar ok""}, ""bp1_accuracy_penalty"": {""pts"": -30, ""max"": 0, ""note"": ""plateau spans 77% of remaining stress \u2014 elastic peak likely wrong | GAM slope stable in early plateau (drop=26%) \u2014 ok""}, ""changepoint_curvature_penalty"": {""pts"": 0, ""max"": 0, ""note"": ""d2_norm=17.33, linear_stretch=23%""}, ""slope_ratio_penalty"": {""pts"": 0, ""max"": 0, ""note"": ""plateau/elastic slope ratio=0.37 \u2014 good separation""}, ""_score_final"": {""pts"": 67, ""max"": 100, ""note"": ""no catastrophic applied""}}",46.34375131274371,0.09547745724056295,58,19,16.5,0.0,12.0,True,175,1450,Polysulfone,PolarClean,none,none,0.0
