Time (sec),S:Load (lbs),S:HL1 (DIM),S:LVDT (in),S:Position (in),Ch:Position (mm),Ch:Load (N),Ch:Stress (MPa),Ch:Strain (mm/mm),Ch:HL1 (DIM),Set Point (),Cycles ()
0.1,0.012750271915071628,-779.9524607973896,-0.033000527003387674,-0.033000527003387674,-0.8382133858860469,0.05671601453805992,0.002888516146578045,0.0,-779.9524607973896,-8.00443464643185,0.0
0.2,-0.035255570193071434,-779.9295753199684,-0.03299686164879364,-0.03299686164879364,-0.8381202858793584,-0.1568245324442242,-0.007986989174648546,0.0,-779.9295753199684,-7.0938396586714525,0.0
0.3,-0.02785812370286722,-780.0238504817943,-0.03298110828191021,-0.03298110828191021,-0.8377201503605194,-0.12391906301756803,-0.006311131297049555,0.0,-780.0238504817943,-6.196552556808981,0.0
0.4,-0.1646591703629669,-779.9746667990153,-0.03299795603636592,-0.03299795603636592,-0.8381480833236943,-0.7324402147919566,-0.03730278659495577,0.0,-779.9746667990153,-5.301160035307655,0.0
0.5,0.12137713845454375,-780.0224078141067,-0.03301413264952313,-0.03301413264952313,-0.8385589692978875,0.5399122148162706,0.02749743900261118,0.0,-780.0224078141067,-4.409231037394784,0.0
0.6,0.07716564414780937,-780.0738452468338,-0.032998692535034076,-0.032998692535034076,-0.8381667903898655,0.3432497616111686,0.017481525928758266,0.0,-780.0738452468338,-3.504566397246366,0.0
0.7,-0.021947397174678255,-780.0242938430517,-0.03300595725843345,-0.03300595725843345,-0.8383513143642096,-0.09762685106034731,-0.00497208306902711,0.0,-780.0242938430517,-2.599436454186125,0.0
0.8,0.05218761122837864,-780.0811293872905,-0.03299600614521106,-0.03299600614521106,-0.8380985560883609,0.23214197601829842,0.011822866107374505,0.0,-780.0811293872905,-1.6974071431545301,0.0
0.9,0.01896560892655821,-780.0304621146644,-0.03300685527777487,-0.03300685527777487,-0.8383741240554816,0.08436320093929477,0.00429657249499846,0.0,-780.0304621146644,-0.8028352773627434,0.0
1.0,-0.03735131151948773,-779.9914867462495,-0.03300708406784954,-0.03300708406784954,-0.8383799353233782,-0.1661468509272157,-0.00846176984605122,0.0,-779.9914867462495,0.10201451098004628,0.0
1.1,0.065929795589654,-779.9657687621763,-0.03300511263770318,-0.03300511263770318,-0.8383298609976607,0.2932702353378107,0.014936095509947069,0.0,-779.9657687621763,-0.0033857971949212353,0.0
1.2,0.21242099530582534,-779.9373332186019,-0.03298584132981409,-0.03298584132981409,-0.8378403697772778,0.9448953197392784,0.04812301093655606,0.0,-779.9373332186019,0.0028646820381524776,0.0
1.3,0.4445547648849786,-780.018803007047,-0.03297737921607342,-0.03297737921607342,-0.8376254320882648,1.9774773962566594,0.10071186128121513,0.0,-780.018803007047,0.012861525670403946,0.0
1.4,0.6466727870032065,-779.9903860019263,-0.03294537982623837,-0.03294537982623837,-0.8368126475864547,2.8765428246034035,0.14650078047381732,0.0,-779.9903860019263,0.014001500630953343,0.0
1.5,0.9641466825652404,-779.9811362311103,-0.032918402923249955,-0.032918402923249955,-0.8361274342505488,4.288736556320353,0.21842304845023444,0.0,-779.9811362311103,0.021254716598638704,0.0
1.6,1.1601386629190786,-779.9744372802346,-0.032885823627841294,-0.032885823627841294,-0.8352999201471688,5.160552003169904,0.2628241407267585,0.0,-779.9744372802346,0.030143074666002342,0.0
1.7,1.4369703649126055,-780.1448136670433,-0.032880325998638195,-0.032880325998638195,-0.8351602803654101,6.39196031661155,0.3255391044874739,0.0,-780.1448136670433,0.03660953391819539,0.0
1.8,1.592610139830759,-780.0412024700655,-0.032860677345081475,-0.032860677345081475,-0.8346612045650694,7.084280276197979,0.3607985880416592,0.0,-780.0412024700655,0.03314202637059401,0.0
1.9,1.8754797703417894,-779.96251467528,-0.03283072724047376,-0.03283072724047376,-0.8339004719080335,8.342546624029755,0.42488141706288535,0.0,-779.96251467528,0.040021598055526325,0.0
2.0,2.0401145493263106,-780.0583477102235,-0.03281069730251446,-0.03281069730251446,-0.8333917114838671,9.07487834060428,0.46217867790192413,0.0,-780.0583477102235,0.03981296384569283,0.0
2.1,2.3904083721311635,-779.9900263787101,-0.03277966177796816,-0.03277966177796816,-0.8326034091603911,10.633062329081284,0.5415361512137145,0.0,-779.9900263787101,0.04509991443442461,0.0
2.2,2.5797050611708667,-779.9607439073299,-0.03276937161833225,-0.03276937161833225,-0.8323420391056392,11.475095647201472,0.5844204556761635,0.0,-779.9607439073299,0.058349618732162586,0.0
2.3,2.8226838392176843,-780.0973078080307,-0.03275498293977487,-0.03275498293977487,-0.8319765666702816,12.555918707284889,0.639466193393679,0.0,-780.0973078080307,0.059416080930978686,0.0
2.4,3.06144050035124,-780.0120457618082,-0.032720970850075796,-0.032720970850075796,-0.8311126595919252,13.617960862472394,0.6935554297159354,0.0,-780.0120457618082,0.05789814127961,0.0
2.5,3.198952552318082,-779.990688559716,-0.03269862502381042,-0.03269862502381042,-0.8305450756047846,14.22964472227234,0.7247081600342419,0.0,-779.990688559716,0.07506910422018412,0.0
2.6,3.5533063910729656,-780.0020407323993,-0.032698239330247784,-0.032698239330247784,-0.8305352789882937,15.805888554898587,0.8049854115048936,0.0,-780.0020407323993,0.0733740484025002,0.0
2.7,3.8725619203400683,-780.0791324398035,-0.03267146985041195,-0.03267146985041195,-0.8298553342004635,17.226007385295098,0.877311300498859,0.0,-780.0791324398035,0.08120923899565252,0.0
2.8,3.8567170851618755,-779.9853250961112,-0.032669423358356445,-0.032669423358356445,-0.8298033533022536,17.155526072558757,0.8737217251112175,0.0,-779.9853250961112,0.09006533009343849,0.0
2.9,4.083947661563522,-780.0307612712104,-0.03263582393009497,-0.03263582393009497,-0.8289499278244121,18.16629766712009,0.9251997793287542,0.0,-780.0307612712104,0.09515522819854995,0.0
3.0,4.3324597180094875,-779.9616200377832,-0.032620585874042145,-0.032620585874042145,-0.8285628812006705,19.271733966844163,0.9814990561163311,0.0,-779.9616200377832,0.09805872587434977,0.0
3.1,4.724065658347987,-779.9812860896302,-0.03259345478617973,-0.03259345478617973,-0.8278737515689651,21.013683342776684,1.0702156018730167,0.0,-779.9812860896302,0.09352896046053004,0.0
3.2,4.909362094437714,-780.0303592690484,-0.03257569611006353,-0.03257569611006353,-0.8274226811956136,21.83792265571973,1.1121936672126167,0.0,-780.0303592690484,0.11156498395813068,0.0
3.3,5.20677326535925,-779.9941297867522,-0.03255210596632133,-0.03255210596632133,-0.8268234915445618,23.160872974436323,1.1795708161159317,0.0,-779.9941297867522,0.11092770998731193,0.0
3.4,5.416135395201633,-780.037518656224,-0.032531041516059137,-0.032531041516059137,-0.826288454507902,24.092161787643807,1.2270008549856788,0.0,-780.037518656224,0.1119911950127007,0.0
3.5,5.614980004001863,-780.0380754182559,-0.03250464219266469,-0.03250464219266469,-0.825617911693683,24.976666353401168,1.2720481972702402,0.0,-780.0380754182559,0.1132112602552924,0.0
3.6,5.85330054201472,-780.0821329431046,-0.032486833192089976,-0.032486833192089976,-0.8251655630790853,26.036768537000718,1.3260386318818802,0.0,-780.0821329431046,0.13611216513990756,0.0
3.7,6.056060902528581,-780.015145922622,-0.03247432632317948,-0.03247432632317948,-0.8248478886087588,26.938691227845688,1.371973069918293,0.0,-780.015145922622,0.13538812985085866,0.0
3.8,6.359447087658233,-779.9630762970049,-0.03246116561332798,-0.03246116561332798,-0.8245136065785306,28.288219724263104,1.4407038311313014,0.0,-779.9630762970049,0.1404292004622232,0.0
3.9,6.458050446268946,-779.9977398221388,-0.03241549116847047,-0.03241549116847047,-0.82335347567915,28.726829156102454,1.463041973827474,0.0,-779.9977398221388,0.14811640319101219,0.0
4.0,6.739156017580112,-780.0047060165067,-0.03239323236500079,-0.03239323236500079,-0.8227881020710199,29.977248580520207,1.5267251632554217,0.0,-780.0047060165067,0.14985750002371526,0.0
4.1,7.017357542576659,-780.0352839120718,-0.03239151554211608,-0.03239151554211608,-0.8227444947697483,31.214750168040347,1.589750454191003,0.0,-780.0352839120718,0.14802861289740937,0.0
4.2,7.355831558102466,-780.0301862054113,-0.03236092265216817,-0.03236092265216817,-0.8219674353650714,32.72035705338255,1.6664302038901222,0.0,-780.0301862054113,0.16404304896560615,0.0
4.3,7.41614709813558,-779.9668690298266,-0.03236136354751817,-0.03236136354751817,-0.8219786341069614,32.98865384486865,1.6800944153230786,0.0,-779.9668690298266,0.1708483863078477,0.0
4.4,7.628295638610662,-780.0788766945053,-0.032341290351117255,-0.032341290351117255,-0.8214687749183782,33.93233722558072,1.7281557028561607,0.0,-780.0788766945053,0.17361164970536724,0.0
4.5,7.896446553342149,-779.9011015914891,-0.03230793274978959,-0.03230793274978959,-0.8206214918446555,35.125131487507616,1.788904073720785,0.0,-779.9011015914891,0.18392240588637612,0.0
4.6,8.233172278155598,-780.0075275111122,-0.03227008279064677,-0.03227008279064677,-0.8196601028824279,36.6229615911373,1.8651877561057955,0.0,-780.0075275111122,0.19096018895818848,0.0
4.7,8.385318298659985,-779.8957819290217,-0.03227483082567018,-0.03227483082567018,-0.8197807029720225,37.299740562465324,1.899655745478244,0.0,-779.8957819290217,0.1825985631430887,0.0
4.8,8.723851024463938,-779.9457578446705,-0.03225227225674193,-0.03225227225674193,-0.819207715321245,38.805608604040984,1.9763487957240122,0.0,-779.9457578446705,0.18956449670990788,0.0
4.9,8.741610785151163,-780.0254927635909,-0.03220742076935132,-0.03220742076935132,-0.8180684875415235,38.88460792672511,1.980372188781518,0.0,-780.0254927635909,0.20142715132224137,0.0
5.0,9.177375671237954,-779.9679621534852,-0.03222199689909139,-0.03222199689909139,-0.8184387212369212,40.82298600831409,2.079092742974998,0.0,-779.9679621534852,0.20306016950792113,0.0
5.1,9.404424965819997,-779.991955026472,-0.03217616590057149,-0.03217616590057149,-0.8172746138745158,41.83295122145983,2.130529728620312,0.0,-779.991955026472,0.20842556162319098,0.0
5.2,9.472317899356945,-779.9817716099041,-0.032157315686944854,-0.032157315686944854,-0.8167958184483992,42.13495392627755,2.145910564108864,0.0,-779.9817716099041,0.21724403837859155,0.0
5.3,9.811720302259287,-779.9652871490234,-0.03214382223695983,-0.03214382223695983,-0.8164530848187797,43.644690482915806,2.222800635748195,0.0,-779.9652871490234,0.2214627436389427,0.0
5.4,10.116722080124275,-780.0324553506097,-0.032119438982565585,-0.032119438982565585,-0.8158337501571657,45.0014054912504,2.29189740215179,0.0,-780.0324553506097,0.22073186053972485,0.0
5.5,10.274023361506831,-780.0361041548512,-0.032074673518874476,-0.032074673518874476,-0.8146967073794117,45.70111619712192,2.3275332924431837,0.0,-780.0361041548512,0.22876278912411505,0.0
5.6,10.568882203400827,-780.0261969490284,-0.03209172507042742,-0.03209172507042742,-0.8151298167888564,47.012713194811624,2.3943322228068054,0.0,-780.0261969490284,0.22976444520655215,0.0
5.7,10.894994205749324,-780.0737091636851,-0.032063161743460106,-0.032063161743460106,-0.8144043082838867,48.46333112589826,2.468211414611574,0.0,-780.0737091636851,0.2375445162718175,0.0
5.8,10.9866659050177,-780.018558692547,-0.032041969278693946,-0.032041969278693946,-0.8138660196788262,48.87110701201784,2.4889792213912827,0.0,-780.018558692547,0.23814759784606176,0.0
5.9,11.182647199372846,-779.9940361910047,-0.03202605055859859,-0.03202605055859859,-0.8134616841884041,49.742874925194286,2.533377892803376,0.0,-779.9940361910047,0.23906857325293357,0.0
6.0,11.38292086613709,-779.993072255795,-0.032012138279573686,-0.032012138279573686,-0.8131083123011715,50.63373625516832,2.5787489816739657,0.0,-779.993072255795,0.2516104455411623,0.0
6.1,11.711995712288186,-779.9960066868043,-0.031962352151131225,-0.031962352151131225,-0.8118437446387331,52.09753356731456,2.6532993922747417,0.0,-779.9960066868043,0.25633112201350455,0.0
6.2,11.88838624229038,-780.0255168028068,-0.03195564990613877,-0.03195564990613877,-0.8116735076159247,52.882157450680914,2.693259865071602,0.0,-780.0255168028068,0.26896104816006977,0.0
6.3,12.12296488102815,-779.9664387295701,-0.03195499648133023,-0.03195499648133023,-0.8116569106257878,53.92561484308704,2.7464025894111046,0.0,-779.9664387295701,0.277558421419891,0.0
6.4,12.361286785396805,-780.1085064530874,-0.03192401030546415,-0.03192401030546415,-0.8108698617587894,54.985723104537776,2.8003933335644398,0.0,-780.1085064530874,0.27500177668804454,0.0
6.5,12.645580528295579,-780.0258944160994,-0.03189249395913638,-0.03189249395913638,-0.8100693465620641,56.250324217574956,2.8647987887738706,0.0,-780.0258944160994,0.2824313923678687,0.0
6.6,12.763200498600982,-780.0225882489041,-0.031872079467891536,-0.031872079467891536,-0.809550818484445,56.77352372188686,2.8914450584103313,0.0,-780.0225882489041,0.2820822402456336,0.0
6.7,12.965304086145062,-779.9614379978198,-0.03187008264346558,-0.03187008264346558,-0.8095000991440257,57.672524942072194,2.937230707515772,0.0,-779.9614379978198,0.2858215756061627,0.0
6.8,13.137701634331417,-779.973142491847,-0.031836159344011176,-0.031836159344011176,-0.8086384473378838,58.439387163865696,2.976286588432172,0.0,-779.973142491847,0.29422661113063414,0.0
6.9,13.61605624869373,-779.9664395857985,-0.03181220196107081,-0.03181220196107081,-0.8080299298111986,60.56721372656443,3.084655651976798,0.0,-779.9664395857985,0.29941759934751117,0.0
7.0,13.773557231512697,-780.0058740609979,-0.03179045076298096,-0.03179045076298096,-0.8074774493797163,61.26781274835941,3.120336783720876,0.0,-780.0058740609979,0.3075213966958655,0.0
7.1,14.103792718920861,-779.9592536754498,-0.03176999618861684,-0.03176999618861684,-0.8069579031908677,62.736772848158154,3.1951501323227984,0.0,-779.9592536754498,0.3118013239101766,0.0
7.2,14.23470790979883,-780.0570115254282,-0.031771738029854585,-0.031771738029854585,-0.8070021459583064,63.31911241852536,3.224808373747153,0.0,-780.0570115254282,0.3247257593529071,0.0
7.3,14.418624743186205,-780.0034042734288,-0.03171460376259619,-0.03171460376259619,-0.8055509355699432,64.13721495513575,3.2664738963654565,0.0,-780.0034042734288,0.32054252888313506,0.0
7.4,14.734276331897348,-780.1127219252915,-0.031710527957704605,-0.031710527957704605,-0.805447410125697,65.54130266507242,3.337983329008017,0.0,-780.1127219252915,0.3185639852384592,0.0
7.5,14.930243925724984,-779.9215308104518,-0.03167414509964455,-0.03167414509964455,-0.8045232855309715,66.41300963528839,3.382378896627878,0.0,-779.9215308104518,0.33261649426667605,0.0
7.6,15.084189281176402,-779.9276893178093,-0.03164313971005806,-0.03164313971005806,-0.8037357486354747,67.09779244431449,3.417254517153781,0.0,-779.9276893178093,0.3339071867072746,0.0
7.7,15.342449508389505,-780.0372760579622,-0.031652941976720486,-0.031652941976720486,-0.8039847262087003,68.24659075220836,3.475762197718786,0.0,-780.0372760579622,0.34342166022137155,0.0
7.8,15.75466294509399,-780.0498371899453,-0.03164323973308498,-0.03164323973308498,-0.8037382892203584,70.08020680562599,3.5691472781067475,0.0,-780.0498371899453,0.3532188464597029,0.0
7.9,15.892770697653152,-780.1123722015108,-0.03160182650383268,-0.03160182650383268,-0.8026863931973501,70.6945404727147,3.600434961686514,0.0,-780.1123722015108,0.34957373004365283,0.0
8.0,16.130320339003855,-780.0840959081646,-0.03159184184782996,-0.03159184184782996,-0.802432782934881,71.75121353836373,3.6542507531634185,0.0,-780.0840959081646,0.35759950393476364,0.0
8.1,16.316952476742472,-780.0014351883078,-0.03157411331338639,-0.03157411331338639,-0.8019824781600142,72.5813943460954,3.696531415640203,0.0,-780.0014351883078,0.36575701187551296,0.0
8.2,16.522453088246287,-780.0154041545176,-0.03155949778229227,-0.03155949778229227,-0.8016112436702236,73.4955062761989,3.7430866450827036,0.0,-780.0154041545176,0.3636348891308521,0.0
8.3,16.862471094895717,-780.0813180776295,-0.031511852775793985,-0.031511852775793985,-0.8004010605051671,75.00798117373702,3.8201161789527385,0.0,-780.0813180776295,0.37463676370819415,0.0
8.4,17.028644890990254,-780.0325247214394,-0.03151272306915946,-0.03151272306915946,-0.8004231659566503,75.74715877700066,3.857762097122519,0.0,-780.0325247214394,0.3814770644720015,0.0
8.5,17.21787064556506,-780.0407746132906,-0.03150185787542141,-0.03150185787542141,-0.8001471900357038,76.58887656301542,3.9006303317043756,0.0,-780.0407746132906,0.388007174655686,0.0
8.6,17.493386730978223,-779.9840346155295,-0.03147190344457315,-0.03147190344457315,-0.799386347492158,77.81443272447196,3.9630472485088846,0.0,-779.9840346155295,0.394623770808159,0.0
8.7,17.674721969461295,-779.9719836773673,-0.03145856602219051,-0.03145856602219051,-0.7990475769636388,78.62105175899713,4.00412792253614,0.0,-779.9719836773673,0.3971048227487599,0.0
8.8,17.981981466592973,-780.0184204198873,-0.03142498009519801,-0.03142498009519801,-0.7981944944180294,79.9878095993282,4.073736164977245,0.0,-780.0184204198873,0.40148333413545767,0.0
8.9,18.278688198989393,-780.0016593182384,-0.03141031848565229,-0.03141031848565229,-0.7978220895355681,81.3076264205086,4.140953726534687,0.0,-780.0016593182384,0.3977661060840708,0.0
9.0,18.37950795270511,-780.0076568265534,-0.031396264785174155,-0.031396264785174155,-0.7974651255434235,81.75609486538194,4.163793983467376,0.0,-780.0076568265534,0.3965205985068915,0.0
9.1,18.765606444940488,-780.1118358075394,-0.03135923858449372,-0.03135923858449372,-0.7965246600461405,83.47354590051317,4.251262841890154,0.0,-780.1118358075394,0.4102851673226572,0.0
9.2,18.85760124231727,-779.9983819933368,-0.031351256288284154,-0.031351256288284154,-0.7963219097224175,83.88275899810053,4.272103845077694,0.0,-779.9983819933368,0.4274108208618627,0.0
9.3,19.146339640407437,-780.0105645378472,-0.03131715003988487,-0.03131715003988487,-0.7954556110130756,85.16713091525317,4.3375162167177574,0.0,-780.0105645378472,0.4260789612375767,0.0
9.4,19.312950706705546,-779.9697960545473,-0.031291343520272887,-0.031291343520272887,-0.7948001254149313,85.90825359258174,4.375261196464566,0.0,-779.9697960545473,0.4194252652186826,0.0
9.5,19.587736506738366,-780.0991027987039,-0.03128713858613779,-0.03128713858613779,-0.7946933200878998,87.13056128400373,4.437512670435637,0.0,-780.0991027987039,0.4337749865127705,0.0
9.6,19.839287499583044,-779.969043228619,-0.03126954990518923,-0.03126954990518923,-0.7942465675918063,88.24951544139529,4.494500404450995,0.0,-779.969043228619,0.44288089951592463,0.0
9.7,20.040139857635648,-780.039187577627,-0.03124065750388039,-0.03124065750388039,-0.7935127005985618,89.14295091753205,4.540002593202549,0.0,-780.039187577627,0.437018808234688,0.0
9.8,20.255417294209675,-779.9938761439644,-0.031213301672202938,-0.031213301672202938,-0.7928178624739546,90.10055231644937,4.588772717924591,0.0,-779.9938761439644,0.454325497883342,0.0
9.9,20.49046924649838,-779.9466340842971,-0.03120180980130594,-0.03120180980130594,-0.7925259689531708,91.14611511165903,4.642022669297633,0.0,-779.9466340842971,0.4509261361702781,0.0
10.0,20.714172245936552,-780.0809783095517,-0.0311799480152666,-0.0311799480152666,-0.7919706795877716,92.1411952678199,4.692701566988535,0.0,-780.0809783095517,0.46705338718915984,0.0
10.1,20.89702882016961,-780.0727497948736,-0.0311611821847763,-0.0311611821847763,-0.791494027493318,92.95458153845486,4.734126892714787,0.0,-780.0727497948736,0.467194651188259,0.0
10.2,21.218549652837755,-779.9574075466709,-0.031137366833705056,-0.031137366833705056,-0.7908891175761084,94.38477693674596,4.806965975897426,0.0,-779.9574075466709,0.4877079293997882,0.0
10.3,21.49670600075744,-780.0641670837841,-0.031113757252867365,-0.031113757252867365,-0.790289434222831,95.62207756668927,4.869981032171594,0.0,-780.0641670837841,0.47078005897703445,0.0
10.4,21.764281659870935,-780.0550778711784,-0.0311066710153111,-0.0311066710153111,-0.7901094437889019,96.81231296507109,4.930599081490761,0.0,-780.0550778711784,0.4840400130853163,0.0
10.5,21.980024704228683,-779.9769708134429,-0.031084001427509302,-0.031084001427509302,-0.7895336362587362,97.77198548984411,4.979474687539807,0.0,-779.9769708134429,0.4804520786132653,0.0
10.6,22.335477541965105,-780.0172424868443,-0.031058305902947118,-0.031058305902947118,-0.7888809699348568,99.35311791172002,5.060000912234276,0.0,-780.0172424868443,0.4987574075851657,0.0
10.7,22.42460663575041,-779.9681380751726,-0.031044964816668526,-0.031044964816668526,-0.7885421063433805,99.74958372927769,5.080192703299092,0.0,-779.9681380751726,0.49883639719498235,0.0
10.8,22.60570325980094,-779.9920330824673,-0.031016511943875526,-0.031016511943875526,-0.7878194033744383,100.55514135431174,5.121219320311267,0.0,-779.9920330824673,0.5080098236855226,0.0
10.9,22.99607352993629,-780.0083012280074,-0.03099207741029768,-0.03099207741029768,-0.787198766221561,102.2915941973332,5.209655930600111,0.0,-780.0083012280074,0.5091151048494438,0.0
11.0,23.03258396884308,-779.9577406491914,-0.03097722182310745,-0.03097722182310745,-0.7868214343069292,102.45400066188718,5.217927204577905,0.0,-779.9577406491914,0.507944424778121,0.0
11.1,23.40189371401574,-779.8975286238752,-0.03096260580431768,-0.03096260580431768,-0.786450187429669,104.09677165655908,5.3015926486661105,0.0,-779.8975286238752,0.5157342863636627,0.0
11.2,23.505525182325073,-780.0119251234638,-0.030943908033928276,-0.030943908033928276,-0.7859752640617782,104.55774722652204,5.3250698867594615,0.0,-780.0119251234638,0.5180032597611609,0.0
11.3,23.82719075011059,-779.9329252395046,-0.03089818945938098,-0.03089818945938098,-0.7848140122682769,105.98858643845692,5.397941759025053,0.0,-779.9329252395046,0.524150112711891,0.0
11.4,23.903920264564736,-779.9502221195517,-0.030886482358427197,-0.030886482358427197,-0.7845166519040507,106.32989619924214,5.415324481754119,0.0,-779.9502221195517,0.5352892710557866,0.0
11.5,24.330689493987638,-780.001386859315,-0.030886032334871666,-0.030886032334871666,-0.7845052213057403,108.22825962094569,5.512007110819744,0.0,-780.001386859315,0.5451033637620851,0.0
11.6,24.492733162434877,-779.9840227392257,-0.030862809090704577,-0.030862809090704577,-0.7839153509038962,108.94906550780607,5.548717367344337,0.0,-779.9840227392257,0.5492355358896198,0.0
11.7,24.671508521297802,-780.0537579664317,-0.03081522607895777,-0.03081522607895777,-0.7827067424055273,109.7442976346073,5.5892181122794655,0.0,-780.0537579664317,0.5527075113365055,0.0
11.8,25.08333447345011,-780.0376957544505,-0.03079841725208129,-0.03079841725208129,-0.7822797982028648,111.57619007149025,5.6825154098034245,0.0,-780.0376957544505,0.552515717143394,0.0
11.9,25.255120710919975,-779.9929791519535,-0.0307918141690194,-0.0307918141690194,-0.7821120798930927,112.34033304872845,5.7214328010556885,0.0,-779.9929791519535,0.5630698917085186,0.0
12.0,25.439958292995726,-780.0092036852085,-0.03076108314629053,-0.03076108314629053,-0.7813315119157794,113.16253127806945,5.763306915104122,0.0,-780.0092036852085,0.5614460083167876,0.0
12.1,25.61995993778087,-779.9417664366244,-0.0307670971513446,-0.0307670971513446,-0.7814842676441528,113.96321819443563,5.804085469540903,0.0,-779.9417664366244,0.5719332582194275,0.0
12.2,25.900675937287534,-780.0718236479996,-0.030731779921889517,-0.030731779921889517,-0.7805872100159937,115.21190471776116,5.867680403247321,0.0,-780.0718236479996,0.5802765715962647,0.0
12.3,26.125910397790612,-780.0214849509822,-0.030703950652689903,-0.030703950652689903,-0.7798803465783235,116.21379714966015,5.918706246481291,0.0,-780.0214849509822,0.5803547431605643,0.0
12.4,26.419212856006684,-780.038701532489,-0.030709524121106724,-0.030709524121106724,-0.7800219126761108,117.51847101034606,5.9851525851971505,0.0,-780.038701532489,0.584133753075301,0.0
12.5,26.657522087569564,-780.0144009402986,-0.030678320092969454,-0.030678320092969454,-0.779229330361424,118.5785229003687,6.039140458383941,0.0,-780.0144009402986,0.5895095896005103,0.0
12.6,26.79202820809874,-779.9485661451649,-0.030642227305261543,-0.030642227305261543,-0.7783125735536431,119.17683571582897,6.069612208598368,0.0,-779.9485661451649,0.5999189277455501,0.0
12.7,27.033378237872157,-780.0671094794534,-0.030618305257983095,-0.030618305257983095,-0.7777049535527706,120.25041374526769,6.124288960797947,0.0,-780.0671094794534,0.6005023609071691,0.0
12.8,27.267911119256297,-779.9642324504119,-0.03061512033466253,-0.03061512033466253,-0.7776240565004282,121.29366759889825,6.177421319016972,0.0,-779.9642324504119,0.6001473229291021,0.0
12.9,27.446159206849366,-780.0362397300111,-0.03058585486858327,-0.03058585486858327,-0.776880713662015,122.08655430709149,6.217802613042601,0.0,-780.0362397300111,0.6103629687686009,0.0
13.0,27.730629172981217,-780.022925095085,-0.030552311540507027,-0.030552311540507027,-0.7760287131288784,123.35193929983852,6.282247990824472,0.0,-780.022925095085,0.6123117548009384,0.0
13.1,27.99766010423967,-779.9567471485071,-0.030551703699984972,-0.030551703699984972,-0.7760132739796183,124.53975162888099,6.3427426345241145,0.0,-779.9567471485071,0.6302903449387547,0.0
13.2,28.283857793805527,-780.020835968163,-0.030540783712735352,-0.030540783712735352,-0.7757359063034779,125.81282191556163,6.4075794201966705,0.0,-780.020835968163,0.62806133397526,0.0
13.3,28.559673861168513,-779.9732635423293,-0.03050762985134012,-0.03050762985134012,-0.774893798224039,127.039712462727,6.470064296548357,0.0,-779.9732635423293,0.6258499599669486,0.0
13.4,28.649472628688816,-780.0009070926756,-0.030490513054768357,-0.030490513054768357,-0.7744590315911162,127.43915713638617,6.490407799153866,0.0,-780.0009070926756,0.6397047090839716,0.0
13.5,28.974514781857778,-780.015245912842,-0.030453136698667938,-0.030453136698667938,-0.7735096721461656,128.8850161429554,6.564044621489962,0.0,-780.015245912842,0.6471574209635846,0.0
13.6,29.140745830785427,-780.0245919257709,-0.030444111728905966,-0.030444111728905966,-0.7732804379142115,129.62444841941635,6.601703510028844,0.0,-780.0245919257709,0.6506524946634443,0.0
13.7,29.544043254101567,-780.0931358820732,-0.030433299533488018,-0.030433299533488018,-0.7730058081505956,131.41840408375967,6.693068708111009,0.0,-780.0931358820732,0.6521567459358011,0.0
13.8,29.63416669391675,-780.0438474319702,-0.030380838844964057,-0.030380838844964057,-0.771673306662087,131.81929297121437,6.71348576374914,0.0,-780.0438474319702,0.6598854083701148,0.0
13.9,29.904683313653926,-779.9981275045811,-0.03038941116375386,-0.03038941116375386,-0.771891043559348,133.02261040946166,6.774770074329598,0.0,-779.9981275045811,0.6657234920028967,0.0
14.0,30.041046970728694,-779.9963071617705,-0.03035925123882923,-0.03035925123882923,-0.7711249814662624,133.6291859561348,6.805662641005082,0.0,-779.9963071617705,0.67452372881459,0.0
14.1,30.282874958190767,-780.0809756722266,-0.030336779084455576,-0.030336779084455576,-0.7705541887451716,134.70489004652333,6.860447672346489,0.0,-780.0809756722266,0.6765279344834811,0.0
14.2,30.584518697324178,-779.9561919525772,-0.030315263882089973,-0.030315263882089973,-0.7700077026050852,136.04666775981136,6.928783690339259,0.0,-779.9561919525772,0.6912058823268997,0.0
14.3,30.778379917840926,-779.9776142081657,-0.030300943647059236,-0.030300943647059236,-0.7696439686353046,136.90900511813837,6.972702068659962,0.0,-779.9776142081657,0.6840260342540407,0.0
14.4,31.061474098582217,-780.0713704979491,-0.030276371770725553,-0.030276371770725553,-0.769019842976429,138.1682703147954,7.036835768515171,0.0,-780.0713704979491,0.6979047727421919,0.0
14.5,31.165679481899613,-780.0583883618236,-0.030262483233484863,-0.030262483233484863,-0.7686670741305155,138.6317987849755,7.0604430244448935,0.0,-780.0583883618236,0.6955686141074627,0.0
14.6,31.549026306150086,-779.9807981599287,-0.030255561735023376,-0.030255561735023376,-0.7684912680695937,140.33700979554294,7.1472885049932735,0.0,-779.9807981599287,0.6921760184926791,0.0
14.7,31.677081277657443,-780.0941528862498,-0.030223133724534387,-0.030223133724534387,-0.7676675966031734,140.9066264809014,7.176298776720213,0.0,-780.0941528862498,0.7000147171853844,0.0
14.8,32.087275335051366,-780.0432527666923,-0.0302024854420239,-0.0302024854420239,-0.7671431302274071,142.7312598908822,7.269226375904364,0.0,-780.0432527666923,0.7019919439070954,0.0
14.9,32.185021195689274,-780.0087266582526,-0.03018184422706575,-0.03018184422706575,-0.76661884336747,143.16605498308894,7.291370256332515,0.0,-780.0087266582526,0.7076811035017642,0.0
15.0,32.511844501960816,-780.0123523267143,-0.03015827181023246,-0.03015827181023246,-0.7660201039799045,144.61983695051214,7.3654105908078495,0.0,-780.0123523267143,0.7274205377062937,0.0
15.1,32.57712629463572,-780.0088044443618,-0.030145445459491865,-0.030145445459491865,-0.7656943146710933,144.9102247263245,7.380199884202927,0.0,-780.0088044443618,0.7233446836729907,0.0
15.2,32.933502812422695,-779.9863438976442,-0.030105531558845575,-0.030105531558845575,-0.7646805015946776,146.49546588027488,7.460935364414304,0.0,-779.9863438976442,0.7348150657271817,0.0
15.3,33.07804816205562,-780.0457901353548,-0.030082662687798682,-0.030082662687798682,-0.7640996322700865,147.13843539541907,7.493681456349328,0.0,-780.0457901353548,0.7325667788434653,0.0
15.4,33.33846793858863,-780.0301719953715,-0.0300998991560375,-0.0300998991560375,-0.7645374385633524,148.2968398537887,7.552678372996622,0.0,-780.0301719953715,0.7421341465081291,0.0
15.5,33.606329671821285,-779.9030390563239,-0.030057367982721062,-0.030057367982721062,-0.763457146761115,149.48834777278887,7.613361231107149,0.0,-779.9030390563239,0.7421407710009039,0.0
15.6,33.816652200607905,-780.0758798561083,-0.030044132891345634,-0.030044132891345634,-0.7631209754401791,150.4239086517881,7.6610088439922635,0.0,-780.0758798561083,0.7568876340885001,0.0
15.7,34.08922447926349,-780.0281602965285,-0.030042655087768818,-0.030042655087768818,-0.763083439229328,151.63637011314947,7.722758854756784,0.0,-780.0281602965285,0.7565029643477603,0.0
15.8,34.35519204040816,-780.0000848723159,-0.02999205699316179,-0.02999205699316179,-0.7617982476263094,152.81945233798442,7.783012596790649,0.0,-780.0000848723159,0.7607069912894471,0.0
15.9,34.58215929850739,-780.0379496049084,-0.029981912051365026,-0.029981912051365026,-0.7615405661046716,153.82905263480654,7.834430997443674,0.0,-780.0379496049084,0.7673356211110743,0.0
16.0,34.76559968525581,-779.9444147959152,-0.02995904710429617,-0.02995904710429617,-0.7609597964491227,154.64503583194858,7.875988583241587,0.0,-779.9444147959152,0.7841724383598706,0.0
16.1,34.91291199795835,-780.0018608828339,-0.029941371240929802,-0.029941371240929802,-0.7605108295196169,155.30031340755832,7.909361518082929,0.0,-780.0018608828339,0.7807591241867129,0.0
16.2,35.18396370061238,-779.9675340987438,-0.029903551109528925,-0.029903551109528925,-0.7595501981820346,156.506011012338,7.970767049266004,0.0,-779.9675340987438,0.7878809344384643,0.0
16.3,35.45839465347585,-780.1362628504454,-0.02988159388665109,-0.02988159388665109,-0.7589924847209376,157.72674026548435,8.032938134223802,0.0,-780.1362628504454,0.7827260172790993,0.0
16.4,35.56186106352296,-779.9459409060962,-0.029870784616822722,-0.029870784616822722,-0.7587179292672971,158.1869816199841,8.05637797911811,0.0,-779.9459409060962,0.7908667380679371,0.0
16.5,35.98905087254407,-779.9478566044344,-0.029846187184954867,-0.029846187184954867,-0.7580931544978535,160.087215872268,8.153155888579983,0.0,-779.9478566044344,0.8007598525729289,0.0
16.6,36.155532442536575,-780.0431363330653,-0.029833808259824398,-0.029833808259824398,-0.7577787297995396,160.82776252154005,8.190871531527376,0.0,-780.0431363330653,0.7952330219467065,0.0
16.7,36.38811040672307,-779.9398913622762,-0.02981084808746431,-0.02981084808746431,-0.7571955414215935,161.8623204733937,8.243561012141264,0.0,-779.9398913622762,0.8163218083936798,0.0
16.8,36.7023868895657,-779.991914757779,-0.02979923300919653,-0.02979923300919653,-0.7569005184335919,163.26029140990394,8.314758920799793,0.0,-779.991914757779,0.8162092637440483,0.0
16.9,36.91683729274286,-779.9587193750775,-0.029771035657993855,-0.029771035657993855,-0.7561843057130438,164.21421398232465,8.363341684865018,0.0,-779.9587193750775,0.8199633150666339,0.0
17.0,37.12006227301788,-779.9143995847813,-0.029758083494032982,-0.029758083494032982,-0.7558553207484378,165.1182034040836,8.409381380396415,0.0,-779.9143995847813,0.8242543411027063,0.0
17.1,37.27099049097253,-779.9999875217429,-0.02972678222977012,-0.02972678222977012,-0.755060268636161,165.78956532175383,8.443573482136685,0.0,-779.9999875217429,0.8292633949258289,0.0
17.2,37.59282458029208,-780.055654637634,-0.029701804883194745,-0.029701804883194745,-0.7544258440331465,167.22115415454684,8.516483532189806,0.0,-780.055654637634,0.8331070194636115,0.0
17.3,37.82860182881354,-780.005472639199,-0.029686533470724332,-0.029686533470724332,-0.754037950156398,168.26994322696495,8.569897796127576,0.0,-780.005472639199,0.8477417677055578,0.0
17.4,37.97894893890248,-780.0687095903703,-0.029657368310387094,-0.029657368310387094,-0.7532971550838321,168.93872024900477,8.60395825052227,0.0,-780.0687095903703,0.8494234620242206,0.0
17.5,38.34234999312772,-780.0449457345239,-0.02962187285171961,-0.02962187285171961,-0.752395570433678,170.55520808643058,8.686285107534024,0.0,-780.0449457345239,0.8573810219194231,0.0
17.6,38.53960527385582,-780.0429934912548,-0.0296494066194194,-0.0296494066194194,-0.7530949281332527,171.43264297127095,8.730972394768065,0.0,-780.0429934912548,0.8548702893478333,0.0
17.7,38.605880956965066,-780.0403036045313,-0.02960776987042989,-0.02960776987042989,-0.7520373547089192,171.72745179039114,8.745986849523359,0.0,-780.0403036045313,0.8571930378945126,0.0
17.8,38.980308127517105,-779.9462995529157,-0.02959315921910555,-0.02959315921910555,-0.7516662441652809,173.39298621898413,8.830811623070238,0.0,-779.9462995529157,0.8735202222061702,0.0
17.9,39.12015463930022,-779.9627494444962,-0.029571605071583466,-0.029571605071583466,-0.75111876881822,174.01505426962802,8.86249321464874,0.0,-779.9627494444962,0.8658937866617872,0.0
18.0,39.51545123578289,-780.049411145529,-0.029560185570858783,-0.029560185570858783,-0.7508287134998131,175.77342049603416,8.952045861779178,0.0,-780.049411145529,0.8741085620875743,0.0
18.1,39.72660898574191,-779.9478525788276,-0.029525644170520473,-0.029525644170520473,-0.7499513619312199,176.7126966225569,8.99988269022444,0.0,-779.9478525788276,0.885873486763116,0.0
18.2,39.831117456873116,-780.0884441847082,-0.029508317953099748,-0.029508317953099748,-0.7495112760087336,177.17757329401212,9.023558609320709,0.0,-780.0884441847082,0.8929212103844485,0.0
18.3,40.07923416397433,-780.0371929524703,-0.029491628635977235,-0.029491628635977235,-0.7490873673538218,178.28125099287388,9.079768321511274,0.0,-780.0371929524703,0.8861652353615119,0.0
18.4,40.379147405462945,-780.0112262143488,-0.029467409858411765,-0.029467409858411765,-0.7484722104036587,179.61533107192838,9.147712303128515,0.0,-780.0112262143488,0.8965378683648721,0.0
18.5,40.589537865661924,-779.9446948077733,-0.02945035977285524,-0.02945035977285524,-0.748039138230523,180.55119412479468,9.19537530556632,0.0,-779.9446948077733,0.9032282056249189,0.0
18.6,40.94187350851155,-779.9677055896435,-0.029447427257587776,-0.029447427257587776,-0.7479646523427295,182.11846057803123,9.275195343928251,0.0,-779.9677055896435,0.9076176254206737,0.0
18.7,41.12234873339673,-779.9812536209616,-0.02939278965171813,-0.02939278965171813,-0.7465768571536404,182.92125408287,9.316081185784059,0.0,-779.9812536209616,0.9091933091952997,0.0
18.8,41.286693564453145,-779.9387326504952,-0.029386164171109525,-0.029386164171109525,-0.7464085699461819,183.65229604727176,9.35331276023793,0.0,-779.9387326504952,0.9220241006076189,0.0
18.9,41.57804813729834,-779.9679971046583,-0.029372191521007895,-0.029372191521007895,-0.7460536646336005,184.94830528529323,9.419317814377042,0.0,-779.9679971046583,0.9212373929611469,0.0
19.0,41.635410343232415,-779.9354086332738,-0.029339196729793324,-0.029339196729793324,-0.7452155969367504,185.2034649969733,9.432312961394107,0.0,-779.9354086332738,0.9278444385847757,0.0
19.1,42.026736644970214,-780.0430646812237,-0.02932845093751739,-0.02932845093751739,-0.7449426538129417,186.94417047888942,9.520966156296888,0.0,-780.0430646812237,0.9230335171704631,0.0
19.2,42.29763713892343,-780.0882244634525,-0.029323132231899342,-0.029323132231899342,-0.7448075586902433,188.14919547410196,9.582337431836105,0.0,-780.0882244634525,0.9388741056135675,0.0
19.3,42.460501028909455,-780.0244814618761,-0.02927208893614823,-0.02927208893614823,-0.743511058978165,188.87364988681563,9.619233505822033,0.0,-780.0244814618761,0.9349507214280659,0.0
19.4,42.65803707246565,-779.9619782420516,-0.029277290754392463,-0.029277290754392463,-0.7436431851615685,189.75233366648317,9.663984398598581,0.0,-779.9619782420516,0.9533151775445489,0.0
19.5,42.97746295003945,-779.9904695241144,-0.029242273436873138,-0.029242273436873138,-0.7427537452965777,191.1732102436245,9.73634887922712,0.0,-779.9904695241144,0.9574430762505721,0.0
19.6,43.30476165963781,-779.9589408513966,-0.02921845350660422,-0.02921845350660422,-0.7421487190677472,192.62910690963412,9.81049691416522,0.0,-779.9589408513966,0.9576494484419427,0.0
19.7,43.419850064822,-779.9678506738957,-0.029185724089180926,-0.029185724089180926,-0.7413173918651955,193.14104545534252,9.836569669230583,0.0,-779.9678506738957,0.9661755301521061,0.0
19.8,43.56381738310469,-779.9775627467025,-0.029166885868515194,-0.029166885868515194,-0.7408389010602859,193.78144375987395,9.869184810790626,0.0,-779.9775627467025,0.9711012828651946,0.0
19.9,43.970273677771424,-779.9623877026464,-0.029156694697550778,-0.029156694697550778,-0.7405800453177898,195.5894507789364,9.961265636818762,0.0,-779.9623877026464,0.9750169266164959,0.0
20.0,43.979436129998305,-780.0391435604206,-0.029145551797101016,-0.029145551797101016,-0.7402970156463657,195.63020738218106,9.963341348723251,0.0,-780.0391435604206,0.9827411624420671,0.0
20.1,44.37343372554283,-779.9486002991018,-0.02912164255604241,-0.02912164255604241,-0.7396897209234772,197.38279536663413,10.052599713095702,0.0,-779.9486002991018,0.9855160418004563,0.0
20.2,44.533613400196806,-780.0536284071649,-0.029086172270551783,-0.029086172270551783,-0.7387887756720153,198.09530979902345,10.088887690299131,0.0,-780.0536284071649,0.9889507166692614,0.0
20.3,44.868989844664924,-780.0089936271798,-0.029058750497108255,-0.029058750497108255,-0.7380922626265496,199.5871380068354,10.164865699354998,0.0,-780.0089936271798,0.9925611763666083,0.0
20.4,44.982302685321045,-780.0740787885112,-0.0290507428071998,-0.0290507428071998,-0.737888867302875,200.09117845089878,10.190536208347275,0.0,-780.0740787885112,1.0100330411591971,0.0
20.5,45.362243186429296,-779.9779479094589,-0.02904219484193144,-0.02904219484193144,-0.7376717489850586,201.78123738673852,10.276610001871072,0.0,-779.9779479094589,1.007855645147502,0.0
20.6,45.52657630599337,-780.0809183888028,-0.029005018378851874,-0.029005018378851874,-0.7367274668228375,202.51222725584586,10.31383892313959,0.0,-780.0809183888028,1.0119807769109446,0.0
20.7,45.623228037962335,-779.9328870294827,-0.02899863020364448,-0.02899863020364448,-0.7365652071725698,202.94215542302481,10.335734933691102,0.0,-779.9328870294827,1.0208636473317205,0.0
20.8,45.83993732048602,-780.0705232161022,-0.028978521999316886,-0.028978521999316886,-0.7360544587826489,203.90612598773234,10.384829436604651,0.0,-780.0705232161022,1.0205292251324034,0.0
20.9,46.1851040474912,-779.9902515239899,-0.028956798895626485,-0.028956798895626485,-0.7355026919489127,205.44150352613133,10.463025389668006,0.0,-779.9902515239899,1.0257510363837001,0.0
21.0,46.52707329048271,-780.0102217270476,-0.028927673422294617,-0.028927673422294617,-0.7347629049262833,206.962657952191,10.540496967262081,0.0,-780.0102217270476,1.0361521437032082,0.0
21.1,46.68172117340821,-780.047110041494,-0.028910387866500426,-0.028910387866500426,-0.7343238518091108,207.65056575797786,10.575531742193931,0.0,-780.047110041494,1.0431449359691745,0.0
21.2,46.91104649542806,-779.940678107994,-0.02888277830408886,-0.02888277830408886,-0.733622568923857,208.670655241893,10.627484351509702,0.0,-779.940678107994,1.0465600445321837,0.0
21.3,47.12397546991349,-780.0246542654545,-0.028859308088457967,-0.028859308088457967,-0.7330264254468323,209.61781016477858,10.6757224428204,0.0,-780.0246542654545,1.0410467056576693,0.0
21.4,47.423017218032,-779.9298109128271,-0.028846705268555664,-0.028846705268555664,-0.7327063138213138,210.94801364959432,10.743468991575977,0.0,-779.9298109128271,1.0538897563023402,0.0
21.5,47.63206494313712,-780.0545470140862,-0.02885472606256382,-0.02885472606256382,-0.732910041989121,211.8779039213614,10.790827803481609,0.0,-780.0545470140862,1.0586777178032278,0.0
21.6,47.8588900567379,-780.043346938154,-0.028827935105913617,-0.028827935105913617,-0.7322295516902059,212.88687192818264,10.84221400194462,0.0,-780.043346938154,1.066239565664212,0.0
21.7,48.00693616040115,-780.1032819515482,-0.02878894895047754,-0.02878894895047754,-0.7312393033421294,213.54541356741962,10.875753173792697,0.0,-780.1032819515482,1.064777338931467,0.0
21.8,48.38682635437796,-779.9754975502785,-0.028770747611699166,-0.028770747611699166,-0.7307769893371587,215.23524872607112,10.961815570464532,0.0,-779.9754975502785,1.069151185147811,0.0
21.9,48.63200991432947,-779.957275280183,-0.028728074278854463,-0.028728074278854463,-0.7296930866829033,216.32587914111866,11.017360791500822,0.0,-779.957275280183,1.0789726716290398,0.0
22.0,48.68567904576899,-779.9919106901272,-0.02872953408349402,-0.02872953408349402,-0.729730165720748,216.56461124497056,11.029519289277848,0.0,-779.9919106901272,1.08032873488102,0.0
22.1,49.16203068297624,-780.0112440689772,-0.028710323745297354,-0.028710323745297354,-0.7292422231305528,218.68352812462857,11.137434587452434,0.0,-780.0112440689772,1.0846427414277882,0.0
22.2,49.28890519026446,-780.0492417746595,-0.028678924468060144,-0.028678924468060144,-0.7284446814887277,219.24789384543817,11.166177430376274,0.0,-780.0492417746595,1.0947759355815543,0.0
22.3,49.44063071370901,-779.8854769544232,-0.02865728471787854,-0.02865728471787854,-0.7278950318341149,219.9228023533347,11.200550158051168,0.0,-779.8854769544232,1.1049038893321559,0.0
22.4,49.578474010760054,-779.9659262967514,-0.028649848856664165,-0.028649848856664165,-0.7277061609592698,220.5359596641431,11.23177793043764,0.0,-779.9659262967514,1.106172365956143,0.0
22.5,49.98457419937239,-780.0954228009838,-0.028622328437291414,-0.028622328437291414,-0.7270071423072019,222.34238264513226,11.323778082257817,0.0,-780.0954228009838,1.1162255554793064,0.0
22.6,50.211240544640326,-780.018622658515,-0.02861796162808472,-0.02861796162808472,-0.7268962253533519,223.35064441548,11.375128312476699,0.0,-780.018622658515,1.1109385659773008,0.0
22.7,50.36683521496198,-780.1336948156726,-0.02859562338217631,-0.02859562338217631,-0.7263288339072782,224.0427637398982,11.410377577789568,0.0,-780.1336948156726,1.1245739708756812,0.0
22.8,50.51961224733465,-779.9240201552594,-0.028553426836049868,-0.028553426836049868,-0.7252570416356666,224.72234959083895,11.44498852003254,0.0,-779.9240201552594,1.1261997807404058,0.0
22.9,50.949575534042054,-779.9040543600136,-0.028559394626677982,-0.028559394626677982,-0.7254086235176207,226.63492088203654,11.542394748257525,0.0,-779.9040543600136,1.1270933930404716,0.0
23.0,51.0674257236558,-779.92982772664,-0.028515665847388176,-0.028515665847388176,-0.7242979125236596,227.1591444524802,11.56909317303184,0.0,-779.92982772664,1.1345598115254691,0.0
23.1,51.30865355121227,-780.0057036438698,-0.02849767579289246,-0.02849767579289246,-0.7238409651394685,228.23217889957343,11.623742240874632,0.0,-780.0057036438698,1.1375709563296619,0.0
23.2,51.76575309409949,-780.0326503368916,-0.02847632282741241,-0.02847632282741241,-0.7232985998162752,230.26545822823522,11.727296064590536,0.0,-780.0326503368916,1.145942963853949,0.0
23.3,51.95071706181446,-780.0732685054468,-0.028454457767786528,-0.028454457767786528,-0.7227432273017778,231.0882186487043,11.769198810731055,0.0,-780.0732685054468,1.14850237316664,0.0
23.4,52.10488921249496,-779.9763147121678,-0.02843751315576271,-0.02843751315576271,-0.7223128341563728,231.77401029280432,11.804125810685221,0.0,-779.9763147121678,1.163625292289253,0.0
23.5,52.243217567911145,-780.0402971577964,-0.028444132077293995,-0.028444132077293995,-0.7224809547632675,232.3893252499337,11.835463470839505,0.0,-780.0402971577964,1.1608067027652618,0.0
23.6,52.55109959107777,-780.0217763069435,-0.02841232698724845,-0.02841232698724845,-0.7216731054761106,233.75885222302398,11.905212743724164,0.0,-780.0217763069435,1.1607359821860446,0.0
23.7,52.58679543533843,-780.0349662614346,-0.028387862011614896,-0.028387862011614896,-0.7210516950950183,233.91763519138112,11.913299474987578,0.0,-780.0349662614346,1.171995224229271,0.0
23.8,52.981214557458436,-780.0183823154291,-0.02835226639343306,-0.02835226639343306,-0.7201475663931998,235.67209821877776,12.002653334289674,0.0,-780.0183823154291,1.1800614536319989,0.0
23.9,53.156151271184164,-779.9579245556823,-0.028352258354112016,-0.028352258354112016,-0.7201473621944452,236.4502552075068,12.042284451617357,0.0,-779.9579245556823,1.1817712480002236,0.0
24.0,53.35405655131247,-779.918248747448,-0.02832759495482766,-0.02832759495482766,-0.7195209118526225,237.33058143267914,12.087118993260969,0.0,-779.918248747448,1.1927879541311124,0.0
24.1,53.567378394109156,-779.9952807491203,-0.028303739827905218,-0.028303739827905218,-0.7189149916287925,238.27948392024422,12.135446087101817,0.0,-779.9952807491203,1.1892213297355565,0.0
24.2,53.94290975325302,-780.0018410054215,-0.02826651309303278,-0.02826651309303278,-0.7179694325630326,239.94993002261515,12.220521009555139,0.0,-780.0018410054215,1.1946878617209722,0.0
24.3,54.14688121068284,-780.0585878869213,-0.028273653641472666,-0.028273653641472666,-0.7181508024934057,240.85723993898364,12.266729816092877,0.0,-780.0585878869213,1.2121314453401189,0.0
24.4,54.384996517691725,-780.0643901751075,-0.02825234811228969,-0.02825234811228969,-0.7176096420521582,241.9164292099267,12.320673756553434,0.0,-780.0643901751075,1.2093152660429112,0.0
24.5,54.66440221280436,-780.0560651549956,-0.028212102907882324,-0.028212102907882324,-0.716587413860211,243.15928721104063,12.383971846755315,0.0,-780.0560651549956,1.2171605499829918,0.0
24.6,54.78389368052863,-779.9583818958403,-0.028219195501702828,-0.028219195501702828,-0.7167675657432517,243.69081154760107,12.411042095625213,0.0,-779.9583818958403,1.2221221299883016,0.0
24.7,54.99099046935562,-779.9902976270633,-0.028174186146621358,-0.028174186146621358,-0.7156243281241824,244.61202362559706,12.457958931784926,0.0,-779.9902976270633,1.2277145161834353,0.0
24.8,55.187884508904524,-779.954124654602,-0.028161612038243612,-0.028161612038243612,-0.7153049457713877,245.4878516301993,12.502564381471824,0.0,-779.954124654602,1.230269390453263,0.0
24.9,55.51844660498666,-779.9813889115454,-0.028152406846255508,-0.028152406846255508,-0.7150711338948899,246.95826455723375,12.577451721784248,0.0,-779.9813889115454,1.2343067999232824,0.0
25.0,55.825685931836674,-780.0227816594395,-0.028120405749134787,-0.028120405749134787,-0.7142583060280235,248.32493267571454,12.647055394739725,0.0,-780.0227816594395,1.245785977040184,0.0
25.1,55.99770718159241,-780.0649451959156,-0.02810579010792635,-0.02810579010792635,-0.7138870687413292,249.090121039303,12.686026026957116,0.0,-780.0649451959156,1.243208088463491,0.0
25.2,56.28438989926944,-780.0210546155113,-0.02807365659378212,-0.02807365659378212,-0.7130708774820658,250.36534883772833,12.750972693543586,0.0,-780.0210546155113,1.2513913024909722,0.0
25.3,56.394862787874345,-780.0742378556562,-0.02805126192364735,-0.02805126192364735,-0.7125020528606426,250.85675655027842,12.775999824307533,0.0,-780.0742378556562,1.2593925902835725,0.0
25.4,56.676243204817965,-779.9020873768723,-0.02801957623163018,-0.02801957623163018,-0.7116972362834065,252.10839854853538,12.839745278764214,0.0,-779.9020873768723,1.2592536397698484,0.0
25.5,56.889590943662746,-779.9889803476707,-0.028014159402914497,-0.028014159402914497,-0.7115596488340282,253.0574162274195,12.88807823923705,0.0,-779.9889803476707,1.258835602507226,0.0
25.6,57.09041957738157,-780.0209249499466,-0.027992591718606276,-0.027992591718606276,-0.7110118296525993,253.95074617250023,12.933575053348623,0.0,-780.0209249499466,1.2738504558619714,0.0
25.7,57.53338725613531,-779.9023452941378,-0.027978936064624833,-0.027978936064624833,-0.7106649760414707,255.92116386048622,13.033927367480835,0.0,-779.9023452941378,1.2820982693931693,0.0
25.8,57.6988157768108,-780.0217315490488,-0.027952965010985528,-0.027952965010985528,-0.7100053112790323,256.65702631472533,13.071404446892045,0.0,-780.0217315490488,1.2832248319919992,0.0
25.9,57.82333297388594,-779.9744652189713,-0.027921798338219846,-0.027921798338219846,-0.709213677790784,257.2109062010989,13.09961325190216,0.0,-779.9744652189713,1.278907760232554,0.0
26.0,58.05641436081446,-780.0106448177472,-0.02793111722303318,-0.02793111722303318,-0.7094503774650427,258.2477034880621,13.152416780649965,0.0,-780.0106448177472,1.2955069627438918,0.0
26.1,58.33758489420813,-779.9844363789528,-0.02788483448024554,-0.02788483448024554,-0.7082747957982366,259.4984118781145,13.216114686942422,0.0,-779.9844363789528,1.3072284345535388,0.0
26.2,58.47755215505585,-780.0208980136675,-0.02787634324145764,-0.02787634324145764,-0.708059118333024,260.1210170471625,13.24782363367265,0.0,-780.0208980136675,1.2951307249507262,0.0
26.3,58.83756730815819,-779.9775778745562,-0.027849818272864632,-0.027849818272864632,-0.7073853841307616,261.72244365149544,13.329383430175474,0.0,-779.9775778745562,1.2945943259792654,0.0
26.4,58.95425274669826,-779.9306406814222,-0.027826872430038528,-0.027826872430038528,-0.7068025597229786,262.2414861529181,13.355817985888368,0.0,-779.9306406814222,1.3119160518170143,0.0
26.5,59.24992248061985,-780.0658457724476,-0.027801182639607295,-0.027801182639607295,-0.7061500390460252,263.55669017674285,13.42280062015497,0.0,-780.0658457724476,1.3186896126383714,0.0
26.6,59.43915444058584,-780.1141411924931,-0.027786870251986246,-0.027786870251986246,-0.7057865044004507,264.39843556570275,13.46567026053999,0.0,-780.1141411924931,1.3273472297250157,0.0
26.7,59.709274754791295,-779.9343092576514,-0.02777274508912109,-0.02777274508912109,-0.7054277252636757,265.59999014975773,13.526864789903627,0.0,-779.9343092576514,1.3327207728958983,0.0
26.8,59.88522594796249,-779.9938650873943,-0.027745268747094074,-0.027745268747094074,-0.7047298261761894,266.3826597662457,13.56672573293841,0.0,-779.9938650873943,1.3343516830287119,0.0
26.9,60.102293186048435,-779.9583059661343,-0.027727832662184766,-0.027727832662184766,-0.704286949619493,267.34822259604437,13.615901329057516,0.0,-779.9583059661343,1.3417442731858948,0.0
27.0,60.376575174917434,-780.0168723549006,-0.027709562095185564,-0.027709562095185564,-0.7038228772177133,268.56828922457123,13.678038666899475,0.0,-780.0168723549006,1.345925883336672,0.0
27.1,60.62923839520647,-779.924470205299,-0.02768503132294964,-0.02768503132294964,-0.7031997956029209,269.69219081432533,13.735278370986775,0.0,-779.924470205299,1.3500792714802419,0.0
27.2,60.88857772917089,-779.9104565482121,-0.027657912697974078,-0.027657912697974078,-0.7025109825285415,270.84578922645255,13.794030518281259,0.0,-779.9104565482121,1.3543835007620475,0.0
27.3,61.14648408323837,-780.061254593406,-0.02764483088547058,-0.02764483088547058,-0.7021787044909528,271.9930134287426,13.852458030493636,0.0,-780.061254593406,1.3591033170839697,0.0
27.4,61.478175417535844,-779.968403153406,-0.027624225216459408,-0.027624225216459408,-0.7016553204980689,273.4684494557913,13.927601194590848,0.0,-779.968403153406,1.368492975286543,0.0
27.5,61.66334364211819,-780.0331052956728,-0.027618220716090495,-0.027618220716090495,-0.7015028061886985,274.292118455743,13.969550214196229,0.0,-780.0331052956728,1.3722239287461264,0.0
27.6,61.82487274231163,-780.0836547659554,-0.02758618142751384,-0.02758618142751384,-0.7006890082588515,275.01063542980546,14.006143897621872,0.0,-780.0836547659554,1.37333464249435,0.0
27.7,62.124252616657785,-780.0177031669607,-0.02758305719337237,-0.02758305719337237,-0.7006096527116582,276.3423429744695,14.07396704733738,0.0,-780.0177031669607,1.3859764936652406,0.0
27.8,62.26219939176191,-779.9738748182057,-0.027536842614851596,-0.027536842614851596,-0.6994358024172305,276.9559605784232,14.105218262206424,0.0,-779.9738748182057,1.3822509762967583,0.0
27.9,62.63971643882442,-780.0717306667098,-0.0275330009614858,-0.0275330009614858,-0.6993382244217392,278.63523945750757,14.19074303323186,0.0,-780.0717306667098,1.3898690629780197,0.0
28.0,62.81245024166785,-780.0676191370484,-0.02749022031174113,-0.02749022031174113,-0.6982515959182246,279.40359741399175,14.229875091112387,0.0,-780.0676191370484,1.3968510447201006,0.0
28.1,62.91731632171858,-779.9405809492762,-0.027452805459285513,-0.027452805459285513,-0.697301258665852,279.87006480859503,14.253632024883881,0.0,-779.9405809492762,1.3920760572028685,0.0
28.2,63.29306881174395,-780.0013168098936,-0.027466279525941502,-0.027466279525941502,-0.6976434999589141,281.5414945497757,14.338757043533265,0.0,-780.0013168098936,1.404725480696267,0.0
28.3,63.530528814279855,-779.9827244642801,-0.027428574935010774,-0.027428574935010774,-0.6966858033492737,282.59776888225593,14.392552527744126,0.0,-779.9827244642801,1.4159453079253435,0.0
28.4,63.52773128876537,-780.0608430302276,-0.027417400950215765,-0.027417400950215765,-0.6964019841354804,282.5853248733119,14.391918761054844,0.0,-780.0608430302276,1.4209348769307153,0.0
28.5,63.89176732663162,-780.0362891016723,-0.027406572515775447,-0.027406572515775447,-0.6961269419006963,284.20463725766933,14.474389470724182,0.0,-780.0362891016723,1.4163081833234912,0.0
28.6,64.14363077181346,-779.9972622496817,-0.027388981458868998,-0.027388981458868998,-0.6956801290552725,285.3249812717961,14.531447989396286,0.0,-779.9972622496817,1.4232813446614692,0.0
28.7,64.27888832743852,-779.9940679995077,-0.02735451463208662,-0.02735451463208662,-0.694804671655,285.9266366358786,14.562089973816072,0.0,-779.9940679995077,1.4272663749971293,0.0
28.8,64.57034484523291,-779.9963535167029,-0.027325751533615248,-0.027325751533615248,-0.6940740889538273,287.2230993474619,14.628118123120036,0.0,-779.9963535167029,1.4365638648484103,0.0
28.9,64.81172411041605,-779.9234840253132,-0.027315728400500488,-0.027315728400500488,-0.6938195013727123,288.2968074224349,14.682801498468798,0.0,-779.9234840253132,1.4425930603449904,0.0
29.0,65.1432496378865,-779.9956252166951,-0.02731395013905774,-0.02731395013905774,-0.6937743335320666,289.77150590423946,14.757907099783012,0.0,-779.9956252166951,1.4403107704981468,0.0
29.1,65.362679543657,-780.0815568210679,-0.02728881945685354,-0.02728881945685354,-0.6931360142040799,290.7475783996859,14.807617947526655,0.0,-780.0815568210679,1.4548393614485993,0.0
29.2,65.75289753624806,-780.0485210705712,-0.027260242307355624,-0.027260242307355624,-0.6924101546068329,292.48335387868934,14.896020060030013,0.0,-780.0485210705712,1.4588268931197304,0.0
29.3,65.78255711111986,-780.0074362372831,-0.027223956604673673,-0.027223956604673673,-0.6914884977587112,292.6152861928256,14.90273930190097,0.0,-780.0074362372831,1.4633107225463484,0.0
29.4,66.1202898228348,-779.9401325033018,-0.02721425981730376,-0.02721425981730376,-0.6912421993595155,294.1175955957302,14.979251112591301,0.0,-779.9401325033018,1.4655755608058425,0.0
29.5,66.28119619171918,-780.0395380748782,-0.027193387053995557,-0.027193387053995557,-0.6907120311714872,294.83334252392905,15.015703719069469,0.0,-780.0395380748782,1.473151475298166,0.0
29.6,66.5275163096122,-780.0247401708741,-0.027164120339177558,-0.027164120339177558,-0.68996865661511,295.9290285987432,15.071506422141235,0.0,-780.0247401708741,1.4705567314164347,0.0
29.7,66.66440153670527,-780.0064610275793,-0.02715783703429953,-0.02715783703429953,-0.689809060671208,296.5379242036031,15.102517148133591,0.0,-780.0064610275793,1.4855588390676735,0.0
29.8,66.8470996261748,-780.0409846636996,-0.027136247942891534,-0.027136247942891534,-0.689260697749445,297.3506054991432,15.143906569857052,0.0,-780.0409846636996,1.4906505618592925,0.0
29.9,67.15760309708553,-780.0470598263623,-0.02711674114701509,-0.02711674114701509,-0.6887652251341833,298.7317932485178,15.214249719812468,0.0,-780.0470598263623,1.4942945065200257,0.0
30.0,67.49411013203348,-780.0174611320281,-0.02711226779482207,-0.02711226779482207,-0.6886516019884806,300.228650571514,15.290483859002494,0.0,-780.0174611320281,1.494244022946594,0.0
30.1,67.54945611584131,-779.9554739483256,-0.02708982140072964,-0.02708982140072964,-0.6880814635785328,300.4748416836076,15.303022240061502,0.0,-779.9554739483256,1800.0062132867395,0.0
30.2,67.4834422117745,-779.9813620168682,-0.027090379801030205,-0.027090379801030205,-0.6880956469461672,300.18119731525957,15.288067090158368,0.0,-779.9813620168682,1800.0055138023567,0.0
30.3,67.47631283366222,-780.0204246451002,-0.027084733764874216,-0.027084733764874216,-0.687952237627805,300.149484272953,15.286451961953295,0.0,-780.0204246451002,1799.990865554729,0.0
30.4,67.38613871252045,-779.9856350888552,-0.027106377220918267,-0.027106377220918267,-0.6885019814113239,299.7483699438077,15.266023424690994,0.0,-779.9856350888552,1800.0020193687565,0.0
30.5,67.54618435095269,-780.0709071466163,-0.027102646821305764,-0.027102646821305764,-0.6884072292611664,300.4602881535948,15.302281036597645,0.0,-780.0709071466163,1800.0007454935096,0.0
30.6,67.5333373565424,-779.9556827148635,-0.027085143493908403,-0.027085143493908403,-0.6879626447452734,300.40314189611905,15.299370608409424,0.0,-779.9556827148635,1799.987481781689,0.0
30.7,67.40690663992547,-779.9687504633526,-0.02709125757277208,-0.02709125757277208,-0.6881179423484108,299.84075025384925,15.270728304244932,0.0,-779.9687504633526,1800.0025258732235,0.0
30.8,67.43958005657136,-779.9911329393983,-0.027080737932071768,-0.027080737932071768,-0.6878507434746228,299.9860887992418,15.278130318270527,0.0,-779.9911329393983,1800.003173620525,0.0
30.9,67.37553098159727,-780.0886864646824,-0.027103118511352716,-0.027103118511352716,-0.6884192101883589,299.7011844229606,15.263620291467307,0.0,-780.0886864646824,1800.0035158832022,0.0
31.0,67.54165982474228,-779.9035011081916,-0.027092480158926725,-0.027092480158926725,-0.6881489960367387,300.44016206561514,15.301256025750707,0.0,-779.9035011081916,1800.000789043731,0.0
31.1,67.47011304537746,-780.1541436878846,-0.027101248163079718,-0.027101248163079718,-0.6883717033422247,300.12190625070895,15.285047428098238,0.0,-780.1541436878846,1799.9968268570865,0.0
31.2,67.43629600137851,-780.0567919363691,-0.02709139065567043,-0.02709139065567043,-0.6881213226540289,299.9714805992519,15.27738633049411,0.0,-780.0567919363691,1799.9975091038987,0.0
31.3,67.47014985772441,-780.0528370764263,-0.027099338636925072,-0.027099338636925072,-0.6883232013778968,300.1220700001269,15.28505576776811,0.0,-780.0528370764263,1800.0025005614991,0.0
31.4,67.47242418025874,-779.9712141572911,-0.027089128517916755,-0.027089128517916755,-0.6880638643550856,300.13218668711056,15.285571005200435,0.0,-779.9712141572911,1800.005715092377,0.0
31.5,67.41495496827476,-780.0821146305212,-0.027083674551477994,-0.027083674551477994,-0.687925333607541,299.87655098897915,15.272551616449153,0.0,-780.0821146305212,1799.9976256427956,0.0
31.6,67.3589729024817,-779.9944658925859,-0.027087735484076017,-0.027087735484076017,-0.6880284812955308,299.6275304442771,15.259869133907669,0.0,-779.9944658925859,1799.9986528670536,0.0
31.7,67.35612815674259,-780.0140919697368,-0.02711257091990946,-0.02711257091990946,-0.6886593013657002,299.61487638938553,15.259224669691138,0.0,-780.0140919697368,1800.0034066303322,0.0
31.8,67.32546727591408,-780.0210937243008,-0.02708508415259335,-0.02708508415259335,-0.6879611374758711,299.47849004606655,15.252278586507082,0.0,-780.0210937243008,1799.9895259363354,0.0
31.9,67.47381557255466,-779.9631205735219,-0.027090012767363697,-0.027090012767363697,-0.6880863242910379,300.13837590614907,15.285886218800563,0.0,-779.9631205735219,1800.0021910836656,0.0
32.0,67.5923318881688,-779.9343658863977,-0.02710491839592397,-0.02710491839592397,-0.6884649272564688,300.6655625515902,15.31273555139242,0.0,-779.9343658863977,1799.9988903031629,0.0
32.1,67.32811758651978,-779.9862658115734,-0.027103345850426577,-0.027103345850426577,-0.688424984600835,299.49027921070905,15.252879002327935,0.0,-779.9862658115734,1799.989334186205,0.0
32.2,67.45203390067206,-780.0202189173447,-0.027094405121733216,-0.027094405121733216,-0.6881978900920236,300.04148623764746,15.28095168004316,0.0,-780.0202189173447,1800.0037691528873,0.0
32.3,67.47042528984218,-780.1215365774034,-0.027088752895139616,-0.027088752895139616,-0.6880543235365462,300.1232951827818,15.285118165662428,0.0,-780.1215365774034,1799.9955650809202,0.0
32.4,67.37630159857686,-779.9319284061336,-0.0270989951980466,-0.0270989951980466,-0.6883144780303836,299.70461229682155,15.26379487124123,0.0,-779.9319284061336,1800.0038741445178,0.0
32.5,67.45649444960462,-780.0214670279317,-0.027110713305676326,-0.027110713305676326,-0.6886121179641786,300.06132774062024,15.281962197128609,0.0,-780.0214670279317,1800.0067219814116,0.0
32.6,67.36872702571466,-780.0999093267517,-0.027091672398206316,-0.027091672398206316,-0.6881284789144404,299.6709189303245,15.262078886189176,0.0,-780.0999093267517,1799.9939618582014,0.0
32.7,67.52366578894399,-779.9981327486527,-0.027092790102596746,-0.027092790102596746,-0.6881568686059573,300.36012063569643,15.297179558731674,0.0,-779.9981327486527,1799.9941906929384,0.0
32.8,67.4026296548072,-779.932896267647,-0.027070076860619453,-0.027070076860619453,-0.687579952259734,299.8217252831065,15.269759372707231,0.0,-779.932896267647,1799.9999690974942,0.0
32.9,67.44948948456852,-780.013268434469,-0.02710737378261619,-0.02710737378261619,-0.6885272940784513,300.0301681150474,15.28037525414043,0.0,-780.013268434469,1799.9915093548539,0.0
33.0,67.48885452506809,-780.0651988134432,-0.02706925068341072,-0.02706925068341072,-0.6875589673586322,300.20527247549836,15.289293225133605,0.0,-780.0651988134432,1800.00358078779,0.0
33.1,67.41371923808677,-779.8919499879793,-0.027077041165503246,-0.027077041165503246,-0.6877568456037824,299.87105418924233,15.272271667392019,0.0,-779.8919499879793,1800.0009427035445,0.0
33.2,67.32190196374003,-779.9748826454347,-0.02709145696080699,-0.02709145696080699,-0.6881230068044975,299.46263075314766,15.251470881240012,0.0,-779.9748826454347,1800.0048128117965,0.0
33.3,67.40687810007584,-779.9883894373144,-0.027077898347811952,-0.027077898347811952,-0.6877786180344235,299.8406233023194,15.270721838671728,0.0,-779.9883894373144,1799.9911244693033,0.0
33.4,67.49416588664542,-779.9543461957699,-0.027093522585070924,-0.027093522585070924,-0.6881754736608015,300.2288985802939,15.290496489956398,0.0,-779.9543461957699,1800.0010257200368,0.0
33.5,67.43700630877339,-780.1154703506475,-0.02708470981693796,-0.02708470981693796,-0.6879516293502241,299.974640202812,15.277547247405753,0.0,-780.1154703506475,1800.0023032954007,0.0
33.6,67.45820502474905,-780.009164257738,-0.027101825847290203,-0.027101825847290203,-0.6883863765211711,300.0689367551892,15.282349720152238,0.0,-780.009164257738,1799.9912994235083,0.0
33.7,67.36984219708748,-780.013910736465,-0.027093691209514364,-0.027093691209514364,-0.6881797567216648,299.6758794579285,15.262331523194726,0.0,-780.013910736465,1800.0043992281671,0.0
33.8,67.45236676091665,-779.8908183464853,-0.027104634142012755,-0.027104634142012755,-0.688457707207124,300.04296687324467,15.281027088018572,0.0,-779.8908183464853,1799.9933501706073,0.0
33.9,67.4918169733007,-780.0339710111137,-0.02711024289856018,-0.02711024289856018,-0.6886001696234285,300.21845009697563,15.28996435431503,0.0,-780.0339710111137,1800.000945398608,0.0
34.0,67.44516557322865,-780.0333410255713,-0.027097204794472234,-0.027097204794472234,-0.6882690017795947,300.01093440614716,15.279395691680527,0.0,-780.0333410255713,1799.9936589997556,0.0
34.1,67.57138908981482,-780.0756980404119,-0.027101077127460363,-0.027101077127460363,-0.6883673590374931,300.57240437709606,15.307991055619864,0.0,-780.0756980404119,1800.00390721103,0.0
34.2,67.42869325854429,-780.0468841841202,-0.02708876006595042,-0.02708876006595042,-0.6880545056751406,299.93766192652186,15.27566396366294,0.0,-780.0468841841202,1800.0083788751888,0.0
34.3,67.37247594073557,-780.0156262164261,-0.027081780149894305,-0.027081780149894305,-0.6878772158073153,299.6875949290988,15.26292818584664,0.0,-780.0156262164261,1800.000382984048,0.0
34.4,67.33360810105978,-779.991879858385,-0.027096179718791594,-0.027096179718791594,-0.6882429648573064,299.51470222729614,15.254122853440087,0.0,-779.991879858385,1800.000250247232,0.0
34.5,67.52040181631254,-780.0151820292622,-0.027093898866521502,-0.027093898866521502,-0.6881850312096461,300.3456017673578,15.296440120568258,0.0,-780.0151820292622,1800.006438317157,0.0
34.6,67.43872706989785,-779.9035707270825,-0.027092608994857506,-0.027092608994857506,-0.6881522684693806,299.98229452686104,15.277937078016858,0.0,-779.9035707270825,1799.997937184662,0.0
34.7,67.51093393176568,-779.9801327573565,-0.027111267871041105,-0.027111267871041105,-0.6886262039244441,300.30348653395873,15.294295214360005,0.0,-779.9801327573565,1800.0003696900862,0.0
34.8,67.47357385103066,-779.9726967095072,-0.02709179737834816,-0.02709179737834816,-0.6881316534100432,300.13730067563165,15.285831457888039,0.0,-779.9726967095072,1800.0041289051392,0.0
34.9,67.55230750438888,-779.935721594275,-0.027094374683837796,-0.027094374683837796,-0.6881971169694799,300.48752528717273,15.303668209176099,0.0,-779.935721594275,1800.0022115049821,0.0
35.0,67.52809712847574,-779.9728789198859,-0.027094951418331927,-0.027094951418331927,-0.6882117660256309,300.37983220882836,15.298183458560139,0.0,-779.9728789198859,1800.0078347362091,0.0
35.1,67.41724411817525,-780.0313816591051,-0.02710549193865652,-0.02710549193865652,-0.6884794952418756,299.8867336313495,15.273070212953883,0.0,-780.0313816591051,1800.0060243909131,0.0
35.2,67.4611789592858,-780.0832189092921,-0.02711430698942083,-0.02711430698942083,-0.6887033975312891,300.0821654702743,15.283023451503654,0.0,-780.0832189092921,1800.0095846212762,0.0
35.3,67.51590784579044,-779.9867473384104,-0.02709699079237565,-0.02709699079237565,-0.6882635661263414,300.3256115978019,15.295422031973613,0.0,-779.9867473384104,1800.0001533000175,0.0
35.4,67.35934316575695,-780.046932389257,-0.02709132662147169,-0.02709132662147169,-0.6881196961853808,299.6291774567834,15.259953015369664,0.0,-780.046932389257,1800.005727878806,0.0
35.5,67.54055977278962,-779.9381165552065,-0.027081079058627423,-0.027081079058627423,-0.6878594080891365,300.43526879251823,15.301006813981065,0.0,-779.9381165552065,1799.9963076761364,0.0
35.6,67.52444753242727,-780.0437497918118,-0.027083176429105824,-0.027083176429105824,-0.6879126812992878,300.36359800269366,15.297356659164432,0.0,-780.0437497918118,1800.0047331764226,0.0
35.7,67.50899860146158,-780.1177409496997,-0.027079935011866438,-0.027079935011866438,-0.6878303493014075,300.29487775899344,15.293856774076568,0.0,-780.1177409496997,1800.0089008282189,0.0
35.8,67.42915601110666,-780.0027321732737,-0.027090788677752966,-0.027090788677752966,-0.6881060324149253,299.9397203517249,15.275768798152527,0.0,-780.0027321732737,1800.0118286255988,0.0
35.9,67.46308462978963,-779.9504674136839,-0.02708292651418588,-0.02708292651418588,-0.6879063334603214,300.09064231192286,15.283455172494161,0.0,-779.9504674136839,1799.9942813529703,0.0
36.0,67.36735778080431,-780.0153329290891,-0.027096548298136198,-0.027096548298136198,-0.6882523267726594,299.66482822772934,15.261768689978576,0.0,-780.0153329290891,1799.9995629501343,0.0
36.1,67.44661600643643,-779.9955793737265,-0.027088203855087763,-0.027088203855087763,-0.6880403779192291,300.01738625215063,15.279724280730868,0.0,-779.9955793737265,1800.0038923988932,0.0
36.2,67.4030929548377,-779.9970060180941,-0.027085170043432368,-0.027085170043432368,-0.6879633191031821,299.82378614356816,15.26986433122323,0.0,-779.9970060180941,1799.9961409858956,0.0
36.3,67.44854552823438,-779.9174980540264,-0.027067594940808567,-0.027067594940808567,-0.6875169114965376,300.02596918960273,15.280161405123643,0.0,-779.9174980540264,1800.0031120215183,0.0
36.4,67.4093484857223,-779.9895586949567,-0.027092061885123402,-0.027092061885123402,-0.6881383718821343,299.8516121211597,15.271281493310907,0.0,-779.9895586949567,1800.0030771116708,0.0
36.5,67.46184789726581,-780.0069519448899,-0.027107213885465935,-0.027107213885465935,-0.6885232326908347,300.08514105357574,15.2831749963624,0.0,-780.0069519448899,1799.9980765006603,0.0
36.6,67.52224477496627,-780.036133728849,-0.02708071085933412,-0.02708071085933412,-0.6878500558270866,300.3537996529005,15.296857634474176,0.0,-780.036133728849,1799.997832375845,0.0
36.7,67.35438423567754,-780.0882049173638,-0.02710240117927235,-0.02710240117927235,-0.6884009899535176,299.6071190448256,15.258829592300767,0.0,-780.0882049173638,1799.9959522779245,0.0
36.8,67.5051182861138,-779.9335013443483,-0.02709509496095608,-0.02709509496095608,-0.6882154120082844,300.27761726265715,15.292977706272326,0.0,-779.9335013443483,1800.0019491331625,0.0
36.9,67.30837418768513,-779.946668104594,-0.02709743033618398,-0.02709743033618398,-0.6882747305390731,299.4024562291448,15.248406225064668,0.0,-779.946668104594,1800.006648736077,0.0
37.0,67.29696148006211,-780.0533358242998,-0.02710356575474575,-0.02710356575474575,-0.6884305701705421,299.3516899948419,15.245820728028615,0.0,-780.0533358242998,1800.0018818300057,0.0
37.1,67.43465687332923,-779.9740743546749,-0.02708114046337134,-0.02708114046337134,-0.687860967769632,299.9641893970806,15.277014993485132,0.0,-779.9740743546749,1800.0140134278033,0.0
37.2,67.44316126776367,-779.9884096936793,-0.0270885275780926,-0.0270885275780926,-0.688048600483552,300.00201881449175,15.278941625387915,0.0,-779.9884096936793,1799.9932298728927,0.0
37.3,67.47257110846445,-780.0243349155706,-0.027100608443300638,-0.027100608443300638,-0.6883554544598361,300.13284025609374,15.285604291117583,0.0,-780.0243349155706,1799.9976333076625,0.0
37.4,67.33160329726267,-780.020911770578,-0.02709379480196071,-0.02709379480196071,-0.688182387969802,299.50578441894976,15.253668674252596,0.0,-780.020911770578,1800.0037547620757,0.0
37.5,67.43866499570085,-779.9667769431743,-0.027098820545188237,-0.027098820545188237,-0.6883100418477812,299.98201840717644,15.277923015389682,0.0,-779.9667769431743,1799.9948852568723,0.0
37.6,67.45124058818321,-780.066227659286,-0.02708833623291324,-0.02708833623291324,-0.6880437403159962,300.0379574091683,15.280771958704777,0.0,-780.066227659286,1800.0021704873886,0.0
37.7,67.52736184247887,-780.0314995908508,-0.027098273759886136,-0.027098273759886136,-0.6882961535011078,300.3765614949514,15.298016882859757,0.0,-780.0314995908508,1800.0044523940858,0.0
37.8,67.43570419726274,-780.0089854817716,-0.027102149823432786,-0.027102149823432786,-0.6883946055151927,299.968848124348,15.2772522599617,0.0,-780.0089854817716,1800.0013438030514,0.0
37.9,67.47838405575634,-780.0054395216195,-0.027100931263973387,-0.027100931263973387,-0.688363654104924,300.15869752449646,15.28692118790407,0.0,-780.0054395216195,1799.9993703593912,0.0
38.0,67.37678719463098,-780.015759520396,-0.02709885672553009,-0.02709885672553009,-0.6883109608284642,299.7067723349014,15.263904880820036,0.0,-780.015759520396,1800.0050703433965,0.0
38.1,67.43005822775402,-779.9940103187511,-0.027091594516994152,-0.027091594516994152,-0.6881265007316514,299.94373360986,15.275973191233,0.0,-779.9940103187511,1800.0025131158802,0.0
38.2,67.41265931173783,-779.9781267916655,-0.027103676940113473,-0.027103676940113473,-0.6884333942788822,299.86633940365846,15.272031545895516,0.0,-779.9781267916655,1800.0040158154413,0.0
38.3,67.49014017148397,-780.050434323606,-0.027095381885829568,-0.027095381885829568,-0.688222699900071,300.21099131359847,15.289584482485278,0.0,-780.050434323606,1800.003143941049,0.0
38.4,67.37601877083351,-780.0007590740024,-0.027090052378632955,-0.027090052378632955,-0.688087330417277,299.70335421679704,15.263730797901554,0.0,-780.0007590740024,1799.9971830204954,0.0
38.5,67.38643845467647,-780.0318607913307,-0.027071115437293042,-0.027071115437293042,-0.6876063321072432,299.749703262861,15.266091329913978,0.0,-780.0318607913307,1799.9950804595264,0.0
38.6,67.48155362157539,-779.9285301856189,-0.027085925734226014,-0.027085925734226014,-0.6879825136493407,300.1727964505641,15.28763923863326,0.0,-779.9285301856189,1799.9986100456022,0.0
38.7,67.56339187329918,-780.0764393477132,-0.027124325839524482,-0.027124325839524482,-0.6889578763239218,300.5368309986469,15.306179322569232,0.0,-780.0764393477132,1800.0013389888093,0.0
38.8,67.46851796879625,-780.0169770243167,-0.027099598949045803,-0.027099598949045803,-0.6883298133057634,300.11481099915886,15.284686070749114,0.0,-780.0169770243167,1799.9995320155451,0.0
38.9,67.4631803481007,-779.9695649159839,-0.027098457441384623,-0.027098457441384623,-0.6883008190111694,300.0910680880285,15.28347685704245,0.0,-779.9695649159839,1800.0050966203976,0.0
39.0,67.41936263987024,-780.0194904761261,-0.027091284335664784,-0.027091284335664784,-0.6881186221258855,299.89615728192365,15.273550154414242,0.0,-780.0194904761261,1800.0017079987947,0.0
39.1,67.51611376430766,-780.0219124062907,-0.02707879432986877,-0.02707879432986877,-0.6878013759786668,300.3265275686686,15.295468681877697,0.0,-780.0219124062907,1800.005206413745,0.0
39.2,67.4791208813856,-780.0323119603794,-0.027087067435810477,-0.027087067435810477,-0.6880115128695861,300.161975086997,15.287088112401172,0.0,-780.0323119603794,1800.0010263576737,0.0
39.3,67.5595986295211,-779.989040494072,-0.027117517288580417,-0.027117517288580417,-0.6887849391299425,300.51995781580837,15.305319980433325,0.0,-779.989040494072,1799.996920645303,0.0
39.4,67.4650114996793,-780.0639523267529,-0.0270914184146903,-0.0270914184146903,-0.6881220277331336,300.09921345310346,15.283891696109164,0.0,-780.0639523267529,1800.004577095645,0.0
39.5,67.37872608024483,-780.0089728604364,-0.027093407557209924,-0.027093407557209924,-0.688172551953132,299.71539692466666,15.264344126542737,0.0,-780.0089728604364,1800.0028802331617,0.0
39.6,67.40426902216014,-780.0099303587064,-0.027090358370742973,-0.027090358370742973,-0.6880951026168715,299.8290175497532,15.27013076392937,0.0,-780.0099303587064,1799.996304701453,0.0
39.7,67.37611418366771,-780.0789919843218,-0.027080899499540758,-0.027080899499540758,-0.6878548472883352,299.70377863407435,15.263752413245445,0.0,-780.0789919843218,1799.998414588258,0.0
39.8,67.35834867253122,-779.9907638244204,-0.027105396704146974,-0.027105396704146974,-0.6884770762853331,299.62475373212686,15.2597277174498,0.0,-779.9907638244204,1800.0141163140852,0.0
39.9,67.52793594470586,-780.0281932215381,-0.027083457487522836,-0.027083457487522836,-0.68791982018308,300.3791152279595,15.298146943109726,0.0,-780.0281932215381,1799.9838093770554,0.0
40.0,67.49715640692894,-779.9888022256732,-0.027111026827435467,-0.027111026827435467,-0.6886200814168608,300.24220107242945,15.291173978733354,0.0,-779.9888022256732,1800.0059411223351,0.0
40.1,67.35916988981148,-779.9607322842111,-0.02709397996460894,-0.02709397996460894,-0.688187091101067,299.62840668725727,15.259913760491838,0.0,-779.9607322842111,1800.0006724855523,0.0
40.2,67.56284450968413,-779.9868705000615,-0.02709068221652775,-0.02709068221652775,-0.6881033282998048,300.5343962048671,15.306055319830257,0.0,-779.9868705000615,1800.00003866979,0.0
40.3,67.45920125754792,-780.0641309111428,-0.027071642866653478,-0.027071642866653478,-0.6876197288129983,300.0733682178498,15.28257541216449,0.0,-780.0641309111428,1799.998900764864,0.0
40.4,67.37817203362691,-779.987804382429,-0.027101511498954206,-0.027101511498954206,-0.6883783920734368,299.71293240341987,15.264218609799839,0.0,-779.987804382429,1799.9978370565966,0.0
40.5,67.4687552734424,-780.0851799187478,-0.027111427541551734,-0.027111427541551734,-0.688630259555414,300.1158665824319,15.284739831038038,0.0,-780.0851799187478,1800.0119711410334,0.0
40.6,67.43804077212761,-780.0428163082764,-0.027087616934694515,-0.027087616934694515,-0.6880254701412406,299.9792417233935,15.277781600376546,0.0,-780.0428163082764,1799.998149864121,0.0
40.7,67.39059749152538,-779.9192153753147,-0.02710110049827688,-0.02710110049827688,-0.6883679526562327,299.76820357375306,15.267033540807386,0.0,-779.9192153753147,1799.9988197047342,0.0
40.8,67.31167067102643,-780.0035493151155,-0.02707884993244073,-0.02707884993244073,-0.6878027882839945,299.41711971227323,15.249153028381626,0.0,-780.0035493151155,1800.0042501238297,0.0
40.9,67.44518390981726,-779.9247519389166,-0.027101568755712072,-0.027101568755712072,-0.6883798463950866,300.01101597132737,15.279399845751328,0.0,-779.9247519389166,1800.002182024941,0.0
41.0,67.46240041058456,-780.0128358915339,-0.027103260893068117,-0.027103260893068117,-0.6884228266839301,300.08759875437045,15.283300165743338,0.0,-780.0128358915339,1799.99940316276,0.0
41.1,67.26876745885774,-780.0031011820752,-0.027082043206803224,-0.027082043206803224,-0.6878838974528019,299.2262767858402,15.239433500679407,0.0,-780.0031011820752,1799.9988687564883,0.0
41.2,67.48013187269267,-780.0600825220529,-0.027093633880160426,-0.027093633880160426,-0.6881783005560748,300.166472198749,15.287317147886373,0.0,-780.0600825220529,1799.993706987678,0.0
41.3,67.48436228302154,-779.9556732111234,-0.027084480349961984,-0.027084480349961984,-0.6879458008890343,300.1852899945821,15.288275528117243,0.0,-779.9556732111234,1800.0055893334118,0.0
41.4,67.41102313234951,-780.0134474040678,-0.027108790339537968,-0.027108790339537968,-0.6885632746242644,299.8590613177798,15.271660876892271,0.0,-780.0134474040678,1799.9950352818398,0.0
41.5,67.45026930243411,-779.9715902236551,-0.027077977301187276,-0.027077977301187276,-0.6877806234501568,300.0336369164734,15.280551918333252,0.0,-779.9715902236551,1799.9882798121837,0.0
41.6,67.42377907372237,-779.9810908782977,-0.027100377241983355,-0.027100377241983355,-0.6883495819463772,299.91580255131333,15.27455067742874,0.0,-779.9810908782977,1800.0053997362375,0.0
41.7,67.38625095661389,-779.9759652964158,-0.027086293769317593,-0.027086293769317593,-0.6879918617406668,299.74886923022905,15.266048853080164,0.0,-779.9759652964158,1800.003923874601,0.0
41.8,67.41842433734242,-779.9863808588184,-0.02710453758502791,-0.02710453758502791,-0.6884552546597089,299.89198350585326,15.27333758624157,0.0,-779.9863808588184,1800.0018943227249,0.0
41.9,67.53386324201645,-780.0047332797188,-0.02710999508000637,-0.02710999508000637,-0.6885938750321617,300.4054811504024,15.29948974537318,0.0,-780.0047332797188,1799.9976323958206,0.0
42.0,67.34487387624056,-780.0027246621336,-0.027097056425372502,-0.027097056425372502,-0.6882652332044615,299.5648148737708,15.256675063599223,0.0,-780.0027246621336,1800.0060748909618,0.0
42.1,67.45870430964027,-780.0376382723774,-0.027092743566455565,-0.027092743566455565,-0.6881556865879713,300.071157684228,15.282462830874866,0.0,-780.0376382723774,1799.9948379587738,0.0
42.2,67.4551248199694,-780.1101497151277,-0.02707872170773197,-0.02707872170773197,-0.687799531376392,300.0552353266843,15.281651913760339,0.0,-780.1101497151277,1799.9893556399343,0.0
42.3,67.39498291648928,-779.9775729235931,-0.027090987710606224,-0.027090987710606224,-0.688111087849398,299.787710908786,15.26802703889921,0.0,-779.9775729235931,1800.000968652783,0.0
42.4,67.41300975183702,-779.8967657966596,-0.027087333031768402,-0.027087333031768402,-0.6880182590069174,299.8678982383165,15.27211093650708,0.0,-779.8967657966596,1800.0041479554295,0.0
42.5,67.34825974858413,-779.947336457857,-0.027087899014878118,-0.027087899014878118,-0.6880326349779041,299.57987597884687,15.25744211758833,0.0,-779.947336457857,1800.0032294455768,0.0
42.6,67.38524878336555,-779.8835689520348,-0.02706338664325782,-0.02706338664325782,-0.6874100207387486,299.74441134314236,15.265821815286088,0.0,-779.8835689520348,1800.010433299507,0.0
42.7,67.44371581194189,-779.9771149151567,-0.02710266962217953,-0.02710266962217953,-0.68840780840336,300.0044855489961,15.279067254850832,0.0,-779.9771149151567,1800.0042718539123,0.0
42.8,67.46474202512789,-780.0502043607185,-0.027081936617215238,-0.027081936617215238,-0.687881190077267,300.0980147710144,15.283830647874426,0.0,-780.0502043607185,1799.9990178891571,0.0
42.9,67.38211845621372,-780.0512866928661,-0.027095980746354754,-0.027095980746354754,-0.6882379109574107,299.730486959299,15.2651126538986,0.0,-780.0512866928661,1799.99918650388,0.0
43.0,67.64883542958148,-779.9634415903174,-0.027091880389444285,-0.027091880389444285,-0.6881337618918848,300.91690273457294,15.325536171865185,0.0,-779.9634415903174,1800.0045541180652,0.0
43.1,67.40424183944855,-779.9837533445158,-0.027099955712939522,-0.027099955712939522,-0.6883388751086639,299.8288966350718,15.270124605809615,0.0,-779.9837533445158,1799.9998288901231,0.0
43.2,67.45129490025822,-780.0092994193199,-0.027082864113641743,-0.027082864113641743,-0.6879047484865003,300.0381990012266,15.280784262858496,0.0,-780.0092994193199,1799.9994667658507,0.0
43.3,67.42715647509768,-779.9632642252978,-0.02710703680363822,-0.02710703680363822,-0.6885187348124108,299.930825975659,15.27531581235849,0.0,-779.9632642252978,1799.9913851829344,0.0
43.4,67.41574518899803,-780.0450320388285,-0.027107710969114303,-0.027107710969114303,-0.6885358586155033,299.8800660646048,15.272730637362098,0.0,-780.0450320388285,1799.9985856370804,0.0
43.5,67.53045503075171,-779.9741521439967,-0.027096566461206333,-0.027096566461206333,-0.6882527881146409,300.3903206768904,15.298717630603024,0.0,-779.9741521439967,1799.993689431331,0.0
43.6,67.4104150841847,-780.014779544744,-0.02710606859056394,-0.02710606859056394,-0.688494142200324,299.8563565857721,15.27152312634439,0.0,-780.014779544744,1800.0012816710448,0.0
43.7,67.53270221447222,-779.9924883815884,-0.027087455410418296,-0.027087455410418296,-0.6880213674246247,300.4003166444596,15.299226719860433,0.0,-779.9924883815884,1800.0007819245784,0.0
43.8,67.51971460151107,-779.9402853903591,-0.02708526923533115,-0.02708526923533115,-0.6879658385774111,300.34254488473357,15.296284435178688,0.0,-779.9402853903591,1800.0036489995093,0.0
43.9,67.372184930426,-780.007312008249,-0.02710201815174134,-0.02710201815174134,-0.68839126105423,299.68630045121955,15.26286225878378,0.0,-780.007312008249,1800.0089919378167,0.0
44.0,67.51254390479619,-779.9305725530303,-0.02708664982925347,-0.02708664982925347,-0.6880009056630381,300.3106480481925,15.294659946432008,0.0,-779.9305725530303,1799.9992195978693,0.0
44.1,67.39884416113398,-779.9328986305495,-0.02710110863412977,-0.02710110863412977,-0.6883681593068961,299.8048865744394,15.268901786322353,0.0,-779.9328986305495,1800.0072790357638,0.0
44.2,67.62726160526204,-780.0384787544484,-0.027094930506355457,-0.027094930506355457,-0.6882112348614285,300.8209376177587,15.320648720028453,0.0,-780.0384787544484,1799.9944922821992,0.0
44.3,67.4166859754719,-779.8823509243475,-0.027094420574401236,-0.027094420574401236,-0.6881982825897913,299.88425088981364,15.272943768261452,0.0,-779.8823509243475,1800.0008892812452,0.0
44.4,67.37924880732942,-780.0626338292558,-0.02707572365517791,-0.02707572365517791,-0.687723380841519,299.7177221297389,15.26446254798772,0.0,-780.0626338292558,1800.0048504255215,0.0
44.5,67.31381926226972,-780.0049013384071,-0.02709449246560604,-0.02709449246560604,-0.6882001086263934,299.4266771188134,15.249639781961466,0.0,-780.0049013384071,1800.0098298728817,0.0
44.6,67.3555009535113,-779.9624878107784,-0.027103607805363302,-0.027103607805363302,-0.6884316382562279,299.612086451428,15.259082579650013,0.0,-779.9624878107784,1799.9946252016198,0.0
44.7,67.4035468853531,-780.1152008999406,-0.02710366365981453,-0.02710366365981453,-0.688433056959289,299.82580532636536,15.269967167118173,0.0,-780.1152008999406,1799.9988300347977,0.0
44.8,67.3753977229314,-779.9473964898085,-0.027082488219548922,-0.027082488219548922,-0.6878952007765426,299.7005916590979,15.263590102322274,0.0,-779.9473964898085,1800.0008086728842,0.0
44.9,67.35984144919848,-779.942012718851,-0.027111178315575094,-0.027111178315575094,-0.6886239292156073,299.6313939311537,15.26006589921842,0.0,-779.942012718851,1799.9996028664445,0.0
45.0,67.39581182607208,-780.0052882976149,-0.027099190625884045,-0.027099190625884045,-0.6883194418974546,299.79139808097034,15.268214824597418,0.0,-780.0052882976149,1799.9953533056369,0.0
45.1,67.42877728099336,-779.9857639526786,-0.027098290320144238,-0.027098290320144238,-0.6882965741316636,299.9380356768603,15.27568299856686,0.0,-779.9857639526786,-0.008031900066388884,0.0
45.2,66.85921586209533,-779.9886092794552,-0.027178644954650756,-0.027178644954650756,-0.6903375818481292,297.4045011820897,15.14665144803105,0.0,-779.9886092794552,-0.006003795665415626,0.0
45.3,65.96535366343196,-780.0100729563858,-0.02721848405962387,-0.02721848405962387,-0.6913494951144462,293.4284054727513,14.944151029933858,0.0,-780.0100729563858,-0.0003045238049182528,0.0
45.4,65.36178485091659,-779.9451933127071,-0.027263421524370893,-0.027263421524370893,-0.6924909067190207,290.7435986095442,14.807415258953105,0.0,-779.9451933127071,-0.006585922994410861,0.0
45.5,64.65341637716385,-780.0183343545922,-0.027330791503014797,-0.027330791503014797,-0.6942021041765758,287.59261979722777,14.646937601081119,0.0,-780.0183343545922,0.00893869699768045,0.0
45.6,63.93432440620758,-780.0016814136247,-0.02740175401065018,-0.02740175401065018,-0.6960045518705145,284.3939405101807,14.484030583660845,0.0,-780.0016814136247,0.006219890848449028,0.0
45.7,63.269878922631,-779.9809278271846,-0.027445495324847823,-0.027445495324847823,-0.6971155812511347,281.43834082122567,14.333503479563312,0.0,-779.9809278271846,-0.0093994655124732,0.0
45.8,62.61294592799692,-779.9563697898557,-0.027506884187479024,-0.027506884187479024,-0.6986748583619672,278.51615833583446,14.184678295688029,0.0,-779.9563697898557,-0.002362818137780853,0.0
45.9,62.0411510196106,-779.9435713737746,-0.0275514562688513,-0.0275514562688513,-0.699806989228823,275.9726887884523,14.055140758260874,0.0,-779.9435713737746,0.006699561568172458,0.0
46.0,61.298475020252404,-780.0743586457048,-0.027638776276095133,-0.027638776276095133,-0.7020249174128164,272.66910255458714,13.88689088640627,0.0,-780.0743586457048,0.007319157918227551,0.0
46.1,60.59402955861395,-780.102438600342,-0.027694891735219117,-0.027694891735219117,-0.7034502500745655,269.53557416321775,13.727301969096905,0.0,-780.102438600342,0.005662124688916945,0.0
46.2,59.99030042917422,-780.0064360987969,-0.027750245360266906,-0.027750245360266906,-0.7048562321507794,266.85005417506136,13.59052987904565,0.0,-780.0064360987969,-0.007041529477026521,0.0
46.3,59.28676964811613,-780.0022217423011,-0.0278116946748059,-0.0278116946748059,-0.7064170447400698,263.72059448414313,13.431148178464126,0.0,-780.0022217423011,-0.0017391811417460895,0.0
46.4,58.57153242258853,-780.0543415122347,-0.027869095671452765,-0.027869095671452765,-0.7078750300549002,260.5390619528068,13.269114436099148,0.0,-780.0543415122347,0.006467243003593508,0.0
46.5,57.931272133288346,-779.9840190436882,-0.02793068545731532,-0.02793068545731532,-0.7094394106158092,257.6910433287359,13.12406637783223,0.0,-779.9840190436882,0.0006040162482892179,0.0
46.6,57.16824915356084,-779.9676086405192,-0.027996211556550805,-0.027996211556550805,-0.7111037735363904,254.29694924985242,12.951206990061237,0.0,-779.9676086405192,-0.0021863108644458317,0.0
46.7,56.58518821410277,-779.9801466960879,-0.028064958452005684,-0.028064958452005684,-0.7128499446809443,251.70336591773622,12.819117184504009,0.0,-779.9801466960879,0.0026033004594591407,0.0
46.8,55.89312713159966,-779.9158928486415,-0.02811417550522985,-0.02811417550522985,-0.7141000578328381,248.62492596932427,12.662333891995123,0.0,-779.9158928486415,0.005001037508637443,0.0
46.9,55.15259006344351,-780.0520528978034,-0.02818214329382286,-0.02818214329382286,-0.7158264396631007,245.3308541720107,12.494568585281929,0.0,-780.0520528978034,0.0007798395863953771,0.0
47.0,54.41691273677817,-779.9983857707768,-0.02823838940094726,-0.02823838940094726,-0.7172550907840604,242.0583995739914,12.327904230913745,0.0,-779.9983857707768,0.0013109738131599352,0.0
47.1,53.920435298166936,-779.9017541211641,-0.02829300284344652,-0.02829300284344652,-0.7186422722235415,239.84995870201215,12.215429523912,0.0,-779.9017541211641,0.005443262808783166,0.0
47.2,53.14303174475681,-779.9651402938467,-0.02834214476486956,-0.02834214476486956,-0.7198904770276868,236.39189666766214,12.03931228253945,0.0,-779.9651402938467,-0.0027253011873426235,0.0
47.3,52.66122467648796,-780.0562490346351,-0.02839834663478049,-0.02839834663478049,-0.7213180045234244,234.2487128304473,11.930161081255273,0.0,-780.0562490346351,-0.004475232887310975,0.0
47.4,51.730131958821815,-779.9893585300393,-0.028476920150607803,-0.028476920150607803,-0.7233137718254382,230.10700758187036,11.719226258307632,0.0,-779.9893585300393,0.0039015094630593097,0.0
47.5,51.15047820865001,-779.939813346552,-0.02852315348388606,-0.02852315348388606,-0.7244880984907058,227.52858017728113,11.587908335995982,0.0,-779.939813346552,-0.005900205711903509,0.0
47.6,50.38243578195918,-779.8940059497521,-0.028577859550693124,-0.028577859550693124,-0.7258776325876053,224.11215849402646,11.413911815331115,0.0,-779.8940059497521,0.002558844958596556,0.0
47.7,49.74758928921851,-779.9660387809082,-0.028646007526457348,-0.028646007526457348,-0.7276085911720166,221.28822162808757,11.270090228066593,0.0,-779.9660387809082,-0.0035651560569560786,0.0
47.8,49.105447919721115,-779.9404601094684,-0.028721634541722895,-0.028721634541722895,-0.7295295173597615,218.43183554546187,11.124616019631365,0.0,-779.9404601094684,0.004268566480100695,0.0
47.9,48.31409480827899,-780.0560241562032,-0.028786449392395424,-0.028786449392395424,-0.7311758145668438,214.91172280808277,10.94533856929375,0.0,-780.0560241562032,-0.005862617608468436,0.0
48.0,47.68001245031802,-780.0123279087089,-0.02881661741776679,-0.02881661741776679,-0.7319420824112765,212.09118498175363,10.801690093290228,0.0,-780.0123279087089,0.005741614625099887,0.0
48.1,47.0163776901611,-779.9391542612038,-0.02887506227673886,-0.02887506227673886,-0.733426581829167,209.1391915689284,10.651346654898314,0.0,-779.9391542612038,0.001493944021322614,0.0
48.2,46.33193728989667,-780.0484517821668,-0.028941115562410365,-0.028941115562410365,-0.7351043352852232,206.0946500916642,10.496289793311137,0.0,-780.0484517821668,-0.0014475342089979313,0.0
48.3,45.68327068780613,-780.0029372331092,-0.029014083603500548,-0.029014083603500548,-0.7369577235289139,203.20923833891297,10.349337323092078,0.0,-780.0029372331092,-0.004233477892995974,0.0
48.4,45.03097170349245,-780.0945715328071,-0.029048678185590517,-0.029048678185590517,-0.7378364259139991,200.30766895090918,10.201561953191197,0.0,-780.0945715328071,-0.0007072628505086694,0.0
48.5,44.33678762996287,-779.9247997516826,-0.029110727050568858,-0.029110727050568858,-0.739412467084449,197.21978547135345,10.044297706715225,0.0,-779.9247997516826,-0.004552170955428067,0.0
48.6,43.617064287785766,-780.0065419507998,-0.029182984125575785,-0.029182984125575785,-0.7412477967896249,194.0182977062144,9.88124765501474,0.0,-780.0065419507998,-0.005924560456732562,0.0
48.7,42.894658767970654,-779.9711854996312,-0.029244413985484552,-0.029244413985484552,-0.7428081152313076,190.80487902486243,9.717589968162079,0.0,-779.9711854996312,0.005429018719801647,0.0
48.8,42.16065815181664,-780.0761780411759,-0.02932141832304135,-0.02932141832304135,-0.7447640254052502,187.5398828040738,9.551305464938823,0.0,-780.0761780411759,0.0030365003037851473,0.0
48.9,41.50600359486944,-780.0665579781144,-0.02935398372414652,-0.02935398372414652,-0.7455911865933216,184.62783531077014,9.402996450764967,0.0,-780.0665579781144,0.006208966912721261,0.0
49.0,40.83872137215144,-779.9078678276874,-0.029437292221734104,-0.029437292221734104,-0.7477072224320462,181.65961718203147,9.251826696309216,0.0,-779.9078678276874,-0.006701526021280043,0.0
49.1,40.2391727492953,-780.017348848469,-0.029474002201823637,-0.029474002201823637,-0.7486396559263203,178.99269300687033,9.116001681022171,0.0,-780.017348848469,-0.0096764241843383,0.0
49.2,39.48736634068536,-780.0275822852294,-0.029533169268955793,-0.029533169268955793,-0.7501424994314771,175.64849270396346,8.945683356453447,0.0,-780.0275822852294,-0.007866195643478398,0.0
49.3,38.746863036719255,-779.97404098927,-0.02959917768216668,-0.02959917768216668,-0.7518191131270336,172.35457109719533,8.777925698864035,0.0,-779.97404098927,0.0032985746035580307,0.0
49.4,38.191652805572126,-779.9718736121192,-0.029643971521142534,-0.029643971521142534,-0.7529568766370203,169.88487384280205,8.652145344680521,0.0,-779.9718736121192,0.004074226627532464,0.0
49.5,37.41399738715148,-780.0995152535139,-0.029722642828246736,-0.029722642828246736,-0.754955127837467,166.42569145747498,8.475971044434681,0.0,-780.0995152535139,-0.009222041393661435,0.0
49.6,36.735281765559286,-780.0494870533086,-0.02977317182831999,-0.02977317182831999,-0.7562385644393277,163.4066150551961,8.322211105433976,0.0,-780.0494870533086,0.00515107803510887,0.0
49.7,36.090431494540226,-779.9974269898919,-0.029830750125840483,-0.029830750125840483,-0.7577010531963483,160.53817918264372,8.176123207672203,0.0,-779.9974269898919,-0.0021464552707582104,0.0
49.8,35.45636477728094,-779.9997333904022,-0.029895882601794075,-0.029895882601794075,-0.7593554180855695,157.71771092959662,8.032478274998555,0.0,-779.9997333904022,-0.005948464576845629,0.0
49.9,34.580461284476534,-779.9821748861675,-0.02996220699593034,-0.02996220699593034,-0.7610400576966306,153.8214994948342,7.834046320083228,0.0,-779.9821748861675,-0.00036715062475621286,0.0
50.0,33.98633955134384,-780.0217823940636,-0.030005367738943006,-0.030005367738943006,-0.7621363405691522,151.1787153190787,7.699450741995349,0.0,-780.0217823940636,0.0028663579122284537,0.0
50.1,33.39257618319926,-780.0142156269536,-0.030073094393338256,-0.030073094393338256,-0.7638565975907916,148.5375252296306,7.564936349866595,0.0,-780.0142156269536,-0.0010519268045896422,0.0
50.2,32.67493450295297,-779.9890949438101,-0.030138899401322645,-0.030138899401322645,-0.7655280447935952,145.34529715472547,7.402357889214437,0.0,-779.9890949438101,-0.0008607243911830285,0.0
50.3,31.9599478150073,-780.034955623541,-0.03019828350057019,-0.03019828350057019,-0.7670364009144828,142.16487906967177,7.240380904999835,0.0,-780.034955623541,-0.004195479598878024,0.0
50.4,31.3004985204685,-780.0423620662002,-0.03025497275316012,-0.03025497275316012,-0.768476307930267,139.2315035287184,7.090985664818864,0.0,-780.0423620662002,-0.007091746741053839,0.0
50.5,30.74920138124256,-780.0278429472445,-0.03029311684053096,-0.03029311684053096,-0.7694451677494863,136.7792125680708,6.966091803823314,0.0,-780.0278429472445,-0.0018731365146255506,0.0
50.6,29.943801082734858,-779.9997240057555,-0.03037451520541251,-0.03037451520541251,-0.7715126862174777,133.19661485224285,6.783632027106842,0.0,-779.9997240057555,-0.00812412076247052,0.0
50.7,29.34136121686417,-780.0076538617556,-0.030437620790790182,-0.030437620790790182,-0.7731155680860706,130.51682979207953,6.647152013856864,0.0,-780.0076538617556,0.0030066431241941058,0.0
50.8,28.66546348817188,-780.0243343419647,-0.03050552850317763,-0.03050552850317763,-0.7748404239807117,127.51028799735592,6.494030455684029,0.0,-780.0243343419647,-0.004269213715288407,0.0
50.9,27.900454100181722,-780.0128288971617,-0.030566729714956595,-0.030566729714956595,-0.7763949347598975,124.10735793751034,6.3207210561502585,0.0,-780.0128288971617,0.006554922504967796,0.0
51.0,27.27948548685288,-780.0026342684977,-0.030633161287545164,-0.030633161287545164,-0.7780822967036471,121.34515293232873,6.180043439385217,0.0,-780.0026342684977,-0.007948663845864823,0.0
51.1,26.537974042875252,-779.9839139543787,-0.030671493076632847,-0.030671493076632847,-0.7790559241464743,118.04674689699856,6.012057392258647,0.0,-779.9839139543787,0.007028290101512294,0.0
51.2,25.845931608330563,-779.9818135549017,-0.030733207391293118,-0.030733207391293118,-0.7806234677388452,114.96838989880818,5.855278324359978,0.0,-779.9818135549017,-0.004424819899355392,0.0
51.3,25.12992024067173,-780.0654127926798,-0.030803431724482737,-0.030803431724482737,-0.7824071658018614,111.7834138129608,5.693069203613995,0.0,-780.0654127926798,-0.004468793044310456,0.0
51.4,24.583630298492967,-779.9509080138291,-0.03086767065046677,-0.03086767065046677,-0.784038834521856,109.35339596636238,5.569309700349497,0.0,-779.9509080138291,0.001461611830238316,0.0
51.5,23.816528467254976,-780.0813137134697,-0.03091572167426134,-0.03091572167426134,-0.785259330526238,105.94115825861293,5.395526267309036,0.0,-780.0813137134697,0.004498438613169838,0.0
51.6,23.124903963458117,-779.9726086240948,-0.030977356679641032,-0.030977356679641032,-0.7868248596628822,102.86466030833367,5.238841879721602,0.0,-779.9726086240948,-0.00021523518887292883,0.0
51.7,22.40486453552173,-780.0360737859164,-0.0310451307631895,-0.0310451307631895,-0.7885463213850132,99.66176652419848,5.075720220229105,0.0,-780.0360737859164,-0.00180211375431201,0.0
51.8,21.92165640605784,-779.9709965112687,-0.03108840734542366,-0.03108840734542366,-0.789645546573761,97.5123504585546,4.966251614899648,0.0,-779.9709965112687,0.009974831765552252,0.0
51.9,21.16845291442582,-779.9467342415027,-0.03114965282076644,-0.03114965282076644,-0.7912011816474676,94.16193562300722,4.795616787522649,0.0,-779.9467342415027,0.0025336681359395302,0.0
52.0,20.42822737337391,-780.0955953082056,-0.031211240932402972,-0.031211240932402972,-0.7927655196830354,90.8692495667893,4.62792205585889,0.0,-780.0955953082056,-0.006029599254541439,0.0
52.1,19.709089830771582,-779.9700125584365,-0.03126267217542673,-0.03126267217542673,-0.7940718732558388,87.67036756703476,4.465004714389343,0.0,-779.9700125584365,-0.0013294075760348963,0.0
52.2,18.97153127538016,-779.9866598128806,-0.03133657038132358,-0.03133657038132358,-0.7959488876856189,84.38954484977153,4.297914176204304,0.0,-779.9866598128806,0.008462781207797894,0.0
52.3,18.41314636410063,-780.0239905136569,-0.031376098228035866,-0.031376098228035866,-0.796952894992111,81.9057259197197,4.17141461266716,0.0,-780.0239905136569,0.0016404392458830553,0.0
52.4,17.731678138977294,-779.9811272440635,-0.03145949864924636,-0.03145949864924636,-0.7990712656908575,78.87440533136159,4.017031083848311,0.0,-779.9811272440635,0.004123100678213061,0.0
52.5,16.936000366842425,-780.0256008476435,-0.03150386106513535,-0.03150386106513535,-0.8001980710544379,75.33505555179582,3.836773901288302,0.0,-780.0256008476435,0.010170477646901736,0.0
52.6,16.42808535446023,-779.9946084260039,-0.031562306104320065,-0.031562306104320065,-0.8016825750497296,73.07573783541709,3.7217080639377174,0.0,-779.9946084260039,-0.0029870508583005333,0.0
52.7,15.720840382762713,-780.053704643221,-0.031630917638839455,-0.031630917638839455,-0.8034253080265221,69.92975660741276,3.561484930349516,0.0,-780.053704643221,0.0018643232176975455,0.0
52.8,14.922383457569547,-779.9610343532505,-0.03168445393760392,-0.03168445393760392,-0.8047851300151395,66.37804454363001,3.3805981432966643,0.0,-779.9610343532505,-0.0033505389480626897,0.0
52.9,14.268551167523398,-779.9708965090449,-0.031760464130545604,-0.031760464130545604,-0.8067157889158583,63.469654674400935,3.2324754099516646,0.0,-779.9708965090449,-3.983289562475711e-05,0.0
53.0,13.595969717797237,-779.9631766506836,-0.03182230992308671,-0.03182230992308671,-0.8082866720464024,60.477864418100026,3.08010513970461,0.0,-779.9631766506836,0.002681215516355535,0.0
53.1,12.9543865330231,-780.0337395318343,-0.031868943570236674,-0.031868943570236674,-0.8094711666840114,57.623961263924016,2.934757385481233,0.0,-780.0337395318343,-0.006690347550281612,0.0
53.2,12.252492843842205,-779.90789336831,-0.031933884439702666,-0.031933884439702666,-0.8111206647684477,54.50178371783577,2.775746560623161,0.0,-779.90789336831,0.0007191644479766482,0.0
53.3,11.470536481492813,-779.9009833189642,-0.0319803190946055,-0.0319803190946055,-0.8123001050029796,51.02346978770596,2.598597901080008,0.0,-779.9009833189642,0.0007013253616915018,0.0
53.4,10.999248627041977,-780.0051232096466,-0.03204558673170595,-0.03204558673170595,-0.813957902985331,48.92707772778066,2.4918297798716913,0.0,-780.0051232096466,0.005268206246218107,0.0
53.5,10.239924864437745,-780.0217514374363,-0.03209937045346456,-0.03209937045346456,-0.8153240095179998,45.549438580489266,2.3198084329253508,0.0,-780.0217514374363,-0.0029835960108209407,0.0
53.6,9.62238253415052,-780.0213075869253,-0.03216200278941788,-0.03216200278941788,-0.8169148708512142,42.80247443605902,2.179907025009372,0.0,-780.0213075869253,-0.006389871138811517,0.0
53.7,8.940741711965478,-779.9660757905731,-0.03222280555319692,-0.03222280555319692,-0.8184592610512017,39.77038609799908,2.0254843951107246,0.0,-779.9660757905731,0.0019637700279691206,0.0
53.8,8.160852232721744,-779.9488652398173,-0.032283565436795794,-0.032283565436795794,-0.8200025620946131,36.30126611863752,1.8488039785402353,0.0,-779.9488652398173,-0.0056478205695457565,0.0
53.9,7.516697010045733,-780.0383936963922,-0.032347877555544816,-0.032347877555544816,-0.8216360899108383,33.43592197402563,1.7028735408212696,0.0,-780.0383936963922,0.0008972830063122474,0.0
54.0,6.8620773447782435,-780.1029963679363,-0.03240844919178109,-0.03240844919178109,-0.8231746094712397,30.52402968658948,1.554572431198853,0.0,-780.1029963679363,0.002825433594977329,0.0
54.1,6.183060033272169,-779.9778274422208,-0.032443102627162004,-0.032443102627162004,-0.8240548067299148,27.50361130120193,1.4007441457194767,0.0,-779.9778274422208,-0.004416597983670759,0.0
54.2,5.438860626136864,-780.0028261415539,-0.03254071903737983,-0.03254071903737983,-0.8265342635494477,24.193248614394523,1.2321491527575514,0.0,-780.0028261415539,-0.0006364146490174461,0.0
54.3,4.726984180332677,-779.992121715953,-0.03258462863457708,-0.03258462863457708,-0.8276495673182579,21.02666557063942,1.070876779762639,0.0,-779.992121715953,-0.005226663127635971,0.0
54.4,4.08981663512799,-779.9747213658392,-0.032632375737126615,-0.032632375737126615,-0.8288623437230159,18.192404152709027,0.9265293686126318,0.0,-779.9747213658392,-0.014258497442682167,0.0
54.5,3.3521391301172434,-780.0568696070044,-0.032697874351365376,-0.032697874351365376,-0.8305260085246805,14.911052321370125,0.7594118829320154,0.0,-780.0568696070044,-0.0073343968440623755,0.0
54.6,2.6874641829384047,-779.9976058085391,-0.0327476316767926,-0.0327476316767926,-0.831789844590532,11.95443192783027,0.6088327948984095,0.0,-779.9976058085391,-0.010513726557681234,0.0
54.7,1.9067976153466135,-780.0159237540172,-0.03281588171484629,-0.03281588171484629,-0.8335233955570958,8.481855288537114,0.43197633249488737,0.0,-780.0159237540172,2.978017980050952e-05,0.0
54.8,1.3681200259821964,-779.9819840825143,-0.03289366147495558,-0.03289366147495558,-0.8354990014638717,6.085698861974525,0.3099413731588757,0.0,-779.9819840825143,-0.005418671385040084,0.0
54.9,0.6119831366351601,-779.9394891366155,-0.03294398104765917,-0.03294398104765917,-0.8367771186105429,2.722235628043252,0.13864199786316536,0.0,-779.9394891366155,-0.0007842135658476064,0.0
55.0,-0.03748733348921992,-780.0009972961368,-0.03301438740420066,-0.03301438740420066,-0.8385654400666966,-0.16675190657341782,-0.008492585005012366,0.0,-780.0009972961368,-0.0003124470391293747,0.0
