[2026-09-16 16:48:12] [master_processing] active branches: ['curve_segmentation', 'image_processing']

[2026-09-16 16:48:12] server listening on 169.254.230.148:8000

[2026-09-16 16:48:12] Resuming campaign 2026-09-10-exploration-mode from llm_result_17-0add-5deg-cosolv-none-bathSolv-none-0wt-480s-N2-1750s.json

[2026-09-16 16:48:12] kicking off first experiment: {'mixing_temp': 30, 'bath_temp': 20, 'pullcast_speed': 20, 'nitrogen': False, 'coupon_to_bath_wait_time': 0, 'nips_bath_wait_time': 1200, 'polymer_wt': 20.5, 'additive_wt': 0, 'polymer_type': 'Primospire', 'solvent_type': 'NMP', 'cosolvent_type': 'none', 'nips_bath_solvent': 'none', 'nips_bath_solvent_wt_percent': 0.0, 'stock_metadata': {'polymer_stock_wt_percent': 21.0, 'additive_stock_polymer_wt_percent': 17.0, 'additive_stock_additive_wt_percent': 4.0, 'stock_mode': 'two_bottle'}}

[2026-09-16 16:48:12] Python recieved!

[2026-09-16 16:48:12] Exact payload being sent: {"mixing_temp": 30, "bath_temp": 20, "pullcast_speed": 20, "nitrogen": false, "coupon_to_bath_wait_time": 0, "nips_bath_wait_time": 1200, "polymer_wt": 20.5, "additive_wt": 0, "polymer_type": "Primospire", "solvent_type": "NMP", "cosolvent_type": "none", "nips_bath_solvent": "none", "nips_bath_solvent_wt_percent": 0.0, "stock_metadata": {"polymer_stock_wt_percent": 21.0, "additive_stock_polymer_wt_percent": 17.0, "additive_stock_additive_wt_percent": 4.0, "stock_mode": "two_bottle"}}

[2026-09-16 16:48:12] Opentrons response: Creating Membrane with following parameters: {"mixing_temp": 30, "bath_temp": 20, "pullcast_speed": 20, "nitrogen": false, "coupon_to_bath_wait_time": 0, "nips_bath_wait_time": 1200, "polymer_wt": 20.5, "additive_wt": 0, "polymer_type": "Primospire", "solvent_type": "NMP", "cosolvent_type": "none", "nips_bath_solvent": "none", "nips_bath_solvent_wt_percent": 0.0, "stock_metadata": {"polymer_stock_wt_percent": 21.0, "additive_stock_polymer_wt_percent": 17.0, "additive_stock_additive_wt_percent": 4.0, "stock_mode": "two_bottle"}}

[2026-09-16 16:48:12] robot started — loop running. Ctrl+C to stop.

[2026-09-16 18:42:09] ── PROTOCOL LOG (Opentrons) ────────────────────────────────────────

[2026-09-16 18:42:09] [2026-09-16 20:47:21] Ready to begin experiments.

[2026-09-16 18:42:09] [2026-09-16 20:48:48] Recievied request for membrane with following parameters:

[2026-09-16 18:42:09] [2026-09-16 20:48:48] {'mixing_temp': 30, 'bath_temp': 20, 'pullcast_speed': 20, 'nitrogen': False, 'coupon_to_bath_wait_time': 0, 'nips_bath_wait_time': 1200, 'polymer_wt': 20.5, 'additive_wt': 0, 'polymer_type': 'Primospire', 'solvent_type': 'NMP', 'cosolvent_type': 'none', 'nips_bath_solvent': 'none', 'nips_bath_solvent_wt_percent': 0.0, 'stock_metadata': {'polymer_stock_wt_percent': 21.0, 'additive_stock_polymer_wt_percent': 17.0, 'additive_stock_additive_wt_percent': 4.0, 'stock_mode': 'two_bottle'}}

[2026-09-16 18:42:09] [2026-09-16 20:48:48] Bath chilling process started.

[2026-09-16 18:42:09] [2026-09-16 20:48:48] Beginning zero tests on coupons.

[2026-09-16 18:42:09] [2026-09-16 20:48:48] Opentrons process started.

[2026-09-16 18:42:09] [2026-09-16 20:48:48] Target: 20.5 wt% polymer, 0 wt% additive, 1000.00 uL

[2026-09-16 18:42:09] [2026-09-16 20:48:48] Volumes (uL): polymer=975.00, polymer-additive=0.00, solvent=25.00

[2026-09-16 18:42:09] [2026-09-16 20:48:48] Bottle inventory before preparation: {'all_mix_stock': {'remaining_uL': 20000.0, 'dead_volume_uL': 2000.0, 'available_uL': 18000.0}, 'polymer_stock': {'remaining_uL': 30000.0, 'dead_volume_uL': 2000.0, 'available_uL': 28000.0}, 'solvent': {'remaining_uL': 43637.0, 'dead_volume_uL': 2000.0, 'available_uL': 41637.0}, 'solvent_additive_stock': {'remaining_uL': 20000.0, 'dead_volume_uL': 2000.0, 'available_uL': 18000.0}}

[2026-09-16 18:42:09] [2026-09-16 20:48:49] Current bath temperature: 4.67 C.

[2026-09-16 18:42:09] [2026-09-16 20:48:59] Current bath temperature: 4.82 C.

[2026-09-16 18:42:09] [2026-09-16 20:49:09] Current bath temperature: 4.9 C.

[2026-09-16 18:42:09] [2026-09-16 20:49:15] Test has started!

[2026-09-16 18:42:09] [2026-09-16 20:49:19] Current bath temperature: 4.98 C.

[2026-09-16 18:42:09] [2026-09-16 20:49:29] Current bath temperature: 5.12 C.

[2026-09-16 18:42:09] [2026-09-16 20:49:36] Temperature set to 30.

[2026-09-16 18:42:09] [2026-09-16 20:49:39] Current bath temperature: 5.32 C.

[2026-09-16 18:42:09] [2026-09-16 20:49:44] Adding 25.00 uL from pure solvent.

[2026-09-16 18:42:09] [2026-09-16 20:49:46] entered if statement!!!

[2026-09-16 18:42:09] [2026-09-16 20:49:49] Current bath temperature: 5.52 C.

[2026-09-16 18:42:09] [2026-09-16 20:49:59] Current bath temperature: 5.74 C.

[2026-09-16 18:42:09] [2026-09-16 20:50:10] Current bath temperature: 5.97 C.

[2026-09-16 18:42:09] [2026-09-16 20:50:20] Current bath temperature: 6.18 C.

[2026-09-16 18:42:09] [2026-09-16 20:50:30] Current bath temperature: 6.38 C.

[2026-09-16 18:42:09] [2026-09-16 20:50:32] Adding 975.00 uL from polymer stock.

[2026-09-16 18:42:09] [2026-09-16 20:50:40] Current bath temperature: 6.58 C.

[2026-09-16 18:42:09] [2026-09-16 20:50:50] Current bath temperature: 6.77 C.

[2026-09-16 18:42:09] [2026-09-16 20:51:00] Current bath temperature: 6.96 C.

[2026-09-16 18:42:09] [2026-09-16 20:51:10] Current bath temperature: 7.13 C.

[2026-09-16 18:42:09] [2026-09-16 20:51:20] Current bath temperature: 7.3 C.

[2026-09-16 18:42:09] [2026-09-16 20:51:30] Current bath temperature: 7.46 C.

[2026-09-16 18:42:09] [2026-09-16 20:51:41] Current bath temperature: 7.63 C.

[2026-09-16 18:42:09] [2026-09-16 20:51:51] Current bath temperature: 7.79 C.

[2026-09-16 18:42:09] [2026-09-16 20:52:01] Current bath temperature: 7.94 C.

[2026-09-16 18:42:09] [2026-09-16 20:52:02] Test complete!

[2026-09-16 18:42:09] [2026-09-16 20:52:07] Safe: True

[2026-09-16 18:42:09] [2026-09-16 20:52:07] Recent: True

[2026-09-16 18:42:09] [2026-09-16 20:52:07] Current Time: 1789591891.5406299

[2026-09-16 18:42:09] [2026-09-16 20:52:07] Data Time: 1789591880.6426172

[2026-09-16 18:42:09] [2026-09-16 20:52:07] Age: 10.898012638092041

[2026-09-16 18:42:09] [2026-09-16 20:52:11] Current bath temperature: 8.09 C.

[2026-09-16 18:42:09] [2026-09-16 20:52:20] Test has started!

[2026-09-16 18:42:09] [2026-09-16 20:52:21] Current bath temperature: 8.23 C.

[2026-09-16 18:42:09] [2026-09-16 20:52:31] Current bath temperature: 8.36 C.

[2026-09-16 18:42:09] [2026-09-16 20:52:41] Current bath temperature: 8.48 C.

[2026-09-16 18:42:09] [2026-09-16 20:52:51] Current bath temperature: 8.58 C.

[2026-09-16 18:42:09] [2026-09-16 20:53:01] Current bath temperature: 8.66 C.

[2026-09-16 18:42:09] [2026-09-16 20:53:12] Current bath temperature: 8.75 C.

[2026-09-16 18:42:09] [2026-09-16 20:53:22] Current bath temperature: 8.83 C.

[2026-09-16 18:42:09] [2026-09-16 20:53:32] Current bath temperature: 8.91 C.

[2026-09-16 18:42:09] [2026-09-16 20:53:42] Current bath temperature: 9.0 C.

[2026-09-16 18:42:09] [2026-09-16 20:53:52] Current bath temperature: 9.09 C.

[2026-09-16 18:42:09] [2026-09-16 20:54:02] Current bath temperature: 9.17 C.

[2026-09-16 18:42:09] [2026-09-16 20:54:12] Current bath temperature: 9.25 C.

[2026-09-16 18:42:09] [2026-09-16 20:54:22] Current bath temperature: 9.33 C.

[2026-09-16 18:42:09] [2026-09-16 20:54:32] Current bath temperature: 9.41 C.

[2026-09-16 18:42:09] [2026-09-16 20:54:43] Current bath temperature: 9.49 C.

[2026-09-16 18:42:09] [2026-09-16 20:54:53] Current bath temperature: 9.56 C.

[2026-09-16 18:42:09] [2026-09-16 20:55:03] Current bath temperature: 9.63 C.

[2026-09-16 18:42:09] [2026-09-16 20:55:08] Test complete!

[2026-09-16 18:42:09] [2026-09-16 20:55:13] Safe: True

[2026-09-16 18:42:09] [2026-09-16 20:55:13] Recent: True

[2026-09-16 18:42:09] [2026-09-16 20:55:13] Current Time: 1789592077.3507636

[2026-09-16 18:42:09] [2026-09-16 20:55:13] Data Time: 1789592066.732365

[2026-09-16 18:42:09] [2026-09-16 20:55:13] Age: 10.618398666381836

[2026-09-16 18:42:09] [2026-09-16 20:55:13] Current bath temperature: 9.7 C.

[2026-09-16 18:42:09] [2026-09-16 20:55:23] Current bath temperature: 9.79 C.

[2026-09-16 18:42:09] [2026-09-16 20:55:25] Test has started!

[2026-09-16 18:42:09] [2026-09-16 20:55:33] Current bath temperature: 9.86 C.

[2026-09-16 18:42:09] [2026-09-16 20:55:43] Current bath temperature: 9.93 C.

[2026-09-16 18:42:09] [2026-09-16 20:55:53] Current bath temperature: 10.0 C.

[2026-09-16 18:42:09] [2026-09-16 20:56:03] Current bath temperature: 10.08 C.

[2026-09-16 18:42:09] [2026-09-16 20:56:14] Current bath temperature: 10.16 C.

[2026-09-16 18:42:09] [2026-09-16 20:56:24] Current bath temperature: 10.24 C.

[2026-09-16 18:42:09] [2026-09-16 20:56:34] Current bath temperature: 10.31 C.

[2026-09-16 18:42:09] [2026-09-16 20:56:36] entered if statement!!!

[2026-09-16 18:42:09] [2026-09-16 20:56:44] Current bath temperature: 10.37 C.

[2026-09-16 18:42:09] [2026-09-16 20:56:54] Current bath temperature: 10.44 C.

[2026-09-16 18:42:09] [2026-09-16 20:57:04] Current bath temperature: 10.5 C.

[2026-09-16 18:42:09] [2026-09-16 20:57:14] Current bath temperature: 10.57 C.

[2026-09-16 18:42:09] [2026-09-16 20:57:24] Current bath temperature: 10.63 C.

[2026-09-16 18:42:09] [2026-09-16 20:57:34] Current bath temperature: 10.7 C.

[2026-09-16 18:42:09] [2026-09-16 20:57:45] Current bath temperature: 10.77 C.

[2026-09-16 18:42:09] [2026-09-16 20:57:55] Current bath temperature: 10.84 C.

[2026-09-16 18:42:09] [2026-09-16 20:58:05] Current bath temperature: 10.9 C.

[2026-09-16 18:42:09] [2026-09-16 20:58:12] Test complete!

[2026-09-16 18:42:09] [2026-09-16 20:58:15] Current bath temperature: 10.97 C.

[2026-09-16 18:42:09] [2026-09-16 20:58:17] Safe: True

[2026-09-16 18:42:09] [2026-09-16 20:58:17] Recent: True

[2026-09-16 18:42:09] [2026-09-16 20:58:17] Current Time: 1789592261.6945615

[2026-09-16 18:42:09] [2026-09-16 20:58:17] Data Time: 1789592251.012979

[2026-09-16 18:42:09] [2026-09-16 20:58:17] Age: 10.6815824508667

[2026-09-16 18:42:09] [2026-09-16 20:58:25] Current bath temperature: 11.03 C.

[2026-09-16 18:42:09] [2026-09-16 20:58:30] Test has started!

[2026-09-16 18:42:09] [2026-09-16 20:58:35] Current bath temperature: 11.1 C.

[2026-09-16 18:42:09] [2026-09-16 20:58:45] Current bath temperature: 11.16 C.

[2026-09-16 18:42:09] [2026-09-16 20:58:55] Current bath temperature: 11.22 C.

[2026-09-16 18:42:09] [2026-09-16 20:59:05] Current bath temperature: 11.28 C.

[2026-09-16 18:42:09] [2026-09-16 20:59:16] Current bath temperature: 11.34 C.

[2026-09-16 18:42:09] [2026-09-16 20:59:26] Current bath temperature: 11.4 C.

[2026-09-16 18:42:09] [2026-09-16 20:59:36] Current bath temperature: 11.46 C.

[2026-09-16 18:42:09] [2026-09-16 20:59:46] Current bath temperature: 11.52 C.

[2026-09-16 18:42:09] [2026-09-16 20:59:56] Current bath temperature: 11.6 C.

[2026-09-16 18:42:09] [2026-09-16 21:00:06] Current bath temperature: 11.65 C.

[2026-09-16 18:42:09] [2026-09-16 21:00:16] Current bath temperature: 11.71 C.

[2026-09-16 18:42:09] [2026-09-16 21:00:26] Current bath temperature: 11.76 C.

[2026-09-16 18:42:09] [2026-09-16 21:00:36] Current bath temperature: 11.83 C.

[2026-09-16 18:42:09] [2026-09-16 21:00:47] Current bath temperature: 11.88 C.

[2026-09-16 18:42:09] [2026-09-16 21:00:57] Current bath temperature: 11.93 C.

[2026-09-16 18:42:09] [2026-09-16 21:01:07] Current bath temperature: 11.99 C.

[2026-09-16 18:42:09] [2026-09-16 21:01:17] Current bath temperature: 12.04 C.

[2026-09-16 18:42:09] [2026-09-16 21:01:17] Test complete!

[2026-09-16 18:42:09] [2026-09-16 21:01:22] Safe: True

[2026-09-16 18:42:09] [2026-09-16 21:01:22] Recent: True

[2026-09-16 18:42:09] [2026-09-16 21:01:22] Current Time: 1789592447.1810036

[2026-09-16 18:42:09] [2026-09-16 21:01:22] Data Time: 1789592436.5172355

[2026-09-16 18:42:09] [2026-09-16 21:01:22] Age: 10.66376805305481

[2026-09-16 18:42:09] [2026-09-16 21:01:27] Current bath temperature: 12.11 C.

[2026-09-16 18:42:09] [2026-09-16 21:01:37] Current bath temperature: 12.16 C.

[2026-09-16 18:42:09] [2026-09-16 21:01:47] Current bath temperature: 12.21 C.

[2026-09-16 18:42:09] [2026-09-16 21:01:57] Current bath temperature: 12.26 C.

[2026-09-16 18:42:09] [2026-09-16 21:02:07] Current bath temperature: 12.32 C.

[2026-09-16 18:42:09] [2026-09-16 21:02:18] Current bath temperature: 12.38 C.

[2026-09-16 18:42:09] [2026-09-16 21:02:28] Current bath temperature: 12.43 C.

[2026-09-16 18:42:09] [2026-09-16 21:02:38] Current bath temperature: 12.48 C.

[2026-09-16 18:42:09] [2026-09-16 21:02:48] Current bath temperature: 12.53 C.

[2026-09-16 18:42:09] [2026-09-16 21:02:58] Current bath temperature: 12.6 C.

[2026-09-16 18:42:09] [2026-09-16 21:03:08] Current bath temperature: 12.65 C.

[2026-09-16 18:42:09] [2026-09-16 21:03:18] Current bath temperature: 12.7 C.

[2026-09-16 18:42:09] [2026-09-16 21:03:28] Current bath temperature: 12.75 C.

[2026-09-16 18:42:09] [2026-09-16 21:03:38] Current bath temperature: 12.8 C.

[2026-09-16 18:42:09] [2026-09-16 21:03:48] Current bath temperature: 12.85 C.

[2026-09-16 18:42:09] [2026-09-16 21:03:59] Current bath temperature: 12.9 C.

[2026-09-16 18:42:09] [2026-09-16 21:04:09] Current bath temperature: 12.96 C.

[2026-09-16 18:42:09] [2026-09-16 21:04:19] Current bath temperature: 13.01 C.

[2026-09-16 18:42:09] [2026-09-16 21:04:29] Current bath temperature: 13.05 C.

[2026-09-16 18:42:09] [2026-09-16 21:04:39] Current bath temperature: 13.11 C.

[2026-09-16 18:42:09] [2026-09-16 21:04:49] Current bath temperature: 13.16 C.

[2026-09-16 18:42:09] [2026-09-16 21:04:59] Current bath temperature: 13.2 C.

[2026-09-16 18:42:09] [2026-09-16 21:05:09] Current bath temperature: 13.25 C.

[2026-09-16 18:42:09] [2026-09-16 21:05:19] Current bath temperature: 13.29 C.

[2026-09-16 18:42:09] [2026-09-16 21:05:30] Current bath temperature: 13.34 C.

[2026-09-16 18:42:09] [2026-09-16 21:05:40] Current bath temperature: 13.4 C.

[2026-09-16 18:42:09] [2026-09-16 21:05:50] Current bath temperature: 13.44 C.

[2026-09-16 18:42:09] [2026-09-16 21:06:00] Current bath temperature: 13.49 C.

[2026-09-16 18:42:09] [2026-09-16 21:06:10] Current bath temperature: 13.54 C.

[2026-09-16 18:42:09] [2026-09-16 21:06:20] Current bath temperature: 13.58 C.

[2026-09-16 18:42:09] [2026-09-16 21:06:30] Current bath temperature: 13.63 C.

[2026-09-16 18:42:09] [2026-09-16 21:06:40] Current bath temperature: 13.68 C.

[2026-09-16 18:42:09] [2026-09-16 21:06:50] Current bath temperature: 13.72 C.

[2026-09-16 18:42:09] [2026-09-16 21:07:01] Current bath temperature: 13.77 C.

[2026-09-16 18:42:09] [2026-09-16 21:07:11] Current bath temperature: 13.82 C.

[2026-09-16 18:42:09] [2026-09-16 21:07:21] Current bath temperature: 13.87 C.

[2026-09-16 18:42:09] [2026-09-16 21:07:31] Current bath temperature: 13.91 C.

[2026-09-16 18:42:09] [2026-09-16 21:07:41] Current bath temperature: 13.95 C.

[2026-09-16 18:42:09] [2026-09-16 21:07:51] Current bath temperature: 14.0 C.

[2026-09-16 18:42:09] [2026-09-16 21:08:01] Current bath temperature: 14.04 C.

[2026-09-16 18:42:09] [2026-09-16 21:08:11] Current bath temperature: 14.08 C.

[2026-09-16 18:42:09] [2026-09-16 21:08:12] aspirate

[2026-09-16 18:42:09] [2026-09-16 21:08:12] 0

[2026-09-16 18:42:09] [2026-09-16 21:08:12] 10

[2026-09-16 18:42:09] [2026-09-16 21:08:21] Current bath temperature: 14.13 C.

[2026-09-16 18:42:09] [2026-09-16 21:08:32] Current bath temperature: 14.18 C.

[2026-09-16 18:42:09] [2026-09-16 21:08:42] Current bath temperature: 14.22 C.

[2026-09-16 18:42:09] [2026-09-16 21:08:52] Current bath temperature: 14.27 C.

[2026-09-16 18:42:09] [2026-09-16 21:09:02] Current bath temperature: 14.31 C.

[2026-09-16 18:42:09] [2026-09-16 21:09:12] Current bath temperature: 14.35 C.

[2026-09-16 18:42:09] [2026-09-16 21:09:22] Current bath temperature: 14.4 C.

[2026-09-16 18:42:09] [2026-09-16 21:09:32] Current bath temperature: 14.44 C.

[2026-09-16 18:42:09] [2026-09-16 21:09:42] Current bath temperature: 14.49 C.

[2026-09-16 18:42:09] [2026-09-16 21:09:52] Current bath temperature: 14.52 C.

[2026-09-16 18:42:09] [2026-09-16 21:10:03] Current bath temperature: 14.56 C.

[2026-09-16 18:42:09] [2026-09-16 21:10:13] Current bath temperature: 14.6 C.

[2026-09-16 18:42:09] [2026-09-16 21:10:23] Current bath temperature: 14.65 C.

[2026-09-16 18:42:09] [2026-09-16 21:10:30] dispense

[2026-09-16 18:42:09] [2026-09-16 21:10:30] 0

[2026-09-16 18:42:09] [2026-09-16 21:10:30] 10

[2026-09-16 18:42:09] [2026-09-16 21:10:33] Current bath temperature: 14.69 C.

[2026-09-16 18:42:09] [2026-09-16 21:10:43] Current bath temperature: 14.73 C.

[2026-09-16 18:42:09] [2026-09-16 21:10:53] Current bath temperature: 14.77 C.

[2026-09-16 18:42:09] [2026-09-16 21:11:03] Current bath temperature: 14.81 C.

[2026-09-16 18:42:09] [2026-09-16 21:11:13] Current bath temperature: 14.85 C.

[2026-09-16 18:42:09] [2026-09-16 21:11:23] Current bath temperature: 14.9 C.

[2026-09-16 18:42:09] [2026-09-16 21:11:34] Current bath temperature: 14.94 C.

[2026-09-16 18:42:09] [2026-09-16 21:11:44] Current bath temperature: 14.97 C.

[2026-09-16 18:42:09] [2026-09-16 21:11:54] Current bath temperature: 15.01 C.

[2026-09-16 18:42:09] [2026-09-16 21:11:59] aspirate

[2026-09-16 18:42:09] [2026-09-16 21:11:59] 1

[2026-09-16 18:42:09] [2026-09-16 21:11:59] 10

[2026-09-16 18:42:09] [2026-09-16 21:12:04] Current bath temperature: 15.05 C.

[2026-09-16 18:42:09] [2026-09-16 21:12:14] Current bath temperature: 15.08 C.

[2026-09-16 18:42:09] [2026-09-16 21:12:24] Current bath temperature: 15.12 C.

[2026-09-16 18:42:09] [2026-09-16 21:12:34] Current bath temperature: 15.17 C.

[2026-09-16 18:42:09] [2026-09-16 21:12:44] Current bath temperature: 15.21 C.

[2026-09-16 18:42:09] [2026-09-16 21:12:54] Current bath temperature: 15.25 C.

[2026-09-16 18:42:09] [2026-09-16 21:13:05] Current bath temperature: 15.28 C.

[2026-09-16 18:42:09] [2026-09-16 21:13:15] Current bath temperature: 15.32 C.

[2026-09-16 18:42:09] [2026-09-16 21:13:25] Current bath temperature: 15.35 C.

[2026-09-16 18:42:09] [2026-09-16 21:13:35] Current bath temperature: 15.4 C.

[2026-09-16 18:42:09] [2026-09-16 21:13:45] Current bath temperature: 15.44 C.

[2026-09-16 18:42:09] [2026-09-16 21:13:55] Current bath temperature: 15.48 C.

[2026-09-16 18:42:09] [2026-09-16 21:14:05] Current bath temperature: 15.51 C.

[2026-09-16 18:42:09] [2026-09-16 21:14:15] Current bath temperature: 15.55 C.

[2026-09-16 18:42:09] [2026-09-16 21:14:18] dispense

[2026-09-16 18:42:09] [2026-09-16 21:14:18] 1

[2026-09-16 18:42:09] [2026-09-16 21:14:18] 10

[2026-09-16 18:42:09] [2026-09-16 21:14:25] Current bath temperature: 15.58 C.

[2026-09-16 18:42:09] [2026-09-16 21:14:36] Current bath temperature: 15.61 C.

[2026-09-16 18:42:09] [2026-09-16 21:14:46] Current bath temperature: 15.65 C.

[2026-09-16 18:42:09] [2026-09-16 21:14:56] Current bath temperature: 15.7 C.

[2026-09-16 18:42:09] [2026-09-16 21:15:06] Current bath temperature: 15.73 C.

[2026-09-16 18:42:09] [2026-09-16 21:15:16] Current bath temperature: 15.77 C.

[2026-09-16 18:42:09] [2026-09-16 21:15:26] Current bath temperature: 15.8 C.

[2026-09-16 18:42:09] [2026-09-16 21:15:36] Current bath temperature: 15.84 C.

[2026-09-16 18:42:09] [2026-09-16 21:15:46] Current bath temperature: 15.86 C.

[2026-09-16 18:42:09] [2026-09-16 21:15:47] aspirate

[2026-09-16 18:42:09] [2026-09-16 21:15:47] 2

[2026-09-16 18:42:09] [2026-09-16 21:15:47] 10

[2026-09-16 18:42:09] [2026-09-16 21:15:56] Current bath temperature: 15.9 C.

[2026-09-16 18:42:09] [2026-09-16 21:16:07] Current bath temperature: 15.94 C.

[2026-09-16 18:42:09] [2026-09-16 21:16:17] Current bath temperature: 15.98 C.

[2026-09-16 18:42:09] [2026-09-16 21:16:27] Current bath temperature: 16.01 C.

[2026-09-16 18:42:09] [2026-09-16 21:16:37] Current bath temperature: 16.05 C.

[2026-09-16 18:42:09] [2026-09-16 21:16:47] Current bath temperature: 16.08 C.

[2026-09-16 18:42:09] [2026-09-16 21:16:57] Current bath temperature: 16.11 C.

[2026-09-16 18:42:09] [2026-09-16 21:17:07] Current bath temperature: 16.15 C.

[2026-09-16 18:42:09] [2026-09-16 21:17:17] Current bath temperature: 16.19 C.

[2026-09-16 18:42:09] [2026-09-16 21:17:27] Current bath temperature: 16.23 C.

[2026-09-16 18:42:09] [2026-09-16 21:17:37] Current bath temperature: 16.25 C.

[2026-09-16 18:42:09] [2026-09-16 21:17:48] Current bath temperature: 16.28 C.

[2026-09-16 18:42:09] [2026-09-16 21:17:58] Current bath temperature: 16.31 C.

[2026-09-16 18:42:09] [2026-09-16 21:18:05] dispense

[2026-09-16 18:42:09] [2026-09-16 21:18:05] 2

[2026-09-16 18:42:09] [2026-09-16 21:18:05] 10

[2026-09-16 18:42:09] [2026-09-16 21:18:08] Current bath temperature: 16.34 C.

[2026-09-16 18:42:09] [2026-09-16 21:18:18] Current bath temperature: 16.36 C.

[2026-09-16 18:42:09] [2026-09-16 21:18:28] Current bath temperature: 16.4 C.

[2026-09-16 18:42:09] [2026-09-16 21:18:38] Current bath temperature: 16.44 C.

[2026-09-16 18:42:09] [2026-09-16 21:18:48] Current bath temperature: 16.48 C.

[2026-09-16 18:42:09] [2026-09-16 21:18:58] Current bath temperature: 16.51 C.

[2026-09-16 18:42:09] [2026-09-16 21:19:08] Current bath temperature: 16.54 C.

[2026-09-16 18:42:09] [2026-09-16 21:19:19] Current bath temperature: 16.58 C.

[2026-09-16 18:42:09] [2026-09-16 21:19:29] Current bath temperature: 16.61 C.

[2026-09-16 18:42:09] [2026-09-16 21:19:34] aspirate

[2026-09-16 18:42:09] [2026-09-16 21:19:34] 3

[2026-09-16 18:42:09] [2026-09-16 21:19:34] 10

[2026-09-16 18:42:09] [2026-09-16 21:19:39] Current bath temperature: 16.64 C.

[2026-09-16 18:42:09] [2026-09-16 21:19:49] Current bath temperature: 16.67 C.

[2026-09-16 18:42:09] [2026-09-16 21:19:59] Current bath temperature: 16.71 C.

[2026-09-16 18:42:09] [2026-09-16 21:20:09] Current bath temperature: 16.74 C.

[2026-09-16 18:42:09] [2026-09-16 21:20:19] Current bath temperature: 16.76 C.

[2026-09-16 18:42:09] [2026-09-16 21:20:29] Current bath temperature: 16.79 C.

[2026-09-16 18:42:09] [2026-09-16 21:20:39] Current bath temperature: 16.83 C.

[2026-09-16 18:42:09] [2026-09-16 21:20:50] Current bath temperature: 16.86 C.

[2026-09-16 18:42:09] [2026-09-16 21:21:00] Current bath temperature: 16.89 C.

[2026-09-16 18:42:09] [2026-09-16 21:21:10] Current bath temperature: 16.91 C.

[2026-09-16 18:42:09] [2026-09-16 21:21:20] Current bath temperature: 16.95 C.

[2026-09-16 18:42:09] [2026-09-16 21:21:30] Current bath temperature: 16.99 C.

[2026-09-16 18:42:09] [2026-09-16 21:21:40] Current bath temperature: 17.02 C.

[2026-09-16 18:42:09] [2026-09-16 21:21:50] Current bath temperature: 17.04 C.

[2026-09-16 18:42:09] [2026-09-16 21:21:53] dispense

[2026-09-16 18:42:09] [2026-09-16 21:21:53] 3

[2026-09-16 18:42:09] [2026-09-16 21:21:53] 10

[2026-09-16 18:42:09] [2026-09-16 21:22:00] Current bath temperature: 17.07 C.

[2026-09-16 18:42:09] [2026-09-16 21:22:10] Current bath temperature: 17.11 C.

[2026-09-16 18:42:09] [2026-09-16 21:22:21] Current bath temperature: 17.13 C.

[2026-09-16 18:42:09] [2026-09-16 21:22:31] Current bath temperature: 17.16 C.

[2026-09-16 18:42:09] [2026-09-16 21:22:41] Current bath temperature: 17.19 C.

[2026-09-16 18:42:09] [2026-09-16 21:22:51] Current bath temperature: 17.23 C.

[2026-09-16 18:42:09] [2026-09-16 21:23:01] Current bath temperature: 17.26 C.

[2026-09-16 18:42:09] [2026-09-16 21:23:11] Current bath temperature: 17.28 C.

[2026-09-16 18:42:09] [2026-09-16 21:23:21] Current bath temperature: 17.3 C.

[2026-09-16 18:42:09] [2026-09-16 21:23:22] aspirate

[2026-09-16 18:42:09] [2026-09-16 21:23:22] 4

[2026-09-16 18:42:09] [2026-09-16 21:23:22] 10

[2026-09-16 18:42:09] [2026-09-16 21:23:31] Current bath temperature: 17.34 C.

[2026-09-16 18:42:09] [2026-09-16 21:23:41] Current bath temperature: 17.37 C.

[2026-09-16 18:42:09] [2026-09-16 21:23:52] Current bath temperature: 17.39 C.

[2026-09-16 18:42:09] [2026-09-16 21:24:02] Current bath temperature: 17.42 C.

[2026-09-16 18:42:09] [2026-09-16 21:24:12] Current bath temperature: 17.46 C.

[2026-09-16 18:42:09] [2026-09-16 21:24:22] Current bath temperature: 17.49 C.

[2026-09-16 18:42:09] [2026-09-16 21:24:32] Current bath temperature: 17.51 C.

[2026-09-16 18:42:09] [2026-09-16 21:24:42] Current bath temperature: 17.54 C.

[2026-09-16 18:42:09] [2026-09-16 21:24:52] Current bath temperature: 17.56 C.

[2026-09-16 18:42:09] [2026-09-16 21:25:02] Current bath temperature: 17.6 C.

[2026-09-16 18:42:09] [2026-09-16 21:25:12] Current bath temperature: 17.62 C.

[2026-09-16 18:42:09] [2026-09-16 21:25:23] Current bath temperature: 17.64 C.

[2026-09-16 18:42:09] [2026-09-16 21:25:33] Current bath temperature: 17.67 C.

[2026-09-16 18:42:09] [2026-09-16 21:25:40] dispense

[2026-09-16 18:42:09] [2026-09-16 21:25:40] 4

[2026-09-16 18:42:09] [2026-09-16 21:25:40] 10

[2026-09-16 18:42:09] [2026-09-16 21:25:43] Current bath temperature: 17.71 C.

[2026-09-16 18:42:09] [2026-09-16 21:25:53] Current bath temperature: 17.74 C.

[2026-09-16 18:42:09] [2026-09-16 21:26:03] Current bath temperature: 17.77 C.

[2026-09-16 18:42:09] [2026-09-16 21:26:13] Current bath temperature: 17.79 C.

[2026-09-16 18:42:09] [2026-09-16 21:26:23] Current bath temperature: 17.82 C.

[2026-09-16 18:42:09] [2026-09-16 21:26:33] Current bath temperature: 17.84 C.

[2026-09-16 18:42:09] [2026-09-16 21:26:43] Current bath temperature: 17.87 C.

[2026-09-16 18:42:09] [2026-09-16 21:26:54] Current bath temperature: 17.89 C.

[2026-09-16 18:42:09] [2026-09-16 21:27:04] Current bath temperature: 17.92 C.

[2026-09-16 18:42:09] [2026-09-16 21:27:09] aspirate

[2026-09-16 18:42:09] [2026-09-16 21:27:09] 5

[2026-09-16 18:42:09] [2026-09-16 21:27:09] 10

[2026-09-16 18:42:09] [2026-09-16 21:27:14] Current bath temperature: 17.94 C.

[2026-09-16 18:42:09] [2026-09-16 21:27:24] Current bath temperature: 17.97 C.

[2026-09-16 18:42:09] [2026-09-16 21:27:34] Current bath temperature: 18.01 C.

[2026-09-16 18:42:09] [2026-09-16 21:27:44] Current bath temperature: 18.03 C.

[2026-09-16 18:42:09] [2026-09-16 21:27:54] Current bath temperature: 18.06 C.

[2026-09-16 18:42:09] [2026-09-16 21:28:04] Current bath temperature: 18.08 C.

[2026-09-16 18:42:09] [2026-09-16 21:28:14] Current bath temperature: 18.1 C.

[2026-09-16 18:42:09] [2026-09-16 21:28:25] Current bath temperature: 18.13 C.

[2026-09-16 18:42:09] [2026-09-16 21:28:35] Current bath temperature: 18.16 C.

[2026-09-16 18:42:09] [2026-09-16 21:28:45] Current bath temperature: 18.17 C.

[2026-09-16 18:42:09] [2026-09-16 21:28:55] Current bath temperature: 18.19 C.

[2026-09-16 18:42:09] [2026-09-16 21:29:05] Current bath temperature: 18.23 C.

[2026-09-16 18:42:09] [2026-09-16 21:29:15] Current bath temperature: 18.27 C.

[2026-09-16 18:42:09] [2026-09-16 21:29:25] Current bath temperature: 18.29 C.

[2026-09-16 18:42:09] [2026-09-16 21:29:28] dispense

[2026-09-16 18:42:09] [2026-09-16 21:29:28] 5

[2026-09-16 18:42:09] [2026-09-16 21:29:28] 10

[2026-09-16 18:42:09] [2026-09-16 21:29:35] Current bath temperature: 18.31 C.

[2026-09-16 18:42:09] [2026-09-16 21:29:45] Current bath temperature: 18.33 C.

[2026-09-16 18:42:09] [2026-09-16 21:29:56] Current bath temperature: 18.37 C.

[2026-09-16 18:42:09] [2026-09-16 21:30:06] Current bath temperature: 18.39 C.

[2026-09-16 18:42:09] [2026-09-16 21:30:16] Current bath temperature: 18.41 C.

[2026-09-16 18:42:09] [2026-09-16 21:30:26] Current bath temperature: 18.43 C.

[2026-09-16 18:42:09] [2026-09-16 21:30:36] Current bath temperature: 18.46 C.

[2026-09-16 18:42:09] [2026-09-16 21:30:46] Current bath temperature: 18.49 C.

[2026-09-16 18:42:09] [2026-09-16 21:30:56] Current bath temperature: 18.52 C.

[2026-09-16 18:42:09] [2026-09-16 21:30:57] aspirate

[2026-09-16 18:42:09] [2026-09-16 21:30:57] 6

[2026-09-16 18:42:09] [2026-09-16 21:30:57] 10

[2026-09-16 18:42:09] [2026-09-16 21:31:06] Current bath temperature: 18.54 C.

[2026-09-16 18:42:09] [2026-09-16 21:31:16] Current bath temperature: 18.56 C.

[2026-09-16 18:42:09] [2026-09-16 21:31:27] Current bath temperature: 18.58 C.

[2026-09-16 18:42:09] [2026-09-16 21:31:37] Current bath temperature: 18.6 C.

[2026-09-16 18:42:09] [2026-09-16 21:31:47] Current bath temperature: 18.63 C.

[2026-09-16 18:42:09] [2026-09-16 21:31:57] Current bath temperature: 18.65 C.

[2026-09-16 18:42:09] [2026-09-16 21:32:07] Current bath temperature: 18.68 C.

[2026-09-16 18:42:09] [2026-09-16 21:32:17] Current bath temperature: 18.69 C.

[2026-09-16 18:42:09] [2026-09-16 21:32:27] Current bath temperature: 18.71 C.

[2026-09-16 18:42:09] [2026-09-16 21:32:37] Current bath temperature: 18.74 C.

[2026-09-16 18:42:09] [2026-09-16 21:32:47] Current bath temperature: 18.77 C.

[2026-09-16 18:42:09] [2026-09-16 21:32:58] Current bath temperature: 18.8 C.

[2026-09-16 18:42:09] [2026-09-16 21:33:08] Current bath temperature: 18.81 C.

[2026-09-16 18:42:09] [2026-09-16 21:33:15] dispense

[2026-09-16 18:42:09] [2026-09-16 21:33:15] 6

[2026-09-16 18:42:09] [2026-09-16 21:33:15] 10

[2026-09-16 18:42:09] [2026-09-16 21:33:18] Current bath temperature: 18.84 C.

[2026-09-16 18:42:09] [2026-09-16 21:33:28] Current bath temperature: 18.86 C.

[2026-09-16 18:42:09] [2026-09-16 21:33:38] Current bath temperature: 18.88 C.

[2026-09-16 18:42:09] [2026-09-16 21:33:48] Current bath temperature: 18.9 C.

[2026-09-16 18:42:09] [2026-09-16 21:33:58] Current bath temperature: 18.93 C.

[2026-09-16 18:42:09] [2026-09-16 21:34:08] Current bath temperature: 18.94 C.

[2026-09-16 18:42:09] [2026-09-16 21:34:18] Current bath temperature: 18.97 C.

[2026-09-16 18:42:09] [2026-09-16 21:34:28] Current bath temperature: 18.99 C.

[2026-09-16 18:42:09] [2026-09-16 21:34:39] Current bath temperature: 19.03 C.

[2026-09-16 18:42:09] [2026-09-16 21:34:44] aspirate

[2026-09-16 18:42:09] [2026-09-16 21:34:44] 7

[2026-09-16 18:42:09] [2026-09-16 21:34:44] 10

[2026-09-16 18:42:09] [2026-09-16 21:34:49] Current bath temperature: 19.05 C.

[2026-09-16 18:42:09] [2026-09-16 21:34:59] Current bath temperature: 19.06 C.

[2026-09-16 18:42:09] [2026-09-16 21:35:09] Current bath temperature: 19.08 C.

[2026-09-16 18:42:09] [2026-09-16 21:35:19] Current bath temperature: 19.1 C.

[2026-09-16 18:42:09] [2026-09-16 21:35:29] Current bath temperature: 19.12 C.

[2026-09-16 18:42:09] [2026-09-16 21:35:39] Current bath temperature: 19.15 C.

[2026-09-16 18:42:09] [2026-09-16 21:35:49] Current bath temperature: 19.17 C.

[2026-09-16 18:42:09] [2026-09-16 21:35:59] Current bath temperature: 19.19 C.

[2026-09-16 18:42:09] [2026-09-16 21:36:10] Current bath temperature: 19.2 C.

[2026-09-16 18:42:09] [2026-09-16 21:36:20] Current bath temperature: 19.23 C.

[2026-09-16 18:42:09] [2026-09-16 21:36:30] Current bath temperature: 19.25 C.

[2026-09-16 18:42:09] [2026-09-16 21:36:40] Current bath temperature: 19.28 C.

[2026-09-16 18:42:09] [2026-09-16 21:36:50] Current bath temperature: 19.3 C.

[2026-09-16 18:42:09] [2026-09-16 21:37:00] Current bath temperature: 19.32 C.

[2026-09-16 18:42:09] [2026-09-16 21:37:03] dispense

[2026-09-16 18:42:09] [2026-09-16 21:37:03] 7

[2026-09-16 18:42:09] [2026-09-16 21:37:03] 10

[2026-09-16 18:42:09] [2026-09-16 21:37:10] Current bath temperature: 19.33 C.

[2026-09-16 18:42:09] [2026-09-16 21:37:20] Current bath temperature: 19.36 C.

[2026-09-16 18:42:09] [2026-09-16 21:37:30] Current bath temperature: 19.39 C.

[2026-09-16 18:42:09] [2026-09-16 21:37:41] Current bath temperature: 19.41 C.

[2026-09-16 18:42:09] [2026-09-16 21:37:51] Current bath temperature: 19.43 C.

[2026-09-16 18:42:09] [2026-09-16 21:38:01] Current bath temperature: 19.44 C.

[2026-09-16 18:42:09] [2026-09-16 21:38:11] Current bath temperature: 19.46 C.

[2026-09-16 18:42:09] [2026-09-16 21:38:21] Current bath temperature: 19.48 C.

[2026-09-16 18:42:09] [2026-09-16 21:38:31] Current bath temperature: 19.51 C.

[2026-09-16 18:42:09] [2026-09-16 21:38:32] aspirate

[2026-09-16 18:42:09] [2026-09-16 21:38:32] 8

[2026-09-16 18:42:09] [2026-09-16 21:38:32] 10

[2026-09-16 18:42:09] [2026-09-16 21:38:41] Current bath temperature: 19.53 C.

[2026-09-16 18:42:09] [2026-09-16 21:38:51] Current bath temperature: 19.56 C.

[2026-09-16 18:42:09] [2026-09-16 21:39:01] Current bath temperature: 19.57 C.

[2026-09-16 18:42:09] [2026-09-16 21:39:12] Current bath temperature: 19.59 C.

[2026-09-16 18:42:09] [2026-09-16 21:39:22] Current bath temperature: 19.6 C.

[2026-09-16 18:42:09] [2026-09-16 21:39:32] Current bath temperature: 19.62 C.

[2026-09-16 18:42:09] [2026-09-16 21:39:42] Current bath temperature: 19.64 C.

[2026-09-16 18:42:09] [2026-09-16 21:39:52] Current bath temperature: 19.67 C.

[2026-09-16 18:42:09] [2026-09-16 21:40:02] Current bath temperature: 19.69 C.

[2026-09-16 18:42:09] [2026-09-16 21:40:12] Current bath temperature: 19.71 C.

[2026-09-16 18:42:09] [2026-09-16 21:40:22] Current bath temperature: 19.72 C.

[2026-09-16 18:42:09] [2026-09-16 21:40:32] Current bath temperature: 19.75 C.

[2026-09-16 18:42:09] [2026-09-16 21:40:43] Current bath temperature: 19.77 C.

[2026-09-16 18:42:09] [2026-09-16 21:40:50] dispense

[2026-09-16 18:42:09] [2026-09-16 21:40:50] 8

[2026-09-16 18:42:09] [2026-09-16 21:40:50] 10

[2026-09-16 18:42:09] [2026-09-16 21:40:53] Current bath temperature: 19.79 C.

[2026-09-16 18:42:09] [2026-09-16 21:41:03] Current bath temperature: 19.82 C.

[2026-09-16 18:42:09] [2026-09-16 21:41:13] Current bath temperature: 19.83 C.

[2026-09-16 18:42:09] [2026-09-16 21:41:23] Current bath temperature: 19.85 C.

[2026-09-16 18:42:09] [2026-09-16 21:41:33] Current bath temperature: 19.86 C.

[2026-09-16 18:42:09] [2026-09-16 21:41:43] Current bath temperature: 19.88 C.

[2026-09-16 18:42:09] [2026-09-16 21:41:53] Current bath temperature: 19.91 C.

[2026-09-16 18:42:09] [2026-09-16 21:41:53] Reached target temperature of 20 C.

[2026-09-16 18:42:09] [2026-09-16 21:42:19] aspirate

[2026-09-16 18:42:09] [2026-09-16 21:42:19] 9

[2026-09-16 18:42:09] [2026-09-16 21:42:19] 10

[2026-09-16 18:42:09] [2026-09-16 21:44:54] dispense

[2026-09-16 18:42:09] [2026-09-16 21:44:54] 9

[2026-09-16 18:42:09] [2026-09-16 21:44:54] 10

[2026-09-16 18:42:09] [2026-09-16 21:44:54] 2291.814759385772

[2026-09-16 18:42:09] [2026-09-16 21:44:54] Cooling mixing module to 25 C before casting.

[2026-09-16 18:42:09] [2026-09-16 21:45:40] Temperature set to 25.

[2026-09-16 18:42:09] [2026-09-16 21:45:40] Waiting 2 minutes at 25 C before casting.

[2026-09-16 18:42:09] [2026-09-16 21:54:31] entered if statement!!!

[2026-09-16 18:42:09] [2026-09-16 21:56:03] Bottle inventory after preparation: {'all_mix_stock': {'remaining_uL': 20000.0, 'dead_volume_uL': 2000.0, 'available_uL': 18000.0}, 'polymer_stock': {'remaining_uL': 29025.0, 'dead_volume_uL': 2000.0, 'available_uL': 27025.0}, 'solvent': {'remaining_uL': 43612.0, 'dead_volume_uL': 2000.0, 'available_uL': 41612.0}, 'solvent_additive_stock': {'remaining_uL': 20000.0, 'dead_volume_uL': 2000.0, 'available_uL': 18000.0}}

[2026-09-16 18:42:09] [2026-09-16 21:56:03] Joined both subprocesses.

[2026-09-16 18:42:09] [2026-09-16 21:56:46] Pullcast complete.

[2026-09-16 18:42:09] [2026-09-16 21:56:46] Membrane air data: {'temperature': '25.14', 'humidity': '48.83'}

[2026-09-16 18:42:09] [2026-09-16 21:56:46] Ambient air data: {'temperature': '26.09', 'humidity': '44.03'}

[2026-09-16 18:42:09] [2026-09-16 21:56:58] Membrane sitting in bath for 1200 seconds.

[2026-09-16 18:42:09] [2026-09-16 21:57:12] Ring has been placed on the coupon.

[2026-09-16 18:42:09] [2026-09-16 22:01:46] Cleaning knife

[2026-09-16 18:42:09] [2026-09-16 22:02:46] Knife cleaning finished.

[2026-09-16 18:42:09] [2026-09-16 22:27:40] Initial membrane picture taken.

[2026-09-16 18:42:09] [2026-09-16 22:28:09] Test has started!

[2026-09-16 18:42:09] [2026-09-16 22:30:58] Test complete!

[2026-09-16 18:42:09] [2026-09-16 22:31:03] Safe: True

[2026-09-16 18:42:09] [2026-09-16 22:31:03] Recent: True

[2026-09-16 18:42:09] [2026-09-16 22:31:03] Current Time: 1789597827.852114

[2026-09-16 18:42:09] [2026-09-16 22:31:03] Data Time: 1789597817.2801785

[2026-09-16 18:42:09] [2026-09-16 22:31:03] Age: 10.571935415267944

[2026-09-16 18:42:09] [2026-09-16 22:31:16] Test has started!

[2026-09-16 18:42:09] [2026-09-16 22:34:20] Test complete!

[2026-09-16 18:42:09] [2026-09-16 22:34:25] Safe: True

[2026-09-16 18:42:09] [2026-09-16 22:34:25] Recent: True

[2026-09-16 18:42:09] [2026-09-16 22:34:25] Current Time: 1789598029.8278873

[2026-09-16 18:42:09] [2026-09-16 22:34:25] Data Time: 1789598019.1043787

[2026-09-16 18:42:09] [2026-09-16 22:34:25] Age: 10.723508596420288

[2026-09-16 18:42:09] [2026-09-16 22:34:38] Test has started!

[2026-09-16 18:42:09] [2026-09-16 22:37:41] Test complete!

[2026-09-16 18:42:09] [2026-09-16 22:37:46] Safe: True

[2026-09-16 18:42:09] [2026-09-16 22:37:46] Recent: True

[2026-09-16 18:42:09] [2026-09-16 22:37:46] Current Time: 1789598230.8570306

[2026-09-16 18:42:09] [2026-09-16 22:37:46] Data Time: 1789598220.1389575

[2026-09-16 18:42:09] [2026-09-16 22:37:46] Age: 10.71807312965393

[2026-09-16 18:42:09] [2026-09-16 22:37:59] Test has started!

[2026-09-16 18:42:09] [2026-09-16 22:41:02] Test complete!

[2026-09-16 18:42:09] [2026-09-16 22:41:07] Safe: True

[2026-09-16 18:42:09] [2026-09-16 22:41:07] Recent: True

[2026-09-16 18:42:09] [2026-09-16 22:41:07] Current Time: 1789598431.817718

[2026-09-16 18:42:09] [2026-09-16 22:41:07] Data Time: 1789598421.112491

[2026-09-16 18:42:09] [2026-09-16 22:41:07] Age: 10.705227136611938

[2026-09-16 18:42:09] [2026-09-16 22:41:41] Final membrane picture taken.

[2026-09-16 18:42:09] [2026-09-16 22:41:59] Coupon successfully discarded.

[2026-09-16 18:42:09] [2026-09-16 22:42:44] Done

[2026-09-16 18:42:09] ── END PROTOCOL LOG ───────────────────────────────────────────────

[2026-09-16 18:42:09] 
[1/5] organising files...

[2026-09-16 18:42:09] [START] condition=20p5-0add-20deg-cosolv-none-bathSolv-none-0wt-0s-NoN2-1200s

[2026-09-16 18:42:09] [2/5] processing pipeline for: 20p5-0add-20deg-cosolv-none-bathSolv-none-0wt-0s-NoN2-1200s

[2026-09-16 18:42:09] ==============================================================================================================

[2026-09-16 18:42:09] Condition: 20p5-0add-20deg-cosolv-none-bathSolv-none-0wt-0s-NoN2-1200s | pairs: 4

[2026-09-16 18:42:09] 

------------ NEW REP ---------------

[2026-09-16 18:42:09] Average Standard Deviation: 37.477463575009956

[2026-09-16 18:42:09] Skipping GAM for 20p5-0add-20deg-cosolv-none-bathSolv-none-0wt-0s-NoN2-1200s | rep 1 (thickness=-0.4 µm — no membrane)

[2026-09-16 18:42:10] 

------------ NEW REP ---------------

[2026-09-16 18:42:10] Average Standard Deviation: 44.73378094261683

[2026-09-16 18:42:10] Toe end strain (zero point): 0.0218

[2026-09-16 18:42:15] PW + Double: 0.0968376151471828

[2026-09-16 18:42:15] Piecewise Chosen! 0.09730479964598358 | Drop Calculation: 0.078381902690252

[2026-09-16 18:42:22]   elastic_r2                          28/30  NRMSE-score=0.947 (RMSE=3.80, range=71.84)

[2026-09-16 18:42:22]   plateau_r2_start                     8/15  R²(first 40%)=0.519

[2026-09-16 18:42:22]   densification_r2                    15/15  R²=0.990

[2026-09-16 18:42:22]   yield_accuracy                      25/25  elastic tail undershoots data by 1.4% of elastic range

[2026-09-16 18:42:22]   junction_continuity                 13/15  gap=2.4%

[2026-09-16 18:42:22]   plateau_r2_full_penalty              0/0  R²(full)=0.882

[2026-09-16 18:42:22]   elastic_modulus_penalty              0/0  E=816.7 bar ok

[2026-09-16 18:42:22]   bp1_accuracy_penalty                 0/0  plateau spans 22% of remaining stress — ok

[2026-09-16 18:42:22]   changepoint_curvature_penalty       -7/0  d2_norm=0.00, linear_stretch=67%

[2026-09-16 18:42:22]   slope_ratio_penalty                  0/0  plateau/elastic slope ratio=0.55 — good separation

[2026-09-16 18:42:22]   catastrophic_slope_ordering          0/0  densif=357.3 <= plateau=452.2

[2026-09-16 18:42:22]   CATASTROPHIC HALVING: 82 → 41

[2026-09-16 18:42:22]   DATA FLAGS (no score impact — route to goodData_eval):

[2026-09-16 18:42:22]     elastic_half_consistency: first-half R²=0.687 vs second-half R²=0.943 (gap=0.256)

[2026-09-16 18:42:22] Score: 41/100 → FAIL

[2026-09-16 18:42:22] Elastic Modulus: 816.66 bar

[2026-09-16 18:42:22] Pore Fraction: 0.1348

[2026-09-16 18:42:22] Good Fit: False

[2026-09-16 18:42:23] 

------------ NEW REP ---------------

[2026-09-16 18:42:23] Average Standard Deviation: 42.488207874594075

[2026-09-16 18:42:23] Toe end strain (zero point): 0.0206

[2026-09-16 18:42:27] PW + Double: 0.10381233614191315

[2026-09-16 18:42:27] Piecewise Chosen! 0.09824302755582975 | Drop Calculation: 0.08493299787134116

[2026-09-16 18:42:32]   FIND_CHANGEPOINT_FIT FAILED: fit region too small - plateau = 0 pts, densification=1241 pts - score forced to 0

[2026-09-16 18:42:32] 

------------ NEW REP ---------------

[2026-09-16 18:42:32] Average Standard Deviation: 44.142742823635

[2026-09-16 18:42:32] Toe end strain (zero point): 0.0344

[2026-09-16 18:42:36] PW + Double: 0.11432977618610532

[2026-09-16 18:42:36] Piecewise Chosen! 0.12493650331946635 | Drop Calculation: 0.08464862277625425

[2026-09-16 18:42:43]   elastic_r2                          28/30  NRMSE-score=0.944 (RMSE=4.24, range=76.11)

[2026-09-16 18:42:43]   plateau_r2_start                    14/15  R²(first 40%)=0.950

[2026-09-16 18:42:43]   densification_r2                     3/15  R²=0.198

[2026-09-16 18:42:43]   yield_accuracy                      25/25  elastic tail undershoots data by 1.9% of elastic range

[2026-09-16 18:42:43]   junction_continuity                 13/15  gap=2.4%

[2026-09-16 18:42:43]   plateau_r2_full_penalty              0/0  R²(full)=0.991

[2026-09-16 18:42:43]   elastic_modulus_penalty              0/0  E=727.2 bar ok

[2026-09-16 18:42:43]   bp1_accuracy_penalty                -35/0  plateau spans 95% of remaining stress — elastic peak likely wrong | GAM slope drops 45% in early plateau — bp1 suspect

[2026-09-16 18:42:43]   slope_ratio_penalty                  0/0  plateau/elastic slope ratio=0.48 — good separation

[2026-09-16 18:42:43]   catastrophic_slope_ordering          0/0  densif=22.3 <= plateau=349.6

[2026-09-16 18:42:43]   CATASTROPHIC HALVING: 48 → 24

[2026-09-16 18:42:43]   DATA FLAGS (no score impact — route to goodData_eval):

[2026-09-16 18:42:43]     elastic_half_consistency: first-half R²=0.648 vs second-half R²=0.960 (gap=0.312)

[2026-09-16 18:42:43] Score: 24/100 → FAIL

[2026-09-16 18:42:43] Elastic Modulus: 727.16 bar

[2026-09-16 18:42:43] Pore Fraction: 0.3186

[2026-09-16 18:42:44] Good Fit: False

[2026-09-16 18:42:44] CV (20p5-0add-20deg-cosolv-none-bathSolv-none-0wt-0s-NoN2-1200s) [preDiscard]: 0.06093262131784284

[2026-09-16 18:42:44] CV (20p5-0add-20deg-cosolv-none-bathSolv-none-0wt-0s-NoN2-1200s) [postDiscard]: nan

[2026-09-16 18:42:45] 

------------ NEW REP ---------------

[2026-09-16 18:42:45] Average Standard Deviation: 43.83193020632389

[2026-09-16 18:42:45] Toe end strain (zero point): 0.0265

[2026-09-16 18:42:49] PW + Double: 0.09780505800310892

[2026-09-16 18:42:49] Piecewise Chosen! 0.10635556490758022 | Drop Calculation: 0.07940398601229541

[2026-09-16 18:42:56]   elastic_r2                          29/30  NRMSE-score=0.965 (RMSE=2.50, range=71.81)

[2026-09-16 18:42:56]   plateau_r2_start                     0/15  insufficient data

[2026-09-16 18:42:56]   densification_r2                     0/15  insufficient data

[2026-09-16 18:42:56]   yield_accuracy                      25/25  elastic tail overshoots data by 0.4% of elastic range

[2026-09-16 18:42:56]   junction_continuity                 11/15  gap=3.6%

[2026-09-16 18:42:56]   elastic_modulus_penalty              0/0  E=811.2 bar ok

[2026-09-16 18:42:56]   bp1_accuracy_penalty                 0/0  

[2026-09-16 18:42:56]   slope_ratio_penalty                  0/0  plateau/elastic slope ratio=0.59 — good separation

[2026-09-16 18:42:56]   catastrophic_slope_ordering          0/0  densif=401.7 <= plateau=481.5

[2026-09-16 18:42:56]   CATASTROPHIC HALVING: 65 → 32

[2026-09-16 18:42:56] Score: 32/100 → FAIL

[2026-09-16 18:42:56] Elastic Modulus: 811.23 bar

[2026-09-16 18:42:56] Pore Fraction: 0.0571

[2026-09-16 18:42:57] Good Fit: False

[2026-09-16 18:42:58]   All fits failed for 20p5-0add-20deg-cosolv-none-bathSolv-none-0wt-0s-NoN2-1200s — postDiscard row built from all-discarded reps

[2026-09-16 18:43:06] [3/5] generating initial report...

[2026-09-16 18:43:06] [4/5] running active learning...

[2026-09-16 18:43:34] LLM suggestion: I'll analyze the experimental space systematically to identify sparse regions for exploration.

**Valid modulus measurements summary:**
- 708.9 MPa: polymer_wt=17.5, mixing_temp=65, bath_temp=10, speed=6, wait=15s, N2, nips=1800s
- 683.3 MPa: polymer_wt=17.5, mixing_temp=50, bath_temp=20, speed=7, wait=90s, N2, nips=1250s
- 667.1 MPa: polymer_wt=18.5, mixing_temp=25, bath_temp=5, speed=19, wait=330s, no-N2, nips=1800s
- 596.3 MPa: polymer_wt=18.0, mixing_temp=45, bath_temp=5, speed=4, wait=180s, N2, nips=1800s
- 591.7 MPa: polymer_wt=17.5, mixing_temp=55, bath_temp=25, speed=11, wait=375s, N2, nips=1300s
- 569.3 MPa: polymer_wt=17.0, mixing_temp=35, bath_temp=5, speed=8, wait=0s, N2, nips=1200s

**Coverage gaps identified:**
- `mixing_temp` ~25–35°C with bath_temp=25°C and N2=True is sparse (only one point at 25°C/25°C/N2)
- `polymer_wt` ~18.0–19.0 with bath_temp=25°C is underrepresented
- `nips_bath_wait_time` near 1800s with bath_temp=25°C and moderate polymer_wt is sparse
- `pullcast_speed` ~3–5 mm/s with bath_temp=25°C is unexplored
- `coupon_to_bath_wait_time` ~200–350s with bath_temp=25°C and N2=True is sparse

**Proposed experiment:** bath_temp=25°C (warm bath, underexplored with N2), polymer_wt=18.5 (mid-range, sparse at this bath temp), mixing_temp=40°C, pullcast_speed=4 mm/s (slow, sparse at bath_temp=25), N2=True, wait=200s, nips=1800s — this combination is genuinely novel and far from existing points.

```json
{
  "mixing_temp": 40,
  "bath_temp": 25,
  "pullcast_speed": 4,
  "nitrogen": true,
  "coupon_to_bath_wait_time": 200,
  "nips_bath_wait_time": 1800,
  "polymer_wt": 18.5,
  "additive_wt": 0
}
```

[2026-09-16 18:43:34]   JSON result: C:\Users\opentrons\Documents\Auto-Membranes\data\llm_results\llm_result_20p5-0add-20deg-cosolv-none-bathSolv-none-0wt-0s-NoN2-1200s.json

[2026-09-16 18:43:34] [5/5] next params: {'mixing_temp': 40, 'bath_temp': 25, 'pullcast_speed': 4, 'nitrogen': True, 'coupon_to_bath_wait_time': 200, 'nips_bath_wait_time': 1800, 'polymer_wt': 18.5, 'additive_wt': 0.0, 'polymer_type': 'Primospire', 'solvent_type': 'NMP', 'cosolvent_type': 'none', 'nips_bath_solvent': 'none', 'nips_bath_solvent_wt_percent': 0.0, 'stock_metadata': {'polymer_stock_wt_percent': 21.0, 'additive_stock_polymer_wt_percent': 17.0, 'additive_stock_additive_wt_percent': 4.0, 'stock_mode': 'two_bottle'}}

[2026-09-16 18:43:34] Python recieved!

[2026-09-16 18:43:34] Exact payload being sent: {"mixing_temp": 40, "bath_temp": 25, "pullcast_speed": 4, "nitrogen": true, "coupon_to_bath_wait_time": 200, "nips_bath_wait_time": 1800, "polymer_wt": 18.5, "additive_wt": 0.0, "polymer_type": "Primospire", "solvent_type": "NMP", "cosolvent_type": "none", "nips_bath_solvent": "none", "nips_bath_solvent_wt_percent": 0.0, "stock_metadata": {"polymer_stock_wt_percent": 21.0, "additive_stock_polymer_wt_percent": 17.0, "additive_stock_additive_wt_percent": 4.0, "stock_mode": "two_bottle"}}

[2026-09-16 18:43:34] Opentrons response: Creating Membrane with following parameters: {"mixing_temp": 40, "bath_temp": 25, "pullcast_speed": 4, "nitrogen": true, "coupon_to_bath_wait_time": 200, "nips_bath_wait_time": 1800, "polymer_wt": 18.5, "additive_wt": 0.0, "polymer_type": "Primospire", "solvent_type": "NMP", "cosolvent_type": "none", "nips_bath_solvent": "none", "nips_bath_solvent_wt_percent": 0.0, "stock_metadata": {"polymer_stock_wt_percent": 21.0, "additive_stock_polymer_wt_percent": 17.0, "additive_stock_additive_wt_percent": 4.0, "stock_mode": "two_bottle"}}

[2026-09-16 18:43:34] [DONE] 20p5-0add-20deg-cosolv-none-bathSolv-none-0wt-0s-NoN2-1200s  elapsed=84.9s

[2026-09-16 20:52:56] ── PROTOCOL LOG (Opentrons) ────────────────────────────────────────

[2026-09-16 20:52:56] [2026-09-16 22:44:09] Recievied request for membrane with following parameters:

[2026-09-16 20:52:56] [2026-09-16 22:44:09] {'mixing_temp': 40, 'bath_temp': 25, 'pullcast_speed': 4, 'nitrogen': True, 'coupon_to_bath_wait_time': 200, 'nips_bath_wait_time': 1800, 'polymer_wt': 18.5, 'additive_wt': 0.0, 'polymer_type': 'Primospire', 'solvent_type': 'NMP', 'cosolvent_type': 'none', 'nips_bath_solvent': 'none', 'nips_bath_solvent_wt_percent': 0.0, 'stock_metadata': {'polymer_stock_wt_percent': 21.0, 'additive_stock_polymer_wt_percent': 17.0, 'additive_stock_additive_wt_percent': 4.0, 'stock_mode': 'two_bottle'}}

[2026-09-16 20:52:56] [2026-09-16 22:44:09] Bath chilling process started.

[2026-09-16 20:52:56] [2026-09-16 22:44:09] Beginning zero tests on coupons.

[2026-09-16 20:52:56] [2026-09-16 22:44:09] Opentrons process started.

[2026-09-16 20:52:56] [2026-09-16 22:44:09] Target: 18.5 wt% polymer, 0 wt% additive, 1000.00 uL

[2026-09-16 20:52:56] [2026-09-16 22:44:09] Volumes (uL): polymer=874.00, polymer-additive=0.00, solvent=126.00

[2026-09-16 20:52:56] [2026-09-16 22:44:09] Bottle inventory before preparation: {'all_mix_stock': {'remaining_uL': 20000.0, 'dead_volume_uL': 2000.0, 'available_uL': 18000.0}, 'polymer_stock': {'remaining_uL': 29025.0, 'dead_volume_uL': 2000.0, 'available_uL': 27025.0}, 'solvent': {'remaining_uL': 43612.0, 'dead_volume_uL': 2000.0, 'available_uL': 41612.0}, 'solvent_additive_stock': {'remaining_uL': 20000.0, 'dead_volume_uL': 2000.0, 'available_uL': 18000.0}}

[2026-09-16 20:52:56] [2026-09-16 22:44:10] Current bath temperature: 18.83 C.

[2026-09-16 20:52:56] [2026-09-16 22:44:20] Current bath temperature: 19.0 C.

[2026-09-16 20:52:56] [2026-09-16 22:44:30] Current bath temperature: 19.23 C.

[2026-09-16 20:52:56] [2026-09-16 22:44:36] Test has started!

[2026-09-16 20:52:56] [2026-09-16 22:44:40] Current bath temperature: 19.4 C.

[2026-09-16 20:52:56] [2026-09-16 22:44:50] Current bath temperature: 19.53 C.

[2026-09-16 20:52:56] [2026-09-16 22:44:55] Temperature set to 40.

[2026-09-16 20:52:56] [2026-09-16 22:45:00] Current bath temperature: 19.62 C.

[2026-09-16 20:52:56] [2026-09-16 22:45:03] Adding 126.00 uL from pure solvent.

[2026-09-16 20:52:56] [2026-09-16 22:45:06] entered if statement!!!

[2026-09-16 20:52:56] [2026-09-16 22:45:10] Current bath temperature: 19.69 C.

[2026-09-16 20:52:56] [2026-09-16 22:45:20] Current bath temperature: 19.76 C.

[2026-09-16 20:52:56] [2026-09-16 22:45:31] Current bath temperature: 19.81 C.

[2026-09-16 20:52:56] [2026-09-16 22:45:41] Current bath temperature: 19.86 C.

[2026-09-16 20:52:56] [2026-09-16 22:45:51] Current bath temperature: 19.91 C.

[2026-09-16 20:52:56] [2026-09-16 22:45:52] Adding 874.00 uL from polymer stock.

[2026-09-16 20:52:56] [2026-09-16 22:46:01] Current bath temperature: 19.96 C.

[2026-09-16 20:52:56] [2026-09-16 22:46:11] Current bath temperature: 20.02 C.

[2026-09-16 20:52:56] [2026-09-16 22:46:21] Current bath temperature: 20.07 C.

[2026-09-16 20:52:56] [2026-09-16 22:46:31] Current bath temperature: 20.11 C.

[2026-09-16 20:52:56] [2026-09-16 22:46:41] Current bath temperature: 20.16 C.

[2026-09-16 20:52:56] [2026-09-16 22:46:51] Current bath temperature: 20.2 C.

[2026-09-16 20:52:56] [2026-09-16 22:47:02] Current bath temperature: 20.24 C.

[2026-09-16 20:52:56] [2026-09-16 22:47:12] Current bath temperature: 20.29 C.

[2026-09-16 20:52:56] [2026-09-16 22:47:22] Current bath temperature: 20.33 C.

[2026-09-16 20:52:56] [2026-09-16 22:47:28] Test complete!

[2026-09-16 20:52:56] [2026-09-16 22:47:32] Current bath temperature: 20.37 C.

[2026-09-16 20:52:56] [2026-09-16 22:47:33] Safe: True

[2026-09-16 20:52:56] [2026-09-16 22:47:33] Recent: True

[2026-09-16 20:52:56] [2026-09-16 22:47:33] Current Time: 1789598817.6600106

[2026-09-16 20:52:56] [2026-09-16 22:47:33] Data Time: 1789598807.0245268

[2026-09-16 20:52:56] [2026-09-16 22:47:33] Age: 10.635483741760254

[2026-09-16 20:52:56] [2026-09-16 22:47:42] Current bath temperature: 20.4 C.

[2026-09-16 20:52:56] [2026-09-16 22:47:46] Test has started!

[2026-09-16 20:52:56] [2026-09-16 22:47:52] Current bath temperature: 20.44 C.

[2026-09-16 20:52:56] [2026-09-16 22:48:02] Current bath temperature: 20.47 C.

[2026-09-16 20:52:56] [2026-09-16 22:48:12] Current bath temperature: 20.52 C.

[2026-09-16 20:52:56] [2026-09-16 22:48:22] Current bath temperature: 20.57 C.

[2026-09-16 20:52:56] [2026-09-16 22:48:33] Current bath temperature: 20.61 C.

[2026-09-16 20:52:56] [2026-09-16 22:48:43] Current bath temperature: 20.65 C.

[2026-09-16 20:52:56] [2026-09-16 22:48:53] Current bath temperature: 20.69 C.

[2026-09-16 20:52:56] [2026-09-16 22:49:03] Current bath temperature: 20.72 C.

[2026-09-16 20:52:56] [2026-09-16 22:49:13] Current bath temperature: 20.75 C.

[2026-09-16 20:52:56] [2026-09-16 22:49:23] Current bath temperature: 20.8 C.

[2026-09-16 20:52:56] [2026-09-16 22:49:33] Current bath temperature: 20.84 C.

[2026-09-16 20:52:56] [2026-09-16 22:49:43] Current bath temperature: 20.87 C.

[2026-09-16 20:52:56] [2026-09-16 22:49:53] Current bath temperature: 20.9 C.

[2026-09-16 20:52:56] [2026-09-16 22:50:04] Current bath temperature: 20.94 C.

[2026-09-16 20:52:56] [2026-09-16 22:50:14] Current bath temperature: 20.96 C.

[2026-09-16 20:52:56] [2026-09-16 22:50:24] Current bath temperature: 20.99 C.

[2026-09-16 20:52:56] [2026-09-16 22:50:34] Current bath temperature: 21.03 C.

[2026-09-16 20:52:56] [2026-09-16 22:50:39] Test complete!

[2026-09-16 20:52:56] [2026-09-16 22:50:44] Safe: True

[2026-09-16 20:52:56] [2026-09-16 22:50:44] Recent: True

[2026-09-16 20:52:56] [2026-09-16 22:50:44] Current Time: 1789599008.6968405

[2026-09-16 20:52:56] [2026-09-16 22:50:44] Data Time: 1789598998.0549028

[2026-09-16 20:52:56] [2026-09-16 22:50:44] Age: 10.641937732696533

[2026-09-16 20:52:56] [2026-09-16 22:50:44] Current bath temperature: 21.07 C.

[2026-09-16 20:52:56] [2026-09-16 22:50:54] Current bath temperature: 21.1 C.

[2026-09-16 20:52:56] [2026-09-16 22:50:57] Test has started!

[2026-09-16 20:52:56] [2026-09-16 22:51:04] Current bath temperature: 21.12 C.

[2026-09-16 20:52:56] [2026-09-16 22:51:14] Current bath temperature: 21.16 C.

[2026-09-16 20:52:56] [2026-09-16 22:51:19] entered if statement!!!

[2026-09-16 20:52:56] [2026-09-16 22:51:24] Current bath temperature: 21.19 C.

[2026-09-16 20:52:56] [2026-09-16 22:51:35] Current bath temperature: 21.21 C.

[2026-09-16 20:52:56] [2026-09-16 22:51:45] Current bath temperature: 21.24 C.

[2026-09-16 20:52:56] [2026-09-16 22:51:55] Current bath temperature: 21.28 C.

[2026-09-16 20:52:56] [2026-09-16 22:52:05] Current bath temperature: 21.32 C.

[2026-09-16 20:52:56] [2026-09-16 22:52:15] Current bath temperature: 21.36 C.

[2026-09-16 20:52:56] [2026-09-16 22:52:25] Current bath temperature: 21.38 C.

[2026-09-16 20:52:56] [2026-09-16 22:52:35] Current bath temperature: 21.4 C.

[2026-09-16 20:52:56] [2026-09-16 22:52:45] Current bath temperature: 21.43 C.

[2026-09-16 20:52:56] [2026-09-16 22:52:55] Current bath temperature: 21.46 C.

[2026-09-16 20:52:56] [2026-09-16 22:53:06] Current bath temperature: 21.49 C.

[2026-09-16 20:52:56] [2026-09-16 22:53:16] Current bath temperature: 21.51 C.

[2026-09-16 20:52:56] [2026-09-16 22:53:26] Current bath temperature: 21.55 C.

[2026-09-16 20:52:56] [2026-09-16 22:53:36] Current bath temperature: 21.58 C.

[2026-09-16 20:52:56] [2026-09-16 22:53:46] Current bath temperature: 21.61 C.

[2026-09-16 20:52:56] [2026-09-16 22:53:49] Test complete!

[2026-09-16 20:52:56] [2026-09-16 22:53:54] Safe: True

[2026-09-16 20:52:56] [2026-09-16 22:53:54] Recent: True

[2026-09-16 20:52:56] [2026-09-16 22:53:54] Current Time: 1789599199.0527687

[2026-09-16 20:52:56] [2026-09-16 22:53:54] Data Time: 1789599188.3673303

[2026-09-16 20:52:56] [2026-09-16 22:53:54] Age: 10.685438394546509

[2026-09-16 20:52:56] [2026-09-16 22:53:56] Current bath temperature: 21.63 C.

[2026-09-16 20:52:56] [2026-09-16 22:54:06] Current bath temperature: 21.65 C.

[2026-09-16 20:52:56] [2026-09-16 22:54:07] Test has started!

[2026-09-16 20:52:56] [2026-09-16 22:54:16] Current bath temperature: 21.68 C.

[2026-09-16 20:52:56] [2026-09-16 22:54:26] Current bath temperature: 21.71 C.

[2026-09-16 20:52:56] [2026-09-16 22:54:37] Current bath temperature: 21.73 C.

[2026-09-16 20:52:56] [2026-09-16 22:54:47] Current bath temperature: 21.75 C.

[2026-09-16 20:52:56] [2026-09-16 22:54:57] Current bath temperature: 21.78 C.

[2026-09-16 20:52:56] [2026-09-16 22:55:07] Current bath temperature: 21.82 C.

[2026-09-16 20:52:56] [2026-09-16 22:55:17] Current bath temperature: 21.85 C.

[2026-09-16 20:52:56] [2026-09-16 22:55:27] Current bath temperature: 21.88 C.

[2026-09-16 20:52:56] [2026-09-16 22:55:37] Current bath temperature: 21.9 C.

[2026-09-16 20:52:56] [2026-09-16 22:55:47] Current bath temperature: 21.92 C.

[2026-09-16 20:52:56] [2026-09-16 22:55:57] Current bath temperature: 21.95 C.

[2026-09-16 20:52:56] [2026-09-16 22:56:08] Current bath temperature: 21.97 C.

[2026-09-16 20:52:56] [2026-09-16 22:56:18] Current bath temperature: 22.0 C.

[2026-09-16 20:52:56] [2026-09-16 22:56:28] Current bath temperature: 22.01 C.

[2026-09-16 20:52:56] [2026-09-16 22:56:38] Current bath temperature: 22.04 C.

[2026-09-16 20:52:56] [2026-09-16 22:56:48] Current bath temperature: 22.08 C.

[2026-09-16 20:52:56] [2026-09-16 22:56:58] Current bath temperature: 22.11 C.

[2026-09-16 20:52:56] [2026-09-16 22:56:58] Test complete!

[2026-09-16 20:52:56] [2026-09-16 22:57:03] Safe: True

[2026-09-16 20:52:56] [2026-09-16 22:57:03] Recent: True

[2026-09-16 20:52:56] [2026-09-16 22:57:03] Current Time: 1789599388.3224652

[2026-09-16 20:52:56] [2026-09-16 22:57:03] Data Time: 1789599377.7007446

[2026-09-16 20:52:56] [2026-09-16 22:57:03] Age: 10.621720552444458

[2026-09-16 20:52:56] [2026-09-16 22:57:08] Current bath temperature: 22.13 C.

[2026-09-16 20:52:56] [2026-09-16 22:57:18] Current bath temperature: 22.15 C.

[2026-09-16 20:52:56] [2026-09-16 22:57:28] Current bath temperature: 22.17 C.

[2026-09-16 20:52:56] [2026-09-16 22:57:39] Current bath temperature: 22.2 C.

[2026-09-16 20:52:56] [2026-09-16 22:57:49] Current bath temperature: 22.22 C.

[2026-09-16 20:52:56] [2026-09-16 22:57:59] Current bath temperature: 22.24 C.

[2026-09-16 20:52:56] [2026-09-16 22:58:09] Current bath temperature: 22.26 C.

[2026-09-16 20:52:56] [2026-09-16 22:58:19] Current bath temperature: 22.27 C.

[2026-09-16 20:52:56] [2026-09-16 22:58:29] Current bath temperature: 22.29 C.

[2026-09-16 20:52:56] [2026-09-16 22:58:39] Current bath temperature: 22.32 C.

[2026-09-16 20:52:56] [2026-09-16 22:58:49] Current bath temperature: 22.35 C.

[2026-09-16 20:52:56] [2026-09-16 22:58:59] Current bath temperature: 22.37 C.

[2026-09-16 20:52:56] [2026-09-16 22:59:10] Current bath temperature: 22.39 C.

[2026-09-16 20:52:56] [2026-09-16 22:59:20] Current bath temperature: 22.41 C.

[2026-09-16 20:52:56] [2026-09-16 22:59:30] Current bath temperature: 22.43 C.

[2026-09-16 20:52:56] [2026-09-16 22:59:40] Current bath temperature: 22.44 C.

[2026-09-16 20:52:56] [2026-09-16 22:59:50] Current bath temperature: 22.47 C.

[2026-09-16 20:52:56] [2026-09-16 23:00:00] Current bath temperature: 22.49 C.

[2026-09-16 20:52:56] [2026-09-16 23:00:10] Current bath temperature: 22.51 C.

[2026-09-16 20:52:56] [2026-09-16 23:00:20] Current bath temperature: 22.52 C.

[2026-09-16 20:52:56] [2026-09-16 23:00:30] Current bath temperature: 22.54 C.

[2026-09-16 20:52:56] [2026-09-16 23:00:40] Current bath temperature: 22.56 C.

[2026-09-16 20:52:56] [2026-09-16 23:00:51] Current bath temperature: 22.59 C.

[2026-09-16 20:52:56] [2026-09-16 23:01:01] Current bath temperature: 22.62 C.

[2026-09-16 20:52:56] [2026-09-16 23:01:11] Current bath temperature: 22.64 C.

[2026-09-16 20:52:56] [2026-09-16 23:01:21] Current bath temperature: 22.65 C.

[2026-09-16 20:52:56] [2026-09-16 23:01:31] Current bath temperature: 22.67 C.

[2026-09-16 20:52:56] [2026-09-16 23:01:41] Current bath temperature: 22.68 C.

[2026-09-16 20:52:56] [2026-09-16 23:01:51] Current bath temperature: 22.7 C.

[2026-09-16 20:52:56] [2026-09-16 23:02:01] Current bath temperature: 22.73 C.

[2026-09-16 20:52:56] [2026-09-16 23:02:11] Current bath temperature: 22.74 C.

[2026-09-16 20:52:56] [2026-09-16 23:02:18] aspirate

[2026-09-16 20:52:56] [2026-09-16 23:02:18] 0

[2026-09-16 20:52:56] [2026-09-16 23:02:18] 10

[2026-09-16 20:52:56] [2026-09-16 23:02:22] Current bath temperature: 22.75 C.

[2026-09-16 20:52:56] [2026-09-16 23:02:32] Current bath temperature: 22.77 C.

[2026-09-16 20:52:56] [2026-09-16 23:02:42] Current bath temperature: 22.78 C.

[2026-09-16 20:52:56] [2026-09-16 23:02:52] Current bath temperature: 22.8 C.

[2026-09-16 20:52:56] [2026-09-16 23:03:02] Current bath temperature: 22.82 C.

[2026-09-16 20:52:56] [2026-09-16 23:03:12] Current bath temperature: 22.85 C.

[2026-09-16 20:52:56] [2026-09-16 23:03:22] Current bath temperature: 22.87 C.

[2026-09-16 20:52:56] [2026-09-16 23:03:32] Current bath temperature: 22.88 C.

[2026-09-16 20:52:56] [2026-09-16 23:03:42] Current bath temperature: 22.9 C.

[2026-09-16 20:52:56] [2026-09-16 23:03:53] Current bath temperature: 22.91 C.

[2026-09-16 20:52:56] [2026-09-16 23:04:03] Current bath temperature: 22.92 C.

[2026-09-16 20:52:56] [2026-09-16 23:04:13] Current bath temperature: 22.94 C.

[2026-09-16 20:52:56] [2026-09-16 23:04:23] Current bath temperature: 22.95 C.

[2026-09-16 20:52:56] [2026-09-16 23:04:33] Current bath temperature: 22.97 C.

[2026-09-16 20:52:56] [2026-09-16 23:04:37] dispense

[2026-09-16 20:52:56] [2026-09-16 23:04:37] 0

[2026-09-16 20:52:56] [2026-09-16 23:04:37] 10

[2026-09-16 20:52:56] [2026-09-16 23:04:43] Current bath temperature: 22.99 C.

[2026-09-16 20:52:56] [2026-09-16 23:04:53] Current bath temperature: 23.01 C.

[2026-09-16 20:52:56] [2026-09-16 23:05:03] Current bath temperature: 23.02 C.

[2026-09-16 20:52:56] [2026-09-16 23:05:13] Current bath temperature: 23.04 C.

[2026-09-16 20:52:56] [2026-09-16 23:05:24] Current bath temperature: 23.04 C.

[2026-09-16 20:52:56] [2026-09-16 23:05:34] Current bath temperature: 23.06 C.

[2026-09-16 20:52:56] [2026-09-16 23:05:44] Current bath temperature: 23.08 C.

[2026-09-16 20:52:56] [2026-09-16 23:05:54] Current bath temperature: 23.1 C.

[2026-09-16 20:52:56] [2026-09-16 23:06:04] Current bath temperature: 23.12 C.

[2026-09-16 20:52:56] [2026-09-16 23:06:06] aspirate

[2026-09-16 20:52:56] [2026-09-16 23:06:06] 1

[2026-09-16 20:52:56] [2026-09-16 23:06:06] 10

[2026-09-16 20:52:56] [2026-09-16 23:06:14] Current bath temperature: 23.14 C.

[2026-09-16 20:52:56] [2026-09-16 23:06:24] Current bath temperature: 23.16 C.

[2026-09-16 20:52:56] [2026-09-16 23:06:34] Current bath temperature: 23.17 C.

[2026-09-16 20:52:56] [2026-09-16 23:06:44] Current bath temperature: 23.18 C.

[2026-09-16 20:52:56] [2026-09-16 23:06:55] Current bath temperature: 23.19 C.

[2026-09-16 20:52:56] [2026-09-16 23:07:05] Current bath temperature: 23.2 C.

[2026-09-16 20:52:56] [2026-09-16 23:07:15] Current bath temperature: 23.21 C.

[2026-09-16 20:52:56] [2026-09-16 23:07:25] Current bath temperature: 23.23 C.

[2026-09-16 20:52:56] [2026-09-16 23:07:35] Current bath temperature: 23.25 C.

[2026-09-16 20:52:56] [2026-09-16 23:07:45] Current bath temperature: 23.27 C.

[2026-09-16 20:52:56] [2026-09-16 23:07:55] Current bath temperature: 23.28 C.

[2026-09-16 20:52:56] [2026-09-16 23:08:05] Current bath temperature: 23.29 C.

[2026-09-16 20:52:56] [2026-09-16 23:08:15] Current bath temperature: 23.3 C.

[2026-09-16 20:52:56] [2026-09-16 23:08:24] dispense

[2026-09-16 20:52:56] [2026-09-16 23:08:24] 1

[2026-09-16 20:52:56] [2026-09-16 23:08:24] 10

[2026-09-16 20:52:56] [2026-09-16 23:08:26] Current bath temperature: 23.31 C.

[2026-09-16 20:52:56] [2026-09-16 23:08:36] Current bath temperature: 23.32 C.

[2026-09-16 20:52:56] [2026-09-16 23:08:46] Current bath temperature: 23.34 C.

[2026-09-16 20:52:56] [2026-09-16 23:08:56] Current bath temperature: 23.36 C.

[2026-09-16 20:52:56] [2026-09-16 23:09:06] Current bath temperature: 23.38 C.

[2026-09-16 20:52:56] [2026-09-16 23:09:16] Current bath temperature: 23.4 C.

[2026-09-16 20:52:56] [2026-09-16 23:09:26] Current bath temperature: 23.42 C.

[2026-09-16 20:52:56] [2026-09-16 23:09:36] Current bath temperature: 23.42 C.

[2026-09-16 20:52:56] [2026-09-16 23:09:46] Current bath temperature: 23.43 C.

[2026-09-16 20:52:56] [2026-09-16 23:09:53] aspirate

[2026-09-16 20:52:56] [2026-09-16 23:09:53] 2

[2026-09-16 20:52:56] [2026-09-16 23:09:53] 10

[2026-09-16 20:52:56] [2026-09-16 23:09:57] Current bath temperature: 23.44 C.

[2026-09-16 20:52:56] [2026-09-16 23:10:07] Current bath temperature: 23.45 C.

[2026-09-16 20:52:56] [2026-09-16 23:10:17] Current bath temperature: 23.46 C.

[2026-09-16 20:52:56] [2026-09-16 23:10:27] Current bath temperature: 23.48 C.

[2026-09-16 20:52:56] [2026-09-16 23:10:37] Current bath temperature: 23.5 C.

[2026-09-16 20:52:56] [2026-09-16 23:10:47] Current bath temperature: 23.51 C.

[2026-09-16 20:52:56] [2026-09-16 23:10:57] Current bath temperature: 23.52 C.

[2026-09-16 20:52:56] [2026-09-16 23:11:07] Current bath temperature: 23.54 C.

[2026-09-16 20:52:56] [2026-09-16 23:11:17] Current bath temperature: 23.54 C.

[2026-09-16 20:52:56] [2026-09-16 23:11:28] Current bath temperature: 23.55 C.

[2026-09-16 20:52:56] [2026-09-16 23:11:38] Current bath temperature: 23.56 C.

[2026-09-16 20:52:56] [2026-09-16 23:11:48] Current bath temperature: 23.58 C.

[2026-09-16 20:52:56] [2026-09-16 23:11:58] Current bath temperature: 23.59 C.

[2026-09-16 20:52:56] [2026-09-16 23:12:08] Current bath temperature: 23.6 C.

[2026-09-16 20:52:56] [2026-09-16 23:12:12] dispense

[2026-09-16 20:52:56] [2026-09-16 23:12:12] 2

[2026-09-16 20:52:56] [2026-09-16 23:12:12] 10

[2026-09-16 20:52:56] [2026-09-16 23:12:18] Current bath temperature: 23.61 C.

[2026-09-16 20:52:56] [2026-09-16 23:12:28] Current bath temperature: 23.63 C.

[2026-09-16 20:52:56] [2026-09-16 23:12:38] Current bath temperature: 23.65 C.

[2026-09-16 20:52:56] [2026-09-16 23:12:48] Current bath temperature: 23.66 C.

[2026-09-16 20:52:56] [2026-09-16 23:12:59] Current bath temperature: 23.67 C.

[2026-09-16 20:52:56] [2026-09-16 23:13:09] Current bath temperature: 23.68 C.

[2026-09-16 20:52:56] [2026-09-16 23:13:19] Current bath temperature: 23.69 C.

[2026-09-16 20:52:56] [2026-09-16 23:13:29] Current bath temperature: 23.7 C.

[2026-09-16 20:52:56] [2026-09-16 23:13:39] Current bath temperature: 23.71 C.

[2026-09-16 20:52:56] [2026-09-16 23:13:41] aspirate

[2026-09-16 20:52:56] [2026-09-16 23:13:41] 3

[2026-09-16 20:52:56] [2026-09-16 23:13:41] 10

[2026-09-16 20:52:56] [2026-09-16 23:13:49] Current bath temperature: 23.72 C.

[2026-09-16 20:52:56] [2026-09-16 23:13:59] Current bath temperature: 23.73 C.

[2026-09-16 20:52:56] [2026-09-16 23:14:09] Current bath temperature: 23.74 C.

[2026-09-16 20:52:56] [2026-09-16 23:14:19] Current bath temperature: 23.75 C.

[2026-09-16 20:52:56] [2026-09-16 23:14:30] Current bath temperature: 23.77 C.

[2026-09-16 20:52:56] [2026-09-16 23:14:40] Current bath temperature: 23.78 C.

[2026-09-16 20:52:56] [2026-09-16 23:14:50] Current bath temperature: 23.79 C.

[2026-09-16 20:52:56] [2026-09-16 23:15:00] Current bath temperature: 23.8 C.

[2026-09-16 20:52:56] [2026-09-16 23:15:10] Current bath temperature: 23.81 C.

[2026-09-16 20:52:56] [2026-09-16 23:15:20] Current bath temperature: 23.81 C.

[2026-09-16 20:52:56] [2026-09-16 23:15:30] Current bath temperature: 23.82 C.

[2026-09-16 20:52:56] [2026-09-16 23:15:40] Current bath temperature: 23.83 C.

[2026-09-16 20:52:56] [2026-09-16 23:15:50] Current bath temperature: 23.85 C.

[2026-09-16 20:52:56] [2026-09-16 23:15:59] dispense

[2026-09-16 20:52:56] [2026-09-16 23:15:59] 3

[2026-09-16 20:52:56] [2026-09-16 23:15:59] 10

[2026-09-16 20:52:56] [2026-09-16 23:16:01] Current bath temperature: 23.86 C.

[2026-09-16 20:52:56] [2026-09-16 23:16:11] Current bath temperature: 23.87 C.

[2026-09-16 20:52:56] [2026-09-16 23:16:21] Current bath temperature: 23.88 C.

[2026-09-16 20:52:56] [2026-09-16 23:16:31] Current bath temperature: 23.89 C.

[2026-09-16 20:52:56] [2026-09-16 23:16:41] Current bath temperature: 23.91 C.

[2026-09-16 20:52:56] [2026-09-16 23:16:51] Current bath temperature: 23.92 C.

[2026-09-16 20:52:56] [2026-09-16 23:17:01] Current bath temperature: 23.93 C.

[2026-09-16 20:52:56] [2026-09-16 23:17:11] Current bath temperature: 23.93 C.

[2026-09-16 20:52:56] [2026-09-16 23:17:21] Current bath temperature: 23.94 C.

[2026-09-16 20:52:56] [2026-09-16 23:17:28] aspirate

[2026-09-16 20:52:56] [2026-09-16 23:17:28] 4

[2026-09-16 20:52:56] [2026-09-16 23:17:28] 10

[2026-09-16 20:52:56] [2026-09-16 23:17:32] Current bath temperature: 23.94 C.

[2026-09-16 20:52:56] [2026-09-16 23:17:42] Current bath temperature: 23.95 C.

[2026-09-16 20:52:56] [2026-09-16 23:17:52] Current bath temperature: 23.96 C.

[2026-09-16 20:52:56] [2026-09-16 23:18:02] Current bath temperature: 23.97 C.

[2026-09-16 20:52:56] [2026-09-16 23:18:12] Current bath temperature: 23.98 C.

[2026-09-16 20:52:56] [2026-09-16 23:18:22] Current bath temperature: 23.99 C.

[2026-09-16 20:52:56] [2026-09-16 23:18:32] Current bath temperature: 23.99 C.

[2026-09-16 20:52:56] [2026-09-16 23:18:42] Current bath temperature: 24.01 C.

[2026-09-16 20:52:56] [2026-09-16 23:18:52] Current bath temperature: 24.02 C.

[2026-09-16 20:52:56] [2026-09-16 23:19:03] Current bath temperature: 24.03 C.

[2026-09-16 20:52:56] [2026-09-16 23:19:13] Current bath temperature: 24.04 C.

[2026-09-16 20:52:56] [2026-09-16 23:19:23] Current bath temperature: 24.05 C.

[2026-09-16 20:52:56] [2026-09-16 23:19:33] Current bath temperature: 24.05 C.

[2026-09-16 20:52:56] [2026-09-16 23:19:43] Current bath temperature: 24.06 C.

[2026-09-16 20:52:56] [2026-09-16 23:19:47] dispense

[2026-09-16 20:52:56] [2026-09-16 23:19:47] 4

[2026-09-16 20:52:56] [2026-09-16 23:19:47] 10

[2026-09-16 20:52:56] [2026-09-16 23:19:53] Current bath temperature: 24.07 C.

[2026-09-16 20:52:56] [2026-09-16 23:20:03] Current bath temperature: 24.07 C.

[2026-09-16 20:52:56] [2026-09-16 23:20:13] Current bath temperature: 24.08 C.

[2026-09-16 20:52:56] [2026-09-16 23:20:23] Current bath temperature: 24.09 C.

[2026-09-16 20:52:56] [2026-09-16 23:20:34] Current bath temperature: 24.09 C.

[2026-09-16 20:52:56] [2026-09-16 23:20:44] Current bath temperature: 24.1 C.

[2026-09-16 20:52:56] [2026-09-16 23:20:54] Current bath temperature: 24.12 C.

[2026-09-16 20:52:56] [2026-09-16 23:21:04] Current bath temperature: 24.14 C.

[2026-09-16 20:52:56] [2026-09-16 23:21:14] Current bath temperature: 24.16 C.

[2026-09-16 20:52:56] [2026-09-16 23:21:16] aspirate

[2026-09-16 20:52:56] [2026-09-16 23:21:16] 5

[2026-09-16 20:52:56] [2026-09-16 23:21:16] 10

[2026-09-16 20:52:56] [2026-09-16 23:21:24] Current bath temperature: 24.16 C.

[2026-09-16 20:52:56] [2026-09-16 23:21:34] Current bath temperature: 24.17 C.

[2026-09-16 20:52:56] [2026-09-16 23:21:44] Current bath temperature: 24.18 C.

[2026-09-16 20:52:56] [2026-09-16 23:21:54] Current bath temperature: 24.19 C.

[2026-09-16 20:52:56] [2026-09-16 23:22:05] Current bath temperature: 24.19 C.

[2026-09-16 20:52:56] [2026-09-16 23:22:15] Current bath temperature: 24.2 C.

[2026-09-16 20:52:56] [2026-09-16 23:22:25] Current bath temperature: 24.21 C.

[2026-09-16 20:52:56] [2026-09-16 23:22:35] Current bath temperature: 24.21 C.

[2026-09-16 20:52:56] [2026-09-16 23:22:45] Current bath temperature: 24.22 C.

[2026-09-16 20:52:56] [2026-09-16 23:22:55] Current bath temperature: 24.23 C.

[2026-09-16 20:52:56] [2026-09-16 23:23:05] Current bath temperature: 24.23 C.

[2026-09-16 20:52:56] [2026-09-16 23:23:15] Current bath temperature: 24.24 C.

[2026-09-16 20:52:56] [2026-09-16 23:23:25] Current bath temperature: 24.25 C.

[2026-09-16 20:52:56] [2026-09-16 23:23:34] dispense

[2026-09-16 20:52:56] [2026-09-16 23:23:34] 5

[2026-09-16 20:52:56] [2026-09-16 23:23:34] 10

[2026-09-16 20:52:56] [2026-09-16 23:23:36] Current bath temperature: 24.26 C.

[2026-09-16 20:52:56] [2026-09-16 23:23:46] Current bath temperature: 24.28 C.

[2026-09-16 20:52:56] [2026-09-16 23:23:56] Current bath temperature: 24.29 C.

[2026-09-16 20:52:56] [2026-09-16 23:24:06] Current bath temperature: 24.29 C.

[2026-09-16 20:52:56] [2026-09-16 23:24:16] Current bath temperature: 24.3 C.

[2026-09-16 20:52:56] [2026-09-16 23:24:26] Current bath temperature: 24.3 C.

[2026-09-16 20:52:56] [2026-09-16 23:24:36] Current bath temperature: 24.31 C.

[2026-09-16 20:52:56] [2026-09-16 23:24:46] Current bath temperature: 24.32 C.

[2026-09-16 20:52:56] [2026-09-16 23:24:56] Current bath temperature: 24.32 C.

[2026-09-16 20:52:56] [2026-09-16 23:25:03] aspirate

[2026-09-16 20:52:56] [2026-09-16 23:25:03] 6

[2026-09-16 20:52:56] [2026-09-16 23:25:03] 10

[2026-09-16 20:52:56] [2026-09-16 23:25:07] Current bath temperature: 24.33 C.

[2026-09-16 20:52:56] [2026-09-16 23:25:17] Current bath temperature: 24.34 C.

[2026-09-16 20:52:56] [2026-09-16 23:25:27] Current bath temperature: 24.34 C.

[2026-09-16 20:52:56] [2026-09-16 23:25:37] Current bath temperature: 24.36 C.

[2026-09-16 20:52:56] [2026-09-16 23:25:47] Current bath temperature: 24.38 C.

[2026-09-16 20:52:56] [2026-09-16 23:25:57] Current bath temperature: 24.38 C.

[2026-09-16 20:52:56] [2026-09-16 23:26:07] Current bath temperature: 24.4 C.

[2026-09-16 20:52:56] [2026-09-16 23:26:17] Current bath temperature: 24.41 C.

[2026-09-16 20:52:56] [2026-09-16 23:26:27] Current bath temperature: 24.42 C.

[2026-09-16 20:52:56] [2026-09-16 23:26:38] Current bath temperature: 24.43 C.

[2026-09-16 20:52:56] [2026-09-16 23:26:48] Current bath temperature: 24.44 C.

[2026-09-16 20:52:56] [2026-09-16 23:26:58] Current bath temperature: 24.45 C.

[2026-09-16 20:52:56] [2026-09-16 23:27:08] Current bath temperature: 24.45 C.

[2026-09-16 20:52:56] [2026-09-16 23:27:18] Current bath temperature: 24.45 C.

[2026-09-16 20:52:56] [2026-09-16 23:27:22] dispense

[2026-09-16 20:52:56] [2026-09-16 23:27:22] 6

[2026-09-16 20:52:56] [2026-09-16 23:27:22] 10

[2026-09-16 20:52:56] [2026-09-16 23:27:28] Current bath temperature: 24.46 C.

[2026-09-16 20:52:56] [2026-09-16 23:27:38] Current bath temperature: 24.46 C.

[2026-09-16 20:52:56] [2026-09-16 23:27:48] Current bath temperature: 24.47 C.

[2026-09-16 20:52:56] [2026-09-16 23:27:58] Current bath temperature: 24.48 C.

[2026-09-16 20:52:56] [2026-09-16 23:28:08] Current bath temperature: 24.48 C.

[2026-09-16 20:52:56] [2026-09-16 23:28:19] Current bath temperature: 24.49 C.

[2026-09-16 20:52:56] [2026-09-16 23:28:29] Current bath temperature: 24.5 C.

[2026-09-16 20:52:56] [2026-09-16 23:28:39] Current bath temperature: 24.51 C.

[2026-09-16 20:52:56] [2026-09-16 23:28:49] Current bath temperature: 24.52 C.

[2026-09-16 20:52:56] [2026-09-16 23:28:51] aspirate

[2026-09-16 20:52:56] [2026-09-16 23:28:51] 7

[2026-09-16 20:52:56] [2026-09-16 23:28:51] 10

[2026-09-16 20:52:56] [2026-09-16 23:28:59] Current bath temperature: 24.52 C.

[2026-09-16 20:52:56] [2026-09-16 23:29:09] Current bath temperature: 24.52 C.

[2026-09-16 20:52:56] [2026-09-16 23:29:19] Current bath temperature: 24.53 C.

[2026-09-16 20:52:56] [2026-09-16 23:29:29] Current bath temperature: 24.54 C.

[2026-09-16 20:52:56] [2026-09-16 23:29:39] Current bath temperature: 24.55 C.

[2026-09-16 20:52:56] [2026-09-16 23:29:50] Current bath temperature: 24.57 C.

[2026-09-16 20:52:56] [2026-09-16 23:30:00] Current bath temperature: 24.56 C.

[2026-09-16 20:52:56] [2026-09-16 23:30:10] Current bath temperature: 24.57 C.

[2026-09-16 20:52:56] [2026-09-16 23:30:20] Current bath temperature: 24.58 C.

[2026-09-16 20:52:56] [2026-09-16 23:30:30] Current bath temperature: 24.59 C.

[2026-09-16 20:52:56] [2026-09-16 23:30:40] Current bath temperature: 24.59 C.

[2026-09-16 20:52:56] [2026-09-16 23:30:50] Current bath temperature: 24.61 C.

[2026-09-16 20:52:56] [2026-09-16 23:31:00] Current bath temperature: 24.63 C.

[2026-09-16 20:52:56] [2026-09-16 23:31:09] dispense

[2026-09-16 20:52:56] [2026-09-16 23:31:09] 7

[2026-09-16 20:52:56] [2026-09-16 23:31:09] 10

[2026-09-16 20:52:56] [2026-09-16 23:31:10] Current bath temperature: 24.64 C.

[2026-09-16 20:52:56] [2026-09-16 23:31:21] Current bath temperature: 24.65 C.

[2026-09-16 20:52:56] [2026-09-16 23:31:31] Current bath temperature: 24.67 C.

[2026-09-16 20:52:56] [2026-09-16 23:31:41] Current bath temperature: 24.68 C.

[2026-09-16 20:52:56] [2026-09-16 23:31:51] Current bath temperature: 24.7 C.

[2026-09-16 20:52:56] [2026-09-16 23:32:01] Current bath temperature: 24.71 C.

[2026-09-16 20:52:56] [2026-09-16 23:32:11] Current bath temperature: 24.71 C.

[2026-09-16 20:52:56] [2026-09-16 23:32:21] Current bath temperature: 24.72 C.

[2026-09-16 20:52:56] [2026-09-16 23:32:31] Current bath temperature: 24.73 C.

[2026-09-16 20:52:56] [2026-09-16 23:32:38] aspirate

[2026-09-16 20:52:56] [2026-09-16 23:32:38] 8

[2026-09-16 20:52:56] [2026-09-16 23:32:38] 10

[2026-09-16 20:52:56] [2026-09-16 23:32:41] Current bath temperature: 24.74 C.

[2026-09-16 20:52:56] [2026-09-16 23:32:52] Current bath temperature: 24.75 C.

[2026-09-16 20:52:56] [2026-09-16 23:33:02] Current bath temperature: 24.76 C.

[2026-09-16 20:52:56] [2026-09-16 23:33:12] Current bath temperature: 24.77 C.

[2026-09-16 20:52:56] [2026-09-16 23:33:22] Current bath temperature: 24.78 C.

[2026-09-16 20:52:56] [2026-09-16 23:33:32] Current bath temperature: 24.8 C.

[2026-09-16 20:52:56] [2026-09-16 23:33:42] Current bath temperature: 24.8 C.

[2026-09-16 20:52:56] [2026-09-16 23:33:52] Current bath temperature: 24.81 C.

[2026-09-16 20:52:56] [2026-09-16 23:34:02] Current bath temperature: 24.82 C.

[2026-09-16 20:52:56] [2026-09-16 23:34:12] Current bath temperature: 24.83 C.

[2026-09-16 20:52:56] [2026-09-16 23:34:23] Current bath temperature: 24.84 C.

[2026-09-16 20:52:56] [2026-09-16 23:34:33] Current bath temperature: 24.84 C.

[2026-09-16 20:52:56] [2026-09-16 23:34:43] Current bath temperature: 24.85 C.

[2026-09-16 20:52:56] [2026-09-16 23:34:53] Current bath temperature: 24.87 C.

[2026-09-16 20:52:56] [2026-09-16 23:34:57] dispense

[2026-09-16 20:52:56] [2026-09-16 23:34:57] 8

[2026-09-16 20:52:56] [2026-09-16 23:34:57] 10

[2026-09-16 20:52:56] [2026-09-16 23:35:03] Current bath temperature: 24.88 C.

[2026-09-16 20:52:56] [2026-09-16 23:35:13] Current bath temperature: 24.89 C.

[2026-09-16 20:52:56] [2026-09-16 23:35:23] Current bath temperature: 24.91 C.

[2026-09-16 20:52:56] [2026-09-16 23:35:23] Reached target temperature of 25 C.

[2026-09-16 20:52:56] [2026-09-16 23:36:26] aspirate

[2026-09-16 20:52:56] [2026-09-16 23:36:26] 9

[2026-09-16 20:52:56] [2026-09-16 23:36:26] 10

[2026-09-16 20:52:56] [2026-09-16 23:39:01] dispense

[2026-09-16 20:52:56] [2026-09-16 23:39:01] 9

[2026-09-16 20:52:56] [2026-09-16 23:39:01] 10

[2026-09-16 20:52:56] [2026-09-16 23:39:01] 2291.7753692818806

[2026-09-16 20:52:56] [2026-09-16 23:39:01] Cooling mixing module to 25 C before casting.

[2026-09-16 20:52:56] [2026-09-16 23:41:54] Temperature set to 25.

[2026-09-16 20:52:56] [2026-09-16 23:41:54] Waiting 2 minutes at 25 C before casting.

[2026-09-16 20:52:56] [2026-09-16 23:50:45] entered if statement!!!

[2026-09-16 20:52:56] [2026-09-16 23:52:16] Bottle inventory after preparation: {'all_mix_stock': {'remaining_uL': 20000.0, 'dead_volume_uL': 2000.0, 'available_uL': 18000.0}, 'polymer_stock': {'remaining_uL': 28151.0, 'dead_volume_uL': 2000.0, 'available_uL': 26151.0}, 'solvent': {'remaining_uL': 43486.0, 'dead_volume_uL': 2000.0, 'available_uL': 41486.0}, 'solvent_additive_stock': {'remaining_uL': 20000.0, 'dead_volume_uL': 2000.0, 'available_uL': 18000.0}}

[2026-09-16 20:52:56] [2026-09-16 23:52:16] Joined both subprocesses.

[2026-09-16 20:52:56] [2026-09-16 23:53:21] Pullcast complete.

[2026-09-16 20:52:56] [2026-09-16 23:53:21] Nitrogen on.

[2026-09-16 20:52:56] [2026-09-16 23:56:54] Nitrogen off.

[2026-09-16 20:52:56] [2026-09-16 23:56:54] Membrane air data: {'temperature': '25.23', 'humidity': '50.94'}

[2026-09-16 20:52:56] [2026-09-16 23:56:54] Ambient air data: {'temperature': '25.57', 'humidity': '44.89'}

[2026-09-16 20:52:56] [2026-09-16 23:57:05] Membrane sitting in bath for 1800 seconds.

[2026-09-16 20:52:56] [2026-09-16 23:57:14] Nitrogen cap has been put away.

[2026-09-16 20:52:56] [2026-09-16 23:57:29] Ring has been placed on the coupon.

[2026-09-16 20:52:56] [2026-09-16 23:58:21] Cleaning knife

[2026-09-16 20:52:56] [2026-09-16 23:59:21] Knife cleaning finished.

[2026-09-16 20:52:56] [2026-09-17 00:37:46] Initial membrane picture taken.

[2026-09-16 20:52:56] [2026-09-17 00:38:16] Test has started!

[2026-09-16 20:52:56] [2026-09-17 00:41:23] Test complete!

[2026-09-16 20:52:56] [2026-09-17 00:41:28] Safe: True

[2026-09-16 20:52:56] [2026-09-17 00:41:28] Recent: True

[2026-09-16 20:52:56] [2026-09-17 00:41:28] Current Time: 1789605653.4022

[2026-09-16 20:52:56] [2026-09-17 00:41:28] Data Time: 1789605642.6911888

[2026-09-16 20:52:56] [2026-09-17 00:41:28] Age: 10.711011171340942

[2026-09-16 20:52:56] [2026-09-17 00:41:41] Test has started!

[2026-09-16 20:52:56] [2026-09-17 00:44:49] Test complete!

[2026-09-16 20:52:56] [2026-09-17 00:44:54] Safe: True

[2026-09-16 20:52:56] [2026-09-17 00:44:54] Recent: True

[2026-09-16 20:52:56] [2026-09-17 00:44:54] Current Time: 1789605858.6416097

[2026-09-16 20:52:56] [2026-09-17 00:44:54] Data Time: 1789605847.946008

[2026-09-16 20:52:56] [2026-09-17 00:44:54] Age: 10.69560170173645

[2026-09-16 20:52:56] [2026-09-17 00:45:06] Test has started!

[2026-09-16 20:52:56] [2026-09-17 00:48:19] Test complete!

[2026-09-16 20:52:56] [2026-09-17 00:48:24] Safe: True

[2026-09-16 20:52:56] [2026-09-17 00:48:24] Recent: True

[2026-09-16 20:52:56] [2026-09-17 00:48:24] Current Time: 1789606068.9286702

[2026-09-16 20:52:56] [2026-09-17 00:48:24] Data Time: 1789606058.143708

[2026-09-16 20:52:56] [2026-09-17 00:48:24] Age: 10.784962177276611

[2026-09-16 20:52:56] [2026-09-17 00:48:37] Test has started!

[2026-09-16 20:52:56] [2026-09-17 00:51:50] Test complete!

[2026-09-16 20:52:56] [2026-09-17 00:51:55] Safe: True

[2026-09-16 20:52:56] [2026-09-17 00:51:55] Recent: True

[2026-09-16 20:52:56] [2026-09-17 00:51:55] Current Time: 1789606279.6771736

[2026-09-16 20:52:56] [2026-09-17 00:51:55] Data Time: 1789606269.001468

[2026-09-16 20:52:56] [2026-09-17 00:51:55] Age: 10.675705671310425

[2026-09-16 20:52:56] [2026-09-17 00:52:29] Final membrane picture taken.

[2026-09-16 20:52:56] [2026-09-17 00:52:46] Coupon successfully discarded.

[2026-09-16 20:52:56] [2026-09-17 00:53:32] Done

[2026-09-16 20:52:56] ── END PROTOCOL LOG ───────────────────────────────────────────────

[2026-09-16 20:52:56] 
[1/5] organising files...

[2026-09-16 20:52:56] [START] condition=18p5-0add-25deg-cosolv-none-bathSolv-none-0wt-200s-N2-1800s

[2026-09-16 20:52:56] [2/5] processing pipeline for: 18p5-0add-25deg-cosolv-none-bathSolv-none-0wt-200s-N2-1800s

[2026-09-16 20:52:56] ==============================================================================================================

[2026-09-16 20:52:56] Condition: 18p5-0add-25deg-cosolv-none-bathSolv-none-0wt-200s-N2-1800s | pairs: 4

[2026-09-16 20:52:57] 

------------ NEW REP ---------------

[2026-09-16 20:52:57] Average Standard Deviation: 45.272093290539324

[2026-09-16 20:52:59] Toe end strain (zero point): 0.0000

[2026-09-16 20:53:04] PW + Double: 0.04130549486514866

[2026-09-16 20:53:04] Piecewise Chosen! 0.04518766302674561 | Drop Calculation: 0.04077140561177102

[2026-09-16 20:53:12]   elastic_r2                          27/30  NRMSE-score=0.901 (RMSE=4.84, range=48.95)

[2026-09-16 20:53:12]   plateau_r2_start                    14/15  R²(first 40%)=0.945

[2026-09-16 20:53:12]   densification_r2                    14/15  R²=0.927

[2026-09-16 20:53:12]   yield_accuracy                      25/25  elastic tail undershoots data by 1.7% of elastic range

[2026-09-16 20:53:12]   junction_continuity                 12/15  gap=3.0%

[2026-09-16 20:53:12]   plateau_r2_full_penalty              0/0  R²(full)=0.973

[2026-09-16 20:53:12]   elastic_modulus_penalty              0/0  E=1370.0 bar ok

[2026-09-16 20:53:12]   bp1_accuracy_penalty                -35/0  plateau spans 78% of remaining stress — elastic peak likely wrong | GAM slope drops 53% in early plateau — bp1 suspect

[2026-09-16 20:53:12]   changepoint_curvature_penalty        0/0  d2_norm=9.17, linear_stretch=73%

[2026-09-16 20:53:12]   slope_ratio_penalty                  0/0  plateau/elastic slope ratio=0.25 — good separation

[2026-09-16 20:53:12]   DATA FLAGS (no score impact — route to goodData_eval):

[2026-09-16 20:53:12]     elastic_half_consistency: first-half R²=0.017 vs second-half R²=0.722 (gap=0.705)

[2026-09-16 20:53:12] Score: 57/100 → FAIL

[2026-09-16 20:53:12] Elastic Modulus: 1370.05 bar

[2026-09-16 20:53:12] Pore Fraction: 0.2663

[2026-09-16 20:53:12] Good Fit: False

[2026-09-16 20:53:13] 

------------ NEW REP ---------------

[2026-09-16 20:53:13] Average Standard Deviation: 44.07471592561846

[2026-09-16 20:53:15] Toe end strain (zero point): 0.0000

[2026-09-16 20:53:20] PW + Double: 0.054258545281077576

[2026-09-16 20:53:20] Piecewise Chosen! 0.054468693205384035 | Drop Calculation: 0.03130073593419824

[2026-09-16 20:53:25]   FIND_CHANGEPOINT_FIT FAILED: fit region too small - plateau = 0 pts, densification=852 pts - score forced to 0

[2026-09-16 20:53:26] 

------------ NEW REP ---------------

[2026-09-16 20:53:26] Average Standard Deviation: 48.48364614379794

[2026-09-16 20:53:26] Toe end strain (zero point): 0.0336

[2026-09-16 20:53:29] PW + Double: 0.09266813532125218

[2026-09-16 20:53:29] Piecewise Chosen! 0.09248091332392276 | Drop Calculation: 0.07987298679732957

[2026-09-16 20:53:34]   elastic_r2                          25/30  NRMSE-score=0.829 (RMSE=10.74, range=62.69)

[2026-09-16 20:53:34]   plateau_r2_start                     0/15  insufficient data

[2026-09-16 20:53:34]   densification_r2                     0/15  insufficient data

[2026-09-16 20:53:34]   yield_accuracy                      24/25  elastic tail undershoots data by 10.2% of elastic range

[2026-09-16 20:53:34]   junction_continuity                 15/15  gap=0.1%

[2026-09-16 20:53:34]   elastic_modulus_penalty              0/0  E=851.1 bar ok

[2026-09-16 20:53:34]   bp1_accuracy_penalty                -30/0  plateau spans 77% of remaining stress — elastic peak likely wrong | GAM slope stable in early plateau (drop=-196%) — ok

[2026-09-16 20:53:34]   slope_ratio_penalty                  0/0  plateau/elastic slope ratio=0.28 — good separation

[2026-09-16 20:53:34]   catastrophic_slope_ordering          0/0  densif=166.4 <= plateau=240.6

[2026-09-16 20:53:34]   CATASTROPHIC HALVING: 34 → 17

[2026-09-16 20:53:34]   DATA FLAGS (no score impact — route to goodData_eval):

[2026-09-16 20:53:34]     elastic_half_consistency: first-half R²=-5.177 vs second-half R²=0.511 (gap=5.689)

[2026-09-16 20:53:34] Score: 17/100 → FAIL

[2026-09-16 20:53:34] Elastic Modulus: 851.07 bar

[2026-09-16 20:53:34] Pore Fraction: 0.6336

[2026-09-16 20:53:35] Good Fit: False

[2026-09-16 20:53:35] 

------------ NEW REP ---------------

[2026-09-16 20:53:35] Average Standard Deviation: 46.719488771575804

[2026-09-16 20:53:35] Toe end strain (zero point): 0.0252

[2026-09-16 20:53:40] PW + Double: 0.0757969907806853

[2026-09-16 20:53:40] Piecewise Chosen! 0.07619844738817814 | Drop Calculation: 0.06583833730252613

[2026-09-16 20:53:51]   elastic_r2                          27/30  NRMSE-score=0.891 (RMSE=6.09, range=55.76)

[2026-09-16 20:53:51]   plateau_r2_start                    13/15  R²(first 40%)=0.889

[2026-09-16 20:53:51]   densification_r2                    14/15  R²=0.950

[2026-09-16 20:53:51]   yield_accuracy                      25/25  elastic tail undershoots data by 5.0% of elastic range

[2026-09-16 20:53:51]   junction_continuity                 13/15  gap=2.0%

[2026-09-16 20:53:51]   plateau_r2_full_penalty              0/0  R²(full)=0.953

[2026-09-16 20:53:51]   elastic_modulus_penalty              0/0  E=909.0 bar ok

[2026-09-16 20:53:51]   bp1_accuracy_penalty                -30/0  plateau spans 67% of remaining stress — elastic peak likely wrong | GAM slope stable in early plateau (drop=21%) — ok

[2026-09-16 20:53:51]   changepoint_curvature_penalty        0/0  d2_norm=4.89, linear_stretch=17%

[2026-09-16 20:53:51]   slope_ratio_penalty                  0/0  plateau/elastic slope ratio=0.32 — good separation

[2026-09-16 20:53:51]   DATA FLAGS (no score impact — route to goodData_eval):

[2026-09-16 20:53:51]     elastic_half_consistency: first-half R²=-0.773 vs second-half R²=0.802 (gap=1.575)

[2026-09-16 20:53:51] Score: 62/100 → FAIL

[2026-09-16 20:53:51] Elastic Modulus: 909.01 bar

[2026-09-16 20:53:51] Pore Fraction: 0.2839

[2026-09-16 20:53:52] Good Fit: False

[2026-09-16 20:53:52] CV (18p5-0add-25deg-cosolv-none-bathSolv-none-0wt-200s-N2-1800s) [preDiscard]: 0.25882340915033614

[2026-09-16 20:53:52] CV (18p5-0add-25deg-cosolv-none-bathSolv-none-0wt-200s-N2-1800s) [postDiscard]: nan

[2026-09-16 20:53:53] 

------------ NEW REP ---------------

[2026-09-16 20:53:53] Average Standard Deviation: 43.87128046687666

[2026-09-16 20:53:55] Toe end strain (zero point): 0.0000

[2026-09-16 20:54:00] PW + Double: 0.0350174282387718

[2026-09-16 20:54:00] Piecewise Chosen! 0.035275394674753664 | Drop Calculation: 0.03728666568716381

[2026-09-16 20:54:08]   FIND_CHANGEPOINT_FIT FAILED: fit region too small - plateau = 0 pts, densification=1342 pts - score forced to 0

[2026-09-16 20:54:10]   All fits failed for 18p5-0add-25deg-cosolv-none-bathSolv-none-0wt-200s-N2-1800s — postDiscard row built from all-discarded reps

[2026-09-16 20:54:16] [3/5] generating initial report...

[2026-09-16 20:54:16] [4/5] running active learning...

[2026-09-16 20:54:44] LLM suggestion: I'll analyze the experimental history systematically before proposing a new experiment.

## Analysis

**Valid modulus measurements (with fit quality context):**
| Condition | E (MPa) | CV | Notes |
|---|---|---|---|
| 17.5wt%, 65°C, 6mm/s, N2, 15s, 10°C bath, 1800s | **708.9** | 0.129 | Best measured |
| 17.5wt%, 50°C, 7mm/s, N2, 90s, 20°C bath, 1250s | **683.3** | nan | High, no CV |
| 18.5wt%, 25°C, 19mm/s, NoN2, 330s, 5°C bath, 1800s | **667.1** | nan | High, no CV |
| 17.5wt%, 55°C, 11mm/s, N2, 375s, 25°C bath, 1300s | **591.6** | 0.109 | Good |
| 18wt%, 45°C, 4mm/s, N2, 180s, 5°C bath, 1800s | **596.3** | nan | Good |
| 17wt%, 35°C, 8mm/s, N2, 0s, 5°C bath, 1200s | **569.3** | 0.046 | Low CV |

**Sparse/underrepresented regions:**
- `mixing_temp` ~25–35°C with `bath_temp` ~5°C and `polymer_wt` ~17.5–18.5 is somewhat explored, but the combination of **high mixing_temp (65–80°C)** with **bath_temp ~5°C** and **moderate-high polymer_wt (~18.5–19.5)** is sparse.
- `nips_bath_wait_time` near **1800s** with **bath_temp=5°C** and **N2=True** and **moderate wait time (~90–150s)** hasn't been tried with `polymer_wt ~18.5` and `mixing_temp ~65°C`.
- `pullcast_speed` in the **9–12 mm/s** range with `bath_temp=5°C`, `N2=True`, `polymer_wt~18.5`, `mixing_temp~65°C` is unexplored.
- The combination of **bath_temp=5°C** (coldest, associated with higher moduli), **N2=True**, **mixing_temp=65°C**, **polymer_wt=18.5**, **moderate pullcast_speed (~11mm/s)**, and **moderate wait time (~100s)** is novel.

**Explore target:** High mixing_temp (~65°C) + cold bath (5°C) + N2 + polymer_wt ~18.5 + moderate speed (~11mm/s) + moderate wait (~100s) + long bath time (1800s). This is far from dense clusters and targets a region combining features seen in high-modulus candidates.

```json
{
  "mixing_temp": 65,
  "bath_temp": 5,
  "pullcast_speed": 11,
  "nitrogen": true,
  "coupon_to_bath_wait_time": 105,
  "nips_bath_wait_time": 1800,
  "polymer_wt": 18.5,
  "additive_wt": 0
}
```

[2026-09-16 20:54:44]   JSON result: C:\Users\opentrons\Documents\Auto-Membranes\data\llm_results\llm_result_18p5-0add-25deg-cosolv-none-bathSolv-none-0wt-200s-N2-1800s.json

[2026-09-16 20:54:44] [5/5] next params: {'mixing_temp': 65, 'bath_temp': 5, 'pullcast_speed': 11, 'nitrogen': True, 'coupon_to_bath_wait_time': 105, 'nips_bath_wait_time': 1800, 'polymer_wt': 18.5, 'additive_wt': 0.0, 'polymer_type': 'Primospire', 'solvent_type': 'NMP', 'cosolvent_type': 'none', 'nips_bath_solvent': 'none', 'nips_bath_solvent_wt_percent': 0.0, 'stock_metadata': {'polymer_stock_wt_percent': 21.0, 'additive_stock_polymer_wt_percent': 17.0, 'additive_stock_additive_wt_percent': 4.0, 'stock_mode': 'two_bottle'}}

[2026-09-16 20:54:44] Python recieved!

[2026-09-16 20:54:44] Exact payload being sent: {"mixing_temp": 65, "bath_temp": 5, "pullcast_speed": 11, "nitrogen": true, "coupon_to_bath_wait_time": 105, "nips_bath_wait_time": 1800, "polymer_wt": 18.5, "additive_wt": 0.0, "polymer_type": "Primospire", "solvent_type": "NMP", "cosolvent_type": "none", "nips_bath_solvent": "none", "nips_bath_solvent_wt_percent": 0.0, "stock_metadata": {"polymer_stock_wt_percent": 21.0, "additive_stock_polymer_wt_percent": 17.0, "additive_stock_additive_wt_percent": 4.0, "stock_mode": "two_bottle"}}

[2026-09-16 20:54:44] Opentrons response: Creating Membrane with following parameters: {"mixing_temp": 65, "bath_temp": 5, "pullcast_speed": 11, "nitrogen": true, "coupon_to_bath_wait_time": 105, "nips_bath_wait_time": 1800, "polymer_wt": 18.5, "additive_wt": 0.0, "polymer_type": "Primospire", "solvent_type": "NMP", "cosolvent_type": "none", "nips_bath_solvent": "none", "nips_bath_solvent_wt_percent": 0.0, "stock_metadata": {"polymer_stock_wt_percent": 21.0, "additive_stock_polymer_wt_percent": 17.0, "additive_stock_additive_wt_percent": 4.0, "stock_mode": "two_bottle"}}

[2026-09-16 20:54:44] [DONE] 18p5-0add-25deg-cosolv-none-bathSolv-none-0wt-200s-N2-1800s  elapsed=107.8s

[2026-09-16 23:08:55] ── PROTOCOL LOG (Opentrons) ────────────────────────────────────────

[2026-09-16 23:08:55] [2026-09-17 00:55:19] Recievied request for membrane with following parameters:

[2026-09-16 23:08:55] [2026-09-17 00:55:19] {'mixing_temp': 65, 'bath_temp': 5, 'pullcast_speed': 11, 'nitrogen': True, 'coupon_to_bath_wait_time': 105, 'nips_bath_wait_time': 1800, 'polymer_wt': 18.5, 'additive_wt': 0.0, 'polymer_type': 'Primospire', 'solvent_type': 'NMP', 'cosolvent_type': 'none', 'nips_bath_solvent': 'none', 'nips_bath_solvent_wt_percent': 0.0, 'stock_metadata': {'polymer_stock_wt_percent': 21.0, 'additive_stock_polymer_wt_percent': 17.0, 'additive_stock_additive_wt_percent': 4.0, 'stock_mode': 'two_bottle'}}

[2026-09-16 23:08:55] [2026-09-17 00:55:19] Bath chilling process started.

[2026-09-16 23:08:55] [2026-09-17 00:55:19] Beginning zero tests on coupons.

[2026-09-16 23:08:55] [2026-09-17 00:55:19] Opentrons process started.

[2026-09-16 23:08:55] [2026-09-17 00:55:19] Target: 18.5 wt% polymer, 0 wt% additive, 1000.00 uL

[2026-09-16 23:08:55] [2026-09-17 00:55:19] Volumes (uL): polymer=874.00, polymer-additive=0.00, solvent=126.00

[2026-09-16 23:08:55] [2026-09-17 00:55:19] Bottle inventory before preparation: {'all_mix_stock': {'remaining_uL': 20000.0, 'dead_volume_uL': 2000.0, 'available_uL': 18000.0}, 'polymer_stock': {'remaining_uL': 28151.0, 'dead_volume_uL': 2000.0, 'available_uL': 26151.0}, 'solvent': {'remaining_uL': 43486.0, 'dead_volume_uL': 2000.0, 'available_uL': 41486.0}, 'solvent_additive_stock': {'remaining_uL': 20000.0, 'dead_volume_uL': 2000.0, 'available_uL': 18000.0}}

[2026-09-16 23:08:55] [2026-09-17 00:55:20] Current bath temperature: 23.63 C.

[2026-09-16 23:08:55] [2026-09-17 00:55:30] Current bath temperature: 23.9 C.

[2026-09-16 23:08:55] [2026-09-17 00:55:40] Current bath temperature: 24.16 C.

[2026-09-16 23:08:55] [2026-09-17 00:55:46] Test has started!

[2026-09-16 23:08:55] [2026-09-17 00:55:50] Current bath temperature: 24.29 C.

[2026-09-16 23:08:55] [2026-09-17 00:56:00] Current bath temperature: 24.37 C.

[2026-09-16 23:08:55] [2026-09-17 00:56:10] Current bath temperature: 24.42 C.

[2026-09-16 23:08:55] [2026-09-17 00:56:21] Current bath temperature: 24.45 C.

[2026-09-16 23:08:55] [2026-09-17 00:56:31] Current bath temperature: 24.47 C.

[2026-09-16 23:08:55] [2026-09-17 00:56:41] Current bath temperature: 24.46 C.

[2026-09-16 23:08:55] [2026-09-17 00:56:51] Current bath temperature: 24.17 C.

[2026-09-16 23:08:55] [2026-09-17 00:57:01] Current bath temperature: 23.68 C.

[2026-09-16 23:08:55] [2026-09-17 00:57:11] Current bath temperature: 23.16 C.

[2026-09-16 23:08:55] [2026-09-17 00:57:21] Current bath temperature: 22.64 C.

[2026-09-16 23:08:55] [2026-09-17 00:57:31] Current bath temperature: 22.14 C.

[2026-09-16 23:08:55] [2026-09-17 00:57:40] Temperature set to 65.

[2026-09-16 23:08:55] [2026-09-17 00:57:41] Current bath temperature: 21.64 C.

[2026-09-16 23:08:55] [2026-09-17 00:57:48] Adding 126.00 uL from pure solvent.

[2026-09-16 23:08:55] [2026-09-17 00:57:51] entered if statement!!!

[2026-09-16 23:08:55] [2026-09-17 00:57:52] Current bath temperature: 21.19 C.

[2026-09-16 23:08:55] [2026-09-17 00:58:02] Current bath temperature: 20.75 C.

[2026-09-16 23:08:55] [2026-09-17 00:58:12] Current bath temperature: 20.33 C.

[2026-09-16 23:08:55] [2026-09-17 00:58:22] Current bath temperature: 19.94 C.

[2026-09-16 23:08:55] [2026-09-17 00:58:32] Current bath temperature: 19.54 C.

[2026-09-16 23:08:55] [2026-09-17 00:58:36] Adding 874.00 uL from polymer stock.

[2026-09-16 23:08:55] [2026-09-17 00:58:40] Test complete!

[2026-09-16 23:08:55] [2026-09-17 00:58:42] Current bath temperature: 19.15 C.

[2026-09-16 23:08:55] [2026-09-17 00:58:46] Safe: True

[2026-09-16 23:08:55] [2026-09-17 00:58:46] Recent: True

[2026-09-16 23:08:55] [2026-09-17 00:58:46] Current Time: 1789606690.54127

[2026-09-16 23:08:55] [2026-09-17 00:58:46] Data Time: 1789606679.8051949

[2026-09-16 23:08:55] [2026-09-17 00:58:46] Age: 10.736075162887573

[2026-09-16 23:08:55] [2026-09-17 00:58:52] Current bath temperature: 18.78 C.

[2026-09-16 23:08:55] [2026-09-17 00:58:58] Test has started!

[2026-09-16 23:08:55] [2026-09-17 00:59:02] Current bath temperature: 18.4 C.

[2026-09-16 23:08:55] [2026-09-17 00:59:13] Current bath temperature: 18.03 C.

[2026-09-16 23:08:55] [2026-09-17 00:59:23] Current bath temperature: 17.68 C.

[2026-09-16 23:08:55] [2026-09-17 00:59:33] Current bath temperature: 17.34 C.

[2026-09-16 23:08:55] [2026-09-17 00:59:43] Current bath temperature: 17.0 C.

[2026-09-16 23:08:55] [2026-09-17 00:59:53] Current bath temperature: 16.66 C.

[2026-09-16 23:08:55] [2026-09-17 01:00:03] Current bath temperature: 16.32 C.

[2026-09-16 23:08:55] [2026-09-17 01:00:13] Current bath temperature: 16.0 C.

[2026-09-16 23:08:55] [2026-09-17 01:00:23] Current bath temperature: 15.68 C.

[2026-09-16 23:08:55] [2026-09-17 01:00:33] Current bath temperature: 15.36 C.

[2026-09-16 23:08:55] [2026-09-17 01:00:43] Current bath temperature: 15.05 C.

[2026-09-16 23:08:55] [2026-09-17 01:00:54] Current bath temperature: 14.74 C.

[2026-09-16 23:08:55] [2026-09-17 01:01:04] Current bath temperature: 14.43 C.

[2026-09-16 23:08:55] [2026-09-17 01:01:14] Current bath temperature: 14.14 C.

[2026-09-16 23:08:55] [2026-09-17 01:01:24] Current bath temperature: 13.83 C.

[2026-09-16 23:08:55] [2026-09-17 01:01:34] Current bath temperature: 13.55 C.

[2026-09-16 23:08:55] [2026-09-17 01:01:44] Current bath temperature: 13.25 C.

[2026-09-16 23:08:55] [2026-09-17 01:01:51] Test complete!

[2026-09-16 23:08:55] [2026-09-17 01:01:54] Current bath temperature: 12.96 C.

[2026-09-16 23:08:55] [2026-09-17 01:01:56] Safe: True

[2026-09-16 23:08:55] [2026-09-17 01:01:56] Recent: True

[2026-09-16 23:08:55] [2026-09-17 01:01:56] Current Time: 1789606880.7458303

[2026-09-16 23:08:55] [2026-09-17 01:01:56] Data Time: 1789606870.0846539

[2026-09-16 23:08:55] [2026-09-17 01:01:56] Age: 10.661176443099976

[2026-09-16 23:08:55] [2026-09-17 01:02:04] Current bath temperature: 12.68 C.

[2026-09-16 23:08:55] [2026-09-17 01:02:09] Test has started!

[2026-09-16 23:08:55] [2026-09-17 01:02:14] Current bath temperature: 12.4 C.

[2026-09-16 23:08:55] [2026-09-17 01:02:25] Current bath temperature: 12.12 C.

[2026-09-16 23:08:55] [2026-09-17 01:02:35] Current bath temperature: 11.85 C.

[2026-09-16 23:08:55] [2026-09-17 01:02:45] Current bath temperature: 11.58 C.

[2026-09-16 23:08:55] [2026-09-17 01:02:55] Current bath temperature: 11.31 C.

[2026-09-16 23:08:55] [2026-09-17 01:03:05] Current bath temperature: 11.04 C.

[2026-09-16 23:08:55] [2026-09-17 01:03:15] Current bath temperature: 10.77 C.

[2026-09-16 23:08:55] [2026-09-17 01:03:25] Current bath temperature: 10.51 C.

[2026-09-16 23:08:55] [2026-09-17 01:03:35] Current bath temperature: 10.26 C.

[2026-09-16 23:08:55] [2026-09-17 01:03:45] Current bath temperature: 9.99 C.

[2026-09-16 23:08:55] [2026-09-17 01:03:56] Current bath temperature: 9.74 C.

[2026-09-16 23:08:55] [2026-09-17 01:04:04] entered if statement!!!

[2026-09-16 23:08:55] [2026-09-17 01:04:06] Current bath temperature: 9.48 C.

[2026-09-16 23:08:55] [2026-09-17 01:04:16] Current bath temperature: 9.24 C.

[2026-09-16 23:08:55] [2026-09-17 01:04:26] Current bath temperature: 8.99 C.

[2026-09-16 23:08:55] [2026-09-17 01:04:36] Current bath temperature: 8.75 C.

[2026-09-16 23:08:55] [2026-09-17 01:04:46] Current bath temperature: 8.5 C.

[2026-09-16 23:08:55] [2026-09-17 01:04:56] Current bath temperature: 8.26 C.

[2026-09-16 23:08:55] [2026-09-17 01:05:01] Test complete!

[2026-09-16 23:08:55] [2026-09-17 01:05:06] Safe: True

[2026-09-16 23:08:55] [2026-09-17 01:05:06] Recent: True

[2026-09-16 23:08:55] [2026-09-17 01:05:06] Current Time: 1789607070.7195005

[2026-09-16 23:08:55] [2026-09-17 01:05:06] Data Time: 1789607060.0861082

[2026-09-16 23:08:55] [2026-09-17 01:05:06] Age: 10.633392333984375

[2026-09-16 23:08:55] [2026-09-17 01:05:06] Current bath temperature: 8.04 C.

[2026-09-16 23:08:55] [2026-09-17 01:05:16] Current bath temperature: 7.82 C.

[2026-09-16 23:08:55] [2026-09-17 01:05:19] Test has started!

[2026-09-16 23:08:55] [2026-09-17 01:05:27] Current bath temperature: 7.6 C.

[2026-09-16 23:08:55] [2026-09-17 01:05:37] Current bath temperature: 7.39 C.

[2026-09-16 23:08:55] [2026-09-17 01:05:47] Current bath temperature: 7.19 C.

[2026-09-16 23:08:55] [2026-09-17 01:05:57] Current bath temperature: 7.0 C.

[2026-09-16 23:08:55] [2026-09-17 01:06:07] Current bath temperature: 6.83 C.

[2026-09-16 23:08:55] [2026-09-17 01:06:17] Current bath temperature: 6.7 C.

[2026-09-16 23:08:55] [2026-09-17 01:06:27] Current bath temperature: 6.58 C.

[2026-09-16 23:08:55] [2026-09-17 01:06:37] Current bath temperature: 6.44 C.

[2026-09-16 23:08:55] [2026-09-17 01:06:47] Current bath temperature: 6.31 C.

[2026-09-16 23:08:55] [2026-09-17 01:06:58] Current bath temperature: 6.17 C.

[2026-09-16 23:08:55] [2026-09-17 01:07:08] Current bath temperature: 6.03 C.

[2026-09-16 23:08:55] [2026-09-17 01:07:18] Current bath temperature: 5.89 C.

[2026-09-16 23:08:55] [2026-09-17 01:07:28] Current bath temperature: 5.75 C.

[2026-09-16 23:08:55] [2026-09-17 01:07:38] Current bath temperature: 5.63 C.

[2026-09-16 23:08:55] [2026-09-17 01:07:48] Current bath temperature: 5.49 C.

[2026-09-16 23:08:55] [2026-09-17 01:07:58] Current bath temperature: 5.36 C.

[2026-09-16 23:08:55] [2026-09-17 01:08:08] Current bath temperature: 5.22 C.

[2026-09-16 23:08:55] [2026-09-17 01:08:12] Test complete!

[2026-09-16 23:08:55] [2026-09-17 01:08:17] Safe: True

[2026-09-16 23:08:55] [2026-09-17 01:08:17] Recent: True

[2026-09-16 23:08:55] [2026-09-17 01:08:17] Current Time: 1789607261.5708525

[2026-09-16 23:08:55] [2026-09-17 01:08:17] Data Time: 1789607250.9389887

[2026-09-16 23:08:55] [2026-09-17 01:08:17] Age: 10.631863832473755

[2026-09-16 23:08:55] [2026-09-17 01:08:18] Current bath temperature: 5.07 C.

[2026-09-16 23:08:55] [2026-09-17 01:08:18] Reached target temperature of 5 C.

[2026-09-16 23:08:55] [2026-09-17 01:15:03] aspirate

[2026-09-16 23:08:55] [2026-09-17 01:15:03] 0

[2026-09-16 23:08:55] [2026-09-17 01:15:03] 10

[2026-09-16 23:08:55] [2026-09-17 01:17:22] dispense

[2026-09-16 23:08:55] [2026-09-17 01:17:22] 0

[2026-09-16 23:08:55] [2026-09-17 01:17:22] 10

[2026-09-16 23:08:55] [2026-09-17 01:18:51] aspirate

[2026-09-16 23:08:55] [2026-09-17 01:18:51] 1

[2026-09-16 23:08:55] [2026-09-17 01:18:51] 10

[2026-09-16 23:08:55] [2026-09-17 01:21:09] dispense

[2026-09-16 23:08:55] [2026-09-17 01:21:09] 1

[2026-09-16 23:08:55] [2026-09-17 01:21:09] 10

[2026-09-16 23:08:55] [2026-09-17 01:22:38] aspirate

[2026-09-16 23:08:55] [2026-09-17 01:22:38] 2

[2026-09-16 23:08:55] [2026-09-17 01:22:38] 10

[2026-09-16 23:08:55] [2026-09-17 01:24:57] dispense

[2026-09-16 23:08:55] [2026-09-17 01:24:57] 2

[2026-09-16 23:08:55] [2026-09-17 01:24:57] 10

[2026-09-16 23:08:55] [2026-09-17 01:26:26] aspirate

[2026-09-16 23:08:55] [2026-09-17 01:26:26] 3

[2026-09-16 23:08:55] [2026-09-17 01:26:26] 10

[2026-09-16 23:08:55] [2026-09-17 01:28:44] dispense

[2026-09-16 23:08:55] [2026-09-17 01:28:44] 3

[2026-09-16 23:08:55] [2026-09-17 01:28:44] 10

[2026-09-16 23:08:55] [2026-09-17 01:30:13] aspirate

[2026-09-16 23:08:55] [2026-09-17 01:30:13] 4

[2026-09-16 23:08:55] [2026-09-17 01:30:13] 10

[2026-09-16 23:08:55] [2026-09-17 01:32:32] dispense

[2026-09-16 23:08:55] [2026-09-17 01:32:32] 4

[2026-09-16 23:08:55] [2026-09-17 01:32:32] 10

[2026-09-16 23:08:55] [2026-09-17 01:34:01] aspirate

[2026-09-16 23:08:55] [2026-09-17 01:34:01] 5

[2026-09-16 23:08:55] [2026-09-17 01:34:01] 10

[2026-09-16 23:08:55] [2026-09-17 01:36:19] dispense

[2026-09-16 23:08:55] [2026-09-17 01:36:19] 5

[2026-09-16 23:08:55] [2026-09-17 01:36:19] 10

[2026-09-16 23:08:55] [2026-09-17 01:37:48] aspirate

[2026-09-16 23:08:55] [2026-09-17 01:37:48] 6

[2026-09-16 23:08:55] [2026-09-17 01:37:48] 10

[2026-09-16 23:08:55] [2026-09-17 01:40:07] dispense

[2026-09-16 23:08:55] [2026-09-17 01:40:07] 6

[2026-09-16 23:08:55] [2026-09-17 01:40:07] 10

[2026-09-16 23:08:55] [2026-09-17 01:41:36] aspirate

[2026-09-16 23:08:55] [2026-09-17 01:41:36] 7

[2026-09-16 23:08:55] [2026-09-17 01:41:36] 10

[2026-09-16 23:08:55] [2026-09-17 01:43:54] dispense

[2026-09-16 23:08:55] [2026-09-17 01:43:54] 7

[2026-09-16 23:08:55] [2026-09-17 01:43:54] 10

[2026-09-16 23:08:55] [2026-09-17 01:45:23] aspirate

[2026-09-16 23:08:55] [2026-09-17 01:45:23] 8

[2026-09-16 23:08:55] [2026-09-17 01:45:23] 10

[2026-09-16 23:08:55] [2026-09-17 01:47:42] dispense

[2026-09-16 23:08:55] [2026-09-17 01:47:42] 8

[2026-09-16 23:08:55] [2026-09-17 01:47:42] 10

[2026-09-16 23:08:55] [2026-09-17 01:49:11] aspirate

[2026-09-16 23:08:55] [2026-09-17 01:49:11] 9

[2026-09-16 23:08:55] [2026-09-17 01:49:11] 10

[2026-09-16 23:08:55] [2026-09-17 01:51:46] dispense

[2026-09-16 23:08:55] [2026-09-17 01:51:46] 9

[2026-09-16 23:08:55] [2026-09-17 01:51:46] 10

[2026-09-16 23:08:55] [2026-09-17 01:51:46] 2291.81708735507

[2026-09-16 23:08:55] [2026-09-17 01:51:46] Cooling mixing module to 25 C before casting.

[2026-09-16 23:08:55] [2026-09-17 01:59:26] Temperature set to 25.

[2026-09-16 23:08:55] [2026-09-17 01:59:26] Waiting 2 minutes at 25 C before casting.

[2026-09-16 23:08:55] [2026-09-17 02:08:17] entered if statement!!!

[2026-09-16 23:08:55] [2026-09-17 02:09:48] Bottle inventory after preparation: {'all_mix_stock': {'remaining_uL': 20000.0, 'dead_volume_uL': 2000.0, 'available_uL': 18000.0}, 'polymer_stock': {'remaining_uL': 27277.0, 'dead_volume_uL': 2000.0, 'available_uL': 25277.0}, 'solvent': {'remaining_uL': 43360.0, 'dead_volume_uL': 2000.0, 'available_uL': 41360.0}, 'solvent_additive_stock': {'remaining_uL': 20000.0, 'dead_volume_uL': 2000.0, 'available_uL': 18000.0}}

[2026-09-16 23:08:55] [2026-09-17 02:09:48] Joined both subprocesses.

[2026-09-16 23:08:55] [2026-09-17 02:10:36] Pullcast complete.

[2026-09-16 23:08:55] [2026-09-17 02:10:36] Nitrogen on.

[2026-09-16 23:08:55] [2026-09-17 02:12:34] Nitrogen off.

[2026-09-16 23:08:55] [2026-09-17 02:12:34] Membrane air data: {'temperature': '25.14', 'humidity': '47.56'}

[2026-09-16 23:08:55] [2026-09-17 02:12:34] Ambient air data: {'temperature': '25.48', 'humidity': '42.57'}

[2026-09-16 23:08:55] [2026-09-17 02:12:45] Membrane sitting in bath for 1800 seconds.

[2026-09-16 23:08:55] [2026-09-17 02:12:55] Nitrogen cap has been put away.

[2026-09-16 23:08:55] [2026-09-17 02:13:10] Ring has been placed on the coupon.

[2026-09-16 23:08:55] [2026-09-17 02:15:36] Cleaning knife

[2026-09-16 23:08:55] [2026-09-17 02:16:36] Knife cleaning finished.

[2026-09-16 23:08:55] [2026-09-17 02:53:27] Initial membrane picture taken.

[2026-09-16 23:08:55] [2026-09-17 02:53:56] Test has started!

[2026-09-16 23:08:55] [2026-09-17 02:57:11] Test complete!

[2026-09-16 23:08:55] [2026-09-17 02:57:16] Safe: True

[2026-09-16 23:08:55] [2026-09-17 02:57:16] Recent: True

[2026-09-16 23:08:55] [2026-09-17 02:57:16] Current Time: 1789613800.7818346

[2026-09-16 23:08:55] [2026-09-17 02:57:16] Data Time: 1789613789.9883244

[2026-09-16 23:08:55] [2026-09-17 02:57:16] Age: 10.79351019859314

[2026-09-16 23:08:55] [2026-09-17 02:57:29] Test has started!

[2026-09-16 23:08:55] [2026-09-17 03:00:41] Test complete!

[2026-09-16 23:08:55] [2026-09-17 03:00:46] Safe: True

[2026-09-16 23:08:55] [2026-09-17 03:00:46] Recent: True

[2026-09-16 23:08:55] [2026-09-17 03:00:46] Current Time: 1789614010.7071593

[2026-09-16 23:08:55] [2026-09-17 03:00:46] Data Time: 1789613999.9990246

[2026-09-16 23:08:55] [2026-09-17 03:00:46] Age: 10.708134651184082

[2026-09-16 23:08:55] [2026-09-17 03:00:59] Test has started!

[2026-09-16 23:08:55] [2026-09-17 03:04:13] Test complete!

[2026-09-16 23:08:55] [2026-09-17 03:04:18] Safe: True

[2026-09-16 23:08:55] [2026-09-17 03:04:18] Recent: True

[2026-09-16 23:08:55] [2026-09-17 03:04:18] Current Time: 1789614222.8013043

[2026-09-16 23:08:55] [2026-09-17 03:04:18] Data Time: 1789614212.1364071

[2026-09-16 23:08:55] [2026-09-17 03:04:18] Age: 10.664897203445435

[2026-09-16 23:08:55] [2026-09-17 03:04:31] Test has started!

[2026-09-16 23:08:55] [2026-09-17 03:07:48] Test complete!

[2026-09-16 23:08:55] [2026-09-17 03:07:53] Safe: True

[2026-09-16 23:08:55] [2026-09-17 03:07:53] Recent: True

[2026-09-16 23:08:55] [2026-09-17 03:07:53] Current Time: 1789614438.3092482

[2026-09-16 23:08:55] [2026-09-17 03:07:53] Data Time: 1789614427.556663

[2026-09-16 23:08:55] [2026-09-17 03:07:53] Age: 10.752585172653198

[2026-09-16 23:08:55] [2026-09-17 03:08:27] Final membrane picture taken.

[2026-09-16 23:08:55] [2026-09-17 03:08:45] Coupon successfully discarded.

[2026-09-16 23:08:55] [2026-09-17 03:09:30] Done

[2026-09-16 23:08:55] ── END PROTOCOL LOG ───────────────────────────────────────────────

[2026-09-16 23:08:55] 
[1/5] organising files...

[2026-09-16 23:08:55] [START] condition=18p5-0add-5deg-cosolv-none-bathSolv-none-0wt-105s-N2-1800s

[2026-09-16 23:08:55] [2/5] processing pipeline for: 18p5-0add-5deg-cosolv-none-bathSolv-none-0wt-105s-N2-1800s

[2026-09-16 23:08:55] ==============================================================================================================

[2026-09-16 23:08:55] Condition: 18p5-0add-5deg-cosolv-none-bathSolv-none-0wt-105s-N2-1800s | pairs: 4

[2026-09-16 23:08:55] 

------------ NEW REP ---------------

[2026-09-16 23:08:55] Average Standard Deviation: 50.10497371168089

[2026-09-16 23:08:57] Toe end strain (zero point): 0.0000

[2026-09-16 23:09:01] PW + Double: 0.06489957081014981

[2026-09-16 23:09:01] Piecewise Chosen! 0.07257831878177352 | Drop Calculation: 0.06925328240103024

[2026-09-16 23:09:07]   elastic_r2                          28/30  NRMSE-score=0.925 (RMSE=3.37, range=44.65)

[2026-09-16 23:09:07]   plateau_r2_start                    14/15  R²(first 40%)=0.914

[2026-09-16 23:09:07]   densification_r2                    15/15  R²=0.967

[2026-09-16 23:09:07]   yield_accuracy                      25/25  elastic tail undershoots data by 2.3% of elastic range

[2026-09-16 23:09:07]   junction_continuity                 15/15  gap=0.1%

[2026-09-16 23:09:07]   plateau_r2_full_penalty              0/0  R²(full)=0.986

[2026-09-16 23:09:07]   elastic_modulus_penalty              0/0  E=618.5 bar ok

[2026-09-16 23:09:07]   bp1_accuracy_penalty                -5/0  plateau spans 49% of remaining stress — ok | GAM slope drops 44% in early plateau — bp1 suspect

[2026-09-16 23:09:07]   changepoint_curvature_penalty        0/0  d2_norm=2.44, linear_stretch=30%

[2026-09-16 23:09:07]   slope_ratio_penalty                  0/0  plateau/elastic slope ratio=0.33 — good separation

[2026-09-16 23:09:07]   DATA FLAGS (no score impact — route to goodData_eval):

[2026-09-16 23:09:07]     elastic_half_consistency: first-half R²=-0.726 vs second-half R²=0.923 (gap=1.648)

[2026-09-16 23:09:07] Score: 92/100 → PASS

[2026-09-16 23:09:07] Elastic Modulus: 618.46 bar

[2026-09-16 23:09:07] Pore Fraction: 0.3143

[2026-09-16 23:09:07] Good Fit: True

[2026-09-16 23:09:08] 

------------ NEW REP ---------------

[2026-09-16 23:09:08] Average Standard Deviation: 48.7528051904197

[2026-09-16 23:09:08] Toe end strain (zero point): 0.0403

[2026-09-16 23:09:11] PW + Double: 0.10676860485386788

[2026-09-16 23:09:11] Piecewise Chosen! 0.11802242766489861 | Drop Calculation: 0.10383047854761884

[2026-09-16 23:09:20]   elastic_r2                          27/30  NRMSE-score=0.906 (RMSE=4.72, range=50.10)

[2026-09-16 23:09:20]   plateau_r2_start                    14/15  R²(first 40%)=0.909

[2026-09-16 23:09:20]   densification_r2                    14/15  R²=0.955

[2026-09-16 23:09:20]   yield_accuracy                      25/25  elastic tail undershoots data by 5.1% of elastic range

[2026-09-16 23:09:20]   junction_continuity                 14/15  gap=0.9%

[2026-09-16 23:09:20]   plateau_r2_full_penalty              0/0  R²(full)=0.969

[2026-09-16 23:09:20]   elastic_modulus_penalty              0/0  E=528.9 bar ok

[2026-09-16 23:09:20]   bp1_accuracy_penalty                 0/0  plateau spans 42% of remaining stress — ok | GAM slope stable in early plateau (drop=12%) — ok

[2026-09-16 23:09:20]   changepoint_curvature_penalty        0/0  d2_norm=2.95, linear_stretch=37%

[2026-09-16 23:09:20]   slope_ratio_penalty                  0/0  plateau/elastic slope ratio=0.30 — good separation

[2026-09-16 23:09:20]   DATA FLAGS (no score impact — route to goodData_eval):

[2026-09-16 23:09:20]     elastic_half_consistency: first-half R²=-0.859 vs second-half R²=0.891 (gap=1.750)

[2026-09-16 23:09:20] Score: 94/100 → PASS

[2026-09-16 23:09:20] Elastic Modulus: 528.88 bar

[2026-09-16 23:09:20] Pore Fraction: 0.3725

[2026-09-16 23:09:21] Good Fit: True

[2026-09-16 23:09:21] 

------------ NEW REP ---------------

[2026-09-16 23:09:21] Average Standard Deviation: 48.17241531781253

[2026-09-16 23:09:21] Toe end strain (zero point): 0.0100

[2026-09-16 23:09:25] PW + Double: 0.0908849599816932

[2026-09-16 23:09:25] Piecewise Chosen! 0.07988629430003802 | Drop Calculation: 0.09294872730403334

[2026-09-16 23:09:32]   elastic_r2                          28/30  NRMSE-score=0.944 (RMSE=2.67, range=47.58)

[2026-09-16 23:09:32]   plateau_r2_start                    14/15  R²(first 40%)=0.927

[2026-09-16 23:09:32]   densification_r2                    15/15  R²=0.968

[2026-09-16 23:09:32]   yield_accuracy                      25/25  elastic tail undershoots data by 3.7% of elastic range

[2026-09-16 23:09:32]   junction_continuity                  6/15  gap=9.4%

[2026-09-16 23:09:32]   plateau_r2_full_penalty              0/0  R²(full)=0.984

[2026-09-16 23:09:32]   elastic_modulus_penalty              0/0  E=631.0 bar ok

[2026-09-16 23:09:32]   bp1_accuracy_penalty                -5/0  plateau spans 48% of remaining stress — ok | GAM slope drops 61% in early plateau — bp1 suspect

[2026-09-16 23:09:32]   changepoint_curvature_penalty        0/0  d2_norm=1.09, linear_stretch=20%

[2026-09-16 23:09:32]   slope_ratio_penalty                  0/0  plateau/elastic slope ratio=0.36 — good separation

[2026-09-16 23:09:32]   DATA FLAGS (no score impact — route to goodData_eval):

[2026-09-16 23:09:32]     elastic_half_consistency: first-half R²=0.660 vs second-half R²=0.912 (gap=0.252)

[2026-09-16 23:09:32] Score: 83/100 → PASS

[2026-09-16 23:09:32] Elastic Modulus: 630.98 bar

[2026-09-16 23:09:32] Pore Fraction: 0.2963

[2026-09-16 23:09:33] Good Fit: True

[2026-09-16 23:09:33] 

------------ NEW REP ---------------

[2026-09-16 23:09:33] Average Standard Deviation: 50.583604899184955

[2026-09-16 23:09:33] Toe end strain (zero point): 0.0410

[2026-09-16 23:09:36] PW + Double: 0.13892328271405208

[2026-09-16 23:09:36] Piecewise Chosen! 0.1591123917411221 | Drop Calculation: 0.16279052320264115

[2026-09-16 23:09:40]   FIND_CHANGEPOINT_FIT FAILED: fit region too small - plateau = 0 pts, densification=1208 pts - score forced to 0

[2026-09-16 23:09:41] CV (18p5-0add-5deg-cosolv-none-bathSolv-none-0wt-105s-N2-1800s) [preDiscard]: 0.13099485082668322

[2026-09-16 23:09:41] CV (18p5-0add-5deg-cosolv-none-bathSolv-none-0wt-105s-N2-1800s) [postDiscard]: 0.1501323324267127

[2026-09-16 23:09:41] 

------------ NEW REP ---------------

[2026-09-16 23:09:41] Average Standard Deviation: 44.1390988660539

[2026-09-16 23:09:41] Toe end strain (zero point): 0.0266

[2026-09-16 23:09:45] PW + Double: 0.09367420998924067

[2026-09-16 23:09:45] Piecewise Chosen! 0.097452748146455 | Drop Calculation: 0.08654887842929652

[2026-09-16 23:09:54]   elastic_r2                          29/30  NRMSE-score=0.954 (RMSE=2.11, range=46.15)

[2026-09-16 23:09:54]   plateau_r2_start                    15/15  R²(first 40%)=0.978

[2026-09-16 23:09:54]   densification_r2                    15/15  R²=0.974

[2026-09-16 23:09:54]   yield_accuracy                      25/25  elastic tail undershoots data by 0.5% of elastic range

[2026-09-16 23:09:54]   junction_continuity                 15/15  gap=0.4%

[2026-09-16 23:09:54]   plateau_r2_full_penalty              0/0  R²(full)=0.987

[2026-09-16 23:09:54]   elastic_modulus_penalty              0/0  E=603.1 bar ok

[2026-09-16 23:09:54]   bp1_accuracy_penalty                -35/0  plateau spans 51% of remaining stress — elastic peak likely wrong | GAM slope drops 47% in early plateau — bp1 suspect

[2026-09-16 23:09:54]   changepoint_curvature_penalty       -1/0  d2_norm=0.76, linear_stretch=40%

[2026-09-16 23:09:54]   slope_ratio_penalty                  0/0  plateau/elastic slope ratio=0.34 — good separation

[2026-09-16 23:09:54] Score: 63/100 → FAIL

[2026-09-16 23:09:54] Elastic Modulus: 603.08 bar

[2026-09-16 23:09:54] Pore Fraction: 0.3553

[2026-09-16 23:09:55] Good Fit: False

[2026-09-16 23:09:55] 

------------ NEW REP ---------------

[2026-09-16 23:09:55] Average Standard Deviation: 44.157125988944884

[2026-09-16 23:09:55] Toe end strain (zero point): 0.0241

[2026-09-16 23:09:58] PW + Double: 0.08229886086013416

[2026-09-16 23:09:58] Piecewise Chosen! 0.08541530652607911 | Drop Calculation: 0.07247239442523165

[2026-09-16 23:10:04]   elastic_r2                          28/30  NRMSE-score=0.949 (RMSE=2.30, range=45.11)

[2026-09-16 23:10:04]   plateau_r2_start                    15/15  R²(first 40%)=0.981

[2026-09-16 23:10:04]   densification_r2                    15/15  R²=0.984

[2026-09-16 23:10:04]   yield_accuracy                      25/25  elastic tail overshoots data by 0.0% of elastic range

[2026-09-16 23:10:04]   junction_continuity                 14/15  gap=0.9%

[2026-09-16 23:10:04]   plateau_r2_full_penalty              0/0  R²(full)=0.990

[2026-09-16 23:10:04]   elastic_modulus_penalty              0/0  E=650.3 bar ok

[2026-09-16 23:10:04]   bp1_accuracy_penalty                -35/0  plateau spans 51% of remaining stress — elastic peak likely wrong | GAM slope drops 49% in early plateau — bp1 suspect

[2026-09-16 23:10:04]   changepoint_curvature_penalty       -4/0  d2_norm=0.05, linear_stretch=40%

[2026-09-16 23:10:04]   slope_ratio_penalty                  0/0  plateau/elastic slope ratio=0.32 — good separation

[2026-09-16 23:10:04] Score: 58/100 → FAIL

[2026-09-16 23:10:04] Elastic Modulus: 650.27 bar

[2026-09-16 23:10:04] Pore Fraction: 0.3502

[2026-09-16 23:10:05] Good Fit: False

[2026-09-16 23:10:13] [3/5] generating initial report...

[2026-09-16 23:10:13] [4/5] running active learning...

[2026-09-16 23:10:42] LLM suggestion: I'll analyze the experimental history systematically before proposing a new experiment.

**Summary of valid modulus measurements:**
| Experiment | Modulus (MPa) | CV | Notes |
|---|---|---|---|
| 17.5wt%, 65°C, 6mm/s, N2, 15s, 10°C bath, 1800s | 708.9 | 0.129 | Best validated |
| 17.5wt%, 50°C, 7mm/s, N2, 90s, 20°C bath, 1250s | 683.3 | nan | No CV |
| 18.5wt%, 25°C, 19mm/s, no N2, 330s, 5°C bath, 1800s | 667.1 | nan | No CV |
| 17.5wt%, 55°C, 11mm/s, N2, 375s, 25°C bath, 1300s | 591.7 | 0.109 | |
| 18.5wt%, 65°C, 11mm/s, N2, 105s, 5°C bath, 1800s | 592.8 | 0.150 | |
| 18wt%, 45°C, 4mm/s, N2, 180s, 5°C bath, 1800s | 596.3 | nan | |

**Explore mode analysis:**
The dataset has 29 points with good coverage of most dimensions. Looking for sparse regions:
- **bath_temp=5°C** is heavily sampled; **bath_temp=25°C** has only a few points
- **polymer_wt ~20-21** with **bath_temp=25°C** and **N2=True** is sparse
- **mixing_temp ~25-35°C** with **bath_temp=25°C** and **N2=True** and **moderate wait times** is underrepresented
- **nips_bath_wait_time** near minimum (1200s) with **bath_temp=25°C** and **N2=True** is sparse
- **pullcast_speed ~3-5 mm/s** with **bath_temp=25°C** is underrepresented

A genuinely novel combination: **high polymer_wt (20wt%)**, **bath_temp=25°C**, **N2=True**, **short wait (30s)**, **low pullcast_speed (3mm/s)**, **mixing_temp=25°C**, **nips_bath_wait_time=1200s** — this combination is far from existing points and explores a region where high concentration + warm bath + N2 + slow casting hasn't been tested.

```json
{
  "mixing_temp": 25,
  "bath_temp": 25,
  "pullcast_speed": 3,
  "nitrogen": true,
  "coupon_to_bath_wait_time": 30,
  "nips_bath_wait_time": 1200,
  "polymer_wt": 20.0,
  "additive_wt": 0
}
```

[2026-09-16 23:10:42]   JSON result: C:\Users\opentrons\Documents\Auto-Membranes\data\llm_results\llm_result_18p5-0add-5deg-cosolv-none-bathSolv-none-0wt-105s-N2-1800s.json

[2026-09-16 23:10:42] [5/5] next params: {'mixing_temp': 25, 'bath_temp': 25, 'pullcast_speed': 3, 'nitrogen': True, 'coupon_to_bath_wait_time': 30, 'nips_bath_wait_time': 1200, 'polymer_wt': 20.0, 'additive_wt': 0.0, 'polymer_type': 'Primospire', 'solvent_type': 'NMP', 'cosolvent_type': 'none', 'nips_bath_solvent': 'none', 'nips_bath_solvent_wt_percent': 0.0, 'stock_metadata': {'polymer_stock_wt_percent': 21.0, 'additive_stock_polymer_wt_percent': 17.0, 'additive_stock_additive_wt_percent': 4.0, 'stock_mode': 'two_bottle'}}

[2026-09-16 23:10:42] Python recieved!

[2026-09-16 23:10:42] Exact payload being sent: {"mixing_temp": 25, "bath_temp": 25, "pullcast_speed": 3, "nitrogen": true, "coupon_to_bath_wait_time": 30, "nips_bath_wait_time": 1200, "polymer_wt": 20.0, "additive_wt": 0.0, "polymer_type": "Primospire", "solvent_type": "NMP", "cosolvent_type": "none", "nips_bath_solvent": "none", "nips_bath_solvent_wt_percent": 0.0, "stock_metadata": {"polymer_stock_wt_percent": 21.0, "additive_stock_polymer_wt_percent": 17.0, "additive_stock_additive_wt_percent": 4.0, "stock_mode": "two_bottle"}}

[2026-09-16 23:10:42] Opentrons response: Creating Membrane with following parameters: {"mixing_temp": 25, "bath_temp": 25, "pullcast_speed": 3, "nitrogen": true, "coupon_to_bath_wait_time": 30, "nips_bath_wait_time": 1200, "polymer_wt": 20.0, "additive_wt": 0.0, "polymer_type": "Primospire", "solvent_type": "NMP", "cosolvent_type": "none", "nips_bath_solvent": "none", "nips_bath_solvent_wt_percent": 0.0, "stock_metadata": {"polymer_stock_wt_percent": 21.0, "additive_stock_polymer_wt_percent": 17.0, "additive_stock_additive_wt_percent": 4.0, "stock_mode": "two_bottle"}}

[2026-09-16 23:10:42] [DONE] 18p5-0add-5deg-cosolv-none-bathSolv-none-0wt-105s-N2-1800s  elapsed=106.9s

[2026-09-17 01:56:09] ── PROTOCOL LOG (Opentrons) ────────────────────────────────────────

[2026-09-17 01:56:09] [2026-09-17 03:11:17] Recievied request for membrane with following parameters:

[2026-09-17 01:56:09] [2026-09-17 03:11:17] {'mixing_temp': 25, 'bath_temp': 25, 'pullcast_speed': 3, 'nitrogen': True, 'coupon_to_bath_wait_time': 30, 'nips_bath_wait_time': 1200, 'polymer_wt': 20.0, 'additive_wt': 0.0, 'polymer_type': 'Primospire', 'solvent_type': 'NMP', 'cosolvent_type': 'none', 'nips_bath_solvent': 'none', 'nips_bath_solvent_wt_percent': 0.0, 'stock_metadata': {'polymer_stock_wt_percent': 21.0, 'additive_stock_polymer_wt_percent': 17.0, 'additive_stock_additive_wt_percent': 4.0, 'stock_mode': 'two_bottle'}}

[2026-09-17 01:56:09] [2026-09-17 03:11:17] Bath chilling process started.

[2026-09-17 01:56:09] [2026-09-17 03:11:17] Beginning zero tests on coupons.

[2026-09-17 01:56:09] [2026-09-17 03:11:17] Opentrons process started.

[2026-09-17 01:56:09] [2026-09-17 03:11:17] Target: 20 wt% polymer, 0 wt% additive, 1000.00 uL

[2026-09-17 01:56:09] [2026-09-17 03:11:17] Volumes (uL): polymer=949.00, polymer-additive=0.00, solvent=51.00

[2026-09-17 01:56:09] [2026-09-17 03:11:17] Bottle inventory before preparation: {'all_mix_stock': {'remaining_uL': 20000.0, 'dead_volume_uL': 2000.0, 'available_uL': 18000.0}, 'polymer_stock': {'remaining_uL': 27277.0, 'dead_volume_uL': 2000.0, 'available_uL': 25277.0}, 'solvent': {'remaining_uL': 43360.0, 'dead_volume_uL': 2000.0, 'available_uL': 41360.0}, 'solvent_additive_stock': {'remaining_uL': 20000.0, 'dead_volume_uL': 2000.0, 'available_uL': 18000.0}}

[2026-09-17 01:56:09] [2026-09-17 03:11:18] Current bath temperature: 4.4 C.

[2026-09-17 01:56:09] [2026-09-17 03:11:28] Current bath temperature: 4.74 C.

[2026-09-17 01:56:09] [2026-09-17 03:11:38] Current bath temperature: 5.35 C.

[2026-09-17 01:56:09] [2026-09-17 03:11:44] Temperature set to 25.

[2026-09-17 01:56:09] [2026-09-17 03:11:44] Test has started!

[2026-09-17 01:56:09] [2026-09-17 03:11:48] Current bath temperature: 5.78 C.

[2026-09-17 01:56:09] [2026-09-17 03:11:52] Adding 51.00 uL from pure solvent.

[2026-09-17 01:56:09] [2026-09-17 03:11:55] entered if statement!!!

[2026-09-17 01:56:09] [2026-09-17 03:11:58] Current bath temperature: 6.1 C.

[2026-09-17 01:56:09] [2026-09-17 03:12:08] Current bath temperature: 6.33 C.

[2026-09-17 01:56:09] [2026-09-17 03:12:18] Current bath temperature: 6.52 C.

[2026-09-17 01:56:09] [2026-09-17 03:12:28] Current bath temperature: 6.68 C.

[2026-09-17 01:56:09] [2026-09-17 03:12:39] Current bath temperature: 6.83 C.

[2026-09-17 01:56:09] [2026-09-17 03:12:40] Adding 949.00 uL from polymer stock.

[2026-09-17 01:56:09] [2026-09-17 03:12:49] Current bath temperature: 7.0 C.

[2026-09-17 01:56:09] [2026-09-17 03:12:59] Current bath temperature: 7.15 C.

[2026-09-17 01:56:09] [2026-09-17 03:13:09] Current bath temperature: 7.3 C.

[2026-09-17 01:56:09] [2026-09-17 03:13:19] Current bath temperature: 7.43 C.

[2026-09-17 01:56:09] [2026-09-17 03:13:29] Current bath temperature: 7.56 C.

[2026-09-17 01:56:09] [2026-09-17 03:13:39] Current bath temperature: 7.67 C.

[2026-09-17 01:56:09] [2026-09-17 03:13:49] Current bath temperature: 7.77 C.

[2026-09-17 01:56:09] [2026-09-17 03:13:59] Current bath temperature: 7.86 C.

[2026-09-17 01:56:09] [2026-09-17 03:14:10] Current bath temperature: 7.94 C.

[2026-09-17 01:56:09] [2026-09-17 03:14:20] Current bath temperature: 8.03 C.

[2026-09-17 01:56:09] [2026-09-17 03:14:30] Current bath temperature: 8.1 C.

[2026-09-17 01:56:09] [2026-09-17 03:14:31] Test complete!

[2026-09-17 01:56:09] [2026-09-17 03:14:36] Safe: True

[2026-09-17 01:56:09] [2026-09-17 03:14:36] Recent: True

[2026-09-17 01:56:09] [2026-09-17 03:14:36] Current Time: 1789614841.1507487

[2026-09-17 01:56:09] [2026-09-17 03:14:36] Data Time: 1789614830.5478206

[2026-09-17 01:56:09] [2026-09-17 03:14:36] Age: 10.602928161621094

[2026-09-17 01:56:09] [2026-09-17 03:14:40] Current bath temperature: 8.16 C.

[2026-09-17 01:56:09] [2026-09-17 03:14:49] Test has started!

[2026-09-17 01:56:09] [2026-09-17 03:14:50] Current bath temperature: 8.25 C.

[2026-09-17 01:56:09] [2026-09-17 03:15:00] Current bath temperature: 8.34 C.

[2026-09-17 01:56:09] [2026-09-17 03:15:10] Current bath temperature: 8.42 C.

[2026-09-17 01:56:09] [2026-09-17 03:15:20] Current bath temperature: 8.5 C.

[2026-09-17 01:56:09] [2026-09-17 03:15:30] Current bath temperature: 8.58 C.

[2026-09-17 01:56:09] [2026-09-17 03:15:41] Current bath temperature: 8.65 C.

[2026-09-17 01:56:09] [2026-09-17 03:15:51] Current bath temperature: 8.74 C.

[2026-09-17 01:56:09] [2026-09-17 03:16:01] Current bath temperature: 8.82 C.

[2026-09-17 01:56:09] [2026-09-17 03:16:11] Current bath temperature: 8.89 C.

[2026-09-17 01:56:09] [2026-09-17 03:16:21] Current bath temperature: 8.96 C.

[2026-09-17 01:56:09] [2026-09-17 03:16:31] Current bath temperature: 9.04 C.

[2026-09-17 01:56:09] [2026-09-17 03:16:41] Current bath temperature: 9.11 C.

[2026-09-17 01:56:09] [2026-09-17 03:16:51] Current bath temperature: 9.18 C.

[2026-09-17 01:56:09] [2026-09-17 03:17:01] Current bath temperature: 9.26 C.

[2026-09-17 01:56:09] [2026-09-17 03:17:11] Current bath temperature: 9.33 C.

[2026-09-17 01:56:09] [2026-09-17 03:17:22] Current bath temperature: 9.4 C.

[2026-09-17 01:56:09] [2026-09-17 03:17:32] Current bath temperature: 9.47 C.

[2026-09-17 01:56:09] [2026-09-17 03:17:39] Test complete!

[2026-09-17 01:56:09] [2026-09-17 03:17:42] Current bath temperature: 9.54 C.

[2026-09-17 01:56:09] [2026-09-17 03:17:44] Safe: True

[2026-09-17 01:56:09] [2026-09-17 03:17:44] Recent: True

[2026-09-17 01:56:09] [2026-09-17 03:17:44] Current Time: 1789615029.1272397

[2026-09-17 01:56:09] [2026-09-17 03:17:44] Data Time: 1789615018.3831882

[2026-09-17 01:56:09] [2026-09-17 03:17:44] Age: 10.744051456451416

[2026-09-17 01:56:09] [2026-09-17 03:17:52] Current bath temperature: 9.61 C.

[2026-09-17 01:56:09] [2026-09-17 03:17:57] Test has started!

[2026-09-17 01:56:09] [2026-09-17 03:18:02] Current bath temperature: 9.67 C.

[2026-09-17 01:56:09] [2026-09-17 03:18:12] Current bath temperature: 9.75 C.

[2026-09-17 01:56:09] [2026-09-17 03:18:22] Current bath temperature: 9.82 C.

[2026-09-17 01:56:09] [2026-09-17 03:18:32] Current bath temperature: 9.89 C.

[2026-09-17 01:56:09] [2026-09-17 03:18:35] entered if statement!!!

[2026-09-17 01:56:09] [2026-09-17 03:18:42] Current bath temperature: 9.96 C.

[2026-09-17 01:56:09] [2026-09-17 03:18:53] Current bath temperature: 10.03 C.

[2026-09-17 01:56:09] [2026-09-17 03:19:03] Current bath temperature: 10.1 C.

[2026-09-17 01:56:09] [2026-09-17 03:19:13] Current bath temperature: 10.17 C.

[2026-09-17 01:56:09] [2026-09-17 03:19:23] Current bath temperature: 10.24 C.

[2026-09-17 01:56:09] [2026-09-17 03:19:33] Current bath temperature: 10.3 C.

[2026-09-17 01:56:09] [2026-09-17 03:19:43] Current bath temperature: 10.36 C.

[2026-09-17 01:56:09] [2026-09-17 03:19:53] Current bath temperature: 10.42 C.

[2026-09-17 01:56:09] [2026-09-17 03:20:03] Current bath temperature: 10.48 C.

[2026-09-17 01:56:09] [2026-09-17 03:20:13] Current bath temperature: 10.55 C.

[2026-09-17 01:56:09] [2026-09-17 03:20:24] Current bath temperature: 10.61 C.

[2026-09-17 01:56:09] [2026-09-17 03:20:34] Current bath temperature: 10.67 C.

[2026-09-17 01:56:09] [2026-09-17 03:20:44] Current bath temperature: 10.72 C.

[2026-09-17 01:56:09] [2026-09-17 03:20:49] Test complete!

[2026-09-17 01:56:09] [2026-09-17 03:20:54] Current bath temperature: 10.8 C.

[2026-09-17 01:56:09] [2026-09-17 03:20:54] Safe: True

[2026-09-17 01:56:09] [2026-09-17 03:20:54] Recent: True

[2026-09-17 01:56:09] [2026-09-17 03:20:54] Current Time: 1789615219.2963135

[2026-09-17 01:56:09] [2026-09-17 03:20:54] Data Time: 1789615208.59973

[2026-09-17 01:56:09] [2026-09-17 03:20:54] Age: 10.69658350944519

[2026-09-17 01:56:09] [2026-09-17 03:21:04] Current bath temperature: 10.86 C.

[2026-09-17 01:56:09] [2026-09-17 03:21:07] Test has started!

[2026-09-17 01:56:09] [2026-09-17 03:21:14] Current bath temperature: 10.92 C.

[2026-09-17 01:56:09] [2026-09-17 03:21:24] Current bath temperature: 10.98 C.

[2026-09-17 01:56:09] [2026-09-17 03:21:34] Current bath temperature: 11.03 C.

[2026-09-17 01:56:09] [2026-09-17 03:21:44] Current bath temperature: 11.1 C.

[2026-09-17 01:56:09] [2026-09-17 03:21:55] Current bath temperature: 11.15 C.

[2026-09-17 01:56:09] [2026-09-17 03:22:05] Current bath temperature: 11.21 C.

[2026-09-17 01:56:09] [2026-09-17 03:22:15] Current bath temperature: 11.27 C.

[2026-09-17 01:56:09] [2026-09-17 03:22:25] Current bath temperature: 11.32 C.

[2026-09-17 01:56:09] [2026-09-17 03:22:35] Current bath temperature: 11.38 C.

[2026-09-17 01:56:09] [2026-09-17 03:22:45] Current bath temperature: 11.43 C.

[2026-09-17 01:56:09] [2026-09-17 03:22:55] Current bath temperature: 11.49 C.

[2026-09-17 01:56:09] [2026-09-17 03:23:05] Current bath temperature: 11.55 C.

[2026-09-17 01:56:09] [2026-09-17 03:23:15] Current bath temperature: 11.61 C.

[2026-09-17 01:56:09] [2026-09-17 03:23:26] Current bath temperature: 11.66 C.

[2026-09-17 01:56:09] [2026-09-17 03:23:36] Current bath temperature: 11.71 C.

[2026-09-17 01:56:09] [2026-09-17 03:23:46] Current bath temperature: 11.77 C.

[2026-09-17 01:56:09] [2026-09-17 03:23:56] Current bath temperature: 11.83 C.

[2026-09-17 01:56:09] [2026-09-17 03:23:59] Test complete!

[2026-09-17 01:56:09] [2026-09-17 03:24:04] Safe: True

[2026-09-17 01:56:09] [2026-09-17 03:24:04] Recent: True

[2026-09-17 01:56:09] [2026-09-17 03:24:04] Current Time: 1789615409.3023224

[2026-09-17 01:56:09] [2026-09-17 03:24:04] Data Time: 1789615398.377096

[2026-09-17 01:56:09] [2026-09-17 03:24:04] Age: 10.92522644996643

[2026-09-17 01:56:09] [2026-09-17 03:24:06] Current bath temperature: 11.89 C.

[2026-09-17 01:56:09] [2026-09-17 03:24:16] Current bath temperature: 11.94 C.

[2026-09-17 01:56:09] [2026-09-17 03:24:26] Current bath temperature: 11.99 C.

[2026-09-17 01:56:09] [2026-09-17 03:24:36] Current bath temperature: 12.04 C.

[2026-09-17 01:56:09] [2026-09-17 03:24:46] Current bath temperature: 12.1 C.

[2026-09-17 01:56:09] [2026-09-17 03:24:57] Current bath temperature: 12.15 C.

[2026-09-17 01:56:09] [2026-09-17 03:25:07] Current bath temperature: 12.19 C.

[2026-09-17 01:56:09] [2026-09-17 03:25:17] Current bath temperature: 12.24 C.

[2026-09-17 01:56:09] [2026-09-17 03:25:27] Current bath temperature: 12.29 C.

[2026-09-17 01:56:09] [2026-09-17 03:25:37] Current bath temperature: 12.35 C.

[2026-09-17 01:56:09] [2026-09-17 03:25:47] Current bath temperature: 12.4 C.

[2026-09-17 01:56:09] [2026-09-17 03:25:57] Current bath temperature: 12.45 C.

[2026-09-17 01:56:09] [2026-09-17 03:26:07] Current bath temperature: 12.5 C.

[2026-09-17 01:56:09] [2026-09-17 03:26:17] Current bath temperature: 12.55 C.

[2026-09-17 01:56:09] [2026-09-17 03:26:28] Current bath temperature: 12.61 C.

[2026-09-17 01:56:09] [2026-09-17 03:26:38] Current bath temperature: 12.65 C.

[2026-09-17 01:56:09] [2026-09-17 03:26:48] Current bath temperature: 12.7 C.

[2026-09-17 01:56:09] [2026-09-17 03:26:58] Current bath temperature: 12.76 C.

[2026-09-17 01:56:09] [2026-09-17 03:27:08] Current bath temperature: 12.8 C.

[2026-09-17 01:56:09] [2026-09-17 03:27:18] Current bath temperature: 12.85 C.

[2026-09-17 01:56:09] [2026-09-17 03:27:28] Current bath temperature: 12.91 C.

[2026-09-17 01:56:09] [2026-09-17 03:27:38] Current bath temperature: 12.95 C.

[2026-09-17 01:56:09] [2026-09-17 03:27:48] Current bath temperature: 13.0 C.

[2026-09-17 01:56:09] [2026-09-17 03:27:59] Current bath temperature: 13.04 C.

[2026-09-17 01:56:09] [2026-09-17 03:28:09] Current bath temperature: 13.09 C.

[2026-09-17 01:56:09] [2026-09-17 03:28:19] Current bath temperature: 13.14 C.

[2026-09-17 01:56:09] [2026-09-17 03:28:29] Current bath temperature: 13.18 C.

[2026-09-17 01:56:09] [2026-09-17 03:28:39] Current bath temperature: 13.23 C.

[2026-09-17 01:56:09] [2026-09-17 03:28:49] Current bath temperature: 13.28 C.

[2026-09-17 01:56:09] [2026-09-17 03:28:59] Current bath temperature: 13.32 C.

[2026-09-17 01:56:09] [2026-09-17 03:29:09] Current bath temperature: 13.38 C.

[2026-09-17 01:56:09] [2026-09-17 03:29:19] Current bath temperature: 13.42 C.

[2026-09-17 01:56:09] [2026-09-17 03:29:30] Current bath temperature: 13.46 C.

[2026-09-17 01:56:09] [2026-09-17 03:29:40] Current bath temperature: 13.51 C.

[2026-09-17 01:56:09] [2026-09-17 03:29:50] Current bath temperature: 13.55 C.

[2026-09-17 01:56:09] [2026-09-17 03:30:00] Current bath temperature: 13.6 C.

[2026-09-17 01:56:09] [2026-09-17 03:30:01] aspirate

[2026-09-17 01:56:09] [2026-09-17 03:30:01] 0

[2026-09-17 01:56:09] [2026-09-17 03:30:01] 10

[2026-09-17 01:56:09] [2026-09-17 03:30:10] Current bath temperature: 13.65 C.

[2026-09-17 01:56:09] [2026-09-17 03:30:20] Current bath temperature: 13.69 C.

[2026-09-17 01:56:09] [2026-09-17 03:30:30] Current bath temperature: 13.73 C.

[2026-09-17 01:56:09] [2026-09-17 03:30:40] Current bath temperature: 13.77 C.

[2026-09-17 01:56:09] [2026-09-17 03:30:50] Current bath temperature: 13.81 C.

[2026-09-17 01:56:09] [2026-09-17 03:31:00] Current bath temperature: 13.86 C.

[2026-09-17 01:56:09] [2026-09-17 03:31:11] Current bath temperature: 13.91 C.

[2026-09-17 01:56:09] [2026-09-17 03:31:21] Current bath temperature: 13.95 C.

[2026-09-17 01:56:09] [2026-09-17 03:31:31] Current bath temperature: 13.99 C.

[2026-09-17 01:56:09] [2026-09-17 03:31:41] Current bath temperature: 14.03 C.

[2026-09-17 01:56:09] [2026-09-17 03:31:51] Current bath temperature: 14.07 C.

[2026-09-17 01:56:09] [2026-09-17 03:32:01] Current bath temperature: 14.11 C.

[2026-09-17 01:56:09] [2026-09-17 03:32:11] Current bath temperature: 14.16 C.

[2026-09-17 01:56:09] [2026-09-17 03:32:20] dispense

[2026-09-17 01:56:09] [2026-09-17 03:32:20] 0

[2026-09-17 01:56:09] [2026-09-17 03:32:20] 10

[2026-09-17 01:56:09] [2026-09-17 03:32:21] Current bath temperature: 14.2 C.

[2026-09-17 01:56:09] [2026-09-17 03:32:31] Current bath temperature: 14.25 C.

[2026-09-17 01:56:09] [2026-09-17 03:32:42] Current bath temperature: 14.29 C.

[2026-09-17 01:56:09] [2026-09-17 03:32:52] Current bath temperature: 14.33 C.

[2026-09-17 01:56:09] [2026-09-17 03:33:02] Current bath temperature: 14.37 C.

[2026-09-17 01:56:09] [2026-09-17 03:33:12] Current bath temperature: 14.42 C.

[2026-09-17 01:56:09] [2026-09-17 03:33:22] Current bath temperature: 14.45 C.

[2026-09-17 01:56:09] [2026-09-17 03:33:32] Current bath temperature: 14.49 C.

[2026-09-17 01:56:09] [2026-09-17 03:33:42] Current bath temperature: 14.54 C.

[2026-09-17 01:56:09] [2026-09-17 03:33:49] aspirate

[2026-09-17 01:56:09] [2026-09-17 03:33:49] 1

[2026-09-17 01:56:09] [2026-09-17 03:33:49] 10

[2026-09-17 01:56:09] [2026-09-17 03:33:52] Current bath temperature: 14.57 C.

[2026-09-17 01:56:09] [2026-09-17 03:34:02] Current bath temperature: 14.61 C.

[2026-09-17 01:56:09] [2026-09-17 03:34:13] Current bath temperature: 14.66 C.

[2026-09-17 01:56:09] [2026-09-17 03:34:23] Current bath temperature: 14.69 C.

[2026-09-17 01:56:09] [2026-09-17 03:34:33] Current bath temperature: 14.72 C.

[2026-09-17 01:56:09] [2026-09-17 03:34:43] Current bath temperature: 14.77 C.

[2026-09-17 01:56:09] [2026-09-17 03:34:53] Current bath temperature: 14.81 C.

[2026-09-17 01:56:09] [2026-09-17 03:35:03] Current bath temperature: 14.84 C.

[2026-09-17 01:56:09] [2026-09-17 03:35:13] Current bath temperature: 14.89 C.

[2026-09-17 01:56:09] [2026-09-17 03:35:23] Current bath temperature: 14.94 C.

[2026-09-17 01:56:09] [2026-09-17 03:35:33] Current bath temperature: 14.97 C.

[2026-09-17 01:56:09] [2026-09-17 03:35:44] Current bath temperature: 15.01 C.

[2026-09-17 01:56:09] [2026-09-17 03:35:54] Current bath temperature: 15.04 C.

[2026-09-17 01:56:09] [2026-09-17 03:36:04] Current bath temperature: 15.08 C.

[2026-09-17 01:56:09] [2026-09-17 03:36:07] dispense

[2026-09-17 01:56:09] [2026-09-17 03:36:07] 1

[2026-09-17 01:56:09] [2026-09-17 03:36:07] 10

[2026-09-17 01:56:09] [2026-09-17 03:36:14] Current bath temperature: 15.11 C.

[2026-09-17 01:56:09] [2026-09-17 03:36:24] Current bath temperature: 15.15 C.

[2026-09-17 01:56:09] [2026-09-17 03:36:34] Current bath temperature: 15.2 C.

[2026-09-17 01:56:09] [2026-09-17 03:36:44] Current bath temperature: 15.23 C.

[2026-09-17 01:56:09] [2026-09-17 03:36:54] Current bath temperature: 15.27 C.

[2026-09-17 01:56:09] [2026-09-17 03:37:04] Current bath temperature: 15.3 C.

[2026-09-17 01:56:09] [2026-09-17 03:37:15] Current bath temperature: 15.34 C.

[2026-09-17 01:56:09] [2026-09-17 03:37:25] Current bath temperature: 15.37 C.

[2026-09-17 01:56:09] [2026-09-17 03:37:35] Current bath temperature: 15.41 C.

[2026-09-17 01:56:09] [2026-09-17 03:37:36] aspirate

[2026-09-17 01:56:09] [2026-09-17 03:37:36] 2

[2026-09-17 01:56:09] [2026-09-17 03:37:36] 10

[2026-09-17 01:56:09] [2026-09-17 03:37:45] Current bath temperature: 15.46 C.

[2026-09-17 01:56:09] [2026-09-17 03:37:55] Current bath temperature: 15.48 C.

[2026-09-17 01:56:09] [2026-09-17 03:38:05] Current bath temperature: 15.51 C.

[2026-09-17 01:56:09] [2026-09-17 03:38:15] Current bath temperature: 15.55 C.

[2026-09-17 01:56:09] [2026-09-17 03:38:25] Current bath temperature: 15.58 C.

[2026-09-17 01:56:09] [2026-09-17 03:38:35] Current bath temperature: 15.62 C.

[2026-09-17 01:56:09] [2026-09-17 03:38:46] Current bath temperature: 15.66 C.

[2026-09-17 01:56:09] [2026-09-17 03:38:56] Current bath temperature: 15.7 C.

[2026-09-17 01:56:09] [2026-09-17 03:39:06] Current bath temperature: 15.73 C.

[2026-09-17 01:56:09] [2026-09-17 03:39:16] Current bath temperature: 15.76 C.

[2026-09-17 01:56:09] [2026-09-17 03:39:26] Current bath temperature: 15.79 C.

[2026-09-17 01:56:09] [2026-09-17 03:39:36] Current bath temperature: 15.83 C.

[2026-09-17 01:56:09] [2026-09-17 03:39:46] Current bath temperature: 15.86 C.

[2026-09-17 01:56:09] [2026-09-17 03:39:55] dispense

[2026-09-17 01:56:09] [2026-09-17 03:39:55] 2

[2026-09-17 01:56:09] [2026-09-17 03:39:55] 10

[2026-09-17 01:56:09] [2026-09-17 03:39:56] Current bath temperature: 15.9 C.

[2026-09-17 01:56:09] [2026-09-17 03:40:06] Current bath temperature: 15.94 C.

[2026-09-17 01:56:09] [2026-09-17 03:40:17] Current bath temperature: 15.97 C.

[2026-09-17 01:56:09] [2026-09-17 03:40:27] Current bath temperature: 16.0 C.

[2026-09-17 01:56:09] [2026-09-17 03:40:37] Current bath temperature: 16.03 C.

[2026-09-17 01:56:09] [2026-09-17 03:40:47] Current bath temperature: 16.06 C.

[2026-09-17 01:56:09] [2026-09-17 03:40:57] Current bath temperature: 16.1 C.

[2026-09-17 01:56:09] [2026-09-17 03:41:07] Current bath temperature: 16.12 C.

[2026-09-17 01:56:09] [2026-09-17 03:41:17] Current bath temperature: 16.16 C.

[2026-09-17 01:56:09] [2026-09-17 03:41:23] aspirate

[2026-09-17 01:56:09] [2026-09-17 03:41:24] 3

[2026-09-17 01:56:09] [2026-09-17 03:41:24] 10

[2026-09-17 01:56:09] [2026-09-17 03:41:27] Current bath temperature: 16.2 C.

[2026-09-17 01:56:09] [2026-09-17 03:41:37] Current bath temperature: 16.23 C.

[2026-09-17 01:56:09] [2026-09-17 03:41:48] Current bath temperature: 16.26 C.

[2026-09-17 01:56:09] [2026-09-17 03:41:58] Current bath temperature: 16.28 C.

[2026-09-17 01:56:09] [2026-09-17 03:42:08] Current bath temperature: 16.31 C.

[2026-09-17 01:56:09] [2026-09-17 03:42:18] Current bath temperature: 16.34 C.

[2026-09-17 01:56:09] [2026-09-17 03:42:28] Current bath temperature: 16.36 C.

[2026-09-17 01:56:09] [2026-09-17 03:42:38] Current bath temperature: 16.39 C.

[2026-09-17 01:56:09] [2026-09-17 03:42:48] Current bath temperature: 16.43 C.

[2026-09-17 01:56:09] [2026-09-17 03:42:58] Current bath temperature: 16.47 C.

[2026-09-17 01:56:09] [2026-09-17 03:43:08] Current bath temperature: 16.5 C.

[2026-09-17 01:56:09] [2026-09-17 03:43:19] Current bath temperature: 16.54 C.

[2026-09-17 01:56:09] [2026-09-17 03:43:29] Current bath temperature: 16.58 C.

[2026-09-17 01:56:09] [2026-09-17 03:43:39] Current bath temperature: 16.6 C.

[2026-09-17 01:56:09] [2026-09-17 03:43:42] dispense

[2026-09-17 01:56:09] [2026-09-17 03:43:42] 3

[2026-09-17 01:56:09] [2026-09-17 03:43:42] 10

[2026-09-17 01:56:09] [2026-09-17 03:43:49] Current bath temperature: 16.63 C.

[2026-09-17 01:56:09] [2026-09-17 03:43:59] Current bath temperature: 16.65 C.

[2026-09-17 01:56:09] [2026-09-17 03:44:09] Current bath temperature: 16.69 C.

[2026-09-17 01:56:09] [2026-09-17 03:44:19] Current bath temperature: 16.73 C.

[2026-09-17 01:56:09] [2026-09-17 03:44:29] Current bath temperature: 16.75 C.

[2026-09-17 01:56:09] [2026-09-17 03:44:39] Current bath temperature: 16.78 C.

[2026-09-17 01:56:09] [2026-09-17 03:44:50] Current bath temperature: 16.81 C.

[2026-09-17 01:56:09] [2026-09-17 03:45:00] Current bath temperature: 16.84 C.

[2026-09-17 01:56:09] [2026-09-17 03:45:10] Current bath temperature: 16.87 C.

[2026-09-17 01:56:09] [2026-09-17 03:45:11] aspirate

[2026-09-17 01:56:09] [2026-09-17 03:45:11] 4

[2026-09-17 01:56:09] [2026-09-17 03:45:11] 10

[2026-09-17 01:56:09] [2026-09-17 03:45:20] Current bath temperature: 16.89 C.

[2026-09-17 01:56:09] [2026-09-17 03:45:30] Current bath temperature: 16.93 C.

[2026-09-17 01:56:09] [2026-09-17 03:45:40] Current bath temperature: 16.97 C.

[2026-09-17 01:56:09] [2026-09-17 03:45:50] Current bath temperature: 17.0 C.

[2026-09-17 01:56:09] [2026-09-17 03:46:00] Current bath temperature: 17.02 C.

[2026-09-17 01:56:09] [2026-09-17 03:46:10] Current bath temperature: 17.05 C.

[2026-09-17 01:56:09] [2026-09-17 03:46:21] Current bath temperature: 17.08 C.

[2026-09-17 01:56:09] [2026-09-17 03:46:31] Current bath temperature: 17.1 C.

[2026-09-17 01:56:09] [2026-09-17 03:46:41] Current bath temperature: 17.13 C.

[2026-09-17 01:56:09] [2026-09-17 03:46:51] Current bath temperature: 17.15 C.

[2026-09-17 01:56:09] [2026-09-17 03:47:01] Current bath temperature: 17.19 C.

[2026-09-17 01:56:09] [2026-09-17 03:47:11] Current bath temperature: 17.22 C.

[2026-09-17 01:56:09] [2026-09-17 03:47:21] Current bath temperature: 17.25 C.

[2026-09-17 01:56:09] [2026-09-17 03:47:30] dispense

[2026-09-17 01:56:09] [2026-09-17 03:47:30] 4

[2026-09-17 01:56:09] [2026-09-17 03:47:30] 10

[2026-09-17 01:56:09] [2026-09-17 03:47:31] Current bath temperature: 17.27 C.

[2026-09-17 01:56:09] [2026-09-17 03:47:41] Current bath temperature: 17.3 C.

[2026-09-17 01:56:09] [2026-09-17 03:47:52] Current bath temperature: 17.33 C.

[2026-09-17 01:56:09] [2026-09-17 03:48:02] Current bath temperature: 17.36 C.

[2026-09-17 01:56:09] [2026-09-17 03:48:12] Current bath temperature: 17.38 C.

[2026-09-17 01:56:09] [2026-09-17 03:48:22] Current bath temperature: 17.4 C.

[2026-09-17 01:56:09] [2026-09-17 03:48:32] Current bath temperature: 17.43 C.

[2026-09-17 01:56:09] [2026-09-17 03:48:42] Current bath temperature: 17.47 C.

[2026-09-17 01:56:09] [2026-09-17 03:48:52] Current bath temperature: 17.5 C.

[2026-09-17 01:56:09] [2026-09-17 03:48:59] aspirate

[2026-09-17 01:56:09] [2026-09-17 03:48:59] 5

[2026-09-17 01:56:09] [2026-09-17 03:48:59] 10

[2026-09-17 01:56:09] [2026-09-17 03:49:02] Current bath temperature: 17.53 C.

[2026-09-17 01:56:09] [2026-09-17 03:49:12] Current bath temperature: 17.55 C.

[2026-09-17 01:56:09] [2026-09-17 03:49:23] Current bath temperature: 17.57 C.

[2026-09-17 01:56:09] [2026-09-17 03:49:33] Current bath temperature: 17.6 C.

[2026-09-17 01:56:09] [2026-09-17 03:49:43] Current bath temperature: 17.63 C.

[2026-09-17 01:56:09] [2026-09-17 03:49:53] Current bath temperature: 17.65 C.

[2026-09-17 01:56:09] [2026-09-17 03:50:03] Current bath temperature: 17.67 C.

[2026-09-17 01:56:09] [2026-09-17 03:50:13] Current bath temperature: 17.7 C.

[2026-09-17 01:56:09] [2026-09-17 03:50:23] Current bath temperature: 17.74 C.

[2026-09-17 01:56:09] [2026-09-17 03:50:33] Current bath temperature: 17.76 C.

[2026-09-17 01:56:09] [2026-09-17 03:50:43] Current bath temperature: 17.78 C.

[2026-09-17 01:56:09] [2026-09-17 03:50:54] Current bath temperature: 17.8 C.

[2026-09-17 01:56:09] [2026-09-17 03:51:04] Current bath temperature: 17.83 C.

[2026-09-17 01:56:09] [2026-09-17 03:51:14] Current bath temperature: 17.86 C.

[2026-09-17 01:56:09] [2026-09-17 03:51:17] dispense

[2026-09-17 01:56:09] [2026-09-17 03:51:17] 5

[2026-09-17 01:56:09] [2026-09-17 03:51:17] 10

[2026-09-17 01:56:09] [2026-09-17 03:51:24] Current bath temperature: 17.89 C.

[2026-09-17 01:56:09] [2026-09-17 03:51:34] Current bath temperature: 17.91 C.

[2026-09-17 01:56:09] [2026-09-17 03:51:44] Current bath temperature: 17.94 C.

[2026-09-17 01:56:09] [2026-09-17 03:51:54] Current bath temperature: 17.97 C.

[2026-09-17 01:56:09] [2026-09-17 03:52:04] Current bath temperature: 18.0 C.

[2026-09-17 01:56:09] [2026-09-17 03:52:14] Current bath temperature: 18.03 C.

[2026-09-17 01:56:09] [2026-09-17 03:52:24] Current bath temperature: 18.05 C.

[2026-09-17 01:56:09] [2026-09-17 03:52:35] Current bath temperature: 18.07 C.

[2026-09-17 01:56:09] [2026-09-17 03:52:45] Current bath temperature: 18.09 C.

[2026-09-17 01:56:09] [2026-09-17 03:52:46] aspirate

[2026-09-17 01:56:09] [2026-09-17 03:52:46] 6

[2026-09-17 01:56:09] [2026-09-17 03:52:46] 10

[2026-09-17 01:56:09] [2026-09-17 03:52:55] Current bath temperature: 18.12 C.

[2026-09-17 01:56:09] [2026-09-17 03:53:05] Current bath temperature: 18.14 C.

[2026-09-17 01:56:09] [2026-09-17 03:53:15] Current bath temperature: 18.16 C.

[2026-09-17 01:56:09] [2026-09-17 03:53:25] Current bath temperature: 18.18 C.

[2026-09-17 01:56:09] [2026-09-17 03:53:35] Current bath temperature: 18.2 C.

[2026-09-17 01:56:09] [2026-09-17 03:53:45] Current bath temperature: 18.24 C.

[2026-09-17 01:56:09] [2026-09-17 03:53:55] Current bath temperature: 18.27 C.

[2026-09-17 01:56:09] [2026-09-17 03:54:06] Current bath temperature: 18.29 C.

[2026-09-17 01:56:09] [2026-09-17 03:54:16] Current bath temperature: 18.32 C.

[2026-09-17 01:56:09] [2026-09-17 03:54:26] Current bath temperature: 18.34 C.

[2026-09-17 01:56:09] [2026-09-17 03:54:36] Current bath temperature: 18.37 C.

[2026-09-17 01:56:09] [2026-09-17 03:54:46] Current bath temperature: 18.4 C.

[2026-09-17 01:56:09] [2026-09-17 03:54:56] Current bath temperature: 18.41 C.

[2026-09-17 01:56:09] [2026-09-17 03:55:05] dispense

[2026-09-17 01:56:09] [2026-09-17 03:55:05] 6

[2026-09-17 01:56:09] [2026-09-17 03:55:05] 10

[2026-09-17 01:56:09] [2026-09-17 03:55:06] Current bath temperature: 18.43 C.

[2026-09-17 01:56:09] [2026-09-17 03:55:16] Current bath temperature: 18.46 C.

[2026-09-17 01:56:09] [2026-09-17 03:55:26] Current bath temperature: 18.49 C.

[2026-09-17 01:56:09] [2026-09-17 03:55:37] Current bath temperature: 18.52 C.

[2026-09-17 01:56:09] [2026-09-17 03:55:47] Current bath temperature: 18.54 C.

[2026-09-17 01:56:09] [2026-09-17 03:55:57] Current bath temperature: 18.56 C.

[2026-09-17 01:56:09] [2026-09-17 03:56:07] Current bath temperature: 18.58 C.

[2026-09-17 01:56:09] [2026-09-17 03:56:17] Current bath temperature: 18.6 C.

[2026-09-17 01:56:09] [2026-09-17 03:56:27] Current bath temperature: 18.62 C.

[2026-09-17 01:56:09] [2026-09-17 03:56:34] aspirate

[2026-09-17 01:56:09] [2026-09-17 03:56:34] 7

[2026-09-17 01:56:09] [2026-09-17 03:56:34] 10

[2026-09-17 01:56:09] [2026-09-17 03:56:37] Current bath temperature: 18.65 C.

[2026-09-17 01:56:09] [2026-09-17 03:56:47] Current bath temperature: 18.67 C.

[2026-09-17 01:56:09] [2026-09-17 03:56:57] Current bath temperature: 18.69 C.

[2026-09-17 01:56:09] [2026-09-17 03:57:08] Current bath temperature: 18.71 C.

[2026-09-17 01:56:09] [2026-09-17 03:57:18] Current bath temperature: 18.74 C.

[2026-09-17 01:56:09] [2026-09-17 03:57:28] Current bath temperature: 18.77 C.

[2026-09-17 01:56:09] [2026-09-17 03:57:38] Current bath temperature: 18.79 C.

[2026-09-17 01:56:09] [2026-09-17 03:57:48] Current bath temperature: 18.81 C.

[2026-09-17 01:56:09] [2026-09-17 03:57:58] Current bath temperature: 18.83 C.

[2026-09-17 01:56:09] [2026-09-17 03:58:08] Current bath temperature: 18.85 C.

[2026-09-17 01:56:09] [2026-09-17 03:58:18] Current bath temperature: 18.87 C.

[2026-09-17 01:56:09] [2026-09-17 03:58:28] Current bath temperature: 18.9 C.

[2026-09-17 01:56:09] [2026-09-17 03:58:39] Current bath temperature: 18.92 C.

[2026-09-17 01:56:09] [2026-09-17 03:58:49] Current bath temperature: 18.94 C.

[2026-09-17 01:56:09] [2026-09-17 03:58:52] dispense

[2026-09-17 01:56:09] [2026-09-17 03:58:52] 7

[2026-09-17 01:56:09] [2026-09-17 03:58:52] 10

[2026-09-17 01:56:09] [2026-09-17 03:58:59] Current bath temperature: 18.96 C.

[2026-09-17 01:56:09] [2026-09-17 03:59:09] Current bath temperature: 18.98 C.

[2026-09-17 01:56:09] [2026-09-17 03:59:19] Current bath temperature: 19.01 C.

[2026-09-17 01:56:09] [2026-09-17 03:59:29] Current bath temperature: 19.04 C.

[2026-09-17 01:56:09] [2026-09-17 03:59:39] Current bath temperature: 19.06 C.

[2026-09-17 01:56:09] [2026-09-17 03:59:49] Current bath temperature: 19.08 C.

[2026-09-17 01:56:09] [2026-09-17 03:59:59] Current bath temperature: 19.09 C.

[2026-09-17 01:56:09] [2026-09-17 04:00:09] Current bath temperature: 19.12 C.

[2026-09-17 01:56:09] [2026-09-17 04:00:20] Current bath temperature: 19.13 C.

[2026-09-17 01:56:09] [2026-09-17 04:00:21] aspirate

[2026-09-17 01:56:09] [2026-09-17 04:00:21] 8

[2026-09-17 01:56:09] [2026-09-17 04:00:21] 10

[2026-09-17 01:56:09] [2026-09-17 04:00:30] Current bath temperature: 19.16 C.

[2026-09-17 01:56:09] [2026-09-17 04:00:40] Current bath temperature: 19.18 C.

[2026-09-17 01:56:09] [2026-09-17 04:00:50] Current bath temperature: 19.2 C.

[2026-09-17 01:56:09] [2026-09-17 04:01:00] Current bath temperature: 19.21 C.

[2026-09-17 01:56:09] [2026-09-17 04:01:10] Current bath temperature: 19.24 C.

[2026-09-17 01:56:09] [2026-09-17 04:01:20] Current bath temperature: 19.27 C.

[2026-09-17 01:56:09] [2026-09-17 04:01:30] Current bath temperature: 19.29 C.

[2026-09-17 01:56:09] [2026-09-17 04:01:40] Current bath temperature: 19.31 C.

[2026-09-17 01:56:09] [2026-09-17 04:01:51] Current bath temperature: 19.33 C.

[2026-09-17 01:56:09] [2026-09-17 04:02:01] Current bath temperature: 19.34 C.

[2026-09-17 01:56:09] [2026-09-17 04:02:11] Current bath temperature: 19.37 C.

[2026-09-17 01:56:09] [2026-09-17 04:02:21] Current bath temperature: 19.39 C.

[2026-09-17 01:56:09] [2026-09-17 04:02:31] Current bath temperature: 19.42 C.

[2026-09-17 01:56:09] [2026-09-17 04:02:40] dispense

[2026-09-17 01:56:09] [2026-09-17 04:02:40] 8

[2026-09-17 01:56:09] [2026-09-17 04:02:40] 10

[2026-09-17 01:56:09] [2026-09-17 04:02:41] Current bath temperature: 19.43 C.

[2026-09-17 01:56:09] [2026-09-17 04:02:51] Current bath temperature: 19.45 C.

[2026-09-17 01:56:09] [2026-09-17 04:03:01] Current bath temperature: 19.47 C.

[2026-09-17 01:56:09] [2026-09-17 04:03:11] Current bath temperature: 19.5 C.

[2026-09-17 01:56:09] [2026-09-17 04:03:22] Current bath temperature: 19.52 C.

[2026-09-17 01:56:09] [2026-09-17 04:03:32] Current bath temperature: 19.54 C.

[2026-09-17 01:56:09] [2026-09-17 04:03:42] Current bath temperature: 19.56 C.

[2026-09-17 01:56:09] [2026-09-17 04:03:52] Current bath temperature: 19.57 C.

[2026-09-17 01:56:09] [2026-09-17 04:04:02] Current bath temperature: 19.59 C.

[2026-09-17 01:56:09] [2026-09-17 04:04:09] aspirate

[2026-09-17 01:56:09] [2026-09-17 04:04:09] 9

[2026-09-17 01:56:09] [2026-09-17 04:04:09] 10

[2026-09-17 01:56:09] [2026-09-17 04:04:12] Current bath temperature: 19.61 C.

[2026-09-17 01:56:09] [2026-09-17 04:04:22] Current bath temperature: 19.63 C.

[2026-09-17 01:56:09] [2026-09-17 04:04:32] Current bath temperature: 19.66 C.

[2026-09-17 01:56:09] [2026-09-17 04:04:42] Current bath temperature: 19.68 C.

[2026-09-17 01:56:09] [2026-09-17 04:04:53] Current bath temperature: 19.69 C.

[2026-09-17 01:56:09] [2026-09-17 04:05:03] Current bath temperature: 19.71 C.

[2026-09-17 01:56:09] [2026-09-17 04:05:13] Current bath temperature: 19.72 C.

[2026-09-17 01:56:09] [2026-09-17 04:05:23] Current bath temperature: 19.75 C.

[2026-09-17 01:56:09] [2026-09-17 04:05:33] Current bath temperature: 19.78 C.

[2026-09-17 01:56:09] [2026-09-17 04:05:43] Current bath temperature: 19.81 C.

[2026-09-17 01:56:09] [2026-09-17 04:05:53] Current bath temperature: 19.82 C.

[2026-09-17 01:56:09] [2026-09-17 04:06:03] Current bath temperature: 19.84 C.

[2026-09-17 01:56:09] [2026-09-17 04:06:13] Current bath temperature: 19.85 C.

[2026-09-17 01:56:09] [2026-09-17 04:06:24] Current bath temperature: 19.87 C.

[2026-09-17 01:56:09] [2026-09-17 04:06:34] Current bath temperature: 19.89 C.

[2026-09-17 01:56:09] [2026-09-17 04:06:43] dispense

[2026-09-17 01:56:09] [2026-09-17 04:06:43] 9

[2026-09-17 01:56:09] [2026-09-17 04:06:43] 10

[2026-09-17 01:56:09] [2026-09-17 04:06:43] 2291.5571298031136

[2026-09-17 01:56:09] [2026-09-17 04:06:44] Current bath temperature: 19.91 C.

[2026-09-17 01:56:09] [2026-09-17 04:06:54] Current bath temperature: 19.93 C.

[2026-09-17 01:56:09] [2026-09-17 04:07:04] Current bath temperature: 19.95 C.

[2026-09-17 01:56:09] [2026-09-17 04:07:14] Current bath temperature: 19.96 C.

[2026-09-17 01:56:09] [2026-09-17 04:07:24] Current bath temperature: 19.98 C.

[2026-09-17 01:56:09] [2026-09-17 04:07:34] Current bath temperature: 20.01 C.

[2026-09-17 01:56:09] [2026-09-17 04:07:44] Current bath temperature: 20.04 C.

[2026-09-17 01:56:09] [2026-09-17 04:07:55] Current bath temperature: 20.06 C.

[2026-09-17 01:56:09] [2026-09-17 04:08:05] Current bath temperature: 20.08 C.

[2026-09-17 01:56:09] [2026-09-17 04:08:15] Current bath temperature: 20.09 C.

[2026-09-17 01:56:09] [2026-09-17 04:08:25] Current bath temperature: 20.11 C.

[2026-09-17 01:56:09] [2026-09-17 04:08:35] Current bath temperature: 20.13 C.

[2026-09-17 01:56:09] [2026-09-17 04:08:45] Current bath temperature: 20.14 C.

[2026-09-17 01:56:09] [2026-09-17 04:08:55] Current bath temperature: 20.16 C.

[2026-09-17 01:56:09] [2026-09-17 04:09:05] Current bath temperature: 20.19 C.

[2026-09-17 01:56:09] [2026-09-17 04:09:15] Current bath temperature: 20.2 C.

[2026-09-17 01:56:09] [2026-09-17 04:09:26] Current bath temperature: 20.22 C.

[2026-09-17 01:56:09] [2026-09-17 04:09:36] Current bath temperature: 20.24 C.

[2026-09-17 01:56:09] [2026-09-17 04:09:46] Current bath temperature: 20.25 C.

[2026-09-17 01:56:09] [2026-09-17 04:09:56] Current bath temperature: 20.28 C.

[2026-09-17 01:56:09] [2026-09-17 04:10:06] Current bath temperature: 20.31 C.

[2026-09-17 01:56:09] [2026-09-17 04:10:16] Current bath temperature: 20.33 C.

[2026-09-17 01:56:09] [2026-09-17 04:10:26] Current bath temperature: 20.34 C.

[2026-09-17 01:56:09] [2026-09-17 04:10:36] Current bath temperature: 20.36 C.

[2026-09-17 01:56:09] [2026-09-17 04:10:46] Current bath temperature: 20.36 C.

[2026-09-17 01:56:09] [2026-09-17 04:10:57] Current bath temperature: 20.38 C.

[2026-09-17 01:56:09] [2026-09-17 04:11:07] Current bath temperature: 20.4 C.

[2026-09-17 01:56:09] [2026-09-17 04:11:17] Current bath temperature: 20.41 C.

[2026-09-17 01:56:09] [2026-09-17 04:11:27] Current bath temperature: 20.43 C.

[2026-09-17 01:56:09] [2026-09-17 04:11:37] Current bath temperature: 20.45 C.

[2026-09-17 01:56:09] [2026-09-17 04:11:47] Current bath temperature: 20.47 C.

[2026-09-17 01:56:09] [2026-09-17 04:11:57] Current bath temperature: 20.48 C.

[2026-09-17 01:56:09] [2026-09-17 04:12:07] Current bath temperature: 20.5 C.

[2026-09-17 01:56:09] [2026-09-17 04:12:17] Current bath temperature: 20.53 C.

[2026-09-17 01:56:09] [2026-09-17 04:12:28] Current bath temperature: 20.55 C.

[2026-09-17 01:56:09] [2026-09-17 04:12:38] Current bath temperature: 20.58 C.

[2026-09-17 01:56:09] [2026-09-17 04:12:48] Current bath temperature: 20.6 C.

[2026-09-17 01:56:09] [2026-09-17 04:12:58] Current bath temperature: 20.61 C.

[2026-09-17 01:56:09] [2026-09-17 04:13:08] Current bath temperature: 20.63 C.

[2026-09-17 01:56:09] [2026-09-17 04:13:18] Current bath temperature: 20.65 C.

[2026-09-17 01:56:09] [2026-09-17 04:13:28] Current bath temperature: 20.67 C.

[2026-09-17 01:56:09] [2026-09-17 04:13:35] entered if statement!!!

[2026-09-17 01:56:09] [2026-09-17 04:13:38] Current bath temperature: 20.69 C.

[2026-09-17 01:56:09] [2026-09-17 04:13:48] Current bath temperature: 20.71 C.

[2026-09-17 01:56:09] [2026-09-17 04:13:59] Current bath temperature: 20.72 C.

[2026-09-17 01:56:09] [2026-09-17 04:14:09] Current bath temperature: 20.73 C.

[2026-09-17 01:56:09] [2026-09-17 04:14:19] Current bath temperature: 20.74 C.

[2026-09-17 01:56:09] [2026-09-17 04:14:29] Current bath temperature: 20.77 C.

[2026-09-17 01:56:09] [2026-09-17 04:14:39] Current bath temperature: 20.8 C.

[2026-09-17 01:56:09] [2026-09-17 04:14:49] Current bath temperature: 20.82 C.

[2026-09-17 01:56:09] [2026-09-17 04:14:59] Current bath temperature: 20.84 C.

[2026-09-17 01:56:09] [2026-09-17 04:15:06] Bottle inventory after preparation: {'all_mix_stock': {'remaining_uL': 20000.0, 'dead_volume_uL': 2000.0, 'available_uL': 18000.0}, 'polymer_stock': {'remaining_uL': 26328.0, 'dead_volume_uL': 2000.0, 'available_uL': 24328.0}, 'solvent': {'remaining_uL': 43309.0, 'dead_volume_uL': 2000.0, 'available_uL': 41309.0}, 'solvent_additive_stock': {'remaining_uL': 20000.0, 'dead_volume_uL': 2000.0, 'available_uL': 18000.0}}

[2026-09-17 01:56:09] [2026-09-17 04:15:09] Current bath temperature: 20.85 C.

[2026-09-17 01:56:09] [2026-09-17 04:15:19] Current bath temperature: 20.87 C.

[2026-09-17 01:56:09] [2026-09-17 04:15:30] Current bath temperature: 20.88 C.

[2026-09-17 01:56:09] [2026-09-17 04:15:40] Current bath temperature: 20.89 C.

[2026-09-17 01:56:09] [2026-09-17 04:15:50] Current bath temperature: 20.92 C.

[2026-09-17 01:56:09] [2026-09-17 04:16:00] Current bath temperature: 20.94 C.

[2026-09-17 01:56:09] [2026-09-17 04:16:10] Current bath temperature: 20.96 C.

[2026-09-17 01:56:09] [2026-09-17 04:16:20] Current bath temperature: 20.98 C.

[2026-09-17 01:56:09] [2026-09-17 04:16:30] Current bath temperature: 20.99 C.

[2026-09-17 01:56:09] [2026-09-17 04:16:40] Current bath temperature: 21.0 C.

[2026-09-17 01:56:09] [2026-09-17 04:16:50] Current bath temperature: 21.03 C.

[2026-09-17 01:56:09] [2026-09-17 04:17:01] Current bath temperature: 21.05 C.

[2026-09-17 01:56:09] [2026-09-17 04:17:11] Current bath temperature: 21.08 C.

[2026-09-17 01:56:09] [2026-09-17 04:17:21] Current bath temperature: 21.1 C.

[2026-09-17 01:56:09] [2026-09-17 04:17:31] Current bath temperature: 21.11 C.

[2026-09-17 01:56:09] [2026-09-17 04:17:41] Current bath temperature: 21.12 C.

[2026-09-17 01:56:09] [2026-09-17 04:17:51] Current bath temperature: 21.14 C.

[2026-09-17 01:56:09] [2026-09-17 04:18:01] Current bath temperature: 21.16 C.

[2026-09-17 01:56:09] [2026-09-17 04:18:11] Current bath temperature: 21.18 C.

[2026-09-17 01:56:09] [2026-09-17 04:18:21] Current bath temperature: 21.21 C.

[2026-09-17 01:56:09] [2026-09-17 04:18:31] Current bath temperature: 21.22 C.

[2026-09-17 01:56:09] [2026-09-17 04:18:42] Current bath temperature: 21.23 C.

[2026-09-17 01:56:09] [2026-09-17 04:18:52] Current bath temperature: 21.24 C.

[2026-09-17 01:56:09] [2026-09-17 04:19:02] Current bath temperature: 21.26 C.

[2026-09-17 01:56:09] [2026-09-17 04:19:12] Current bath temperature: 21.28 C.

[2026-09-17 01:56:09] [2026-09-17 04:19:22] Current bath temperature: 21.31 C.

[2026-09-17 01:56:09] [2026-09-17 04:19:32] Current bath temperature: 21.33 C.

[2026-09-17 01:56:09] [2026-09-17 04:19:42] Current bath temperature: 21.35 C.

[2026-09-17 01:56:09] [2026-09-17 04:19:52] Current bath temperature: 21.36 C.

[2026-09-17 01:56:09] [2026-09-17 04:20:02] Current bath temperature: 21.37 C.

[2026-09-17 01:56:09] [2026-09-17 04:20:13] Current bath temperature: 21.39 C.

[2026-09-17 01:56:09] [2026-09-17 04:20:23] Current bath temperature: 21.41 C.

[2026-09-17 01:56:09] [2026-09-17 04:20:33] Current bath temperature: 21.43 C.

[2026-09-17 01:56:09] [2026-09-17 04:20:43] Current bath temperature: 21.44 C.

[2026-09-17 01:56:09] [2026-09-17 04:20:53] Current bath temperature: 21.47 C.

[2026-09-17 01:56:09] [2026-09-17 04:21:03] Current bath temperature: 21.48 C.

[2026-09-17 01:56:09] [2026-09-17 04:21:13] Current bath temperature: 21.49 C.

[2026-09-17 01:56:09] [2026-09-17 04:21:23] Current bath temperature: 21.51 C.

[2026-09-17 01:56:09] [2026-09-17 04:21:33] Current bath temperature: 21.53 C.

[2026-09-17 01:56:09] [2026-09-17 04:21:44] Current bath temperature: 21.55 C.

[2026-09-17 01:56:09] [2026-09-17 04:21:54] Current bath temperature: 21.56 C.

[2026-09-17 01:56:09] [2026-09-17 04:22:04] Current bath temperature: 21.59 C.

[2026-09-17 01:56:09] [2026-09-17 04:22:14] Current bath temperature: 21.61 C.

[2026-09-17 01:56:09] [2026-09-17 04:22:24] Current bath temperature: 21.63 C.

[2026-09-17 01:56:09] [2026-09-17 04:22:34] Current bath temperature: 21.64 C.

[2026-09-17 01:56:09] [2026-09-17 04:22:44] Current bath temperature: 21.65 C.

[2026-09-17 01:56:09] [2026-09-17 04:22:54] Current bath temperature: 21.67 C.

[2026-09-17 01:56:09] [2026-09-17 04:23:04] Current bath temperature: 21.69 C.

[2026-09-17 01:56:09] [2026-09-17 04:23:15] Current bath temperature: 21.71 C.

[2026-09-17 01:56:09] [2026-09-17 04:23:25] Current bath temperature: 21.73 C.

[2026-09-17 01:56:09] [2026-09-17 04:23:35] Current bath temperature: 21.74 C.

[2026-09-17 01:56:09] [2026-09-17 04:23:45] Current bath temperature: 21.75 C.

[2026-09-17 01:56:09] [2026-09-17 04:23:55] Current bath temperature: 21.76 C.

[2026-09-17 01:56:09] [2026-09-17 04:24:05] Current bath temperature: 21.78 C.

[2026-09-17 01:56:09] [2026-09-17 04:24:15] Current bath temperature: 21.81 C.

[2026-09-17 01:56:09] [2026-09-17 04:24:25] Current bath temperature: 21.83 C.

[2026-09-17 01:56:09] [2026-09-17 04:24:35] Current bath temperature: 21.85 C.

[2026-09-17 01:56:09] [2026-09-17 04:24:46] Current bath temperature: 21.87 C.

[2026-09-17 01:56:09] [2026-09-17 04:24:56] Current bath temperature: 21.88 C.

[2026-09-17 01:56:09] [2026-09-17 04:25:06] Current bath temperature: 21.9 C.

[2026-09-17 01:56:09] [2026-09-17 04:25:16] Current bath temperature: 21.91 C.

[2026-09-17 01:56:09] [2026-09-17 04:25:26] Current bath temperature: 21.93 C.

[2026-09-17 01:56:09] [2026-09-17 04:25:36] Current bath temperature: 21.94 C.

[2026-09-17 01:56:09] [2026-09-17 04:25:46] Current bath temperature: 21.97 C.

[2026-09-17 01:56:09] [2026-09-17 04:25:56] Current bath temperature: 21.99 C.

[2026-09-17 01:56:09] [2026-09-17 04:26:06] Current bath temperature: 21.99 C.

[2026-09-17 01:56:09] [2026-09-17 04:26:16] Current bath temperature: 22.01 C.

[2026-09-17 01:56:09] [2026-09-17 04:26:27] Current bath temperature: 22.02 C.

[2026-09-17 01:56:09] [2026-09-17 04:26:37] Current bath temperature: 22.03 C.

[2026-09-17 01:56:09] [2026-09-17 04:26:47] Current bath temperature: 22.05 C.

[2026-09-17 01:56:09] [2026-09-17 04:26:57] Current bath temperature: 22.08 C.

[2026-09-17 01:56:09] [2026-09-17 04:27:07] Current bath temperature: 22.1 C.

[2026-09-17 01:56:09] [2026-09-17 04:27:17] Current bath temperature: 22.12 C.

[2026-09-17 01:56:09] [2026-09-17 04:27:27] Current bath temperature: 22.13 C.

[2026-09-17 01:56:09] [2026-09-17 04:27:37] Current bath temperature: 22.15 C.

[2026-09-17 01:56:09] [2026-09-17 04:27:47] Current bath temperature: 22.15 C.

[2026-09-17 01:56:09] [2026-09-17 04:27:58] Current bath temperature: 22.17 C.

[2026-09-17 01:56:09] [2026-09-17 04:28:08] Current bath temperature: 22.19 C.

[2026-09-17 01:56:09] [2026-09-17 04:28:18] Current bath temperature: 22.21 C.

[2026-09-17 01:56:09] [2026-09-17 04:28:28] Current bath temperature: 22.22 C.

[2026-09-17 01:56:09] [2026-09-17 04:28:38] Current bath temperature: 22.24 C.

[2026-09-17 01:56:09] [2026-09-17 04:28:48] Current bath temperature: 22.25 C.

[2026-09-17 01:56:09] [2026-09-17 04:28:58] Current bath temperature: 22.26 C.

[2026-09-17 01:56:09] [2026-09-17 04:29:08] Current bath temperature: 22.28 C.

[2026-09-17 01:56:09] [2026-09-17 04:29:18] Current bath temperature: 22.3 C.

[2026-09-17 01:56:09] [2026-09-17 04:29:29] Current bath temperature: 22.32 C.

[2026-09-17 01:56:09] [2026-09-17 04:29:39] Current bath temperature: 22.34 C.

[2026-09-17 01:56:09] [2026-09-17 04:29:49] Current bath temperature: 22.36 C.

[2026-09-17 01:56:09] [2026-09-17 04:29:59] Current bath temperature: 22.37 C.

[2026-09-17 01:56:09] [2026-09-17 04:30:09] Current bath temperature: 22.39 C.

[2026-09-17 01:56:09] [2026-09-17 04:30:19] Current bath temperature: 22.4 C.

[2026-09-17 01:56:09] [2026-09-17 04:30:29] Current bath temperature: 22.42 C.

[2026-09-17 01:56:09] [2026-09-17 04:30:39] Current bath temperature: 22.43 C.

[2026-09-17 01:56:09] [2026-09-17 04:30:49] Current bath temperature: 22.44 C.

[2026-09-17 01:56:09] [2026-09-17 04:31:00] Current bath temperature: 22.46 C.

[2026-09-17 01:56:09] [2026-09-17 04:31:10] Current bath temperature: 22.48 C.

[2026-09-17 01:56:09] [2026-09-17 04:31:20] Current bath temperature: 22.5 C.

[2026-09-17 01:56:09] [2026-09-17 04:31:30] Current bath temperature: 22.51 C.

[2026-09-17 01:56:09] [2026-09-17 04:31:40] Current bath temperature: 22.52 C.

[2026-09-17 01:56:09] [2026-09-17 04:31:50] Current bath temperature: 22.53 C.

[2026-09-17 01:56:09] [2026-09-17 04:32:00] Current bath temperature: 22.55 C.

[2026-09-17 01:56:09] [2026-09-17 04:32:10] Current bath temperature: 22.57 C.

[2026-09-17 01:56:09] [2026-09-17 04:32:20] Current bath temperature: 22.59 C.

[2026-09-17 01:56:09] [2026-09-17 04:32:31] Current bath temperature: 22.61 C.

[2026-09-17 01:56:09] [2026-09-17 04:32:41] Current bath temperature: 22.62 C.

[2026-09-17 01:56:09] [2026-09-17 04:32:51] Current bath temperature: 22.64 C.

[2026-09-17 01:56:09] [2026-09-17 04:33:01] Current bath temperature: 22.65 C.

[2026-09-17 01:56:09] [2026-09-17 04:33:11] Current bath temperature: 22.66 C.

[2026-09-17 01:56:09] [2026-09-17 04:33:21] Current bath temperature: 22.68 C.

[2026-09-17 01:56:09] [2026-09-17 04:33:31] Current bath temperature: 22.69 C.

[2026-09-17 01:56:09] [2026-09-17 04:33:41] Current bath temperature: 22.71 C.

[2026-09-17 01:56:09] [2026-09-17 04:33:51] Current bath temperature: 22.71 C.

[2026-09-17 01:56:09] [2026-09-17 04:34:02] Current bath temperature: 22.73 C.

[2026-09-17 01:56:09] [2026-09-17 04:34:12] Current bath temperature: 22.76 C.

[2026-09-17 01:56:09] [2026-09-17 04:34:22] Current bath temperature: 22.77 C.

[2026-09-17 01:56:09] [2026-09-17 04:34:32] Current bath temperature: 22.78 C.

[2026-09-17 01:56:09] [2026-09-17 04:34:42] Current bath temperature: 22.79 C.

[2026-09-17 01:56:09] [2026-09-17 04:34:52] Current bath temperature: 22.79 C.

[2026-09-17 01:56:09] [2026-09-17 04:35:02] Current bath temperature: 22.81 C.

[2026-09-17 01:56:09] [2026-09-17 04:35:12] Current bath temperature: 22.84 C.

[2026-09-17 01:56:09] [2026-09-17 04:35:22] Current bath temperature: 22.86 C.

[2026-09-17 01:56:09] [2026-09-17 04:35:33] Current bath temperature: 22.87 C.

[2026-09-17 01:56:09] [2026-09-17 04:35:43] Current bath temperature: 22.89 C.

[2026-09-17 01:56:09] [2026-09-17 04:35:53] Current bath temperature: 22.9 C.

[2026-09-17 01:56:09] [2026-09-17 04:36:03] Current bath temperature: 22.91 C.

[2026-09-17 01:56:09] [2026-09-17 04:36:13] Current bath temperature: 22.92 C.

[2026-09-17 01:56:09] [2026-09-17 04:36:23] Current bath temperature: 22.93 C.

[2026-09-17 01:56:09] [2026-09-17 04:36:33] Current bath temperature: 22.94 C.

[2026-09-17 01:56:09] [2026-09-17 04:36:43] Current bath temperature: 22.96 C.

[2026-09-17 01:56:09] [2026-09-17 04:36:53] Current bath temperature: 22.98 C.

[2026-09-17 01:56:09] [2026-09-17 04:37:04] Current bath temperature: 23.0 C.

[2026-09-17 01:56:09] [2026-09-17 04:37:14] Current bath temperature: 23.01 C.

[2026-09-17 01:56:09] [2026-09-17 04:37:24] Current bath temperature: 23.02 C.

[2026-09-17 01:56:09] [2026-09-17 04:37:34] Current bath temperature: 23.03 C.

[2026-09-17 01:56:09] [2026-09-17 04:37:44] Current bath temperature: 23.04 C.

[2026-09-17 01:56:09] [2026-09-17 04:37:54] Current bath temperature: 23.05 C.

[2026-09-17 01:56:09] [2026-09-17 04:38:04] Current bath temperature: 23.06 C.

[2026-09-17 01:56:09] [2026-09-17 04:38:14] Current bath temperature: 23.08 C.

[2026-09-17 01:56:09] [2026-09-17 04:38:24] Current bath temperature: 23.1 C.

[2026-09-17 01:56:09] [2026-09-17 04:38:35] Current bath temperature: 23.12 C.

[2026-09-17 01:56:09] [2026-09-17 04:38:45] Current bath temperature: 23.14 C.

[2026-09-17 01:56:09] [2026-09-17 04:38:55] Current bath temperature: 23.15 C.

[2026-09-17 01:56:09] [2026-09-17 04:39:05] Current bath temperature: 23.16 C.

[2026-09-17 01:56:09] [2026-09-17 04:39:15] Current bath temperature: 23.17 C.

[2026-09-17 01:56:09] [2026-09-17 04:39:25] Current bath temperature: 23.18 C.

[2026-09-17 01:56:09] [2026-09-17 04:39:35] Current bath temperature: 23.19 C.

[2026-09-17 01:56:09] [2026-09-17 04:39:45] Current bath temperature: 23.2 C.

[2026-09-17 01:56:09] [2026-09-17 04:39:55] Current bath temperature: 23.21 C.

[2026-09-17 01:56:09] [2026-09-17 04:40:06] Current bath temperature: 23.22 C.

[2026-09-17 01:56:09] [2026-09-17 04:40:16] Current bath temperature: 23.24 C.

[2026-09-17 01:56:09] [2026-09-17 04:40:26] Current bath temperature: 23.25 C.

[2026-09-17 01:56:09] [2026-09-17 04:40:36] Current bath temperature: 23.27 C.

[2026-09-17 01:56:09] [2026-09-17 04:40:46] Current bath temperature: 23.28 C.

[2026-09-17 01:56:09] [2026-09-17 04:40:56] Current bath temperature: 23.29 C.

[2026-09-17 01:56:09] [2026-09-17 04:41:06] Current bath temperature: 23.3 C.

[2026-09-17 01:56:09] [2026-09-17 04:41:16] Current bath temperature: 23.3 C.

[2026-09-17 01:56:09] [2026-09-17 04:41:26] Current bath temperature: 23.32 C.

[2026-09-17 01:56:09] [2026-09-17 04:41:37] Current bath temperature: 23.33 C.

[2026-09-17 01:56:09] [2026-09-17 04:41:47] Current bath temperature: 23.36 C.

[2026-09-17 01:56:09] [2026-09-17 04:41:57] Current bath temperature: 23.36 C.

[2026-09-17 01:56:09] [2026-09-17 04:42:07] Current bath temperature: 23.38 C.

[2026-09-17 01:56:09] [2026-09-17 04:42:17] Current bath temperature: 23.4 C.

[2026-09-17 01:56:09] [2026-09-17 04:42:27] Current bath temperature: 23.41 C.

[2026-09-17 01:56:09] [2026-09-17 04:42:37] Current bath temperature: 23.42 C.

[2026-09-17 01:56:09] [2026-09-17 04:42:47] Current bath temperature: 23.43 C.

[2026-09-17 01:56:09] [2026-09-17 04:42:57] Current bath temperature: 23.43 C.

[2026-09-17 01:56:09] [2026-09-17 04:43:07] Current bath temperature: 23.44 C.

[2026-09-17 01:56:09] [2026-09-17 04:43:18] Current bath temperature: 23.45 C.

[2026-09-17 01:56:09] [2026-09-17 04:43:28] Current bath temperature: 23.46 C.

[2026-09-17 01:56:09] [2026-09-17 04:43:38] Current bath temperature: 23.48 C.

[2026-09-17 01:56:09] [2026-09-17 04:43:48] Current bath temperature: 23.48 C.

[2026-09-17 01:56:09] [2026-09-17 04:43:58] Current bath temperature: 23.5 C.

[2026-09-17 01:56:09] [2026-09-17 04:44:08] Current bath temperature: 23.51 C.

[2026-09-17 01:56:09] [2026-09-17 04:44:18] Current bath temperature: 23.53 C.

[2026-09-17 01:56:09] [2026-09-17 04:44:28] Current bath temperature: 23.54 C.

[2026-09-17 01:56:09] [2026-09-17 04:44:39] Current bath temperature: 23.55 C.

[2026-09-17 01:56:09] [2026-09-17 04:44:49] Current bath temperature: 23.55 C.

[2026-09-17 01:56:09] [2026-09-17 04:44:59] Current bath temperature: 23.56 C.

[2026-09-17 01:56:09] [2026-09-17 04:45:09] Current bath temperature: 23.58 C.

[2026-09-17 01:56:09] [2026-09-17 04:45:19] Current bath temperature: 23.59 C.

[2026-09-17 01:56:09] [2026-09-17 04:45:29] Current bath temperature: 23.6 C.

[2026-09-17 01:56:09] [2026-09-17 04:45:39] Current bath temperature: 23.62 C.

[2026-09-17 01:56:09] [2026-09-17 04:45:49] Current bath temperature: 23.63 C.

[2026-09-17 01:56:09] [2026-09-17 04:45:59] Current bath temperature: 23.65 C.

[2026-09-17 01:56:09] [2026-09-17 04:46:09] Current bath temperature: 23.66 C.

[2026-09-17 01:56:09] [2026-09-17 04:46:20] Current bath temperature: 23.67 C.

[2026-09-17 01:56:09] [2026-09-17 04:46:30] Current bath temperature: 23.67 C.

[2026-09-17 01:56:09] [2026-09-17 04:46:40] Current bath temperature: 23.69 C.

[2026-09-17 01:56:09] [2026-09-17 04:46:50] Current bath temperature: 23.69 C.

[2026-09-17 01:56:09] [2026-09-17 04:47:00] Current bath temperature: 23.69 C.

[2026-09-17 01:56:09] [2026-09-17 04:47:10] Current bath temperature: 23.7 C.

[2026-09-17 01:56:09] [2026-09-17 04:47:20] Current bath temperature: 23.71 C.

[2026-09-17 01:56:09] [2026-09-17 04:47:30] Current bath temperature: 23.72 C.

[2026-09-17 01:56:09] [2026-09-17 04:47:40] Current bath temperature: 23.74 C.

[2026-09-17 01:56:09] [2026-09-17 04:47:51] Current bath temperature: 23.75 C.

[2026-09-17 01:56:09] [2026-09-17 04:48:01] Current bath temperature: 23.75 C.

[2026-09-17 01:56:09] [2026-09-17 04:48:11] Current bath temperature: 23.76 C.

[2026-09-17 01:56:09] [2026-09-17 04:48:21] Current bath temperature: 23.77 C.

[2026-09-17 01:56:09] [2026-09-17 04:48:31] Current bath temperature: 23.79 C.

[2026-09-17 01:56:09] [2026-09-17 04:48:41] Current bath temperature: 23.79 C.

[2026-09-17 01:56:09] [2026-09-17 04:48:51] Current bath temperature: 23.81 C.

[2026-09-17 01:56:09] [2026-09-17 04:49:01] Current bath temperature: 23.81 C.

[2026-09-17 01:56:09] [2026-09-17 04:49:11] Current bath temperature: 23.82 C.

[2026-09-17 01:56:09] [2026-09-17 04:49:22] Current bath temperature: 23.83 C.

[2026-09-17 01:56:09] [2026-09-17 04:49:32] Current bath temperature: 23.84 C.

[2026-09-17 01:56:09] [2026-09-17 04:49:42] Current bath temperature: 23.85 C.

[2026-09-17 01:56:09] [2026-09-17 04:49:52] Current bath temperature: 23.86 C.

[2026-09-17 01:56:09] [2026-09-17 04:50:02] Current bath temperature: 23.87 C.

[2026-09-17 01:56:09] [2026-09-17 04:50:12] Current bath temperature: 23.89 C.

[2026-09-17 01:56:09] [2026-09-17 04:50:22] Current bath temperature: 23.9 C.

[2026-09-17 01:56:09] [2026-09-17 04:50:32] Current bath temperature: 23.91 C.

[2026-09-17 01:56:09] [2026-09-17 04:50:42] Current bath temperature: 23.93 C.

[2026-09-17 01:56:09] [2026-09-17 04:50:53] Current bath temperature: 23.93 C.

[2026-09-17 01:56:09] [2026-09-17 04:51:03] Current bath temperature: 23.94 C.

[2026-09-17 01:56:09] [2026-09-17 04:51:13] Current bath temperature: 23.94 C.

[2026-09-17 01:56:09] [2026-09-17 04:51:23] Current bath temperature: 23.95 C.

[2026-09-17 01:56:09] [2026-09-17 04:51:33] Current bath temperature: 23.96 C.

[2026-09-17 01:56:09] [2026-09-17 04:51:43] Current bath temperature: 23.97 C.

[2026-09-17 01:56:09] [2026-09-17 04:51:53] Current bath temperature: 23.99 C.

[2026-09-17 01:56:09] [2026-09-17 04:52:03] Current bath temperature: 24.0 C.

[2026-09-17 01:56:09] [2026-09-17 04:52:13] Current bath temperature: 24.01 C.

[2026-09-17 01:56:09] [2026-09-17 04:52:24] Current bath temperature: 24.02 C.

[2026-09-17 01:56:09] [2026-09-17 04:52:34] Current bath temperature: 24.03 C.

[2026-09-17 01:56:09] [2026-09-17 04:52:44] Current bath temperature: 24.04 C.

[2026-09-17 01:56:09] [2026-09-17 04:52:54] Current bath temperature: 24.05 C.

[2026-09-17 01:56:09] [2026-09-17 04:53:04] Current bath temperature: 24.05 C.

[2026-09-17 01:56:09] [2026-09-17 04:53:14] Current bath temperature: 24.06 C.

[2026-09-17 01:56:09] [2026-09-17 04:53:24] Current bath temperature: 24.07 C.

[2026-09-17 01:56:09] [2026-09-17 04:53:34] Current bath temperature: 24.08 C.

[2026-09-17 01:56:09] [2026-09-17 04:53:44] Current bath temperature: 24.09 C.

[2026-09-17 01:56:09] [2026-09-17 04:53:55] Current bath temperature: 24.1 C.

[2026-09-17 01:56:09] [2026-09-17 04:54:05] Current bath temperature: 24.11 C.

[2026-09-17 01:56:09] [2026-09-17 04:54:15] Current bath temperature: 24.13 C.

[2026-09-17 01:56:09] [2026-09-17 04:54:25] Current bath temperature: 24.14 C.

[2026-09-17 01:56:09] [2026-09-17 04:54:35] Current bath temperature: 24.16 C.

[2026-09-17 01:56:09] [2026-09-17 04:54:45] Current bath temperature: 24.18 C.

[2026-09-17 01:56:09] [2026-09-17 04:54:55] Current bath temperature: 24.18 C.

[2026-09-17 01:56:09] [2026-09-17 04:55:05] Current bath temperature: 24.18 C.

[2026-09-17 01:56:09] [2026-09-17 04:55:15] Current bath temperature: 24.19 C.

[2026-09-17 01:56:09] [2026-09-17 04:55:26] Current bath temperature: 24.2 C.

[2026-09-17 01:56:09] [2026-09-17 04:55:36] Current bath temperature: 24.2 C.

[2026-09-17 01:56:09] [2026-09-17 04:55:46] Current bath temperature: 24.21 C.

[2026-09-17 01:56:09] [2026-09-17 04:55:56] Current bath temperature: 24.22 C.

[2026-09-17 01:56:09] [2026-09-17 04:56:06] Current bath temperature: 24.23 C.

[2026-09-17 01:56:09] [2026-09-17 04:56:16] Current bath temperature: 24.23 C.

[2026-09-17 01:56:09] [2026-09-17 04:56:26] Current bath temperature: 24.24 C.

[2026-09-17 01:56:09] [2026-09-17 04:56:36] Current bath temperature: 24.26 C.

[2026-09-17 01:56:09] [2026-09-17 04:56:46] Current bath temperature: 24.27 C.

[2026-09-17 01:56:09] [2026-09-17 04:56:57] Current bath temperature: 24.29 C.

[2026-09-17 01:56:09] [2026-09-17 04:57:07] Current bath temperature: 24.3 C.

[2026-09-17 01:56:09] [2026-09-17 04:57:17] Current bath temperature: 24.3 C.

[2026-09-17 01:56:09] [2026-09-17 04:57:27] Current bath temperature: 24.31 C.

[2026-09-17 01:56:09] [2026-09-17 04:57:37] Current bath temperature: 24.32 C.

[2026-09-17 01:56:09] [2026-09-17 04:57:47] Current bath temperature: 24.32 C.

[2026-09-17 01:56:09] [2026-09-17 04:57:57] Current bath temperature: 24.33 C.

[2026-09-17 01:56:09] [2026-09-17 04:58:07] Current bath temperature: 24.33 C.

[2026-09-17 01:56:09] [2026-09-17 04:58:17] Current bath temperature: 24.34 C.

[2026-09-17 01:56:09] [2026-09-17 04:58:28] Current bath temperature: 24.35 C.

[2026-09-17 01:56:09] [2026-09-17 04:58:38] Current bath temperature: 24.36 C.

[2026-09-17 01:56:09] [2026-09-17 04:58:48] Current bath temperature: 24.37 C.

[2026-09-17 01:56:09] [2026-09-17 04:58:58] Current bath temperature: 24.39 C.

[2026-09-17 01:56:09] [2026-09-17 04:59:08] Current bath temperature: 24.41 C.

[2026-09-17 01:56:09] [2026-09-17 04:59:18] Current bath temperature: 24.42 C.

[2026-09-17 01:56:09] [2026-09-17 04:59:28] Current bath temperature: 24.43 C.

[2026-09-17 01:56:09] [2026-09-17 04:59:38] Current bath temperature: 24.44 C.

[2026-09-17 01:56:09] [2026-09-17 04:59:48] Current bath temperature: 24.45 C.

[2026-09-17 01:56:09] [2026-09-17 04:59:58] Current bath temperature: 24.45 C.

[2026-09-17 01:56:09] [2026-09-17 05:00:09] Current bath temperature: 24.46 C.

[2026-09-17 01:56:09] [2026-09-17 05:00:19] Current bath temperature: 24.46 C.

[2026-09-17 01:56:09] [2026-09-17 05:00:29] Current bath temperature: 24.47 C.

[2026-09-17 01:56:09] [2026-09-17 05:00:39] Current bath temperature: 24.47 C.

[2026-09-17 01:56:09] [2026-09-17 05:00:49] Current bath temperature: 24.48 C.

[2026-09-17 01:56:09] [2026-09-17 05:00:59] Current bath temperature: 24.49 C.

[2026-09-17 01:56:09] [2026-09-17 05:01:09] Current bath temperature: 24.49 C.

[2026-09-17 01:56:09] [2026-09-17 05:01:19] Current bath temperature: 24.5 C.

[2026-09-17 01:56:09] [2026-09-17 05:01:29] Current bath temperature: 24.51 C.

[2026-09-17 01:56:09] [2026-09-17 05:01:40] Current bath temperature: 24.51 C.

[2026-09-17 01:56:09] [2026-09-17 05:01:50] Current bath temperature: 24.52 C.

[2026-09-17 01:56:09] [2026-09-17 05:02:00] Current bath temperature: 24.53 C.

[2026-09-17 01:56:09] [2026-09-17 05:02:10] Current bath temperature: 24.54 C.

[2026-09-17 01:56:09] [2026-09-17 05:02:20] Current bath temperature: 24.55 C.

[2026-09-17 01:56:09] [2026-09-17 05:02:30] Current bath temperature: 24.56 C.

[2026-09-17 01:56:09] [2026-09-17 05:02:40] Current bath temperature: 24.56 C.

[2026-09-17 01:56:09] [2026-09-17 05:02:50] Current bath temperature: 24.57 C.

[2026-09-17 01:56:09] [2026-09-17 05:03:00] Current bath temperature: 24.59 C.

[2026-09-17 01:56:09] [2026-09-17 05:03:11] Current bath temperature: 24.6 C.

[2026-09-17 01:56:09] [2026-09-17 05:03:21] Current bath temperature: 24.6 C.

[2026-09-17 01:56:09] [2026-09-17 05:03:31] Current bath temperature: 24.62 C.

[2026-09-17 01:56:09] [2026-09-17 05:03:41] Current bath temperature: 24.64 C.

[2026-09-17 01:56:09] [2026-09-17 05:03:51] Current bath temperature: 24.65 C.

[2026-09-17 01:56:09] [2026-09-17 05:04:01] Current bath temperature: 24.67 C.

[2026-09-17 01:56:09] [2026-09-17 05:04:11] Current bath temperature: 24.68 C.

[2026-09-17 01:56:09] [2026-09-17 05:04:21] Current bath temperature: 24.69 C.

[2026-09-17 01:56:09] [2026-09-17 05:04:31] Current bath temperature: 24.71 C.

[2026-09-17 01:56:09] [2026-09-17 05:04:42] Current bath temperature: 24.72 C.

[2026-09-17 01:56:09] [2026-09-17 05:04:52] Current bath temperature: 24.72 C.

[2026-09-17 01:56:09] [2026-09-17 05:05:02] Current bath temperature: 24.73 C.

[2026-09-17 01:56:09] [2026-09-17 05:05:12] Current bath temperature: 24.74 C.

[2026-09-17 01:56:09] [2026-09-17 05:05:22] Current bath temperature: 24.75 C.

[2026-09-17 01:56:09] [2026-09-17 05:05:32] Current bath temperature: 24.76 C.

[2026-09-17 01:56:09] [2026-09-17 05:05:42] Current bath temperature: 24.77 C.

[2026-09-17 01:56:09] [2026-09-17 05:05:52] Current bath temperature: 24.78 C.

[2026-09-17 01:56:09] [2026-09-17 05:06:02] Current bath temperature: 24.79 C.

[2026-09-17 01:56:09] [2026-09-17 05:06:13] Current bath temperature: 24.8 C.

[2026-09-17 01:56:09] [2026-09-17 05:06:23] Current bath temperature: 24.81 C.

[2026-09-17 01:56:09] [2026-09-17 05:06:33] Current bath temperature: 24.82 C.

[2026-09-17 01:56:09] [2026-09-17 05:06:43] Current bath temperature: 24.83 C.

[2026-09-17 01:56:09] [2026-09-17 05:06:53] Current bath temperature: 24.83 C.

[2026-09-17 01:56:09] [2026-09-17 05:07:03] Current bath temperature: 24.84 C.

[2026-09-17 01:56:09] [2026-09-17 05:07:13] Current bath temperature: 24.85 C.

[2026-09-17 01:56:09] [2026-09-17 05:07:23] Current bath temperature: 24.86 C.

[2026-09-17 01:56:09] [2026-09-17 05:07:33] Current bath temperature: 24.87 C.

[2026-09-17 01:56:09] [2026-09-17 05:07:44] Current bath temperature: 24.89 C.

[2026-09-17 01:56:09] [2026-09-17 05:07:54] Current bath temperature: 24.9 C.

[2026-09-17 01:56:09] [2026-09-17 05:08:04] Current bath temperature: 24.91 C.

[2026-09-17 01:56:09] [2026-09-17 05:08:04] Reached target temperature of 25 C.

[2026-09-17 01:56:09] [2026-09-17 05:08:04] Joined both subprocesses.

[2026-09-17 01:56:09] [2026-09-17 05:09:17] Pullcast complete.

[2026-09-17 01:56:09] [2026-09-17 05:09:17] Nitrogen on.

[2026-09-17 01:56:09] [2026-09-17 05:10:00] Nitrogen off.

[2026-09-17 01:56:09] [2026-09-17 05:10:00] Membrane air data: {'temperature': '25.05', 'humidity': '54.58'}

[2026-09-17 01:56:09] [2026-09-17 05:10:00] Ambient air data: {'temperature': '24.74', 'humidity': '44.01'}

[2026-09-17 01:56:09] [2026-09-17 05:10:11] Membrane sitting in bath for 1200 seconds.

[2026-09-17 01:56:09] [2026-09-17 05:10:20] Nitrogen cap has been put away.

[2026-09-17 01:56:09] [2026-09-17 05:10:35] Ring has been placed on the coupon.

[2026-09-17 01:56:09] [2026-09-17 05:14:17] Cleaning knife

[2026-09-17 01:56:09] [2026-09-17 05:15:17] Knife cleaning finished.

[2026-09-17 01:56:09] [2026-09-17 05:40:52] Initial membrane picture taken.

[2026-09-17 01:56:09] [2026-09-17 05:41:22] Test has started!

[2026-09-17 01:56:09] [2026-09-17 05:44:32] Test complete!

[2026-09-17 01:56:09] [2026-09-17 05:44:37] Safe: True

[2026-09-17 01:56:09] [2026-09-17 05:44:37] Recent: True

[2026-09-17 01:56:09] [2026-09-17 05:44:37] Current Time: 1789623841.5667434

[2026-09-17 01:56:09] [2026-09-17 05:44:37] Data Time: 1789623830.8829846

[2026-09-17 01:56:09] [2026-09-17 05:44:37] Age: 10.683758735656738

[2026-09-17 01:56:09] [2026-09-17 05:44:49] Test has started!

[2026-09-17 01:56:09] [2026-09-17 05:47:59] Test complete!

[2026-09-17 01:56:09] [2026-09-17 05:48:04] Safe: True

[2026-09-17 01:56:09] [2026-09-17 05:48:04] Recent: True

[2026-09-17 01:56:09] [2026-09-17 05:48:04] Current Time: 1789624049.2699583

[2026-09-17 01:56:09] [2026-09-17 05:48:04] Data Time: 1789624038.5178413

[2026-09-17 01:56:09] [2026-09-17 05:48:04] Age: 10.752116918563843

[2026-09-17 01:56:09] [2026-09-17 05:48:17] Test has started!

[2026-09-17 01:56:09] [2026-09-17 05:51:31] Test complete!

[2026-09-17 01:56:09] [2026-09-17 05:51:36] Safe: True

[2026-09-17 01:56:09] [2026-09-17 05:51:36] Recent: True

[2026-09-17 01:56:09] [2026-09-17 05:51:36] Current Time: 1789624261.3242228

[2026-09-17 01:56:09] [2026-09-17 05:51:36] Data Time: 1789624250.6229372

[2026-09-17 01:56:09] [2026-09-17 05:51:36] Age: 10.701285600662231

[2026-09-17 01:56:09] [2026-09-17 05:51:49] Test has started!

[2026-09-17 01:56:09] [2026-09-17 05:55:03] Test complete!

[2026-09-17 01:56:09] [2026-09-17 05:55:08] Safe: True

[2026-09-17 01:56:09] [2026-09-17 05:55:08] Recent: True

[2026-09-17 01:56:09] [2026-09-17 05:55:08] Current Time: 1789624473.032935

[2026-09-17 01:56:09] [2026-09-17 05:55:08] Data Time: 1789624462.3122108

[2026-09-17 01:56:09] [2026-09-17 05:55:08] Age: 10.720724105834961

[2026-09-17 01:56:09] [2026-09-17 05:55:42] Final membrane picture taken.

[2026-09-17 01:56:09] [2026-09-17 05:55:59] Coupon successfully discarded.

[2026-09-17 01:56:09] [2026-09-17 05:56:45] Done

[2026-09-17 01:56:09] ── END PROTOCOL LOG ───────────────────────────────────────────────

[2026-09-17 01:56:09] 
[1/5] organising files...

[2026-09-17 01:56:09] [START] condition=20-0add-25deg-cosolv-none-bathSolv-none-0wt-30s-N2-1200s

[2026-09-17 01:56:09] [2/5] processing pipeline for: 20-0add-25deg-cosolv-none-bathSolv-none-0wt-30s-N2-1200s

[2026-09-17 01:56:09] ==============================================================================================================

[2026-09-17 01:56:09] Condition: 20-0add-25deg-cosolv-none-bathSolv-none-0wt-30s-N2-1200s | pairs: 4

[2026-09-17 01:56:10] 

------------ NEW REP ---------------

[2026-09-17 01:56:10] Average Standard Deviation: 45.73882796491158

[2026-09-17 01:56:11] Toe end strain (zero point): 0.0000

[2026-09-17 01:56:15] PW + Double: 0.11406377244226358

[2026-09-17 01:56:15] Piecewise Chosen! 0.12996838407715047 | Drop Calculation: 0.11082043078108479

[2026-09-17 01:56:21]   elastic_r2                          28/30  NRMSE-score=0.945 (RMSE=3.32, range=60.64)

[2026-09-17 01:56:21]   plateau_r2_start                     0/15  insufficient data

[2026-09-17 01:56:21]   densification_r2                     0/15  insufficient data

[2026-09-17 01:56:21]   yield_accuracy                      25/25  elastic tail undershoots data by 2.8% of elastic range

[2026-09-17 01:56:21]   junction_continuity                 11/15  gap=3.8%

[2026-09-17 01:56:21]   elastic_modulus_penalty              0/0  E=562.8 bar ok

[2026-09-17 01:56:21]   bp1_accuracy_penalty                -30/0  plateau spans 129% of remaining stress — elastic peak likely wrong | GAM slope stable in early plateau (drop=-29%) — ok

[2026-09-17 01:56:21]   slope_ratio_penalty                 -6/0  plateau/elastic slope ratio=0.62 — nearly parallel (-6 pts)

[2026-09-17 01:56:21]   DATA FLAGS (no score impact — route to goodData_eval):

[2026-09-17 01:56:21]     elastic_half_consistency: first-half R²=0.555 vs second-half R²=0.955 (gap=0.401)

[2026-09-17 01:56:21] Score: 28/100 → FAIL

[2026-09-17 01:56:21] Elastic Modulus: 562.79 bar

[2026-09-17 01:56:21] Pore Fraction: 0.6447

[2026-09-17 01:56:22] Good Fit: False

[2026-09-17 01:56:22] 

------------ NEW REP ---------------

[2026-09-17 01:56:22] Average Standard Deviation: 46.66622498595093

[2026-09-17 01:56:24] Toe end strain (zero point): 0.0347 [knee]

[2026-09-17 01:56:27] PW + Double: 0.10690527831668345

[2026-09-17 01:56:27] Piecewise Chosen! 0.12681457741963717 | Drop Calculation: 0.10123233750718119

[2026-09-17 01:56:35]   find_breakpoints returned None — skipping trial

[2026-09-17 01:56:35] 

------------ NEW REP ---------------

[2026-09-17 01:56:35] Average Standard Deviation: 49.24563666881476

[2026-09-17 01:56:36] Toe end strain (zero point): 0.0720 [knee]

[2026-09-17 01:56:41] PW + Double: 0.12200045673936917

[2026-09-17 01:56:41] Piecewise Chosen! 0.16948366324214917 | Drop Calculation: 0.14199625399125382

[2026-09-17 01:56:48]   elastic_r2                          26/30  NRMSE-score=0.882 (RMSE=8.72, range=73.81)

[2026-09-17 01:56:48]   plateau_r2_start                    14/15  R²(first 40%)=0.936

[2026-09-17 01:56:48]   densification_r2                    14/15  R²=0.955

[2026-09-17 01:56:48]   yield_accuracy                      25/25  elastic tail undershoots data by 6.4% of elastic range

[2026-09-17 01:56:48]   junction_continuity                 15/15  gap=0.1%

[2026-09-17 01:56:48]   plateau_r2_full_penalty              0/0  R²(full)=0.987

[2026-09-17 01:56:48]   elastic_modulus_penalty              0/0  E=586.5 bar ok

[2026-09-17 01:56:48]   bp1_accuracy_penalty                -30/0  plateau spans 52% of remaining stress — elastic peak likely wrong | GAM slope stable in early plateau (drop=29%) — ok

[2026-09-17 01:56:48]   changepoint_curvature_penalty        0/0  d2_norm=3.31, linear_stretch=17%

[2026-09-17 01:56:48]   slope_ratio_penalty                  0/0  plateau/elastic slope ratio=0.43 — good separation

[2026-09-17 01:56:48]   DATA FLAGS (no score impact — route to goodData_eval):

[2026-09-17 01:56:48]     elastic_half_consistency: first-half R²=-3.226 vs second-half R²=0.883 (gap=4.108)

[2026-09-17 01:56:48] Score: 64/100 → FAIL

[2026-09-17 01:56:48] Elastic Modulus: 586.47 bar

[2026-09-17 01:56:48] Pore Fraction: 0.3260

[2026-09-17 01:56:48] Good Fit: False

[2026-09-17 01:56:49] 

------------ NEW REP ---------------

[2026-09-17 01:56:49] Average Standard Deviation: 48.04940705406329

[2026-09-17 01:56:49] Toe end strain (zero point): 0.0471

[2026-09-17 01:56:52] PW + Double: 0.03198754200013801

[2026-09-17 01:56:52] Piecewise Chosen! 0.0462627766009211 | Drop Calculation: 0.09770352189715734

[2026-09-17 01:57:02]   elastic_r2                          29/30  NRMSE-score=0.952 (RMSE=0.88, range=18.25)

[2026-09-17 01:57:02]   plateau_r2_start                     0/15  R²(first 40%)=-17.971

[2026-09-17 01:57:02]   densification_r2                    12/15  R²=0.800

[2026-09-17 01:57:02]   yield_accuracy                      25/25  elastic tail undershoots data by 2.7% of elastic range

[2026-09-17 01:57:02]   junction_continuity                  0/15  gap=18.8%

[2026-09-17 01:57:02]   plateau_r2_full_penalty             -10/0  R²(full)=-0.069

[2026-09-17 01:57:02]   elastic_modulus_penalty              0/0  E=72.6 bar ok

[2026-09-17 01:57:02]   bp1_accuracy_penalty                 0/0  plateau spans 5% of remaining stress — ok

[2026-09-17 01:57:02]   changepoint_curvature_penalty        0/0  d2_norm=0.18, linear_stretch=3%

[2026-09-17 01:57:02]   catastrophic_slope_vs_modulus        0/0  slope ratio=21.22 — plateau slope ≥95% of elastic

[2026-09-17 01:57:02]   catastrophic_slope_ordering          0/0  densif=434.8 <= plateau=1540.5

[2026-09-17 01:57:02]   CATASTROPHIC HALVING: 56 → 28

[2026-09-17 01:57:02]   DATA FLAGS (no score impact — route to goodData_eval):

[2026-09-17 01:57:02]     elastic_half_consistency: first-half R²=-2.033 vs second-half R²=0.329 (gap=2.363)

[2026-09-17 01:57:02] Score: 28/100 → FAIL

[2026-09-17 01:57:08] PW + Double: 0.07940635892869001

[2026-09-17 01:57:08] Piecewise Chosen! 0.08527843557086236 | Drop Calculation: 0.09672636215529085

[2026-09-17 01:57:14]   elastic_r2                          25/30  NRMSE-score=0.843 (RMSE=8.12, range=51.77)

[2026-09-17 01:57:14]   plateau_r2_start                    14/15  R²(first 40%)=0.909

[2026-09-17 01:57:14]   densification_r2                    13/15  R²=0.896

[2026-09-17 01:57:14]   yield_accuracy                      25/25  elastic tail undershoots data by 4.0% of elastic range

[2026-09-17 01:57:14]   junction_continuity                 14/15  gap=1.1%

[2026-09-17 01:57:14]   plateau_r2_full_penalty              0/0  R²(full)=0.983

[2026-09-17 01:57:14]   elastic_modulus_penalty              0/0  E=1388.8 bar ok

[2026-09-17 01:57:14]   bp1_accuracy_penalty                -35/0  plateau spans 72% of remaining stress — elastic peak likely wrong | GAM slope drops 65% in early plateau — bp1 suspect

[2026-09-17 01:57:14]   changepoint_curvature_penalty        0/0  d2_norm=2.38, linear_stretch=37%

[2026-09-17 01:57:14]   slope_ratio_penalty                  0/0  plateau/elastic slope ratio=0.21 — good separation

[2026-09-17 01:57:14]   DATA FLAGS (no score impact — route to goodData_eval):

[2026-09-17 01:57:14]     elastic_half_consistency: first-half R²=-1.111 vs second-half R²=0.135 (gap=1.246)

[2026-09-17 01:57:14] Score: 56/100 → FAIL

[2026-09-17 01:57:14]   toe-mask retry: masked strain < 0.0463, good=False

[2026-09-17 01:57:14] Elastic Modulus: 1388.85 bar

[2026-09-17 01:57:14] Pore Fraction: 0.3039

[2026-09-17 01:57:15] Good Fit: False

[2026-09-17 01:57:15] CV (20-0add-25deg-cosolv-none-bathSolv-none-0wt-30s-N2-1200s) [preDiscard]: 0.10229644836871467

[2026-09-17 01:57:16] CV (20-0add-25deg-cosolv-none-bathSolv-none-0wt-30s-N2-1200s) [postDiscard]: nan

[2026-09-17 01:57:16] 

------------ NEW REP ---------------

[2026-09-17 01:57:16] Average Standard Deviation: 43.958626827340446

[2026-09-17 01:57:17] Toe end strain (zero point): 0.0000

[2026-09-17 01:57:21] PW + Double: 0.10398326584310967

[2026-09-17 01:57:21] Piecewise Chosen! 0.11303873411200241 | Drop Calculation: 0.09837411640254827

[2026-09-17 01:57:26]   elastic_r2                          28/30  NRMSE-score=0.917 (RMSE=4.90, range=59.22)

[2026-09-17 01:57:26]   plateau_r2_start                    15/15  R²(first 40%)=0.983

[2026-09-17 01:57:26]   densification_r2                    15/15  R²=0.980

[2026-09-17 01:57:26]   yield_accuracy                      25/25  elastic tail undershoots data by 1.6% of elastic range

[2026-09-17 01:57:26]   junction_continuity                 14/15  gap=1.1%

[2026-09-17 01:57:26]   plateau_r2_full_penalty              0/0  R²(full)=0.993

[2026-09-17 01:57:26]   elastic_modulus_penalty              0/0  E=778.4 bar ok

[2026-09-17 01:57:26]   bp1_accuracy_penalty                -35/0  plateau spans 69% of remaining stress — elastic peak likely wrong | GAM slope drops 40% in early plateau — bp1 suspect

[2026-09-17 01:57:26]   changepoint_curvature_penalty        0/0  d2_norm=3.34, linear_stretch=57%

[2026-09-17 01:57:26]   slope_ratio_penalty                  0/0  plateau/elastic slope ratio=0.36 — good separation

[2026-09-17 01:57:26]   DATA FLAGS (no score impact — route to goodData_eval):

[2026-09-17 01:57:26]     elastic_half_consistency: first-half R²=0.443 vs second-half R²=0.892 (gap=0.449)

[2026-09-17 01:57:26] Score: 62/100 → FAIL

[2026-09-17 01:57:26] Elastic Modulus: 778.37 bar

[2026-09-17 01:57:26] Pore Fraction: 0.3395

[2026-09-17 01:57:26] Good Fit: False

[2026-09-17 01:57:28]   All fits failed for 20-0add-25deg-cosolv-none-bathSolv-none-0wt-30s-N2-1200s — postDiscard row built from all-discarded reps

[2026-09-17 01:57:33] [3/5] generating initial report...

[2026-09-17 01:57:33] [4/5] running active learning...

[2026-09-17 01:58:01] LLM suggestion: I'll analyze the experimental history systematically before proposing a new experiment.

## Analysis

**Valid modulus measurements (with fit quality context):**
| Experiment | Modulus (MPa) | CV | Bath T | Polymer wt% | Mix T | Speed | N₂ | Wait |
|---|---|---|---|---|---|---|---|---|
| 17.5wt%, 65°C, 6mm/s, N₂, 15s, 10°C bath, 1800s | **708.9** | 0.129 | 10 | 17.5 | 65 | 6 | Y | 15 |
| 17.5wt%, 50°C, 7mm/s, N₂, 90s, 20°C bath, 1250s | **683.3** | nan | 20 | 17.5 | 50 | 7 | Y | 90 |
| 18.5wt%, 25°C, 19mm/s, NoN₂, 330s, 5°C bath, 1800s | **667.1** | nan | 5 | 18.5 | 25 | 19 | N | 330 |
| 17.5wt%, 55°C, 11mm/s, N₂, 375s, 25°C bath, 1300s | **591.6** | 0.109 | 25 | 17.5 | 55 | 11 | Y | 375 |
| 18.5wt%, 65°C, 11mm/s, N₂, 105s, 5°C bath, 1800s | **592.8** | 0.150 | 5 | 18.5 | 65 | 11 | Y | 105 |

**Key observations:**
- Best validated modulus: 708.9 MPa at (17.5wt%, 65°C mix, 6mm/s, N₂, 15s wait, 10°C bath, 1800s)
- Second best: 683.3 MPa at (17.5wt%, 50°C mix, 7mm/s, N₂, 90s wait, 20°C bath, 1250s)
- Pattern: lower polymer wt% (~17.5), moderate-high mixing temp, low-moderate speed, N₂, short-moderate wait, cold-moderate bath
- **Sparse region:** mixing_temp ~25-35°C with bath_temp=5°C and polymer_wt ~17.5, combined with moderate wait times and N₂ — this combination is underrepresented
- Also sparse: nips_bath_wait_time near 1200s with bath_temp=5°C and polymer_wt=17.5 with N₂

**Explore mode target:** I want to probe a region that is genuinely novel — specifically: **polymer_wt=17.5, mixing_temp=25°C, bath_temp=5°C, pullcast_speed=12mm/s, N₂=True, wait=550s, nips_bath_wait_time=1450s**. This combines the promising 17.5wt% with a cold bath (5°C, undersampled for 17.5wt%), a longer wait under N₂ (550s is sparse), moderate-high speed (12mm/s not yet tried at these conditions), and intermediate bath time — a genuinely novel corner of the space.

```json
{
  "mixing_temp": 25,
  "bath_temp": 5,
  "pullcast_speed": 12,
  "nitrogen": true,
  "coupon_to_bath_wait_time": 550,
  "nips_bath_wait_time": 1450,
  "polymer_wt": 17.5,
  "additive_wt": 0
}
```

[2026-09-17 01:58:01]   JSON result: C:\Users\opentrons\Documents\Auto-Membranes\data\llm_results\llm_result_20-0add-25deg-cosolv-none-bathSolv-none-0wt-30s-N2-1200s.json

[2026-09-17 01:58:01] [5/5] next params: {'mixing_temp': 25, 'bath_temp': 5, 'pullcast_speed': 12, 'nitrogen': True, 'coupon_to_bath_wait_time': 550, 'nips_bath_wait_time': 1450, 'polymer_wt': 17.5, 'additive_wt': 0.0, 'polymer_type': 'Primospire', 'solvent_type': 'NMP', 'cosolvent_type': 'none', 'nips_bath_solvent': 'none', 'nips_bath_solvent_wt_percent': 0.0, 'stock_metadata': {'polymer_stock_wt_percent': 21.0, 'additive_stock_polymer_wt_percent': 17.0, 'additive_stock_additive_wt_percent': 4.0, 'stock_mode': 'two_bottle'}}

[2026-09-17 01:58:01] Python recieved!

[2026-09-17 01:58:01] Exact payload being sent: {"mixing_temp": 25, "bath_temp": 5, "pullcast_speed": 12, "nitrogen": true, "coupon_to_bath_wait_time": 550, "nips_bath_wait_time": 1450, "polymer_wt": 17.5, "additive_wt": 0.0, "polymer_type": "Primospire", "solvent_type": "NMP", "cosolvent_type": "none", "nips_bath_solvent": "none", "nips_bath_solvent_wt_percent": 0.0, "stock_metadata": {"polymer_stock_wt_percent": 21.0, "additive_stock_polymer_wt_percent": 17.0, "additive_stock_additive_wt_percent": 4.0, "stock_mode": "two_bottle"}}

[2026-09-17 01:58:01] Opentrons response: Creating Membrane with following parameters: {"mixing_temp": 25, "bath_temp": 5, "pullcast_speed": 12, "nitrogen": true, "coupon_to_bath_wait_time": 550, "nips_bath_wait_time": 1450, "polymer_wt": 17.5, "additive_wt": 0.0, "polymer_type": "Primospire", "solvent_type": "NMP", "cosolvent_type": "none", "nips_bath_solvent": "none", "nips_bath_solvent_wt_percent": 0.0, "stock_metadata": {"polymer_stock_wt_percent": 21.0, "additive_stock_polymer_wt_percent": 17.0, "additive_stock_additive_wt_percent": 4.0, "stock_mode": "two_bottle"}}

[2026-09-17 01:58:01] [DONE] 20-0add-25deg-cosolv-none-bathSolv-none-0wt-30s-N2-1200s  elapsed=111.8s

[2026-09-17 13:44:40] 
stopping server...

