[2026-08-07 13:08:51] The "mixing_temp" can be between 25 and 80 degrees Celsius. The "bath_temp" can be between 5 and 25 degrees Celsius. The "pullcast_speed" can be between 1 and 20 mm/s. The "coupon_to_bath_wait_time" can be between 0 and 600 seconds. The "nips_bath_wait_time" can be between 1200 and 1800seconds. The "nitrogen" can be either True or False. The "polymer_wt" maximum is 21.0 and the "additive_wt" maximum is 4.0. The "polymer_wt" and "additive_wt" should be within the triangular bounds [(21.0, 0.0), (21.0, 4.0), (0.0, 0.0)].

[2026-08-07 13:09:00] [master_processing] active branches: ['image_processing']

[2026-08-07 13:09:00] server listening on 169.254.230.148:8000

[2026-08-07 13:09:00] kicking off first experiment: {'mixing_temp': 60, 'bath_temp': 5, 'pullcast_speed': 1, 'nitrogen': True, 'coupon_to_bath_wait_time': 300, 'nips_bath_wait_time': 1800, 'polymer_wt': 17, 'additive_wt': 0, 'stock_metadata': {'polymer_stock_wt_percent': 21.0, 'additive_stock_polymer_wt_percent': 21.0, 'additive_stock_additive_wt_percent': 4.0}}

[2026-08-07 13:09:00] Python recieved!

[2026-08-07 13:09:00] Exact payload being sent: {"mixing_temp": 60, "bath_temp": 5, "pullcast_speed": 1, "nitrogen": true, "coupon_to_bath_wait_time": 300, "nips_bath_wait_time": 1800, "polymer_wt": 17, "additive_wt": 0, "stock_metadata": {"polymer_stock_wt_percent": 21.0, "additive_stock_polymer_wt_percent": 21.0, "additive_stock_additive_wt_percent": 4.0}}

[2026-08-07 13:09:00] Opentrons response: Creating Membrane with following parameters: {"mixing_temp": 60, "bath_temp": 5, "pullcast_speed": 1, "nitrogen": true, "coupon_to_bath_wait_time": 300, "nips_bath_wait_time": 1800, "polymer_wt": 17, "additive_wt": 0, "stock_metadata": {"polymer_stock_wt_percent": 21.0, "additive_stock_polymer_wt_percent": 21.0, "additive_stock_additive_wt_percent": 4.0}}

[2026-08-07 13:09:00] robot started — loop running. Ctrl+C to stop.

[2026-08-07 15:24:28] ── PROTOCOL LOG (Opentrons) ────────────────────────────────────────

[2026-08-07 15:24:28] [2026-08-07 17:09:15] Recievied request for membrane with following parameters:

[2026-08-07 15:24:28] [2026-08-07 17:09:15] {'mixing_temp': 60, 'bath_temp': 5, 'pullcast_speed': 1, 'nitrogen': True, 'coupon_to_bath_wait_time': 300, 'nips_bath_wait_time': 1800, 'polymer_wt': 17, 'additive_wt': 0, 'stock_metadata': {'polymer_stock_wt_percent': 21.0, 'additive_stock_polymer_wt_percent': 21.0, 'additive_stock_additive_wt_percent': 4.0}}

[2026-08-07 15:24:28] [2026-08-07 17:09:15] Bath chilling process started.

[2026-08-07 15:24:28] [2026-08-07 17:09:15] Beginning zero tests on coupons.

[2026-08-07 15:24:28] [2026-08-07 17:09:15] Opentrons process started.

[2026-08-07 15:24:28] [2026-08-07 17:09:15] 
Target recipe

[2026-08-07 15:24:28] [2026-08-07 17:09:15] -------------

[2026-08-07 15:24:28] [2026-08-07 17:09:15] Total volume:      1000.00 uL

[2026-08-07 15:24:28] [2026-08-07 17:09:15] Target polymer:    17 wt%

[2026-08-07 15:24:28] [2026-08-07 17:09:15] Target additive:   0 wt%

[2026-08-07 15:24:28] [2026-08-07 17:09:15] 
Required volumes

[2026-08-07 15:24:28] [2026-08-07 17:09:15] ----------------

[2026-08-07 15:24:28] [2026-08-07 17:09:15] Normal polymer stock:      799.00 uL

[2026-08-07 15:24:28] [2026-08-07 17:09:15] Polymer-additive stock:    0.00 uL

[2026-08-07 15:24:28] [2026-08-07 17:09:15] Pure solvent:              201.00 uL

[2026-08-07 15:24:28] [2026-08-07 17:09:15] Total:                     1000.00 uL

[2026-08-07 15:24:28] [2026-08-07 17:09:15] 
Final composition check

[2026-08-07 15:24:28] [2026-08-07 17:09:15] -----------------------

[2026-08-07 15:24:28] [2026-08-07 17:09:15] Polymer:    17.0027 wt%

[2026-08-07 15:24:28] [2026-08-07 17:09:15] Additive:   0.0000 wt%

[2026-08-07 15:24:28] [2026-08-07 17:09:15] Solvent:    82.9973 wt%

[2026-08-07 15:24:28] [2026-08-07 17:09:16] 5.54

[2026-08-07 15:24:28] [2026-08-07 17:09:17] 5.51

[2026-08-07 15:24:28] [2026-08-07 17:09:18] 5.47

[2026-08-07 15:24:28] [2026-08-07 17:09:19] 5.44

[2026-08-07 15:24:28] [2026-08-07 17:09:20] 5.41

[2026-08-07 15:24:28] [2026-08-07 17:09:21] 5.37

[2026-08-07 15:24:28] [2026-08-07 17:09:22] 5.34

[2026-08-07 15:24:28] [2026-08-07 17:09:23] 5.31

[2026-08-07 15:24:28] [2026-08-07 17:09:25] 5.28

[2026-08-07 15:24:28] [2026-08-07 17:09:26] 5.25

[2026-08-07 15:24:28] [2026-08-07 17:09:27] 5.22

[2026-08-07 15:24:28] [2026-08-07 17:09:28] 5.19

[2026-08-07 15:24:28] [2026-08-07 17:09:29] 5.15

[2026-08-07 15:24:28] [2026-08-07 17:09:30] 5.13

[2026-08-07 15:24:28] [2026-08-07 17:09:42] Test has started!

[2026-08-07 15:24:28] [2026-08-07 17:11:24] Temperature set to 60.

[2026-08-07 15:24:28] [2026-08-07 17:11:36] entered if statement!!!

[2026-08-07 15:24:28] [2026-08-07 17:14:16] Test complete!

[2026-08-07 15:24:28] [2026-08-07 17:14:21] Safe: True

[2026-08-07 15:24:28] [2026-08-07 17:14:21] Recent: True

[2026-08-07 15:24:28] [2026-08-07 17:14:21] Time: 1786122861.6060271

[2026-08-07 15:24:28] [2026-08-07 17:14:21] mTime: 1786122835.1703238

[2026-08-07 15:24:28] [2026-08-07 17:14:34] Test has started!

[2026-08-07 15:24:28] [2026-08-07 17:17:23] entered if statement!!!

[2026-08-07 15:24:28] [2026-08-07 17:19:08] Test complete!

[2026-08-07 15:24:28] [2026-08-07 17:19:13] Safe: True

[2026-08-07 15:24:28] [2026-08-07 17:19:13] Recent: True

[2026-08-07 15:24:28] [2026-08-07 17:19:13] Time: 1786123153.939897

[2026-08-07 15:24:28] [2026-08-07 17:19:13] mTime: 1786123127.6566494

[2026-08-07 15:24:28] [2026-08-07 17:19:27] Test has started!

[2026-08-07 15:24:28] [2026-08-07 17:24:01] Test complete!

[2026-08-07 15:24:28] [2026-08-07 17:24:07] Safe: True

[2026-08-07 15:24:28] [2026-08-07 17:24:07] Recent: True

[2026-08-07 15:24:28] [2026-08-07 17:24:07] Time: 1786123447.2414935

[2026-08-07 15:24:28] [2026-08-07 17:24:07] mTime: 1786123420.788473

[2026-08-07 15:24:28] [2026-08-07 17:24:20] Test has started!

[2026-08-07 15:24:28] [2026-08-07 17:28:14] aspirate

[2026-08-07 15:24:28] [2026-08-07 17:28:14] 0

[2026-08-07 15:24:28] [2026-08-07 17:28:14] 10

[2026-08-07 15:24:28] [2026-08-07 17:28:51] Test complete!

[2026-08-07 15:24:28] [2026-08-07 17:28:56] Safe: True

[2026-08-07 15:24:28] [2026-08-07 17:28:56] Recent: True

[2026-08-07 15:24:28] [2026-08-07 17:28:56] Time: 1786123736.5685544

[2026-08-07 15:24:28] [2026-08-07 17:28:56] mTime: 1786123710.2774532

[2026-08-07 15:24:28] [2026-08-07 17:30:33] dispense

[2026-08-07 15:24:28] [2026-08-07 17:30:33] 0

[2026-08-07 15:24:28] [2026-08-07 17:30:33] 10

[2026-08-07 15:24:28] [2026-08-07 17:32:02] aspirate

[2026-08-07 15:24:28] [2026-08-07 17:32:02] 1

[2026-08-07 15:24:28] [2026-08-07 17:32:02] 10

[2026-08-07 15:24:28] [2026-08-07 17:34:21] dispense

[2026-08-07 15:24:28] [2026-08-07 17:34:21] 1

[2026-08-07 15:24:28] [2026-08-07 17:34:21] 10

[2026-08-07 15:24:28] [2026-08-07 17:35:50] aspirate

[2026-08-07 15:24:28] [2026-08-07 17:35:50] 2

[2026-08-07 15:24:28] [2026-08-07 17:35:50] 10

[2026-08-07 15:24:28] [2026-08-07 17:38:08] dispense

[2026-08-07 15:24:28] [2026-08-07 17:38:08] 2

[2026-08-07 15:24:28] [2026-08-07 17:38:08] 10

[2026-08-07 15:24:28] [2026-08-07 17:39:37] aspirate

[2026-08-07 15:24:28] [2026-08-07 17:39:37] 3

[2026-08-07 15:24:28] [2026-08-07 17:39:37] 10

[2026-08-07 15:24:28] [2026-08-07 17:41:56] dispense

[2026-08-07 15:24:28] [2026-08-07 17:41:56] 3

[2026-08-07 15:24:28] [2026-08-07 17:41:56] 10

[2026-08-07 15:24:28] [2026-08-07 17:43:25] aspirate

[2026-08-07 15:24:28] [2026-08-07 17:43:25] 4

[2026-08-07 15:24:28] [2026-08-07 17:43:25] 10

[2026-08-07 15:24:28] [2026-08-07 17:45:43] dispense

[2026-08-07 15:24:28] [2026-08-07 17:45:43] 4

[2026-08-07 15:24:28] [2026-08-07 17:45:43] 10

[2026-08-07 15:24:28] [2026-08-07 17:47:12] aspirate

[2026-08-07 15:24:28] [2026-08-07 17:47:12] 5

[2026-08-07 15:24:28] [2026-08-07 17:47:12] 10

[2026-08-07 15:24:28] [2026-08-07 17:49:31] dispense

[2026-08-07 15:24:28] [2026-08-07 17:49:31] 5

[2026-08-07 15:24:28] [2026-08-07 17:49:31] 10

[2026-08-07 15:24:28] [2026-08-07 17:51:00] aspirate

[2026-08-07 15:24:28] [2026-08-07 17:51:00] 6

[2026-08-07 15:24:28] [2026-08-07 17:51:00] 10

[2026-08-07 15:24:28] [2026-08-07 17:53:18] dispense

[2026-08-07 15:24:28] [2026-08-07 17:53:18] 6

[2026-08-07 15:24:28] [2026-08-07 17:53:18] 10

[2026-08-07 15:24:28] [2026-08-07 17:54:47] aspirate

[2026-08-07 15:24:28] [2026-08-07 17:54:47] 7

[2026-08-07 15:24:28] [2026-08-07 17:54:47] 10

[2026-08-07 15:24:28] [2026-08-07 17:57:06] dispense

[2026-08-07 15:24:28] [2026-08-07 17:57:06] 7

[2026-08-07 15:24:28] [2026-08-07 17:57:06] 10

[2026-08-07 15:24:28] [2026-08-07 17:58:35] aspirate

[2026-08-07 15:24:28] [2026-08-07 17:58:35] 8

[2026-08-07 15:24:28] [2026-08-07 17:58:35] 10

[2026-08-07 15:24:28] [2026-08-07 18:00:53] dispense

[2026-08-07 15:24:28] [2026-08-07 18:00:53] 8

[2026-08-07 15:24:28] [2026-08-07 18:00:53] 10

[2026-08-07 15:24:28] [2026-08-07 18:02:22] aspirate

[2026-08-07 15:24:28] [2026-08-07 18:02:22] 9

[2026-08-07 15:24:28] [2026-08-07 18:02:22] 10

[2026-08-07 15:24:28] [2026-08-07 18:04:57] dispense

[2026-08-07 15:24:28] [2026-08-07 18:04:57] 9

[2026-08-07 15:24:28] [2026-08-07 18:04:57] 10

[2026-08-07 15:24:28] [2026-08-07 18:04:57] 2291.5599021986127

[2026-08-07 15:24:28] [2026-08-07 18:11:48] entered if statement!!!

[2026-08-07 15:24:28] [2026-08-07 18:13:20] Joined both subprocesses.

[2026-08-07 15:24:28] [2026-08-07 18:15:43] Pullcast complete.

[2026-08-07 15:24:28] [2026-08-07 18:15:43] Nitrogen on.

[2026-08-07 15:24:28] [2026-08-07 18:20:56] Nitrogen off.

[2026-08-07 15:24:28] [2026-08-07 18:21:07] Membrane sitting in bath for 1800 seconds.

[2026-08-07 15:24:28] [2026-08-07 18:21:18] Nitrogen cap has been put away.

[2026-08-07 15:24:28] [2026-08-07 18:21:33] Ring has been placed on the coupon.

[2026-08-07 15:24:28] [2026-08-07 18:21:33] Cleaning knife

[2026-08-07 15:24:28] [2026-08-07 18:22:34] Knife cleaning finished.

[2026-08-07 15:24:28] [2026-08-07 19:01:44] Initial membrane picture taken.

[2026-08-07 15:24:28] [2026-08-07 19:02:14] Test has started!

[2026-08-07 15:24:28] [2026-08-07 19:07:17] Test complete!

[2026-08-07 15:24:28] [2026-08-07 19:07:22] Safe: True

[2026-08-07 15:24:28] [2026-08-07 19:07:22] Recent: True

[2026-08-07 15:24:28] [2026-08-07 19:07:22] Time: 1786129642.5826867

[2026-08-07 15:24:28] [2026-08-07 19:07:22] mTime: 1786129616.158928

[2026-08-07 15:24:28] [2026-08-07 19:07:35] Test has started!

[2026-08-07 15:24:28] [2026-08-07 19:12:37] Test complete!

[2026-08-07 15:24:28] [2026-08-07 19:12:42] Safe: True

[2026-08-07 15:24:28] [2026-08-07 19:12:42] Recent: True

[2026-08-07 15:24:28] [2026-08-07 19:12:42] Time: 1786129962.3464618

[2026-08-07 15:24:28] [2026-08-07 19:12:42] mTime: 1786129936.0629494

[2026-08-07 15:24:28] [2026-08-07 19:12:55] Test has started!

[2026-08-07 15:24:28] [2026-08-07 19:17:52] Test complete!

[2026-08-07 15:24:28] [2026-08-07 19:17:57] Safe: True

[2026-08-07 15:24:28] [2026-08-07 19:17:57] Recent: True

[2026-08-07 15:24:28] [2026-08-07 19:17:57] Time: 1786130277.3774695

[2026-08-07 15:24:28] [2026-08-07 19:17:57] mTime: 1786130251.0655134

[2026-08-07 15:24:28] [2026-08-07 19:18:10] Test has started!

[2026-08-07 15:24:28] [2026-08-07 19:23:08] Test complete!

[2026-08-07 15:24:28] [2026-08-07 19:23:13] Safe: True

[2026-08-07 15:24:28] [2026-08-07 19:23:13] Recent: True

[2026-08-07 15:24:28] [2026-08-07 19:23:13] Time: 1786130593.5946548

[2026-08-07 15:24:28] [2026-08-07 19:23:13] mTime: 1786130567.2750852

[2026-08-07 15:24:28] [2026-08-07 19:23:40] Final membrane picture taken.

[2026-08-07 15:24:28] [2026-08-07 19:23:58] Coupon successfully discarded.

[2026-08-07 15:24:28] [2026-08-07 19:24:43] Done

[2026-08-07 15:24:28] [2026-08-07 19:24:43] {'temperature': '23.85', 'humidity': '47.92'}

[2026-08-07 15:24:28] ── END PROTOCOL LOG ───────────────────────────────────────────────

[2026-08-07 15:24:28] 
[1/5] organising files...

[2026-08-07 15:24:28] [START] condition=17-0add-5deg-300s-N2-1800s

[2026-08-07 15:24:28] [2/5] processing pipeline for: 17-0add-5deg-300s-N2-1800s

[2026-08-07 15:24:40] [3/5] generating initial report...

[2026-08-07 15:24:40] [4/5] running active learning...

[2026-08-07 15:25:08]   JSON result: C:\Users\opentrons\Documents\Auto-Membranes\JSON_results\llm_result_17-0add-5deg-300s-N2-1800s.json

[2026-08-07 15:25:08] [5/5] next params: {'mixing_temp': 60, 'bath_temp': 5, 'pullcast_speed': 1, 'nitrogen': True, 'coupon_to_bath_wait_time': 365, 'nips_bath_wait_time': 1800, 'polymer_wt': 17.0, 'additive_wt': 0.0, 'stock_metadata': {'polymer_stock_wt_percent': 21.0, 'additive_stock_polymer_wt_percent': 21.0, 'additive_stock_additive_wt_percent': 4.0}}

[2026-08-07 15:25:08] Python recieved!

[2026-08-07 15:25:08] Exact payload being sent: {"mixing_temp": 60, "bath_temp": 5, "pullcast_speed": 1, "nitrogen": true, "coupon_to_bath_wait_time": 365, "nips_bath_wait_time": 1800, "polymer_wt": 17.0, "additive_wt": 0.0, "stock_metadata": {"polymer_stock_wt_percent": 21.0, "additive_stock_polymer_wt_percent": 21.0, "additive_stock_additive_wt_percent": 4.0}}

[2026-08-07 15:25:08] Opentrons response: Creating Membrane with following parameters: {"mixing_temp": 60, "bath_temp": 5, "pullcast_speed": 1, "nitrogen": true, "coupon_to_bath_wait_time": 365, "nips_bath_wait_time": 1800, "polymer_wt": 17.0, "additive_wt": 0.0, "stock_metadata": {"polymer_stock_wt_percent": 21.0, "additive_stock_polymer_wt_percent": 21.0, "additive_stock_additive_wt_percent": 4.0}}

[2026-08-07 15:25:08] [DONE] 17-0add-5deg-300s-N2-1800s  elapsed=40.5s

[2026-08-07 17:41:26] ── PROTOCOL LOG (Opentrons) ────────────────────────────────────────

[2026-08-07 17:41:26] [2026-08-07 19:25:24] Recievied request for membrane with following parameters:

[2026-08-07 17:41:26] [2026-08-07 19:25:24] {'mixing_temp': 60, 'bath_temp': 5, 'pullcast_speed': 1, 'nitrogen': True, 'coupon_to_bath_wait_time': 365, 'nips_bath_wait_time': 1800, 'polymer_wt': 17.0, 'additive_wt': 0.0, 'stock_metadata': {'polymer_stock_wt_percent': 21.0, 'additive_stock_polymer_wt_percent': 21.0, 'additive_stock_additive_wt_percent': 4.0}}

[2026-08-07 17:41:26] [2026-08-07 19:25:24] Bath chilling process started.

[2026-08-07 17:41:26] [2026-08-07 19:25:24] Beginning zero tests on coupons.

[2026-08-07 17:41:26] [2026-08-07 19:25:24] Opentrons process started.

[2026-08-07 17:41:26] [2026-08-07 19:25:24] 
Target recipe

[2026-08-07 17:41:26] [2026-08-07 19:25:24] -------------

[2026-08-07 17:41:26] [2026-08-07 19:25:24] Total volume:      1000.00 uL

[2026-08-07 17:41:26] [2026-08-07 19:25:24] Target polymer:    17 wt%

[2026-08-07 17:41:26] [2026-08-07 19:25:24] Target additive:   0 wt%

[2026-08-07 17:41:26] [2026-08-07 19:25:24] 
Required volumes

[2026-08-07 17:41:26] [2026-08-07 19:25:24] ----------------

[2026-08-07 17:41:26] [2026-08-07 19:25:24] Normal polymer stock:      799.00 uL

[2026-08-07 17:41:26] [2026-08-07 19:25:24] Polymer-additive stock:    0.00 uL

[2026-08-07 17:41:26] [2026-08-07 19:25:24] Pure solvent:              201.00 uL

[2026-08-07 17:41:26] [2026-08-07 19:25:24] Total:                     1000.00 uL

[2026-08-07 17:41:26] [2026-08-07 19:25:24] 
Final composition check

[2026-08-07 17:41:26] [2026-08-07 19:25:24] -----------------------

[2026-08-07 17:41:26] [2026-08-07 19:25:24] Polymer:    17.0027 wt%

[2026-08-07 17:41:26] [2026-08-07 19:25:24] Additive:   0.0000 wt%

[2026-08-07 17:41:26] [2026-08-07 19:25:24] Solvent:    82.9973 wt%

[2026-08-07 17:41:26] [2026-08-07 19:25:51] Test has started!

[2026-08-07 17:41:26] [2026-08-07 19:27:09] Temperature set to 60.

[2026-08-07 17:41:26] [2026-08-07 19:27:20] entered if statement!!!

[2026-08-07 17:41:26] [2026-08-07 19:30:26] Test complete!

[2026-08-07 17:41:26] [2026-08-07 19:30:31] Safe: True

[2026-08-07 17:41:26] [2026-08-07 19:30:31] Recent: True

[2026-08-07 17:41:26] [2026-08-07 19:30:31] Time: 1786131031.217913

[2026-08-07 17:41:26] [2026-08-07 19:30:31] mTime: 1786131004.9061022

[2026-08-07 17:41:26] [2026-08-07 19:30:44] Test has started!

[2026-08-07 17:41:26] [2026-08-07 19:33:07] entered if statement!!!

[2026-08-07 17:41:26] [2026-08-07 19:35:19] Test complete!

[2026-08-07 17:41:26] [2026-08-07 19:35:24] Safe: True

[2026-08-07 17:41:26] [2026-08-07 19:35:24] Recent: True

[2026-08-07 17:41:26] [2026-08-07 19:35:24] Time: 1786131324.2301433

[2026-08-07 17:41:26] [2026-08-07 19:35:24] mTime: 1786131297.8656726

[2026-08-07 17:41:26] [2026-08-07 19:35:37] Test has started!

[2026-08-07 17:41:26] [2026-08-07 19:40:11] Test complete!

[2026-08-07 17:41:26] [2026-08-07 19:40:16] Safe: True

[2026-08-07 17:41:26] [2026-08-07 19:40:16] Recent: True

[2026-08-07 17:41:26] [2026-08-07 19:40:16] Time: 1786131616.6755335

[2026-08-07 17:41:26] [2026-08-07 19:40:16] mTime: 1786131590.1593342

[2026-08-07 17:41:26] [2026-08-07 19:40:30] Test has started!

[2026-08-07 17:41:26] [2026-08-07 19:43:59] aspirate

[2026-08-07 17:41:26] [2026-08-07 19:43:59] 0

[2026-08-07 17:41:26] [2026-08-07 19:43:59] 10

[2026-08-07 17:41:26] [2026-08-07 19:45:04] Test complete!

[2026-08-07 17:41:26] [2026-08-07 19:45:09] Safe: True

[2026-08-07 17:41:26] [2026-08-07 19:45:09] Recent: True

[2026-08-07 17:41:26] [2026-08-07 19:45:09] Time: 1786131909.4434247

[2026-08-07 17:41:26] [2026-08-07 19:45:09] mTime: 1786131883.2304146

[2026-08-07 17:41:26] [2026-08-07 19:46:18] dispense

[2026-08-07 17:41:26] [2026-08-07 19:46:18] 0

[2026-08-07 17:41:26] [2026-08-07 19:46:18] 10

[2026-08-07 17:41:26] [2026-08-07 19:47:46] aspirate

[2026-08-07 17:41:26] [2026-08-07 19:47:46] 1

[2026-08-07 17:41:26] [2026-08-07 19:47:46] 10

[2026-08-07 17:41:26] [2026-08-07 19:50:05] dispense

[2026-08-07 17:41:26] [2026-08-07 19:50:05] 1

[2026-08-07 17:41:26] [2026-08-07 19:50:05] 10

[2026-08-07 17:41:26] [2026-08-07 19:51:34] aspirate

[2026-08-07 17:41:26] [2026-08-07 19:51:34] 2

[2026-08-07 17:41:26] [2026-08-07 19:51:34] 10

[2026-08-07 17:41:26] [2026-08-07 19:53:53] dispense

[2026-08-07 17:41:26] [2026-08-07 19:53:53] 2

[2026-08-07 17:41:26] [2026-08-07 19:53:53] 10

[2026-08-07 17:41:26] [2026-08-07 19:55:21] aspirate

[2026-08-07 17:41:26] [2026-08-07 19:55:21] 3

[2026-08-07 17:41:26] [2026-08-07 19:55:21] 10

[2026-08-07 17:41:26] [2026-08-07 19:57:40] dispense

[2026-08-07 17:41:26] [2026-08-07 19:57:40] 3

[2026-08-07 17:41:26] [2026-08-07 19:57:40] 10

[2026-08-07 17:41:26] [2026-08-07 19:59:09] aspirate

[2026-08-07 17:41:26] [2026-08-07 19:59:09] 4

[2026-08-07 17:41:26] [2026-08-07 19:59:09] 10

[2026-08-07 17:41:26] [2026-08-07 20:01:28] dispense

[2026-08-07 17:41:26] [2026-08-07 20:01:28] 4

[2026-08-07 17:41:26] [2026-08-07 20:01:28] 10

[2026-08-07 17:41:26] [2026-08-07 20:02:57] aspirate

[2026-08-07 17:41:26] [2026-08-07 20:02:57] 5

[2026-08-07 17:41:26] [2026-08-07 20:02:57] 10

[2026-08-07 17:41:26] [2026-08-07 20:05:15] dispense

[2026-08-07 17:41:26] [2026-08-07 20:05:15] 5

[2026-08-07 17:41:26] [2026-08-07 20:05:15] 10

[2026-08-07 17:41:26] [2026-08-07 20:06:44] aspirate

[2026-08-07 17:41:26] [2026-08-07 20:06:44] 6

[2026-08-07 17:41:26] [2026-08-07 20:06:44] 10

[2026-08-07 17:41:26] [2026-08-07 20:09:03] dispense

[2026-08-07 17:41:26] [2026-08-07 20:09:03] 6

[2026-08-07 17:41:26] [2026-08-07 20:09:03] 10

[2026-08-07 17:41:26] [2026-08-07 20:10:32] aspirate

[2026-08-07 17:41:26] [2026-08-07 20:10:32] 7

[2026-08-07 17:41:26] [2026-08-07 20:10:32] 10

[2026-08-07 17:41:26] [2026-08-07 20:12:50] dispense

[2026-08-07 17:41:26] [2026-08-07 20:12:50] 7

[2026-08-07 17:41:26] [2026-08-07 20:12:50] 10

[2026-08-07 17:41:26] [2026-08-07 20:14:19] aspirate

[2026-08-07 17:41:26] [2026-08-07 20:14:19] 8

[2026-08-07 17:41:26] [2026-08-07 20:14:19] 10

[2026-08-07 17:41:26] [2026-08-07 20:16:38] dispense

[2026-08-07 17:41:26] [2026-08-07 20:16:38] 8

[2026-08-07 17:41:26] [2026-08-07 20:16:38] 10

[2026-08-07 17:41:26] [2026-08-07 20:18:07] aspirate

[2026-08-07 17:41:26] [2026-08-07 20:18:07] 9

[2026-08-07 17:41:26] [2026-08-07 20:18:07] 10

[2026-08-07 17:41:26] [2026-08-07 20:20:41] dispense

[2026-08-07 17:41:26] [2026-08-07 20:20:41] 9

[2026-08-07 17:41:26] [2026-08-07 20:20:41] 10

[2026-08-07 17:41:26] [2026-08-07 20:20:41] 2291.63032897003

[2026-08-07 17:41:26] [2026-08-07 20:27:33] entered if statement!!!

[2026-08-07 17:41:26] [2026-08-07 20:29:04] Joined both subprocesses.

[2026-08-07 17:41:26] [2026-08-07 20:31:28] Pullcast complete.

[2026-08-07 17:41:26] [2026-08-07 20:31:28] Nitrogen on.

[2026-08-07 17:41:26] [2026-08-07 20:37:46] Nitrogen off.

[2026-08-07 17:41:26] [2026-08-07 20:37:57] Membrane sitting in bath for 1800 seconds.

[2026-08-07 17:41:26] [2026-08-07 20:38:07] Nitrogen cap has been put away.

[2026-08-07 17:41:26] [2026-08-07 20:38:22] Ring has been placed on the coupon.

[2026-08-07 17:41:26] [2026-08-07 20:38:22] Cleaning knife

[2026-08-07 17:41:26] [2026-08-07 20:39:23] Knife cleaning finished.

[2026-08-07 17:41:26] [2026-08-07 21:18:33] Initial membrane picture taken.

[2026-08-07 17:41:26] [2026-08-07 21:19:03] Test has started!

[2026-08-07 17:41:26] [2026-08-07 21:24:05] Test complete!

[2026-08-07 17:41:26] [2026-08-07 21:24:10] Safe: True

[2026-08-07 17:41:26] [2026-08-07 21:24:10] Recent: True

[2026-08-07 17:41:26] [2026-08-07 21:24:10] Time: 1786137850.3223183

[2026-08-07 17:41:26] [2026-08-07 21:24:10] mTime: 1786137823.8734758

[2026-08-07 17:41:26] [2026-08-07 21:24:23] Test has started!

[2026-08-07 17:41:26] [2026-08-07 21:29:28] Test complete!

[2026-08-07 17:41:26] [2026-08-07 21:29:33] Safe: True

[2026-08-07 17:41:26] [2026-08-07 21:29:34] Recent: True

[2026-08-07 17:41:26] [2026-08-07 21:29:34] Time: 1786138174.0007024

[2026-08-07 17:41:26] [2026-08-07 21:29:34] mTime: 1786138147.483322

[2026-08-07 17:41:26] [2026-08-07 21:29:47] Test has started!

[2026-08-07 17:41:26] [2026-08-07 21:34:48] Test complete!

[2026-08-07 17:41:26] [2026-08-07 21:34:53] Safe: True

[2026-08-07 17:41:26] [2026-08-07 21:34:53] Recent: True

[2026-08-07 17:41:26] [2026-08-07 21:34:53] Time: 1786138493.8475006

[2026-08-07 17:41:26] [2026-08-07 21:34:53] mTime: 1786138467.376676

[2026-08-07 17:41:26] [2026-08-07 21:35:07] Test has started!

[2026-08-07 17:41:26] [2026-08-07 21:40:06] Test complete!

[2026-08-07 17:41:26] [2026-08-07 21:40:11] Safe: True

[2026-08-07 17:41:26] [2026-08-07 21:40:11] Recent: True

[2026-08-07 17:41:26] [2026-08-07 21:40:11] Time: 1786138811.7615914

[2026-08-07 17:41:26] [2026-08-07 21:40:11] mTime: 1786138785.3966231

[2026-08-07 17:41:26] [2026-08-07 21:40:38] Final membrane picture taken.

[2026-08-07 17:41:26] [2026-08-07 21:40:56] Coupon successfully discarded.

[2026-08-07 17:41:26] [2026-08-07 21:41:42] Done

[2026-08-07 17:41:26] [2026-08-07 21:41:42] {'temperature': '23.84', 'humidity': '49.29'}

[2026-08-07 17:41:26] ── END PROTOCOL LOG ───────────────────────────────────────────────

[2026-08-07 17:41:26] 
[1/5] organising files...

[2026-08-07 17:41:26] [START] condition=17.0-0.0add-5deg-365s-N2-1800s

[2026-08-07 17:41:26] [2/5] processing pipeline for: 17.0-0.0add-5deg-365s-N2-1800s

[2026-08-07 17:41:32] [3/5] generating initial report...

[2026-08-07 17:41:32] [4/5] running active learning...

[2026-08-07 17:42:13]   JSON result: C:\Users\opentrons\Documents\Auto-Membranes\JSON_results\llm_result_17.0-0.0add-5deg-365s-N2-1800s.json

[2026-08-07 17:42:13] [5/5] next params: {'mixing_temp': 60, 'bath_temp': 5, 'pullcast_speed': 1, 'nitrogen': True, 'coupon_to_bath_wait_time': 350, 'nips_bath_wait_time': 1800, 'polymer_wt': 21.0, 'additive_wt': 0.0, 'stock_metadata': {'polymer_stock_wt_percent': 21.0, 'additive_stock_polymer_wt_percent': 21.0, 'additive_stock_additive_wt_percent': 4.0}}

[2026-08-07 17:42:13] Python recieved!

[2026-08-07 17:42:13] Exact payload being sent: {"mixing_temp": 60, "bath_temp": 5, "pullcast_speed": 1, "nitrogen": true, "coupon_to_bath_wait_time": 350, "nips_bath_wait_time": 1800, "polymer_wt": 21.0, "additive_wt": 0.0, "stock_metadata": {"polymer_stock_wt_percent": 21.0, "additive_stock_polymer_wt_percent": 21.0, "additive_stock_additive_wt_percent": 4.0}}

[2026-08-07 17:42:13] Opentrons response: Creating Membrane with following parameters: {"mixing_temp": 60, "bath_temp": 5, "pullcast_speed": 1, "nitrogen": true, "coupon_to_bath_wait_time": 350, "nips_bath_wait_time": 1800, "polymer_wt": 21.0, "additive_wt": 0.0, "stock_metadata": {"polymer_stock_wt_percent": 21.0, "additive_stock_polymer_wt_percent": 21.0, "additive_stock_additive_wt_percent": 4.0}}

[2026-08-07 17:42:13] [DONE] 17.0-0.0add-5deg-365s-N2-1800s  elapsed=46.3s

[2026-08-07 19:16:27] ── PROTOCOL LOG (Opentrons) ────────────────────────────────────────

[2026-08-07 19:16:27] [2026-08-07 21:42:28] Recievied request for membrane with following parameters:

[2026-08-07 19:16:27] [2026-08-07 21:42:28] {'mixing_temp': 60, 'bath_temp': 5, 'pullcast_speed': 1, 'nitrogen': True, 'coupon_to_bath_wait_time': 350, 'nips_bath_wait_time': 1800, 'polymer_wt': 21.0, 'additive_wt': 0.0, 'stock_metadata': {'polymer_stock_wt_percent': 21.0, 'additive_stock_polymer_wt_percent': 21.0, 'additive_stock_additive_wt_percent': 4.0}}

[2026-08-07 19:16:27] [2026-08-07 21:42:28] Bath chilling process started.

[2026-08-07 19:16:27] [2026-08-07 21:42:28] Beginning zero tests on coupons.

[2026-08-07 19:16:27] [2026-08-07 21:42:28] Opentrons process started.

[2026-08-07 19:16:27] [2026-08-07 21:42:28] 
Target recipe

[2026-08-07 19:16:27] [2026-08-07 21:42:28] -------------

[2026-08-07 19:16:27] [2026-08-07 21:42:28] Total volume:      1000.00 uL

[2026-08-07 19:16:27] [2026-08-07 21:42:28] Target polymer:    21 wt%

[2026-08-07 19:16:27] [2026-08-07 21:42:28] Target additive:   0 wt%

[2026-08-07 19:16:27] [2026-08-07 21:42:28] 
Required volumes

[2026-08-07 19:16:27] [2026-08-07 21:42:28] ----------------

[2026-08-07 19:16:27] [2026-08-07 21:42:28] Normal polymer stock:      1000.00 uL

[2026-08-07 19:16:27] [2026-08-07 21:42:28] Polymer-additive stock:    0.00 uL

[2026-08-07 19:16:27] [2026-08-07 21:42:28] Pure solvent:              0.00 uL

[2026-08-07 19:16:27] [2026-08-07 21:42:28] Total:                     1000.00 uL

[2026-08-07 19:16:27] [2026-08-07 21:42:28] 
Final composition check

[2026-08-07 19:16:27] [2026-08-07 21:42:28] -----------------------

[2026-08-07 19:16:27] [2026-08-07 21:42:28] Polymer:    21.0000 wt%

[2026-08-07 19:16:27] [2026-08-07 21:42:28] Additive:   0.0000 wt%

[2026-08-07 19:16:27] [2026-08-07 21:42:28] Solvent:    79.0000 wt%

[2026-08-07 19:16:27] [2026-08-07 21:42:28] Solution will be pulled from stock polymer bottle.

[2026-08-07 19:16:27] [2026-08-07 21:42:29] 4.53

[2026-08-07 19:16:27] [2026-08-07 21:42:30] 4.53

[2026-08-07 19:16:27] [2026-08-07 21:42:31] 4.51

[2026-08-07 19:16:27] [2026-08-07 21:42:32] 4.5

[2026-08-07 19:16:27] [2026-08-07 21:42:33] 4.5

[2026-08-07 19:16:27] [2026-08-07 21:42:34] 4.5

[2026-08-07 19:16:27] [2026-08-07 21:42:35] 4.51

[2026-08-07 19:16:27] [2026-08-07 21:42:36] 4.52

[2026-08-07 19:16:27] [2026-08-07 21:42:38] 4.53

[2026-08-07 19:16:27] [2026-08-07 21:42:39] 4.55

[2026-08-07 19:16:27] [2026-08-07 21:42:40] 4.58

[2026-08-07 19:16:27] [2026-08-07 21:42:41] 4.6

[2026-08-07 19:16:27] [2026-08-07 21:42:42] 4.63

[2026-08-07 19:16:27] [2026-08-07 21:42:43] 4.67

[2026-08-07 19:16:27] [2026-08-07 21:42:44] 4.7

[2026-08-07 19:16:27] [2026-08-07 21:42:45] 4.74

[2026-08-07 19:16:27] [2026-08-07 21:42:46] 4.77

[2026-08-07 19:16:27] [2026-08-07 21:42:47] 4.81

[2026-08-07 19:16:27] [2026-08-07 21:42:49] 4.84

[2026-08-07 19:16:27] [2026-08-07 21:42:50] 4.88

[2026-08-07 19:16:27] [2026-08-07 21:42:55] Test has started!

[2026-08-07 19:16:27] [2026-08-07 21:47:43] Test complete!

[2026-08-07 19:16:27] [2026-08-07 21:47:48] Safe: True

[2026-08-07 19:16:27] [2026-08-07 21:47:48] Recent: True

[2026-08-07 19:16:27] [2026-08-07 21:47:48] Time: 1786139268.9259892

[2026-08-07 19:16:27] [2026-08-07 21:47:48] mTime: 1786139242.57782

[2026-08-07 19:16:27] [2026-08-07 21:48:02] Test has started!

[2026-08-07 19:16:27] [2026-08-07 21:49:28] entered if statement!!!

[2026-08-07 19:16:27] [2026-08-07 21:52:52] Test complete!

[2026-08-07 19:16:27] [2026-08-07 21:52:57] Safe: True

[2026-08-07 19:16:27] [2026-08-07 21:52:57] Recent: True

[2026-08-07 19:16:27] [2026-08-07 21:52:57] Time: 1786139577.5010436

[2026-08-07 19:16:27] [2026-08-07 21:52:57] mTime: 1786139551.0417361

[2026-08-07 19:16:27] [2026-08-07 21:53:10] Test has started!

[2026-08-07 19:16:27] [2026-08-07 21:57:59] Test complete!

[2026-08-07 19:16:27] [2026-08-07 21:58:04] Safe: True

[2026-08-07 19:16:27] [2026-08-07 21:58:04] Recent: True

[2026-08-07 19:16:27] [2026-08-07 21:58:04] Time: 1786139884.713348

[2026-08-07 19:16:27] [2026-08-07 21:58:04] mTime: 1786139858.277975

[2026-08-07 19:16:27] [2026-08-07 21:58:18] Test has started!

[2026-08-07 19:16:27] [2026-08-07 22:03:08] Test complete!

[2026-08-07 19:16:27] [2026-08-07 22:03:13] Safe: True

[2026-08-07 19:16:27] [2026-08-07 22:03:13] Recent: True

[2026-08-07 19:16:27] [2026-08-07 22:03:13] Time: 1786140193.6917403

[2026-08-07 19:16:27] [2026-08-07 22:03:13] mTime: 1786140167.3215675

[2026-08-07 19:16:27] [2026-08-07 22:03:39] Joined both subprocesses.

[2026-08-07 19:16:27] [2026-08-07 22:06:03] Pullcast complete.

[2026-08-07 19:16:27] [2026-08-07 22:06:03] Nitrogen on.

[2026-08-07 19:16:27] [2026-08-07 22:12:06] Nitrogen off.

[2026-08-07 19:16:27] [2026-08-07 22:12:17] Membrane sitting in bath for 1800 seconds.

[2026-08-07 19:16:27] [2026-08-07 22:12:27] Nitrogen cap has been put away.

[2026-08-07 19:16:27] [2026-08-07 22:12:43] Ring has been placed on the coupon.

[2026-08-07 19:16:27] [2026-08-07 22:12:43] Cleaning knife

[2026-08-07 19:16:27] [2026-08-07 22:13:43] Knife cleaning finished.

[2026-08-07 19:16:27] [2026-08-07 22:52:54] Initial membrane picture taken.

[2026-08-07 19:16:27] [2026-08-07 22:53:24] Test has started!

[2026-08-07 19:16:27] [2026-08-07 22:58:31] Test complete!

[2026-08-07 19:16:27] [2026-08-07 22:58:37] Safe: True

[2026-08-07 19:16:27] [2026-08-07 22:58:37] Recent: True

[2026-08-07 19:16:27] [2026-08-07 22:58:37] Time: 1786143517.2647128

[2026-08-07 19:16:27] [2026-08-07 22:58:37] mTime: 1786143490.3397002

[2026-08-07 19:16:27] [2026-08-07 22:58:50] Test has started!

[2026-08-07 19:16:27] [2026-08-07 23:04:03] Test complete!

[2026-08-07 19:16:27] [2026-08-07 23:04:08] Safe: True

[2026-08-07 19:16:27] [2026-08-07 23:04:08] Recent: True

[2026-08-07 19:16:27] [2026-08-07 23:04:08] Time: 1786143848.5538816

[2026-08-07 19:16:27] [2026-08-07 23:04:08] mTime: 1786143822.0844488

[2026-08-07 19:16:27] [2026-08-07 23:04:21] Test has started!

[2026-08-07 19:16:27] [2026-08-07 23:09:26] Test complete!

[2026-08-07 19:16:27] [2026-08-07 23:09:31] Safe: True

[2026-08-07 19:16:27] [2026-08-07 23:09:31] Recent: True

[2026-08-07 19:16:27] [2026-08-07 23:09:31] Time: 1786144171.841461

[2026-08-07 19:16:27] [2026-08-07 23:09:31] mTime: 1786144145.474849

[2026-08-07 19:16:27] [2026-08-07 23:09:45] Test has started!

[2026-08-07 19:16:27] [2026-08-07 23:15:07] Test complete!

[2026-08-07 19:16:27] [2026-08-07 23:15:12] Safe: True

[2026-08-07 19:16:27] [2026-08-07 23:15:12] Recent: True

[2026-08-07 19:16:27] [2026-08-07 23:15:12] Time: 1786144512.8846889

[2026-08-07 19:16:27] [2026-08-07 23:15:12] mTime: 1786144486.4770923

[2026-08-07 19:16:27] [2026-08-07 23:15:39] Final membrane picture taken.

[2026-08-07 19:16:27] [2026-08-07 23:15:57] Coupon successfully discarded.

[2026-08-07 19:16:27] [2026-08-07 23:16:43] Done

[2026-08-07 19:16:27] [2026-08-07 23:16:43] {'temperature': '23.82', 'humidity': '50.45'}

[2026-08-07 19:16:27] ── END PROTOCOL LOG ───────────────────────────────────────────────

[2026-08-07 19:16:27] 
[1/5] organising files...

[2026-08-07 19:16:27] Condition already tested. New folder: 21.0-0.0add-5deg-350s-N2-1800s_run3

[2026-08-07 19:16:28] [START] condition=21.0-0.0add-5deg-350s-N2-1800s_run3

[2026-08-07 19:16:28] [2/5] processing pipeline for: 21.0-0.0add-5deg-350s-N2-1800s_run3

[2026-08-07 19:16:34] [3/5] generating initial report...

[2026-08-07 19:16:34] [4/5] running active learning...

[2026-08-07 19:17:00]   JSON result: C:\Users\opentrons\Documents\Auto-Membranes\JSON_results\llm_result_21.0-0.0add-5deg-350s-N2-1800s_run3.json

[2026-08-07 19:17:00] [5/5] next params: {'mixing_temp': 60, 'bath_temp': 5, 'pullcast_speed': 1, 'nitrogen': True, 'coupon_to_bath_wait_time': 350, 'nips_bath_wait_time': 1800, 'polymer_wt': 17.0, 'additive_wt': 1.0, 'stock_metadata': {'polymer_stock_wt_percent': 21.0, 'additive_stock_polymer_wt_percent': 21.0, 'additive_stock_additive_wt_percent': 4.0}}

[2026-08-07 19:17:00] Python recieved!

[2026-08-07 19:17:00] Exact payload being sent: {"mixing_temp": 60, "bath_temp": 5, "pullcast_speed": 1, "nitrogen": true, "coupon_to_bath_wait_time": 350, "nips_bath_wait_time": 1800, "polymer_wt": 17.0, "additive_wt": 1.0, "stock_metadata": {"polymer_stock_wt_percent": 21.0, "additive_stock_polymer_wt_percent": 21.0, "additive_stock_additive_wt_percent": 4.0}}

[2026-08-07 19:17:00] Opentrons response: Creating Membrane with following parameters: {"mixing_temp": 60, "bath_temp": 5, "pullcast_speed": 1, "nitrogen": true, "coupon_to_bath_wait_time": 350, "nips_bath_wait_time": 1800, "polymer_wt": 17.0, "additive_wt": 1.0, "stock_metadata": {"polymer_stock_wt_percent": 21.0, "additive_stock_polymer_wt_percent": 21.0, "additive_stock_additive_wt_percent": 4.0}}

[2026-08-07 19:17:00] [DONE] 21.0-0.0add-5deg-350s-N2-1800s_run3  elapsed=33.1s

[2026-08-07 21:39:01] ── PROTOCOL LOG (Opentrons) ────────────────────────────────────────

[2026-08-07 21:39:01] [2026-08-07 23:17:16] Recievied request for membrane with following parameters:

[2026-08-07 21:39:01] [2026-08-07 23:17:16] {'mixing_temp': 60, 'bath_temp': 5, 'pullcast_speed': 1, 'nitrogen': True, 'coupon_to_bath_wait_time': 350, 'nips_bath_wait_time': 1800, 'polymer_wt': 17.0, 'additive_wt': 1.0, 'stock_metadata': {'polymer_stock_wt_percent': 21.0, 'additive_stock_polymer_wt_percent': 21.0, 'additive_stock_additive_wt_percent': 4.0}}

[2026-08-07 21:39:01] [2026-08-07 23:17:16] Bath chilling process started.

[2026-08-07 21:39:01] [2026-08-07 23:17:16] Beginning zero tests on coupons.

[2026-08-07 21:39:01] [2026-08-07 23:17:16] Opentrons process started.

[2026-08-07 21:39:01] [2026-08-07 23:17:16] 
Target recipe

[2026-08-07 21:39:01] [2026-08-07 23:17:16] -------------

[2026-08-07 21:39:01] [2026-08-07 23:17:16] Total volume:      1000.00 uL

[2026-08-07 21:39:01] [2026-08-07 23:17:16] Target polymer:    17 wt%

[2026-08-07 21:39:01] [2026-08-07 23:17:16] Target additive:   1 wt%

[2026-08-07 21:39:01] [2026-08-07 23:17:16] 
Required volumes

[2026-08-07 21:39:01] [2026-08-07 23:17:16] ----------------

[2026-08-07 21:39:01] [2026-08-07 23:17:16] Normal polymer stock:      555.00 uL

[2026-08-07 21:39:01] [2026-08-07 23:17:16] Polymer-additive stock:    243.00 uL

[2026-08-07 21:39:01] [2026-08-07 23:17:16] Pure solvent:              202.00 uL

[2026-08-07 21:39:01] [2026-08-07 23:17:16] Total:                     1000.00 uL

[2026-08-07 21:39:01] [2026-08-07 23:17:16] 
Final composition check

[2026-08-07 21:39:01] [2026-08-07 23:17:16] -----------------------

[2026-08-07 21:39:01] [2026-08-07 23:17:16] Polymer:    17.0004 wt%

[2026-08-07 21:39:01] [2026-08-07 23:17:16] Additive:   0.9985 wt%

[2026-08-07 21:39:01] [2026-08-07 23:17:16] Solvent:    82.0011 wt%

[2026-08-07 21:39:01] [2026-08-07 23:17:16] 4.49

[2026-08-07 21:39:01] [2026-08-07 23:17:18] 4.47

[2026-08-07 21:39:01] [2026-08-07 23:17:19] 4.44

[2026-08-07 21:39:01] [2026-08-07 23:17:20] 4.41

[2026-08-07 21:39:01] [2026-08-07 23:17:21] 4.39

[2026-08-07 21:39:01] [2026-08-07 23:17:22] 4.39

[2026-08-07 21:39:01] [2026-08-07 23:17:23] 4.4

[2026-08-07 21:39:01] [2026-08-07 23:17:24] 4.42

[2026-08-07 21:39:01] [2026-08-07 23:17:25] 4.43

[2026-08-07 21:39:01] [2026-08-07 23:17:26] 4.45

[2026-08-07 21:39:01] [2026-08-07 23:17:28] 4.48

[2026-08-07 21:39:01] [2026-08-07 23:17:29] 4.5

[2026-08-07 21:39:01] [2026-08-07 23:17:30] 4.53

[2026-08-07 21:39:01] [2026-08-07 23:17:31] 4.57

[2026-08-07 21:39:01] [2026-08-07 23:17:32] 4.6

[2026-08-07 21:39:01] [2026-08-07 23:17:33] 4.63

[2026-08-07 21:39:01] [2026-08-07 23:17:34] 4.67

[2026-08-07 21:39:01] [2026-08-07 23:17:35] 4.7

[2026-08-07 21:39:01] [2026-08-07 23:17:36] 4.74

[2026-08-07 21:39:01] [2026-08-07 23:17:37] 4.77

[2026-08-07 21:39:01] [2026-08-07 23:17:39] 4.81

[2026-08-07 21:39:01] [2026-08-07 23:17:40] 4.85

[2026-08-07 21:39:01] [2026-08-07 23:17:41] 4.88

[2026-08-07 21:39:01] [2026-08-07 23:17:43] Test has started!

[2026-08-07 21:39:01] [2026-08-07 23:19:27] Temperature set to 60.

[2026-08-07 21:39:01] [2026-08-07 23:19:38] entered if statement!!!

[2026-08-07 21:39:01] [2026-08-07 23:22:03] entered if statement!!!

[2026-08-07 21:39:01] [2026-08-07 23:22:26] Test complete!

[2026-08-07 21:39:01] [2026-08-07 23:22:31] Safe: True

[2026-08-07 21:39:01] [2026-08-07 23:22:31] Recent: True

[2026-08-07 21:39:01] [2026-08-07 23:22:31] Time: 1786144951.9867454

[2026-08-07 21:39:01] [2026-08-07 23:22:31] mTime: 1786144925.5976214

[2026-08-07 21:39:01] [2026-08-07 23:22:45] Test has started!

[2026-08-07 21:39:01] [2026-08-07 23:27:29] Test complete!

[2026-08-07 21:39:01] [2026-08-07 23:27:34] Safe: True

[2026-08-07 21:39:01] [2026-08-07 23:27:34] Recent: True

[2026-08-07 21:39:01] [2026-08-07 23:27:34] Time: 1786145254.2622154

[2026-08-07 21:39:01] [2026-08-07 23:27:34] mTime: 1786145227.915628

[2026-08-07 21:39:01] [2026-08-07 23:27:47] Test has started!

[2026-08-07 21:39:01] [2026-08-07 23:31:36] entered if statement!!!

[2026-08-07 21:39:01] [2026-08-07 23:32:31] Test complete!

[2026-08-07 21:39:01] [2026-08-07 23:32:36] Safe: True

[2026-08-07 21:39:01] [2026-08-07 23:32:36] Recent: True

[2026-08-07 21:39:01] [2026-08-07 23:32:36] Time: 1786145556.4027808

[2026-08-07 21:39:01] [2026-08-07 23:32:36] mTime: 1786145530.044809

[2026-08-07 21:39:01] [2026-08-07 23:32:49] Test has started!

[2026-08-07 21:39:01] [2026-08-07 23:37:29] Test complete!

[2026-08-07 21:39:01] [2026-08-07 23:37:34] Safe: True

[2026-08-07 21:39:01] [2026-08-07 23:37:34] Recent: True

[2026-08-07 21:39:01] [2026-08-07 23:37:34] Time: 1786145854.4989126

[2026-08-07 21:39:01] [2026-08-07 23:37:34] mTime: 1786145828.1471164

[2026-08-07 21:39:01] [2026-08-07 23:40:58] aspirate

[2026-08-07 21:39:01] [2026-08-07 23:40:58] 0

[2026-08-07 21:39:01] [2026-08-07 23:40:58] 10

[2026-08-07 21:39:01] [2026-08-07 23:43:17] dispense

[2026-08-07 21:39:01] [2026-08-07 23:43:17] 0

[2026-08-07 21:39:01] [2026-08-07 23:43:17] 10

[2026-08-07 21:39:01] [2026-08-07 23:44:46] aspirate

[2026-08-07 21:39:01] [2026-08-07 23:44:46] 1

[2026-08-07 21:39:01] [2026-08-07 23:44:46] 10

[2026-08-07 21:39:01] [2026-08-07 23:47:05] dispense

[2026-08-07 21:39:01] [2026-08-07 23:47:05] 1

[2026-08-07 21:39:01] [2026-08-07 23:47:05] 10

[2026-08-07 21:39:01] [2026-08-07 23:48:33] aspirate

[2026-08-07 21:39:01] [2026-08-07 23:48:33] 2

[2026-08-07 21:39:01] [2026-08-07 23:48:33] 10

[2026-08-07 21:39:01] [2026-08-07 23:50:52] dispense

[2026-08-07 21:39:01] [2026-08-07 23:50:52] 2

[2026-08-07 21:39:01] [2026-08-07 23:50:52] 10

[2026-08-07 21:39:01] [2026-08-07 23:52:21] aspirate

[2026-08-07 21:39:01] [2026-08-07 23:52:21] 3

[2026-08-07 21:39:01] [2026-08-07 23:52:21] 10

[2026-08-07 21:39:01] [2026-08-07 23:54:40] dispense

[2026-08-07 21:39:01] [2026-08-07 23:54:40] 3

[2026-08-07 21:39:01] [2026-08-07 23:54:40] 10

[2026-08-07 21:39:01] [2026-08-07 23:56:09] aspirate

[2026-08-07 21:39:01] [2026-08-07 23:56:09] 4

[2026-08-07 21:39:01] [2026-08-07 23:56:09] 10

[2026-08-07 21:39:01] [2026-08-07 23:58:27] dispense

[2026-08-07 21:39:01] [2026-08-07 23:58:27] 4

[2026-08-07 21:39:01] [2026-08-07 23:58:27] 10

[2026-08-07 21:39:01] [2026-08-07 23:59:56] aspirate

[2026-08-07 21:39:01] [2026-08-07 23:59:56] 5

[2026-08-07 21:39:01] [2026-08-07 23:59:56] 10

[2026-08-07 21:39:01] [2026-08-08 00:02:15] dispense

[2026-08-07 21:39:01] [2026-08-08 00:02:15] 5

[2026-08-07 21:39:01] [2026-08-08 00:02:15] 10

[2026-08-07 21:39:01] [2026-08-08 00:03:44] aspirate

[2026-08-07 21:39:01] [2026-08-08 00:03:44] 6

[2026-08-07 21:39:01] [2026-08-08 00:03:44] 10

[2026-08-07 21:39:01] [2026-08-08 00:06:02] dispense

[2026-08-07 21:39:01] [2026-08-08 00:06:02] 6

[2026-08-07 21:39:01] [2026-08-08 00:06:02] 10

[2026-08-07 21:39:01] [2026-08-08 00:07:31] aspirate

[2026-08-07 21:39:01] [2026-08-08 00:07:31] 7

[2026-08-07 21:39:01] [2026-08-08 00:07:31] 10

[2026-08-07 21:39:01] [2026-08-08 00:09:50] dispense

[2026-08-07 21:39:01] [2026-08-08 00:09:50] 7

[2026-08-07 21:39:01] [2026-08-08 00:09:50] 10

[2026-08-07 21:39:01] [2026-08-08 00:11:19] aspirate

[2026-08-07 21:39:01] [2026-08-08 00:11:19] 8

[2026-08-07 21:39:01] [2026-08-08 00:11:19] 10

[2026-08-07 21:39:01] [2026-08-08 00:13:37] dispense

[2026-08-07 21:39:01] [2026-08-08 00:13:37] 8

[2026-08-07 21:39:01] [2026-08-08 00:13:37] 10

[2026-08-07 21:39:01] [2026-08-08 00:15:06] aspirate

[2026-08-07 21:39:01] [2026-08-08 00:15:06] 9

[2026-08-07 21:39:01] [2026-08-08 00:15:06] 10

[2026-08-07 21:39:01] [2026-08-08 00:17:41] dispense

[2026-08-07 21:39:01] [2026-08-08 00:17:41] 9

[2026-08-07 21:39:01] [2026-08-08 00:17:41] 10

[2026-08-07 21:39:01] [2026-08-08 00:17:41] 2291.2728203758597

[2026-08-07 21:39:01] [2026-08-08 00:24:32] entered if statement!!!

[2026-08-07 21:39:01] [2026-08-08 00:26:03] Joined both subprocesses.

[2026-08-07 21:39:01] [2026-08-08 00:28:27] Pullcast complete.

[2026-08-07 21:39:01] [2026-08-08 00:28:27] Nitrogen on.

[2026-08-07 21:39:01] [2026-08-08 00:34:30] Nitrogen off.

[2026-08-07 21:39:01] [2026-08-08 00:34:41] Membrane sitting in bath for 1800 seconds.

[2026-08-07 21:39:01] [2026-08-08 00:34:51] Nitrogen cap has been put away.

[2026-08-07 21:39:01] [2026-08-08 00:35:06] Ring has been placed on the coupon.

[2026-08-07 21:39:01] [2026-08-08 00:35:06] Cleaning knife

[2026-08-07 21:39:01] [2026-08-08 00:36:07] Knife cleaning finished.

[2026-08-07 21:39:01] [2026-08-08 01:15:18] Initial membrane picture taken.

[2026-08-07 21:39:01] [2026-08-08 01:15:47] Test has started!

[2026-08-07 21:39:01] [2026-08-08 01:21:03] Test complete!

[2026-08-07 21:39:01] [2026-08-08 01:21:08] Safe: True

[2026-08-07 21:39:01] [2026-08-08 01:21:08] Recent: True

[2026-08-07 21:39:01] [2026-08-08 01:21:08] Time: 1786152068.5285606

[2026-08-07 21:39:01] [2026-08-08 01:21:08] mTime: 1786152041.9258664

[2026-08-07 21:39:01] [2026-08-08 01:21:21] Test has started!

[2026-08-07 21:39:01] [2026-08-08 01:26:40] Test complete!

[2026-08-07 21:39:01] [2026-08-08 01:26:45] Safe: True

[2026-08-07 21:39:01] [2026-08-08 01:26:45] Recent: True

[2026-08-07 21:39:01] [2026-08-08 01:26:45] Time: 1786152405.610958

[2026-08-07 21:39:01] [2026-08-08 01:26:45] mTime: 1786152378.975238

[2026-08-07 21:39:01] [2026-08-08 01:26:59] Test has started!

[2026-08-07 21:39:01] [2026-08-08 01:32:11] Test complete!

[2026-08-07 21:39:01] [2026-08-08 01:32:16] Safe: True

[2026-08-07 21:39:01] [2026-08-08 01:32:16] Recent: True

[2026-08-07 21:39:01] [2026-08-08 01:32:16] Time: 1786152736.6762698

[2026-08-07 21:39:01] [2026-08-08 01:32:16] mTime: 1786152710.0960631

[2026-08-07 21:39:01] [2026-08-08 01:32:30] Test has started!

[2026-08-07 21:39:01] [2026-08-08 01:37:42] Test complete!

[2026-08-07 21:39:01] [2026-08-08 01:37:47] Safe: True

[2026-08-07 21:39:01] [2026-08-08 01:37:47] Recent: True

[2026-08-07 21:39:01] [2026-08-08 01:37:47] Time: 1786153067.2078826

[2026-08-07 21:39:01] [2026-08-08 01:37:47] mTime: 1786153040.682764

[2026-08-07 21:39:01] [2026-08-08 01:38:14] Final membrane picture taken.

[2026-08-07 21:39:01] [2026-08-08 01:38:31] Coupon successfully discarded.

[2026-08-07 21:39:01] [2026-08-08 01:39:17] Done

[2026-08-07 21:39:01] [2026-08-08 01:39:17] {'temperature': '23.73', 'humidity': '45.84'}

[2026-08-07 21:39:01] ── END PROTOCOL LOG ───────────────────────────────────────────────

[2026-08-07 21:39:01] 
[1/5] organising files...

[2026-08-07 21:39:01] [START] condition=17.0-1.0add-60degMix-5deg-350s-N2-1800s

[2026-08-07 21:39:01] [2/5] processing pipeline for: 17.0-1.0add-60degMix-5deg-350s-N2-1800s

[2026-08-07 21:39:07] [3/5] generating initial report...

[2026-08-07 21:39:07] [4/5] running active learning...

[2026-08-07 21:39:33]   JSON result: C:\Users\opentrons\Documents\Auto-Membranes\JSON_results\llm_result_17.0-1.0add-60degMix-5deg-350s-N2-1800s.json

[2026-08-07 21:39:33] [5/5] next params: {'mixing_temp': 60, 'bath_temp': 5, 'pullcast_speed': 1, 'nitrogen': True, 'coupon_to_bath_wait_time': 355, 'nips_bath_wait_time': 1800, 'polymer_wt': 17.0, 'additive_wt': 0.0, 'stock_metadata': {'polymer_stock_wt_percent': 21.0, 'additive_stock_polymer_wt_percent': 21.0, 'additive_stock_additive_wt_percent': 4.0}}

[2026-08-07 21:39:33] Python recieved!

[2026-08-07 21:39:33] Exact payload being sent: {"mixing_temp": 60, "bath_temp": 5, "pullcast_speed": 1, "nitrogen": true, "coupon_to_bath_wait_time": 355, "nips_bath_wait_time": 1800, "polymer_wt": 17.0, "additive_wt": 0.0, "stock_metadata": {"polymer_stock_wt_percent": 21.0, "additive_stock_polymer_wt_percent": 21.0, "additive_stock_additive_wt_percent": 4.0}}

[2026-08-07 21:39:33] Opentrons response: Creating Membrane with following parameters: {"mixing_temp": 60, "bath_temp": 5, "pullcast_speed": 1, "nitrogen": true, "coupon_to_bath_wait_time": 355, "nips_bath_wait_time": 1800, "polymer_wt": 17.0, "additive_wt": 0.0, "stock_metadata": {"polymer_stock_wt_percent": 21.0, "additive_stock_polymer_wt_percent": 21.0, "additive_stock_additive_wt_percent": 4.0}}

[2026-08-07 21:39:33] [DONE] 17.0-1.0add-60degMix-5deg-350s-N2-1800s  elapsed=31.4s

[2026-08-07 23:57:58] ── PROTOCOL LOG (Opentrons) ────────────────────────────────────────

[2026-08-07 23:57:58] [2026-08-08 01:39:48] Recievied request for membrane with following parameters:

[2026-08-07 23:57:58] [2026-08-08 01:39:48] {'mixing_temp': 60, 'bath_temp': 5, 'pullcast_speed': 1, 'nitrogen': True, 'coupon_to_bath_wait_time': 355, 'nips_bath_wait_time': 1800, 'polymer_wt': 17.0, 'additive_wt': 0.0, 'stock_metadata': {'polymer_stock_wt_percent': 21.0, 'additive_stock_polymer_wt_percent': 21.0, 'additive_stock_additive_wt_percent': 4.0}}

[2026-08-07 23:57:58] [2026-08-08 01:39:48] Bath chilling process started.

[2026-08-07 23:57:58] [2026-08-08 01:39:48] Beginning zero tests on coupons.

[2026-08-07 23:57:58] [2026-08-08 01:39:48] Opentrons process started.

[2026-08-07 23:57:58] [2026-08-08 01:39:48] 
Target recipe

[2026-08-07 23:57:58] [2026-08-08 01:39:48] -------------

[2026-08-07 23:57:58] [2026-08-08 01:39:48] Total volume:      1000.00 uL

[2026-08-07 23:57:58] [2026-08-08 01:39:48] Target polymer:    17 wt%

[2026-08-07 23:57:58] [2026-08-08 01:39:48] Target additive:   0 wt%

[2026-08-07 23:57:58] [2026-08-08 01:39:48] 
Required volumes

[2026-08-07 23:57:58] [2026-08-08 01:39:48] ----------------

[2026-08-07 23:57:58] [2026-08-08 01:39:48] Normal polymer stock:      799.00 uL

[2026-08-07 23:57:58] [2026-08-08 01:39:48] Polymer-additive stock:    0.00 uL

[2026-08-07 23:57:58] [2026-08-08 01:39:48] Pure solvent:              201.00 uL

[2026-08-07 23:57:58] [2026-08-08 01:39:48] Total:                     1000.00 uL

[2026-08-07 23:57:58] [2026-08-08 01:39:48] 
Final composition check

[2026-08-07 23:57:58] [2026-08-08 01:39:48] -----------------------

[2026-08-07 23:57:58] [2026-08-08 01:39:48] Polymer:    17.0027 wt%

[2026-08-07 23:57:58] [2026-08-08 01:39:48] Additive:   0.0000 wt%

[2026-08-07 23:57:58] [2026-08-08 01:39:48] Solvent:    82.9973 wt%

[2026-08-07 23:57:58] [2026-08-08 01:39:49] 4.52

[2026-08-07 23:57:58] [2026-08-08 01:39:50] 4.51

[2026-08-07 23:57:58] [2026-08-08 01:39:51] 4.5

[2026-08-07 23:57:58] [2026-08-08 01:39:52] 4.49

[2026-08-07 23:57:58] [2026-08-08 01:39:53] 4.48

[2026-08-07 23:57:58] [2026-08-08 01:39:54] 4.48

[2026-08-07 23:57:58] [2026-08-08 01:39:55] 4.47

[2026-08-07 23:57:58] [2026-08-08 01:39:56] 4.47

[2026-08-07 23:57:58] [2026-08-08 01:39:58] 4.48

[2026-08-07 23:57:58] [2026-08-08 01:39:59] 4.49

[2026-08-07 23:57:58] [2026-08-08 01:40:00] 4.5

[2026-08-07 23:57:58] [2026-08-08 01:40:01] 4.52

[2026-08-07 23:57:58] [2026-08-08 01:40:02] 4.54

[2026-08-07 23:57:58] [2026-08-08 01:40:03] 4.56

[2026-08-07 23:57:58] [2026-08-08 01:40:04] 4.58

[2026-08-07 23:57:58] [2026-08-08 01:40:05] 4.61

[2026-08-07 23:57:58] [2026-08-08 01:40:06] 4.64

[2026-08-07 23:57:58] [2026-08-08 01:40:07] 4.66

[2026-08-07 23:57:58] [2026-08-08 01:40:09] 4.69

[2026-08-07 23:57:58] [2026-08-08 01:40:10] 4.71

[2026-08-07 23:57:58] [2026-08-08 01:40:11] 4.74

[2026-08-07 23:57:58] [2026-08-08 01:40:12] 4.78

[2026-08-07 23:57:58] [2026-08-08 01:40:13] 4.81

[2026-08-07 23:57:58] [2026-08-08 01:40:14] 4.84

[2026-08-07 23:57:58] [2026-08-08 01:40:15] 4.87

[2026-08-07 23:57:58] [2026-08-08 01:40:15] Test has started!

[2026-08-07 23:57:58] [2026-08-08 01:40:16] 4.9

[2026-08-07 23:57:58] [2026-08-08 01:41:35] Temperature set to 60.

[2026-08-07 23:57:58] [2026-08-08 01:41:47] entered if statement!!!

[2026-08-07 23:57:58] [2026-08-08 01:45:26] Test complete!

[2026-08-07 23:57:58] [2026-08-08 01:45:31] Safe: True

[2026-08-07 23:57:58] [2026-08-08 01:45:31] Recent: True

[2026-08-07 23:57:58] [2026-08-08 01:45:31] Time: 1786153531.9225159

[2026-08-07 23:57:58] [2026-08-08 01:45:31] mTime: 1786153505.3367715

[2026-08-07 23:57:58] [2026-08-08 01:45:45] Test has started!

[2026-08-07 23:57:58] [2026-08-08 01:47:34] entered if statement!!!

[2026-08-07 23:57:58] [2026-08-08 01:50:58] Test complete!

[2026-08-07 23:57:58] [2026-08-08 01:51:03] Safe: True

[2026-08-07 23:57:58] [2026-08-08 01:51:03] Recent: True

[2026-08-07 23:57:58] [2026-08-08 01:51:03] Time: 1786153863.9911187

[2026-08-07 23:57:58] [2026-08-08 01:51:03] mTime: 1786153837.503676

[2026-08-07 23:57:58] [2026-08-08 01:51:17] Test has started!

[2026-08-07 23:57:58] [2026-08-08 01:56:30] Test complete!

[2026-08-07 23:57:58] [2026-08-08 01:56:35] Safe: True

[2026-08-07 23:57:58] [2026-08-08 01:56:35] Recent: True

[2026-08-07 23:57:58] [2026-08-08 01:56:35] Time: 1786154195.416981

[2026-08-07 23:57:58] [2026-08-08 01:56:35] mTime: 1786154168.782603

[2026-08-07 23:57:58] [2026-08-08 01:56:49] Test has started!

[2026-08-07 23:57:58] [2026-08-08 01:58:25] aspirate

[2026-08-07 23:57:58] [2026-08-08 01:58:25] 0

[2026-08-07 23:57:58] [2026-08-08 01:58:25] 10

[2026-08-07 23:57:58] [2026-08-08 02:00:44] dispense

[2026-08-07 23:57:58] [2026-08-08 02:00:44] 0

[2026-08-07 23:57:58] [2026-08-08 02:00:44] 10

[2026-08-07 23:57:58] [2026-08-08 02:02:05] Test complete!

[2026-08-07 23:57:58] [2026-08-08 02:02:10] Safe: True

[2026-08-07 23:57:58] [2026-08-08 02:02:10] Recent: True

[2026-08-07 23:57:58] [2026-08-08 02:02:10] Time: 1786154530.168983

[2026-08-07 23:57:58] [2026-08-08 02:02:10] mTime: 1786154503.5093055

[2026-08-07 23:57:58] [2026-08-08 02:02:13] aspirate

[2026-08-07 23:57:58] [2026-08-08 02:02:13] 1

[2026-08-07 23:57:58] [2026-08-08 02:02:13] 10

[2026-08-07 23:57:58] [2026-08-08 02:04:31] dispense

[2026-08-07 23:57:58] [2026-08-08 02:04:31] 1

[2026-08-07 23:57:58] [2026-08-08 02:04:31] 10

[2026-08-07 23:57:58] [2026-08-08 02:06:00] aspirate

[2026-08-07 23:57:58] [2026-08-08 02:06:00] 2

[2026-08-07 23:57:58] [2026-08-08 02:06:00] 10

[2026-08-07 23:57:58] [2026-08-08 02:08:19] dispense

[2026-08-07 23:57:58] [2026-08-08 02:08:19] 2

[2026-08-07 23:57:58] [2026-08-08 02:08:19] 10

[2026-08-07 23:57:58] [2026-08-08 02:09:48] aspirate

[2026-08-07 23:57:58] [2026-08-08 02:09:48] 3

[2026-08-07 23:57:58] [2026-08-08 02:09:48] 10

[2026-08-07 23:57:58] [2026-08-08 02:12:06] dispense

[2026-08-07 23:57:58] [2026-08-08 02:12:06] 3

[2026-08-07 23:57:58] [2026-08-08 02:12:06] 10

[2026-08-07 23:57:58] [2026-08-08 02:13:35] aspirate

[2026-08-07 23:57:58] [2026-08-08 02:13:35] 4

[2026-08-07 23:57:58] [2026-08-08 02:13:35] 10

[2026-08-07 23:57:58] [2026-08-08 02:15:54] dispense

[2026-08-07 23:57:58] [2026-08-08 02:15:54] 4

[2026-08-07 23:57:58] [2026-08-08 02:15:54] 10

[2026-08-07 23:57:58] [2026-08-08 02:17:23] aspirate

[2026-08-07 23:57:58] [2026-08-08 02:17:23] 5

[2026-08-07 23:57:58] [2026-08-08 02:17:23] 10

[2026-08-07 23:57:58] [2026-08-08 02:19:41] dispense

[2026-08-07 23:57:58] [2026-08-08 02:19:41] 5

[2026-08-07 23:57:58] [2026-08-08 02:19:41] 10

[2026-08-07 23:57:58] [2026-08-08 02:21:10] aspirate

[2026-08-07 23:57:58] [2026-08-08 02:21:10] 6

[2026-08-07 23:57:58] [2026-08-08 02:21:10] 10

[2026-08-07 23:57:58] [2026-08-08 02:23:29] dispense

[2026-08-07 23:57:58] [2026-08-08 02:23:29] 6

[2026-08-07 23:57:58] [2026-08-08 02:23:29] 10

[2026-08-07 23:57:58] [2026-08-08 02:24:58] aspirate

[2026-08-07 23:57:58] [2026-08-08 02:24:58] 7

[2026-08-07 23:57:58] [2026-08-08 02:24:58] 10

[2026-08-07 23:57:58] [2026-08-08 02:27:16] dispense

[2026-08-07 23:57:58] [2026-08-08 02:27:16] 7

[2026-08-07 23:57:58] [2026-08-08 02:27:16] 10

[2026-08-07 23:57:58] [2026-08-08 02:28:45] aspirate

[2026-08-07 23:57:58] [2026-08-08 02:28:45] 8

[2026-08-07 23:57:58] [2026-08-08 02:28:45] 10

[2026-08-07 23:57:58] [2026-08-08 02:31:04] dispense

[2026-08-07 23:57:58] [2026-08-08 02:31:04] 8

[2026-08-07 23:57:58] [2026-08-08 02:31:04] 10

[2026-08-07 23:57:58] [2026-08-08 02:32:33] aspirate

[2026-08-07 23:57:58] [2026-08-08 02:32:33] 9

[2026-08-07 23:57:58] [2026-08-08 02:32:33] 10

[2026-08-07 23:57:58] [2026-08-08 02:35:07] dispense

[2026-08-07 23:57:58] [2026-08-08 02:35:07] 9

[2026-08-07 23:57:58] [2026-08-08 02:35:07] 10

[2026-08-07 23:57:58] [2026-08-08 02:35:07] 2291.351499802433

[2026-08-07 23:57:58] [2026-08-08 02:41:59] entered if statement!!!

[2026-08-07 23:57:58] [2026-08-08 02:43:30] Joined both subprocesses.

[2026-08-07 23:57:58] [2026-08-08 02:45:54] Pullcast complete.

[2026-08-07 23:57:58] [2026-08-08 02:45:54] Nitrogen on.

[2026-08-07 23:57:58] [2026-08-08 02:52:02] Nitrogen off.

[2026-08-07 23:57:58] [2026-08-08 02:52:13] Membrane sitting in bath for 1800 seconds.

[2026-08-07 23:57:58] [2026-08-08 02:52:23] Nitrogen cap has been put away.

[2026-08-07 23:57:58] [2026-08-08 02:52:38] Ring has been placed on the coupon.

[2026-08-07 23:57:58] [2026-08-08 02:52:38] Cleaning knife

[2026-08-07 23:57:58] [2026-08-08 02:53:39] Knife cleaning finished.

[2026-08-07 23:57:58] [2026-08-08 03:32:49] Initial membrane picture taken.

[2026-08-07 23:57:58] [2026-08-08 03:33:19] Test has started!

[2026-08-07 23:57:58] [2026-08-08 03:38:53] Test complete!

[2026-08-07 23:57:58] [2026-08-08 03:38:59] Safe: True

[2026-08-07 23:57:58] [2026-08-08 03:38:59] Recent: True

[2026-08-07 23:57:58] [2026-08-08 03:38:59] Time: 1786160339.10081

[2026-08-07 23:57:58] [2026-08-08 03:38:59] mTime: 1786160312.453494

[2026-08-07 23:57:58] [2026-08-08 03:39:12] Test has started!

[2026-08-07 23:57:58] [2026-08-08 03:44:45] Test complete!

[2026-08-07 23:57:58] [2026-08-08 03:44:50] Safe: True

[2026-08-07 23:57:58] [2026-08-08 03:44:50] Recent: True

[2026-08-07 23:57:58] [2026-08-08 03:44:50] Time: 1786160690.5525794

[2026-08-07 23:57:58] [2026-08-08 03:44:50] mTime: 1786160663.972586

[2026-08-07 23:57:58] [2026-08-08 03:45:04] Test has started!

[2026-08-07 23:57:58] [2026-08-08 03:50:43] Test complete!

[2026-08-07 23:57:58] [2026-08-08 03:50:48] Safe: True

[2026-08-07 23:57:58] [2026-08-08 03:50:48] Recent: True

[2026-08-07 23:57:58] [2026-08-08 03:50:48] Time: 1786161048.3057468

[2026-08-07 23:57:58] [2026-08-08 03:50:48] mTime: 1786161021.5104318

[2026-08-07 23:57:58] [2026-08-08 03:51:01] Test has started!

[2026-08-07 23:57:58] [2026-08-08 03:56:38] Test complete!

[2026-08-07 23:57:58] [2026-08-08 03:56:43] Safe: True

[2026-08-07 23:57:58] [2026-08-08 03:56:43] Recent: True

[2026-08-07 23:57:58] [2026-08-08 03:56:43] Time: 1786161403.673323

[2026-08-07 23:57:58] [2026-08-08 03:56:43] mTime: 1786161377.0838487

[2026-08-07 23:57:58] [2026-08-08 03:57:10] Final membrane picture taken.

[2026-08-07 23:57:58] [2026-08-08 03:57:28] Coupon successfully discarded.

[2026-08-07 23:57:58] [2026-08-08 03:58:13] Done

[2026-08-07 23:57:58] [2026-08-08 03:58:13] {'temperature': '23.56', 'humidity': '45.70'}

[2026-08-07 23:57:58] ── END PROTOCOL LOG ───────────────────────────────────────────────

[2026-08-07 23:57:58] 
[1/5] organising files...

[2026-08-07 23:57:58] [START] condition=17.0-0.0add-5deg-355s-N2-1800s

[2026-08-07 23:57:58] [2/5] processing pipeline for: 17.0-0.0add-5deg-355s-N2-1800s

[2026-08-07 23:58:04] [3/5] generating initial report...

[2026-08-07 23:58:04] [4/5] running active learning...

[2026-08-07 23:58:49]   JSON result: C:\Users\opentrons\Documents\Auto-Membranes\JSON_results\llm_result_17.0-0.0add-5deg-355s-N2-1800s.json

[2026-08-07 23:58:49] [5/5] next params: {'mixing_temp': 60, 'bath_temp': 5, 'pullcast_speed': 1, 'nitrogen': True, 'coupon_to_bath_wait_time': 350, 'nips_bath_wait_time': 1800, 'polymer_wt': 21.0, 'additive_wt': 0.0, 'stock_metadata': {'polymer_stock_wt_percent': 21.0, 'additive_stock_polymer_wt_percent': 21.0, 'additive_stock_additive_wt_percent': 4.0}}

[2026-08-07 23:58:49] Python recieved!

[2026-08-07 23:58:49] Exact payload being sent: {"mixing_temp": 60, "bath_temp": 5, "pullcast_speed": 1, "nitrogen": true, "coupon_to_bath_wait_time": 350, "nips_bath_wait_time": 1800, "polymer_wt": 21.0, "additive_wt": 0.0, "stock_metadata": {"polymer_stock_wt_percent": 21.0, "additive_stock_polymer_wt_percent": 21.0, "additive_stock_additive_wt_percent": 4.0}}

[2026-08-07 23:58:49] Opentrons response: Creating Membrane with following parameters: {"mixing_temp": 60, "bath_temp": 5, "pullcast_speed": 1, "nitrogen": true, "coupon_to_bath_wait_time": 350, "nips_bath_wait_time": 1800, "polymer_wt": 21.0, "additive_wt": 0.0, "stock_metadata": {"polymer_stock_wt_percent": 21.0, "additive_stock_polymer_wt_percent": 21.0, "additive_stock_additive_wt_percent": 4.0}}

[2026-08-07 23:58:49] [DONE] 17.0-0.0add-5deg-355s-N2-1800s  elapsed=51.5s

[2026-08-08 01:31:03] ── PROTOCOL LOG (Opentrons) ────────────────────────────────────────

[2026-08-08 01:31:03] [2026-08-08 03:59:05] Recievied request for membrane with following parameters:

[2026-08-08 01:31:03] [2026-08-08 03:59:05] {'mixing_temp': 60, 'bath_temp': 5, 'pullcast_speed': 1, 'nitrogen': True, 'coupon_to_bath_wait_time': 350, 'nips_bath_wait_time': 1800, 'polymer_wt': 21.0, 'additive_wt': 0.0, 'stock_metadata': {'polymer_stock_wt_percent': 21.0, 'additive_stock_polymer_wt_percent': 21.0, 'additive_stock_additive_wt_percent': 4.0}}

[2026-08-08 01:31:03] [2026-08-08 03:59:05] Bath chilling process started.

[2026-08-08 01:31:03] [2026-08-08 03:59:05] Beginning zero tests on coupons.

[2026-08-08 01:31:03] [2026-08-08 03:59:05] Opentrons process started.

[2026-08-08 01:31:03] [2026-08-08 03:59:05] 
Target recipe

[2026-08-08 01:31:03] [2026-08-08 03:59:05] -------------

[2026-08-08 01:31:03] [2026-08-08 03:59:05] Total volume:      1000.00 uL

[2026-08-08 01:31:03] [2026-08-08 03:59:05] Target polymer:    21 wt%

[2026-08-08 01:31:03] [2026-08-08 03:59:05] Target additive:   0 wt%

[2026-08-08 01:31:03] [2026-08-08 03:59:05] 
Required volumes

[2026-08-08 01:31:03] [2026-08-08 03:59:05] ----------------

[2026-08-08 01:31:03] [2026-08-08 03:59:05] Normal polymer stock:      1000.00 uL

[2026-08-08 01:31:03] [2026-08-08 03:59:05] Polymer-additive stock:    0.00 uL

[2026-08-08 01:31:03] [2026-08-08 03:59:05] Pure solvent:              0.00 uL

[2026-08-08 01:31:03] [2026-08-08 03:59:05] Total:                     1000.00 uL

[2026-08-08 01:31:03] [2026-08-08 03:59:05] 
Final composition check

[2026-08-08 01:31:03] [2026-08-08 03:59:05] -----------------------

[2026-08-08 01:31:03] [2026-08-08 03:59:05] Polymer:    21.0000 wt%

[2026-08-08 01:31:03] [2026-08-08 03:59:05] Additive:   0.0000 wt%

[2026-08-08 01:31:03] [2026-08-08 03:59:05] Solvent:    79.0000 wt%

[2026-08-08 01:31:03] [2026-08-08 03:59:05] Solution will be pulled from stock polymer bottle.

[2026-08-08 01:31:03] [2026-08-08 03:59:05] 4.11

[2026-08-08 01:31:03] [2026-08-08 03:59:07] 4.1

[2026-08-08 01:31:03] [2026-08-08 03:59:08] 4.1

[2026-08-08 01:31:03] [2026-08-08 03:59:09] 4.1

[2026-08-08 01:31:03] [2026-08-08 03:59:10] 4.12

[2026-08-08 01:31:03] [2026-08-08 03:59:11] 4.15

[2026-08-08 01:31:03] [2026-08-08 03:59:12] 4.19

[2026-08-08 01:31:03] [2026-08-08 03:59:13] 4.23

[2026-08-08 01:31:03] [2026-08-08 03:59:14] 4.27

[2026-08-08 01:31:03] [2026-08-08 03:59:16] 4.33

[2026-08-08 01:31:03] [2026-08-08 03:59:17] 4.37

[2026-08-08 01:31:03] [2026-08-08 03:59:18] 4.42

[2026-08-08 01:31:03] [2026-08-08 03:59:19] 4.47

[2026-08-08 01:31:03] [2026-08-08 03:59:20] 4.52

[2026-08-08 01:31:03] [2026-08-08 03:59:21] 4.57

[2026-08-08 01:31:03] [2026-08-08 03:59:22] 4.61

[2026-08-08 01:31:03] [2026-08-08 03:59:23] 4.66

[2026-08-08 01:31:03] [2026-08-08 03:59:24] 4.71

[2026-08-08 01:31:03] [2026-08-08 03:59:25] 4.75

[2026-08-08 01:31:03] [2026-08-08 03:59:27] 4.79

[2026-08-08 01:31:03] [2026-08-08 03:59:28] 4.84

[2026-08-08 01:31:03] [2026-08-08 03:59:29] 4.89

[2026-08-08 01:31:03] [2026-08-08 03:59:32] Test has started!

[2026-08-08 01:31:03] [2026-08-08 04:04:08] Test complete!

[2026-08-08 01:31:03] [2026-08-08 04:04:13] Safe: True

[2026-08-08 01:31:03] [2026-08-08 04:04:13] Recent: True

[2026-08-08 01:31:03] [2026-08-08 04:04:13] Time: 1786161853.1374762

[2026-08-08 01:31:03] [2026-08-08 04:04:13] mTime: 1786161826.6159942

[2026-08-08 01:31:03] [2026-08-08 04:04:26] Test has started!

[2026-08-08 01:31:03] [2026-08-08 04:06:05] entered if statement!!!

[2026-08-08 01:31:03] [2026-08-08 04:09:03] Test complete!

[2026-08-08 01:31:03] [2026-08-08 04:09:08] Safe: True

[2026-08-08 01:31:03] [2026-08-08 04:09:08] Recent: True

[2026-08-08 01:31:03] [2026-08-08 04:09:08] Time: 1786162148.7900422

[2026-08-08 01:31:03] [2026-08-08 04:09:08] mTime: 1786162122.3288517

[2026-08-08 01:31:03] [2026-08-08 04:09:22] Test has started!

[2026-08-08 01:31:03] [2026-08-08 04:13:58] Test complete!

[2026-08-08 01:31:03] [2026-08-08 04:14:03] Safe: True

[2026-08-08 01:31:03] [2026-08-08 04:14:03] Recent: True

[2026-08-08 01:31:03] [2026-08-08 04:14:03] Time: 1786162443.751749

[2026-08-08 01:31:03] [2026-08-08 04:14:03] mTime: 1786162417.2524254

[2026-08-08 01:31:03] [2026-08-08 04:14:17] Test has started!

[2026-08-08 01:31:03] [2026-08-08 04:18:51] Test complete!

[2026-08-08 01:31:03] [2026-08-08 04:18:57] Safe: True

[2026-08-08 01:31:03] [2026-08-08 04:18:57] Recent: True

[2026-08-08 01:31:03] [2026-08-08 04:18:57] Time: 1786162737.0598998

[2026-08-08 01:31:03] [2026-08-08 04:18:57] mTime: 1786162710.6192484

[2026-08-08 01:31:03] [2026-08-08 04:19:23] Joined both subprocesses.

[2026-08-08 01:31:03] [2026-08-08 04:21:46] Pullcast complete.

[2026-08-08 01:31:03] [2026-08-08 04:21:46] Nitrogen on.

[2026-08-08 01:31:03] [2026-08-08 04:27:49] Nitrogen off.

[2026-08-08 01:31:03] [2026-08-08 04:28:00] Membrane sitting in bath for 1800 seconds.

[2026-08-08 01:31:03] [2026-08-08 04:28:11] Nitrogen cap has been put away.

[2026-08-08 01:31:03] [2026-08-08 04:28:26] Ring has been placed on the coupon.

[2026-08-08 01:31:03] [2026-08-08 04:28:26] Cleaning knife

[2026-08-08 01:31:03] [2026-08-08 04:29:27] Knife cleaning finished.

[2026-08-08 01:31:03] [2026-08-08 05:08:37] Initial membrane picture taken.

[2026-08-08 01:31:03] [2026-08-08 05:09:07] Test has started!

[2026-08-08 01:31:03] [2026-08-08 05:14:02] Test complete!

[2026-08-08 01:31:03] [2026-08-08 05:14:07] Safe: True

[2026-08-08 01:31:03] [2026-08-08 05:14:07] Recent: True

[2026-08-08 01:31:03] [2026-08-08 05:14:07] Time: 1786166047.8436933

[2026-08-08 01:31:03] [2026-08-08 05:14:07] mTime: 1786166021.3860068

[2026-08-08 01:31:03] [2026-08-08 05:14:21] Test has started!

[2026-08-08 01:31:03] [2026-08-08 05:19:20] Test complete!

[2026-08-08 01:31:03] [2026-08-08 05:19:25] Safe: True

[2026-08-08 01:31:03] [2026-08-08 05:19:25] Recent: True

[2026-08-08 01:31:03] [2026-08-08 05:19:25] Time: 1786166365.9608214

[2026-08-08 01:31:03] [2026-08-08 05:19:25] mTime: 1786166339.4287817

[2026-08-08 01:31:03] [2026-08-08 05:19:39] Test has started!

[2026-08-08 01:31:03] [2026-08-08 05:24:32] Test complete!

[2026-08-08 01:31:03] [2026-08-08 05:24:37] Safe: True

[2026-08-08 01:31:03] [2026-08-08 05:24:37] Recent: True

[2026-08-08 01:31:03] [2026-08-08 05:24:37] Time: 1786166677.7443926

[2026-08-08 01:31:03] [2026-08-08 05:24:37] mTime: 1786166651.176074

[2026-08-08 01:31:03] [2026-08-08 05:24:51] Test has started!

[2026-08-08 01:31:03] [2026-08-08 05:29:43] Test complete!

[2026-08-08 01:31:03] [2026-08-08 05:29:48] Safe: True

[2026-08-08 01:31:03] [2026-08-08 05:29:48] Recent: True

[2026-08-08 01:31:03] [2026-08-08 05:29:48] Time: 1786166988.9343734

[2026-08-08 01:31:03] [2026-08-08 05:29:48] mTime: 1786166962.2944345

[2026-08-08 01:31:03] [2026-08-08 05:30:15] Final membrane picture taken.

[2026-08-08 01:31:03] [2026-08-08 05:30:33] Coupon successfully discarded.

[2026-08-08 01:31:03] [2026-08-08 05:31:18] Done

[2026-08-08 01:31:03] [2026-08-08 05:31:19] {'temperature': '23.41', 'humidity': '46.07'}

[2026-08-08 01:31:03] ── END PROTOCOL LOG ───────────────────────────────────────────────

[2026-08-08 01:31:03] 
[1/5] organising files...

[2026-08-08 01:31:03] Condition already tested. New folder: 21.0-0.0add-5deg-350s-N2-1800s_run4

[2026-08-08 01:31:03] [START] condition=21.0-0.0add-5deg-350s-N2-1800s_run4

[2026-08-08 01:31:03] [2/5] processing pipeline for: 21.0-0.0add-5deg-350s-N2-1800s_run4

[2026-08-08 01:31:10] [3/5] generating initial report...

[2026-08-08 01:31:10] [4/5] running active learning...

[2026-08-08 01:31:34]   JSON result: C:\Users\opentrons\Documents\Auto-Membranes\JSON_results\llm_result_21.0-0.0add-5deg-350s-N2-1800s_run4.json

[2026-08-08 01:31:34] [5/5] next params: {'mixing_temp': 60, 'bath_temp': 5, 'pullcast_speed': 1, 'nitrogen': True, 'coupon_to_bath_wait_time': 350, 'nips_bath_wait_time': 1800, 'polymer_wt': 17.0, 'additive_wt': 1.0, 'stock_metadata': {'polymer_stock_wt_percent': 21.0, 'additive_stock_polymer_wt_percent': 21.0, 'additive_stock_additive_wt_percent': 4.0}}

[2026-08-08 01:31:34] Python recieved!

[2026-08-08 01:31:34] Exact payload being sent: {"mixing_temp": 60, "bath_temp": 5, "pullcast_speed": 1, "nitrogen": true, "coupon_to_bath_wait_time": 350, "nips_bath_wait_time": 1800, "polymer_wt": 17.0, "additive_wt": 1.0, "stock_metadata": {"polymer_stock_wt_percent": 21.0, "additive_stock_polymer_wt_percent": 21.0, "additive_stock_additive_wt_percent": 4.0}}

[2026-08-08 01:31:34] Opentrons response: Creating Membrane with following parameters: {"mixing_temp": 60, "bath_temp": 5, "pullcast_speed": 1, "nitrogen": true, "coupon_to_bath_wait_time": 350, "nips_bath_wait_time": 1800, "polymer_wt": 17.0, "additive_wt": 1.0, "stock_metadata": {"polymer_stock_wt_percent": 21.0, "additive_stock_polymer_wt_percent": 21.0, "additive_stock_additive_wt_percent": 4.0}}

[2026-08-08 01:31:34] [DONE] 21.0-0.0add-5deg-350s-N2-1800s_run4  elapsed=31.1s

[2026-08-08 03:52:28] ── PROTOCOL LOG (Opentrons) ────────────────────────────────────────

[2026-08-08 03:52:28] [2026-08-08 05:31:50] Recievied request for membrane with following parameters:

[2026-08-08 03:52:28] [2026-08-08 05:31:50] {'mixing_temp': 60, 'bath_temp': 5, 'pullcast_speed': 1, 'nitrogen': True, 'coupon_to_bath_wait_time': 350, 'nips_bath_wait_time': 1800, 'polymer_wt': 17.0, 'additive_wt': 1.0, 'stock_metadata': {'polymer_stock_wt_percent': 21.0, 'additive_stock_polymer_wt_percent': 21.0, 'additive_stock_additive_wt_percent': 4.0}}

[2026-08-08 03:52:28] [2026-08-08 05:31:50] Bath chilling process started.

[2026-08-08 03:52:28] [2026-08-08 05:31:50] Beginning zero tests on coupons.

[2026-08-08 03:52:28] [2026-08-08 05:31:50] Opentrons process started.

[2026-08-08 03:52:28] [2026-08-08 05:31:50] 
Target recipe

[2026-08-08 03:52:28] [2026-08-08 05:31:50] -------------

[2026-08-08 03:52:28] [2026-08-08 05:31:50] Total volume:      1000.00 uL

[2026-08-08 03:52:28] [2026-08-08 05:31:50] Target polymer:    17 wt%

[2026-08-08 03:52:28] [2026-08-08 05:31:50] Target additive:   1 wt%

[2026-08-08 03:52:28] [2026-08-08 05:31:50] 
Required volumes

[2026-08-08 03:52:28] [2026-08-08 05:31:50] ----------------

[2026-08-08 03:52:28] [2026-08-08 05:31:50] Normal polymer stock:      555.00 uL

[2026-08-08 03:52:28] [2026-08-08 05:31:50] Polymer-additive stock:    243.00 uL

[2026-08-08 03:52:28] [2026-08-08 05:31:50] Pure solvent:              202.00 uL

[2026-08-08 03:52:28] [2026-08-08 05:31:50] Total:                     1000.00 uL

[2026-08-08 03:52:28] [2026-08-08 05:31:50] 
Final composition check

[2026-08-08 03:52:28] [2026-08-08 05:31:50] -----------------------

[2026-08-08 03:52:28] [2026-08-08 05:31:50] Polymer:    17.0004 wt%

[2026-08-08 03:52:28] [2026-08-08 05:31:50] Additive:   0.9985 wt%

[2026-08-08 03:52:28] [2026-08-08 05:31:50] Solvent:    82.0011 wt%

[2026-08-08 03:52:28] [2026-08-08 05:31:50] 4.61

[2026-08-08 03:52:28] [2026-08-08 05:31:51] 4.59

[2026-08-08 03:52:28] [2026-08-08 05:31:52] 4.57

[2026-08-08 03:52:28] [2026-08-08 05:31:53] 4.55

[2026-08-08 03:52:28] [2026-08-08 05:31:55] 4.53

[2026-08-08 03:52:28] [2026-08-08 05:31:56] 4.52

[2026-08-08 03:52:28] [2026-08-08 05:31:57] 4.52

[2026-08-08 03:52:28] [2026-08-08 05:31:58] 4.51

[2026-08-08 03:52:28] [2026-08-08 05:31:59] 4.52

[2026-08-08 03:52:28] [2026-08-08 05:32:00] 4.52

[2026-08-08 03:52:28] [2026-08-08 05:32:01] 4.53

[2026-08-08 03:52:28] [2026-08-08 05:32:02] 4.54

[2026-08-08 03:52:28] [2026-08-08 05:32:03] 4.55

[2026-08-08 03:52:28] [2026-08-08 05:32:04] 4.57

[2026-08-08 03:52:28] [2026-08-08 05:32:06] 4.59

[2026-08-08 03:52:28] [2026-08-08 05:32:07] 4.61

[2026-08-08 03:52:28] [2026-08-08 05:32:08] 4.64

[2026-08-08 03:52:28] [2026-08-08 05:32:09] 4.66

[2026-08-08 03:52:28] [2026-08-08 05:32:10] 4.69

[2026-08-08 03:52:28] [2026-08-08 05:32:11] 4.71

[2026-08-08 03:52:28] [2026-08-08 05:32:12] 4.74

[2026-08-08 03:52:28] [2026-08-08 05:32:13] 4.78

[2026-08-08 03:52:28] [2026-08-08 05:32:14] 4.81

[2026-08-08 03:52:28] [2026-08-08 05:32:15] 4.84

[2026-08-08 03:52:28] [2026-08-08 05:32:17] 4.87

[2026-08-08 03:52:28] [2026-08-08 05:32:17] Test has started!

[2026-08-08 03:52:28] [2026-08-08 05:32:18] 4.9

[2026-08-08 03:52:28] [2026-08-08 05:34:02] Temperature set to 60.

[2026-08-08 03:52:28] [2026-08-08 05:34:14] entered if statement!!!

[2026-08-08 03:52:28] [2026-08-08 05:36:39] entered if statement!!!

[2026-08-08 03:52:28] [2026-08-08 05:36:52] Test complete!

[2026-08-08 03:52:28] [2026-08-08 05:36:57] Safe: True

[2026-08-08 03:52:28] [2026-08-08 05:36:57] Recent: True

[2026-08-08 03:52:28] [2026-08-08 05:36:57] Time: 1786167417.707029

[2026-08-08 03:52:28] [2026-08-08 05:36:57] mTime: 1786167391.2033792

[2026-08-08 03:52:28] [2026-08-08 05:37:11] Test has started!

[2026-08-08 03:52:28] [2026-08-08 05:41:46] Test complete!

[2026-08-08 03:52:28] [2026-08-08 05:41:52] Safe: True

[2026-08-08 03:52:28] [2026-08-08 05:41:52] Recent: True

[2026-08-08 03:52:28] [2026-08-08 05:41:52] Time: 1786167712.0764349

[2026-08-08 03:52:28] [2026-08-08 05:41:52] mTime: 1786167685.5821815

[2026-08-08 03:52:28] [2026-08-08 05:42:05] Test has started!

[2026-08-08 03:52:28] [2026-08-08 05:46:12] entered if statement!!!

[2026-08-08 03:52:28] [2026-08-08 05:46:40] Test complete!

[2026-08-08 03:52:28] [2026-08-08 05:46:45] Safe: True

[2026-08-08 03:52:28] [2026-08-08 05:46:45] Recent: True

[2026-08-08 03:52:28] [2026-08-08 05:46:45] Time: 1786168005.7340024

[2026-08-08 03:52:28] [2026-08-08 05:46:45] mTime: 1786167979.1649458

[2026-08-08 03:52:28] [2026-08-08 05:46:59] Test has started!

[2026-08-08 03:52:28] [2026-08-08 05:51:33] Test complete!

[2026-08-08 03:52:28] [2026-08-08 05:51:38] Safe: True

[2026-08-08 03:52:28] [2026-08-08 05:51:38] Recent: True

[2026-08-08 03:52:28] [2026-08-08 05:51:38] Time: 1786168298.32232

[2026-08-08 03:52:28] [2026-08-08 05:51:38] mTime: 1786168271.7982993

[2026-08-08 03:52:28] [2026-08-08 05:55:34] aspirate

[2026-08-08 03:52:28] [2026-08-08 05:55:34] 0

[2026-08-08 03:52:28] [2026-08-08 05:55:34] 10

[2026-08-08 03:52:28] [2026-08-08 05:57:53] dispense

[2026-08-08 03:52:28] [2026-08-08 05:57:53] 0

[2026-08-08 03:52:28] [2026-08-08 05:57:53] 10

[2026-08-08 03:52:28] [2026-08-08 05:59:22] aspirate

[2026-08-08 03:52:28] [2026-08-08 05:59:22] 1

[2026-08-08 03:52:28] [2026-08-08 05:59:22] 10

[2026-08-08 03:52:28] [2026-08-08 06:01:40] dispense

[2026-08-08 03:52:28] [2026-08-08 06:01:40] 1

[2026-08-08 03:52:28] [2026-08-08 06:01:40] 10

[2026-08-08 03:52:28] [2026-08-08 06:03:09] aspirate

[2026-08-08 03:52:28] [2026-08-08 06:03:09] 2

[2026-08-08 03:52:28] [2026-08-08 06:03:09] 10

[2026-08-08 03:52:28] [2026-08-08 06:05:28] dispense

[2026-08-08 03:52:28] [2026-08-08 06:05:28] 2

[2026-08-08 03:52:28] [2026-08-08 06:05:28] 10

[2026-08-08 03:52:28] [2026-08-08 06:06:57] aspirate

[2026-08-08 03:52:28] [2026-08-08 06:06:57] 3

[2026-08-08 03:52:28] [2026-08-08 06:06:57] 10

[2026-08-08 03:52:28] [2026-08-08 06:09:15] dispense

[2026-08-08 03:52:28] [2026-08-08 06:09:15] 3

[2026-08-08 03:52:28] [2026-08-08 06:09:15] 10

[2026-08-08 03:52:28] [2026-08-08 06:10:44] aspirate

[2026-08-08 03:52:28] [2026-08-08 06:10:44] 4

[2026-08-08 03:52:28] [2026-08-08 06:10:44] 10

[2026-08-08 03:52:28] [2026-08-08 06:13:03] dispense

[2026-08-08 03:52:28] [2026-08-08 06:13:03] 4

[2026-08-08 03:52:28] [2026-08-08 06:13:03] 10

[2026-08-08 03:52:28] [2026-08-08 06:14:32] aspirate

[2026-08-08 03:52:28] [2026-08-08 06:14:32] 5

[2026-08-08 03:52:28] [2026-08-08 06:14:32] 10

[2026-08-08 03:52:28] [2026-08-08 06:16:51] dispense

[2026-08-08 03:52:28] [2026-08-08 06:16:51] 5

[2026-08-08 03:52:28] [2026-08-08 06:16:51] 10

[2026-08-08 03:52:28] [2026-08-08 06:18:19] aspirate

[2026-08-08 03:52:28] [2026-08-08 06:18:19] 6

[2026-08-08 03:52:28] [2026-08-08 06:18:19] 10

[2026-08-08 03:52:28] [2026-08-08 06:20:38] dispense

[2026-08-08 03:52:28] [2026-08-08 06:20:38] 6

[2026-08-08 03:52:28] [2026-08-08 06:20:38] 10

[2026-08-08 03:52:28] [2026-08-08 06:22:07] aspirate

[2026-08-08 03:52:28] [2026-08-08 06:22:07] 7

[2026-08-08 03:52:28] [2026-08-08 06:22:07] 10

[2026-08-08 03:52:28] [2026-08-08 06:24:26] dispense

[2026-08-08 03:52:28] [2026-08-08 06:24:26] 7

[2026-08-08 03:52:28] [2026-08-08 06:24:26] 10

[2026-08-08 03:52:28] [2026-08-08 06:25:54] aspirate

[2026-08-08 03:52:28] [2026-08-08 06:25:54] 8

[2026-08-08 03:52:28] [2026-08-08 06:25:54] 10

[2026-08-08 03:52:28] [2026-08-08 06:28:13] dispense

[2026-08-08 03:52:28] [2026-08-08 06:28:13] 8

[2026-08-08 03:52:28] [2026-08-08 06:28:13] 10

[2026-08-08 03:52:28] [2026-08-08 06:29:42] aspirate

[2026-08-08 03:52:28] [2026-08-08 06:29:42] 9

[2026-08-08 03:52:28] [2026-08-08 06:29:42] 10

[2026-08-08 03:52:28] [2026-08-08 06:32:17] dispense

[2026-08-08 03:52:28] [2026-08-08 06:32:17] 9

[2026-08-08 03:52:28] [2026-08-08 06:32:17] 10

[2026-08-08 03:52:28] [2026-08-08 06:32:17] 2291.45372834336

[2026-08-08 03:52:28] [2026-08-08 06:39:08] entered if statement!!!

[2026-08-08 03:52:28] [2026-08-08 06:40:39] Joined both subprocesses.

[2026-08-08 03:52:28] [2026-08-08 06:43:03] Pullcast complete.

[2026-08-08 03:52:28] [2026-08-08 06:43:03] Nitrogen on.

[2026-08-08 03:52:28] [2026-08-08 06:49:06] Nitrogen off.

[2026-08-08 03:52:28] [2026-08-08 06:49:17] Membrane sitting in bath for 1800 seconds.

[2026-08-08 03:52:28] [2026-08-08 06:49:28] Nitrogen cap has been put away.

[2026-08-08 03:52:28] [2026-08-08 06:49:43] Ring has been placed on the coupon.

[2026-08-08 03:52:28] [2026-08-08 06:49:43] Cleaning knife

[2026-08-08 03:52:28] [2026-08-08 06:50:44] Knife cleaning finished.

[2026-08-08 03:52:28] [2026-08-08 07:29:54] Initial membrane picture taken.

[2026-08-08 03:52:28] [2026-08-08 07:30:24] Test has started!

[2026-08-08 03:52:28] [2026-08-08 07:35:21] Test complete!

[2026-08-08 03:52:28] [2026-08-08 07:35:26] Safe: True

[2026-08-08 03:52:28] [2026-08-08 07:35:26] Recent: True

[2026-08-08 03:52:28] [2026-08-08 07:35:26] Time: 1786174526.3786337

[2026-08-08 03:52:28] [2026-08-08 07:35:26] mTime: 1786174499.711439

[2026-08-08 03:52:28] [2026-08-08 07:35:39] Test has started!

[2026-08-08 03:52:28] [2026-08-08 07:40:37] Test complete!

[2026-08-08 03:52:28] [2026-08-08 07:40:42] Safe: True

[2026-08-08 03:52:28] [2026-08-08 07:40:42] Recent: True

[2026-08-08 03:52:28] [2026-08-08 07:40:42] Time: 1786174842.247567

[2026-08-08 03:52:28] [2026-08-08 07:40:42] mTime: 1786174815.6927865

[2026-08-08 03:52:28] [2026-08-08 07:40:55] Test has started!

[2026-08-08 03:52:28] [2026-08-08 07:45:55] Test complete!

[2026-08-08 03:52:28] [2026-08-08 07:46:00] Safe: True

[2026-08-08 03:52:28] [2026-08-08 07:46:00] Recent: True

[2026-08-08 03:52:28] [2026-08-08 07:46:00] Time: 1786175160.521151

[2026-08-08 03:52:28] [2026-08-08 07:46:00] mTime: 1786175133.7660985

[2026-08-08 03:52:28] [2026-08-08 07:46:14] Test has started!

[2026-08-08 03:52:28] [2026-08-08 07:51:09] Test complete!

[2026-08-08 03:52:28] [2026-08-08 07:51:14] Safe: True

[2026-08-08 03:52:28] [2026-08-08 07:51:14] Recent: True

[2026-08-08 03:52:28] [2026-08-08 07:51:14] Time: 1786175474.5567522

[2026-08-08 03:52:28] [2026-08-08 07:51:14] mTime: 1786175447.9863324

[2026-08-08 03:52:28] [2026-08-08 07:51:41] Final membrane picture taken.

[2026-08-08 03:52:28] [2026-08-08 07:51:58] Coupon successfully discarded.

[2026-08-08 03:52:28] [2026-08-08 07:52:44] Done

[2026-08-08 03:52:28] [2026-08-08 07:52:44] {'temperature': '23.50', 'humidity': '45.43'}

[2026-08-08 03:52:28] ── END PROTOCOL LOG ───────────────────────────────────────────────

[2026-08-08 03:52:28] 
[1/5] organising files...

[2026-08-08 03:52:28] Condition already tested. New folder: 17.0-1.0add-60degMix-5deg-350s-N2-1800s_run2

[2026-08-08 03:52:28] [START] condition=17.0-1.0add-60degMix-5deg-350s-N2-1800s_run2

[2026-08-08 03:52:28] [2/5] processing pipeline for: 17.0-1.0add-60degMix-5deg-350s-N2-1800s_run2

[2026-08-08 03:52:34] [3/5] generating initial report...

[2026-08-08 03:52:34] [4/5] running active learning...

[2026-08-08 03:53:03]   JSON result: C:\Users\opentrons\Documents\Auto-Membranes\JSON_results\llm_result_17.0-1.0add-60degMix-5deg-350s-N2-1800s_run2.json

[2026-08-08 03:53:03] [5/5] next params: {'mixing_temp': 60, 'bath_temp': 5, 'pullcast_speed': 1, 'nitrogen': True, 'coupon_to_bath_wait_time': 350, 'nips_bath_wait_time': 1800, 'polymer_wt': 17.0, 'additive_wt': 0.0, 'stock_metadata': {'polymer_stock_wt_percent': 21.0, 'additive_stock_polymer_wt_percent': 21.0, 'additive_stock_additive_wt_percent': 4.0}}

[2026-08-08 03:53:03] Python recieved!

[2026-08-08 03:53:03] Exact payload being sent: {"mixing_temp": 60, "bath_temp": 5, "pullcast_speed": 1, "nitrogen": true, "coupon_to_bath_wait_time": 350, "nips_bath_wait_time": 1800, "polymer_wt": 17.0, "additive_wt": 0.0, "stock_metadata": {"polymer_stock_wt_percent": 21.0, "additive_stock_polymer_wt_percent": 21.0, "additive_stock_additive_wt_percent": 4.0}}

[2026-08-08 03:53:03] Opentrons response: Creating Membrane with following parameters: {"mixing_temp": 60, "bath_temp": 5, "pullcast_speed": 1, "nitrogen": true, "coupon_to_bath_wait_time": 350, "nips_bath_wait_time": 1800, "polymer_wt": 17.0, "additive_wt": 0.0, "stock_metadata": {"polymer_stock_wt_percent": 21.0, "additive_stock_polymer_wt_percent": 21.0, "additive_stock_additive_wt_percent": 4.0}}

[2026-08-08 03:53:03] [DONE] 17.0-1.0add-60degMix-5deg-350s-N2-1800s_run2  elapsed=35.4s

[2026-08-08 06:09:32] ── PROTOCOL LOG (Opentrons) ────────────────────────────────────────

[2026-08-08 06:09:32] [2026-08-08 07:53:19] Recievied request for membrane with following parameters:

[2026-08-08 06:09:32] [2026-08-08 07:53:19] {'mixing_temp': 60, 'bath_temp': 5, 'pullcast_speed': 1, 'nitrogen': True, 'coupon_to_bath_wait_time': 350, 'nips_bath_wait_time': 1800, 'polymer_wt': 17.0, 'additive_wt': 0.0, 'stock_metadata': {'polymer_stock_wt_percent': 21.0, 'additive_stock_polymer_wt_percent': 21.0, 'additive_stock_additive_wt_percent': 4.0}}

[2026-08-08 06:09:32] [2026-08-08 07:53:19] Bath chilling process started.

[2026-08-08 06:09:32] [2026-08-08 07:53:19] Beginning zero tests on coupons.

[2026-08-08 06:09:32] [2026-08-08 07:53:19] Opentrons process started.

[2026-08-08 06:09:32] [2026-08-08 07:53:19] 
Target recipe

[2026-08-08 06:09:32] [2026-08-08 07:53:19] -------------

[2026-08-08 06:09:32] [2026-08-08 07:53:19] Total volume:      1000.00 uL

[2026-08-08 06:09:32] [2026-08-08 07:53:19] Target polymer:    17 wt%

[2026-08-08 06:09:32] [2026-08-08 07:53:19] Target additive:   0 wt%

[2026-08-08 06:09:32] [2026-08-08 07:53:19] 
Required volumes

[2026-08-08 06:09:32] [2026-08-08 07:53:19] ----------------

[2026-08-08 06:09:32] [2026-08-08 07:53:19] Normal polymer stock:      799.00 uL

[2026-08-08 06:09:32] [2026-08-08 07:53:19] Polymer-additive stock:    0.00 uL

[2026-08-08 06:09:32] [2026-08-08 07:53:19] Pure solvent:              201.00 uL

[2026-08-08 06:09:32] [2026-08-08 07:53:19] Total:                     1000.00 uL

[2026-08-08 06:09:32] [2026-08-08 07:53:19] 
Final composition check

[2026-08-08 06:09:32] [2026-08-08 07:53:19] -----------------------

[2026-08-08 06:09:32] [2026-08-08 07:53:19] Polymer:    17.0027 wt%

[2026-08-08 06:09:32] [2026-08-08 07:53:19] Additive:   0.0000 wt%

[2026-08-08 06:09:32] [2026-08-08 07:53:19] Solvent:    82.9973 wt%

[2026-08-08 06:09:32] [2026-08-08 07:53:20] 4.6

[2026-08-08 06:09:32] [2026-08-08 07:53:21] 4.6

[2026-08-08 06:09:32] [2026-08-08 07:53:22] 4.59

[2026-08-08 06:09:32] [2026-08-08 07:53:23] 4.59

[2026-08-08 06:09:32] [2026-08-08 07:53:24] 4.58

[2026-08-08 06:09:32] [2026-08-08 07:53:25] 4.58

[2026-08-08 06:09:32] [2026-08-08 07:53:26] 4.57

[2026-08-08 06:09:32] [2026-08-08 07:53:27] 4.56

[2026-08-08 06:09:32] [2026-08-08 07:53:28] 4.56

[2026-08-08 06:09:32] [2026-08-08 07:53:30] 4.56

[2026-08-08 06:09:32] [2026-08-08 07:53:31] 4.56

[2026-08-08 06:09:32] [2026-08-08 07:53:32] 4.57

[2026-08-08 06:09:32] [2026-08-08 07:53:33] 4.59

[2026-08-08 06:09:32] [2026-08-08 07:53:34] 4.61

[2026-08-08 06:09:32] [2026-08-08 07:53:35] 4.63

[2026-08-08 06:09:32] [2026-08-08 07:53:36] 4.65

[2026-08-08 06:09:32] [2026-08-08 07:53:37] 4.67

[2026-08-08 06:09:32] [2026-08-08 07:53:38] 4.69

[2026-08-08 06:09:32] [2026-08-08 07:53:39] 4.71

[2026-08-08 06:09:32] [2026-08-08 07:53:41] 4.74

[2026-08-08 06:09:32] [2026-08-08 07:53:42] 4.76

[2026-08-08 06:09:32] [2026-08-08 07:53:43] 4.79

[2026-08-08 06:09:32] [2026-08-08 07:53:44] 4.81

[2026-08-08 06:09:32] [2026-08-08 07:53:45] 4.84

[2026-08-08 06:09:32] [2026-08-08 07:53:46] 4.86

[2026-08-08 06:09:32] [2026-08-08 07:53:46] Test has started!

[2026-08-08 06:09:32] [2026-08-08 07:53:47] 4.89

[2026-08-08 06:09:32] [2026-08-08 07:55:06] Temperature set to 60.

[2026-08-08 06:09:32] [2026-08-08 07:55:18] entered if statement!!!

[2026-08-08 06:09:32] [2026-08-08 07:58:27] Test complete!

[2026-08-08 06:09:32] [2026-08-08 07:58:32] Safe: True

[2026-08-08 06:09:32] [2026-08-08 07:58:32] Recent: True

[2026-08-08 06:09:32] [2026-08-08 07:58:32] Time: 1786175912.1993766

[2026-08-08 06:09:32] [2026-08-08 07:58:32] mTime: 1786175885.6063304

[2026-08-08 06:09:32] [2026-08-08 07:58:45] Test has started!

[2026-08-08 06:09:32] [2026-08-08 08:01:04] entered if statement!!!

[2026-08-08 06:09:32] [2026-08-08 08:03:25] Test complete!

[2026-08-08 06:09:32] [2026-08-08 08:03:30] Safe: True

[2026-08-08 06:09:32] [2026-08-08 08:03:30] Recent: True

[2026-08-08 06:09:32] [2026-08-08 08:03:30] Time: 1786176210.65748

[2026-08-08 06:09:32] [2026-08-08 08:03:30] mTime: 1786176183.7109659

[2026-08-08 06:09:32] [2026-08-08 08:03:43] Test has started!

[2026-08-08 06:09:32] [2026-08-08 08:08:20] Test complete!

[2026-08-08 06:09:32] [2026-08-08 08:08:25] Safe: True

[2026-08-08 06:09:32] [2026-08-08 08:08:25] Recent: True

[2026-08-08 06:09:32] [2026-08-08 08:08:25] Time: 1786176505.3739216

[2026-08-08 06:09:32] [2026-08-08 08:08:25] mTime: 1786176478.7247517

[2026-08-08 06:09:32] [2026-08-08 08:08:38] Test has started!

[2026-08-08 06:09:32] [2026-08-08 08:11:56] aspirate

[2026-08-08 06:09:32] [2026-08-08 08:11:56] 0

[2026-08-08 06:09:32] [2026-08-08 08:11:56] 10

[2026-08-08 06:09:32] [2026-08-08 08:13:15] Test complete!

[2026-08-08 06:09:32] [2026-08-08 08:13:20] Safe: True

[2026-08-08 06:09:32] [2026-08-08 08:13:20] Recent: True

[2026-08-08 06:09:32] [2026-08-08 08:13:20] Time: 1786176800.2272918

[2026-08-08 06:09:32] [2026-08-08 08:13:20] mTime: 1786176773.6553335

[2026-08-08 06:09:32] [2026-08-08 08:14:15] dispense

[2026-08-08 06:09:32] [2026-08-08 08:14:15] 0

[2026-08-08 06:09:32] [2026-08-08 08:14:15] 10

[2026-08-08 06:09:32] [2026-08-08 08:15:44] aspirate

[2026-08-08 06:09:32] [2026-08-08 08:15:44] 1

[2026-08-08 06:09:32] [2026-08-08 08:15:44] 10

[2026-08-08 06:09:32] [2026-08-08 08:18:02] dispense

[2026-08-08 06:09:32] [2026-08-08 08:18:02] 1

[2026-08-08 06:09:32] [2026-08-08 08:18:02] 10

[2026-08-08 06:09:32] [2026-08-08 08:19:31] aspirate

[2026-08-08 06:09:32] [2026-08-08 08:19:31] 2

[2026-08-08 06:09:32] [2026-08-08 08:19:31] 10

[2026-08-08 06:09:32] [2026-08-08 08:21:50] dispense

[2026-08-08 06:09:32] [2026-08-08 08:21:50] 2

[2026-08-08 06:09:32] [2026-08-08 08:21:50] 10

[2026-08-08 06:09:32] [2026-08-08 08:23:19] aspirate

[2026-08-08 06:09:32] [2026-08-08 08:23:19] 3

[2026-08-08 06:09:32] [2026-08-08 08:23:19] 10

[2026-08-08 06:09:32] [2026-08-08 08:25:37] dispense

[2026-08-08 06:09:32] [2026-08-08 08:25:37] 3

[2026-08-08 06:09:32] [2026-08-08 08:25:37] 10

[2026-08-08 06:09:32] [2026-08-08 08:27:06] aspirate

[2026-08-08 06:09:32] [2026-08-08 08:27:06] 4

[2026-08-08 06:09:32] [2026-08-08 08:27:06] 10

[2026-08-08 06:09:32] [2026-08-08 08:29:25] dispense

[2026-08-08 06:09:32] [2026-08-08 08:29:25] 4

[2026-08-08 06:09:32] [2026-08-08 08:29:25] 10

[2026-08-08 06:09:32] [2026-08-08 08:30:54] aspirate

[2026-08-08 06:09:32] [2026-08-08 08:30:54] 5

[2026-08-08 06:09:32] [2026-08-08 08:30:54] 10

[2026-08-08 06:09:32] [2026-08-08 08:33:12] dispense

[2026-08-08 06:09:32] [2026-08-08 08:33:12] 5

[2026-08-08 06:09:32] [2026-08-08 08:33:12] 10

[2026-08-08 06:09:32] [2026-08-08 08:34:41] aspirate

[2026-08-08 06:09:32] [2026-08-08 08:34:41] 6

[2026-08-08 06:09:32] [2026-08-08 08:34:41] 10

[2026-08-08 06:09:32] [2026-08-08 08:37:00] dispense

[2026-08-08 06:09:32] [2026-08-08 08:37:00] 6

[2026-08-08 06:09:32] [2026-08-08 08:37:00] 10

[2026-08-08 06:09:32] [2026-08-08 08:38:29] aspirate

[2026-08-08 06:09:32] [2026-08-08 08:38:29] 7

[2026-08-08 06:09:32] [2026-08-08 08:38:29] 10

[2026-08-08 06:09:32] [2026-08-08 08:40:47] dispense

[2026-08-08 06:09:32] [2026-08-08 08:40:47] 7

[2026-08-08 06:09:32] [2026-08-08 08:40:47] 10

[2026-08-08 06:09:32] [2026-08-08 08:42:16] aspirate

[2026-08-08 06:09:32] [2026-08-08 08:42:16] 8

[2026-08-08 06:09:32] [2026-08-08 08:42:16] 10

[2026-08-08 06:09:32] [2026-08-08 08:44:35] dispense

[2026-08-08 06:09:32] [2026-08-08 08:44:35] 8

[2026-08-08 06:09:32] [2026-08-08 08:44:35] 10

[2026-08-08 06:09:32] [2026-08-08 08:46:04] aspirate

[2026-08-08 06:09:32] [2026-08-08 08:46:04] 9

[2026-08-08 06:09:32] [2026-08-08 08:46:04] 10

[2026-08-08 06:09:32] [2026-08-08 08:48:38] dispense

[2026-08-08 06:09:32] [2026-08-08 08:48:38] 9

[2026-08-08 06:09:32] [2026-08-08 08:48:38] 10

[2026-08-08 06:09:32] [2026-08-08 08:48:38] 2291.522180219181

[2026-08-08 06:09:32] [2026-08-08 08:55:30] entered if statement!!!

[2026-08-08 06:09:32] [2026-08-08 08:57:01] Joined both subprocesses.

[2026-08-08 06:09:32] [2026-08-08 08:59:25] Pullcast complete.

[2026-08-08 06:09:32] [2026-08-08 08:59:25] Nitrogen on.

[2026-08-08 06:09:32] [2026-08-08 09:05:28] Nitrogen off.

[2026-08-08 06:09:32] [2026-08-08 09:05:39] Membrane sitting in bath for 1800 seconds.

[2026-08-08 06:09:32] [2026-08-08 09:05:49] Nitrogen cap has been put away.

[2026-08-08 06:09:32] [2026-08-08 09:06:04] Ring has been placed on the coupon.

[2026-08-08 06:09:32] [2026-08-08 09:06:04] Cleaning knife

[2026-08-08 06:09:32] [2026-08-08 09:07:05] Knife cleaning finished.

[2026-08-08 06:09:32] [2026-08-08 09:46:16] Initial membrane picture taken.

[2026-08-08 06:09:32] [2026-08-08 09:46:45] Test has started!

[2026-08-08 06:09:32] [2026-08-08 09:51:55] Test complete!

[2026-08-08 06:09:32] [2026-08-08 09:52:00] Safe: True

[2026-08-08 06:09:32] [2026-08-08 09:52:00] Recent: True

[2026-08-08 06:09:32] [2026-08-08 09:52:00] Time: 1786182720.307362

[2026-08-08 06:09:32] [2026-08-08 09:52:00] mTime: 1786182693.642724

[2026-08-08 06:09:32] [2026-08-08 09:52:13] Test has started!

[2026-08-08 06:09:32] [2026-08-08 09:57:21] Test complete!

[2026-08-08 06:09:32] [2026-08-08 09:57:26] Safe: True

[2026-08-08 06:09:32] [2026-08-08 09:57:26] Recent: True

[2026-08-08 06:09:32] [2026-08-08 09:57:26] Time: 1786183046.7723138

[2026-08-08 06:09:32] [2026-08-08 09:57:26] mTime: 1786183019.997573

[2026-08-08 06:09:32] [2026-08-08 09:57:40] Test has started!

[2026-08-08 06:09:32] [2026-08-08 10:02:52] Test complete!

[2026-08-08 06:09:32] [2026-08-08 10:02:57] Safe: True

[2026-08-08 06:09:32] [2026-08-08 10:02:57] Recent: True

[2026-08-08 06:09:32] [2026-08-08 10:02:57] Time: 1786183377.9336798

[2026-08-08 06:09:32] [2026-08-08 10:02:57] mTime: 1786183351.3467638

[2026-08-08 06:09:32] [2026-08-08 10:03:11] Test has started!

[2026-08-08 06:09:32] [2026-08-08 10:08:13] Test complete!

[2026-08-08 06:09:32] [2026-08-08 10:08:18] Safe: True

[2026-08-08 06:09:32] [2026-08-08 10:08:18] Recent: True

[2026-08-08 06:09:32] [2026-08-08 10:08:18] Time: 1786183698.4347167

[2026-08-08 06:09:32] [2026-08-08 10:08:18] mTime: 1786183671.7593915

[2026-08-08 06:09:32] [2026-08-08 10:08:45] Final membrane picture taken.

[2026-08-08 06:09:32] [2026-08-08 10:09:02] Coupon successfully discarded.

[2026-08-08 06:09:32] [2026-08-08 10:09:47] Done

[2026-08-08 06:09:32] [2026-08-08 10:09:47] {'temperature': '23.41', 'humidity': '44.85'}

[2026-08-08 06:09:32] ── END PROTOCOL LOG ───────────────────────────────────────────────

[2026-08-08 06:09:32] 
[1/5] organising files...

[2026-08-08 06:09:32] [START] condition=17.0-0.0add-5deg-350s-N2-1800s

[2026-08-08 06:09:32] [2/5] processing pipeline for: 17.0-0.0add-5deg-350s-N2-1800s

[2026-08-08 06:09:38] [3/5] generating initial report...

[2026-08-08 06:09:38] [4/5] running active learning...

[2026-08-08 06:11:29]   JSON result: C:\Users\opentrons\Documents\Auto-Membranes\JSON_results\llm_result_17.0-0.0add-5deg-350s-N2-1800s.json

[2026-08-08 06:11:29] [5/5] next params: {'mixing_temp': 60, 'bath_temp': 5, 'pullcast_speed': 1, 'nitrogen': True, 'coupon_to_bath_wait_time': 300, 'nips_bath_wait_time': 1800, 'polymer_wt': 21.0, 'additive_wt': 0.0, 'stock_metadata': {'polymer_stock_wt_percent': 21.0, 'additive_stock_polymer_wt_percent': 21.0, 'additive_stock_additive_wt_percent': 4.0}}

[2026-08-08 06:11:29] Python recieved!

[2026-08-08 06:11:29] Exact payload being sent: {"mixing_temp": 60, "bath_temp": 5, "pullcast_speed": 1, "nitrogen": true, "coupon_to_bath_wait_time": 300, "nips_bath_wait_time": 1800, "polymer_wt": 21.0, "additive_wt": 0.0, "stock_metadata": {"polymer_stock_wt_percent": 21.0, "additive_stock_polymer_wt_percent": 21.0, "additive_stock_additive_wt_percent": 4.0}}

[2026-08-08 06:11:29] Opentrons response: Creating Membrane with following parameters: {"mixing_temp": 60, "bath_temp": 5, "pullcast_speed": 1, "nitrogen": true, "coupon_to_bath_wait_time": 300, "nips_bath_wait_time": 1800, "polymer_wt": 21.0, "additive_wt": 0.0, "stock_metadata": {"polymer_stock_wt_percent": 21.0, "additive_stock_polymer_wt_percent": 21.0, "additive_stock_additive_wt_percent": 4.0}}

[2026-08-08 06:11:29] [DONE] 17.0-0.0add-5deg-350s-N2-1800s  elapsed=117.1s

[2026-08-08 07:44:37] ── PROTOCOL LOG (Opentrons) ────────────────────────────────────────

[2026-08-08 07:44:37] [2026-08-08 10:11:45] Recievied request for membrane with following parameters:

[2026-08-08 07:44:37] [2026-08-08 10:11:45] {'mixing_temp': 60, 'bath_temp': 5, 'pullcast_speed': 1, 'nitrogen': True, 'coupon_to_bath_wait_time': 300, 'nips_bath_wait_time': 1800, 'polymer_wt': 21.0, 'additive_wt': 0.0, 'stock_metadata': {'polymer_stock_wt_percent': 21.0, 'additive_stock_polymer_wt_percent': 21.0, 'additive_stock_additive_wt_percent': 4.0}}

[2026-08-08 07:44:37] [2026-08-08 10:11:45] Bath chilling process started.

[2026-08-08 07:44:37] [2026-08-08 10:11:45] Beginning zero tests on coupons.

[2026-08-08 07:44:37] [2026-08-08 10:11:45] Opentrons process started.

[2026-08-08 07:44:37] [2026-08-08 10:11:45] 
Target recipe

[2026-08-08 07:44:37] [2026-08-08 10:11:45] -------------

[2026-08-08 07:44:37] [2026-08-08 10:11:45] Total volume:      1000.00 uL

[2026-08-08 07:44:37] [2026-08-08 10:11:45] Target polymer:    21 wt%

[2026-08-08 07:44:37] [2026-08-08 10:11:45] Target additive:   0 wt%

[2026-08-08 07:44:37] [2026-08-08 10:11:45] 
Required volumes

[2026-08-08 07:44:37] [2026-08-08 10:11:45] ----------------

[2026-08-08 07:44:37] [2026-08-08 10:11:45] Normal polymer stock:      1000.00 uL

[2026-08-08 07:44:37] [2026-08-08 10:11:45] Polymer-additive stock:    0.00 uL

[2026-08-08 07:44:37] [2026-08-08 10:11:45] Pure solvent:              0.00 uL

[2026-08-08 07:44:37] [2026-08-08 10:11:45] Total:                     1000.00 uL

[2026-08-08 07:44:37] [2026-08-08 10:11:45] 
Final composition check

[2026-08-08 07:44:37] [2026-08-08 10:11:45] -----------------------

[2026-08-08 07:44:37] [2026-08-08 10:11:45] Polymer:    21.0000 wt%

[2026-08-08 07:44:37] [2026-08-08 10:11:45] Additive:   0.0000 wt%

[2026-08-08 07:44:37] [2026-08-08 10:11:45] Solvent:    79.0000 wt%

[2026-08-08 07:44:37] [2026-08-08 10:11:45] Solution will be pulled from stock polymer bottle.

[2026-08-08 07:44:37] [2026-08-08 10:11:45] 4.63

[2026-08-08 07:44:37] [2026-08-08 10:11:46] 4.63

[2026-08-08 07:44:37] [2026-08-08 10:11:47] 4.64

[2026-08-08 07:44:37] [2026-08-08 10:11:48] 4.65

[2026-08-08 07:44:37] [2026-08-08 10:11:50] 4.67

[2026-08-08 07:44:37] [2026-08-08 10:11:51] 4.71

[2026-08-08 07:44:37] [2026-08-08 10:11:52] 4.77

[2026-08-08 07:44:37] [2026-08-08 10:11:53] 4.82

[2026-08-08 07:44:37] [2026-08-08 10:11:54] 4.9

[2026-08-08 07:44:37] [2026-08-08 10:12:12] Test has started!

[2026-08-08 07:44:37] [2026-08-08 10:16:59] Test complete!

[2026-08-08 07:44:37] [2026-08-08 10:17:04] Safe: True

[2026-08-08 07:44:37] [2026-08-08 10:17:04] Recent: True

[2026-08-08 07:44:37] [2026-08-08 10:17:04] Time: 1786184224.7394636

[2026-08-08 07:44:37] [2026-08-08 10:17:04] mTime: 1786184198.037353

[2026-08-08 07:44:37] [2026-08-08 10:17:18] Test has started!

[2026-08-08 07:44:37] [2026-08-08 10:18:44] entered if statement!!!

[2026-08-08 07:44:37] [2026-08-08 10:22:05] Test complete!

[2026-08-08 07:44:37] [2026-08-08 10:22:10] Safe: True

[2026-08-08 07:44:37] [2026-08-08 10:22:10] Recent: True

[2026-08-08 07:44:37] [2026-08-08 10:22:10] Time: 1786184530.1243653

[2026-08-08 07:44:37] [2026-08-08 10:22:10] mTime: 1786184503.3980033

[2026-08-08 07:44:37] [2026-08-08 10:22:23] Test has started!

[2026-08-08 07:44:37] [2026-08-08 10:27:10] Test complete!

[2026-08-08 07:44:37] [2026-08-08 10:27:15] Safe: True

[2026-08-08 07:44:37] [2026-08-08 10:27:15] Recent: True

[2026-08-08 07:44:37] [2026-08-08 10:27:15] Time: 1786184835.8733356

[2026-08-08 07:44:37] [2026-08-08 10:27:15] mTime: 1786184809.0166297

[2026-08-08 07:44:37] [2026-08-08 10:27:29] Test has started!

[2026-08-08 07:44:37] [2026-08-08 10:32:16] Test complete!

[2026-08-08 07:44:37] [2026-08-08 10:32:21] Safe: True

[2026-08-08 07:44:37] [2026-08-08 10:32:21] Recent: True

[2026-08-08 07:44:37] [2026-08-08 10:32:21] Time: 1786185141.1536064

[2026-08-08 07:44:37] [2026-08-08 10:32:21] mTime: 1786185114.4115083

[2026-08-08 07:44:37] [2026-08-08 10:32:47] Joined both subprocesses.

[2026-08-08 07:44:37] [2026-08-08 10:35:11] Pullcast complete.

[2026-08-08 07:44:37] [2026-08-08 10:35:11] Nitrogen on.

[2026-08-08 07:44:37] [2026-08-08 10:40:24] Nitrogen off.

[2026-08-08 07:44:37] [2026-08-08 10:40:35] Membrane sitting in bath for 1800 seconds.

[2026-08-08 07:44:37] [2026-08-08 10:40:45] Nitrogen cap has been put away.

[2026-08-08 07:44:37] [2026-08-08 10:41:00] Ring has been placed on the coupon.

[2026-08-08 07:44:37] [2026-08-08 10:41:00] Cleaning knife

[2026-08-08 07:44:37] [2026-08-08 10:42:01] Knife cleaning finished.

[2026-08-08 07:44:37] [2026-08-08 11:21:11] Initial membrane picture taken.

[2026-08-08 07:44:37] [2026-08-08 11:21:41] Test has started!

[2026-08-08 07:44:37] [2026-08-08 11:26:53] Test complete!

[2026-08-08 07:44:37] [2026-08-08 11:26:58] Safe: True

[2026-08-08 07:44:37] [2026-08-08 11:26:58] Recent: True

[2026-08-08 07:44:37] [2026-08-08 11:26:58] Time: 1786188418.5957985

[2026-08-08 07:44:37] [2026-08-08 11:26:58] mTime: 1786188391.7967458

[2026-08-08 07:44:37] [2026-08-08 11:27:12] Test has started!

[2026-08-08 07:44:37] [2026-08-08 11:32:26] Test complete!

[2026-08-08 07:44:37] [2026-08-08 11:32:31] Safe: True

[2026-08-08 07:44:37] [2026-08-08 11:32:31] Recent: True

[2026-08-08 07:44:37] [2026-08-08 11:32:31] Time: 1786188751.2843897

[2026-08-08 07:44:37] [2026-08-08 11:32:31] mTime: 1786188724.5493991

[2026-08-08 07:44:37] [2026-08-08 11:32:44] Test has started!

[2026-08-08 07:44:37] [2026-08-08 11:37:51] Test complete!

[2026-08-08 07:44:37] [2026-08-08 11:37:56] Safe: True

[2026-08-08 07:44:37] [2026-08-08 11:37:56] Recent: True

[2026-08-08 07:44:37] [2026-08-08 11:37:56] Time: 1786189076.764268

[2026-08-08 07:44:37] [2026-08-08 11:37:56] mTime: 1786189050.0007417

[2026-08-08 07:44:37] [2026-08-08 11:38:10] Test has started!

[2026-08-08 07:44:37] [2026-08-08 11:43:18] Test complete!

[2026-08-08 07:44:37] [2026-08-08 11:43:23] Safe: True

[2026-08-08 07:44:37] [2026-08-08 11:43:23] Recent: True

[2026-08-08 07:44:37] [2026-08-08 11:43:23] Time: 1786189403.7194526

[2026-08-08 07:44:37] [2026-08-08 11:43:23] mTime: 1786189376.974548

[2026-08-08 07:44:37] [2026-08-08 11:43:50] Final membrane picture taken.

[2026-08-08 07:44:37] [2026-08-08 11:44:07] Coupon successfully discarded.

[2026-08-08 07:44:37] [2026-08-08 11:44:53] Done

[2026-08-08 07:44:37] [2026-08-08 11:44:53] {'temperature': '23.44', 'humidity': '48.70'}

[2026-08-08 07:44:37] ── END PROTOCOL LOG ───────────────────────────────────────────────

[2026-08-08 07:44:37] 
[1/5] organising files...

[2026-08-08 07:44:37] [START] condition=21.0-0.0add-5deg-300s-N2-1800s

[2026-08-08 07:44:37] [2/5] processing pipeline for: 21.0-0.0add-5deg-300s-N2-1800s

[2026-08-08 07:44:44] [3/5] generating initial report...

[2026-08-08 07:44:44] [4/5] running active learning...

[2026-08-08 07:45:19]   JSON result: C:\Users\opentrons\Documents\Auto-Membranes\JSON_results\llm_result_21.0-0.0add-5deg-300s-N2-1800s.json

[2026-08-08 07:45:19] [5/5] next params: {'mixing_temp': 60, 'bath_temp': 5, 'pullcast_speed': 1, 'nitrogen': True, 'coupon_to_bath_wait_time': 350, 'nips_bath_wait_time': 1800, 'polymer_wt': 21.0, 'additive_wt': 0.0, 'stock_metadata': {'polymer_stock_wt_percent': 21.0, 'additive_stock_polymer_wt_percent': 21.0, 'additive_stock_additive_wt_percent': 4.0}}

[2026-08-08 07:45:19] Python recieved!

[2026-08-08 07:45:19] Exact payload being sent: {"mixing_temp": 60, "bath_temp": 5, "pullcast_speed": 1, "nitrogen": true, "coupon_to_bath_wait_time": 350, "nips_bath_wait_time": 1800, "polymer_wt": 21.0, "additive_wt": 0.0, "stock_metadata": {"polymer_stock_wt_percent": 21.0, "additive_stock_polymer_wt_percent": 21.0, "additive_stock_additive_wt_percent": 4.0}}

[2026-08-08 07:45:19] Opentrons response: Creating Membrane with following parameters: {"mixing_temp": 60, "bath_temp": 5, "pullcast_speed": 1, "nitrogen": true, "coupon_to_bath_wait_time": 350, "nips_bath_wait_time": 1800, "polymer_wt": 21.0, "additive_wt": 0.0, "stock_metadata": {"polymer_stock_wt_percent": 21.0, "additive_stock_polymer_wt_percent": 21.0, "additive_stock_additive_wt_percent": 4.0}}

[2026-08-08 07:45:19] [DONE] 21.0-0.0add-5deg-300s-N2-1800s  elapsed=41.6s

[2026-08-08 10:30:39] ── PROTOCOL LOG (Opentrons) ────────────────────────────────────────

[2026-08-08 10:30:39] [2026-08-08 11:45:35] Recievied request for membrane with following parameters:

[2026-08-08 10:30:39] [2026-08-08 11:45:35] {'mixing_temp': 60, 'bath_temp': 5, 'pullcast_speed': 1, 'nitrogen': True, 'coupon_to_bath_wait_time': 350, 'nips_bath_wait_time': 1800, 'polymer_wt': 21.0, 'additive_wt': 0.0, 'stock_metadata': {'polymer_stock_wt_percent': 21.0, 'additive_stock_polymer_wt_percent': 21.0, 'additive_stock_additive_wt_percent': 4.0}}

[2026-08-08 10:30:39] [2026-08-08 11:45:35] Bath chilling process started.

[2026-08-08 10:30:39] [2026-08-08 11:45:35] Beginning zero tests on coupons.

[2026-08-08 10:30:39] [2026-08-08 11:45:35] Opentrons process started.

[2026-08-08 10:30:39] [2026-08-08 11:45:35] 
Target recipe

[2026-08-08 10:30:39] [2026-08-08 11:45:35] -------------

[2026-08-08 10:30:39] [2026-08-08 11:45:35] Total volume:      1000.00 uL

[2026-08-08 10:30:39] [2026-08-08 11:45:35] Target polymer:    21 wt%

[2026-08-08 10:30:39] [2026-08-08 11:45:35] Target additive:   0 wt%

[2026-08-08 10:30:39] [2026-08-08 11:45:35] 
Required volumes

[2026-08-08 10:30:39] [2026-08-08 11:45:35] ----------------

[2026-08-08 10:30:39] [2026-08-08 11:45:35] Normal polymer stock:      1000.00 uL

[2026-08-08 10:30:39] [2026-08-08 11:45:35] Polymer-additive stock:    0.00 uL

[2026-08-08 10:30:39] [2026-08-08 11:45:35] Pure solvent:              0.00 uL

[2026-08-08 10:30:39] [2026-08-08 11:45:35] Total:                     1000.00 uL

[2026-08-08 10:30:39] [2026-08-08 11:45:35] 
Final composition check

[2026-08-08 10:30:39] [2026-08-08 11:45:35] -----------------------

[2026-08-08 10:30:39] [2026-08-08 11:45:35] Polymer:    21.0000 wt%

[2026-08-08 10:30:39] [2026-08-08 11:45:35] Additive:   0.0000 wt%

[2026-08-08 10:30:39] [2026-08-08 11:45:35] Solvent:    79.0000 wt%

[2026-08-08 10:30:39] [2026-08-08 11:45:35] Solution will be pulled from stock polymer bottle.

[2026-08-08 10:30:39] [2026-08-08 11:45:35] 4.42

[2026-08-08 10:30:39] [2026-08-08 11:45:36] 4.39

[2026-08-08 10:30:39] [2026-08-08 11:45:37] 4.36

[2026-08-08 10:30:39] [2026-08-08 11:45:39] 4.33

[2026-08-08 10:30:39] [2026-08-08 11:45:40] 4.31

[2026-08-08 10:30:39] [2026-08-08 11:45:41] 4.31

[2026-08-08 10:30:39] [2026-08-08 11:45:42] 4.32

[2026-08-08 10:30:39] [2026-08-08 11:45:43] 4.34

[2026-08-08 10:30:39] [2026-08-08 11:45:44] 4.37

[2026-08-08 10:30:39] [2026-08-08 11:45:45] 4.4

[2026-08-08 10:30:39] [2026-08-08 11:45:46] 4.43

[2026-08-08 10:30:39] [2026-08-08 11:45:47] 4.46

[2026-08-08 10:30:39] [2026-08-08 11:45:48] 4.5

[2026-08-08 10:30:39] [2026-08-08 11:45:50] 4.54

[2026-08-08 10:30:39] [2026-08-08 11:45:51] 4.57

[2026-08-08 10:30:39] [2026-08-08 11:45:52] 4.61

[2026-08-08 10:30:39] [2026-08-08 11:45:53] 4.65

[2026-08-08 10:30:39] [2026-08-08 11:45:54] 4.68

[2026-08-08 10:30:39] [2026-08-08 11:45:55] Test has started!

[2026-08-08 10:30:39] [2026-08-08 11:45:55] 4.72

[2026-08-08 10:30:39] [2026-08-08 11:45:56] 4.76

[2026-08-08 10:30:39] [2026-08-08 11:45:57] 4.8

[2026-08-08 10:30:39] [2026-08-08 11:45:58] 4.83

[2026-08-08 10:30:39] [2026-08-08 11:45:59] 4.87

[2026-08-08 10:30:39] [2026-08-08 11:52:34] entered if statement!!!

[2026-08-08 10:30:39] [2026-08-08 11:56:06] Test complete!

[2026-08-08 10:30:39] [2026-08-08 11:56:12] Safe: True

[2026-08-08 10:30:39] [2026-08-08 11:56:12] Recent: True

[2026-08-08 10:30:39] [2026-08-08 11:56:12] Time: 1786190172.1195698

[2026-08-08 10:30:39] [2026-08-08 11:56:12] mTime: 1786190144.844095

[2026-08-08 10:30:39] [2026-08-08 11:56:18] Test has started!

[2026-08-08 10:30:39] [2026-08-08 12:06:50] Test complete!

[2026-08-08 10:30:39] [2026-08-08 12:06:55] Safe: True

[2026-08-08 10:30:39] [2026-08-08 12:06:55] Recent: True

[2026-08-08 10:30:39] [2026-08-08 12:06:55] Time: 1786190815.6185796

[2026-08-08 10:30:39] [2026-08-08 12:06:55] mTime: 1786190788.2216783

[2026-08-08 10:30:39] [2026-08-08 12:07:02] Test has started!

[2026-08-08 10:30:39] [2026-08-08 12:21:06] Test complete!

[2026-08-08 10:30:39] [2026-08-08 12:21:11] Safe: True

[2026-08-08 10:30:39] [2026-08-08 12:21:11] Recent: True

[2026-08-08 10:30:39] [2026-08-08 12:21:11] Time: 1786191671.2697752

[2026-08-08 10:30:39] [2026-08-08 12:21:11] mTime: 1786191643.7803833

[2026-08-08 10:30:39] [2026-08-08 12:21:17] Test has started!

[2026-08-08 10:30:39] [2026-08-08 12:35:23] Test complete!

[2026-08-08 10:30:39] [2026-08-08 12:35:28] Safe: True

[2026-08-08 10:30:39] [2026-08-08 12:35:28] Recent: True

[2026-08-08 10:30:39] [2026-08-08 12:35:28] Time: 1786192528.9283383

[2026-08-08 10:30:39] [2026-08-08 12:35:28] mTime: 1786192501.393884

[2026-08-08 10:30:39] [2026-08-08 12:35:31] Joined both subprocesses.

[2026-08-08 10:30:39] [2026-08-08 12:35:53] Pullcast complete.

[2026-08-08 10:30:39] [2026-08-08 12:36:03] Nitrogen on.

[2026-08-08 10:30:39] [2026-08-08 12:41:56] Nitrogen off.

[2026-08-08 10:30:39] [2026-08-08 12:41:57] Membrane sitting in bath for 1800 seconds.

[2026-08-08 10:30:39] [2026-08-08 12:41:58] Nitrogen cap has been put away.

[2026-08-08 10:30:39] [2026-08-08 12:42:00] Ring has been placed on the coupon.

[2026-08-08 10:30:39] [2026-08-08 12:42:00] Cleaning knife

[2026-08-08 10:30:39] [2026-08-08 12:42:02] Knife cleaning finished.

[2026-08-08 10:30:39] [2026-08-08 13:22:03] Initial membrane picture taken.

[2026-08-08 10:30:39] [2026-08-08 13:22:12] Test has started!

[2026-08-08 10:30:39] [2026-08-08 13:36:54] Test complete!

[2026-08-08 10:30:39] [2026-08-08 13:36:59] Safe: True

[2026-08-08 10:30:39] [2026-08-08 13:36:59] Recent: True

[2026-08-08 10:30:39] [2026-08-08 13:36:59] Time: 1786196219.9229538

[2026-08-08 10:30:39] [2026-08-08 13:36:59] mTime: 1786196192.3136044

[2026-08-08 10:30:39] [2026-08-08 13:37:06] Test has started!

[2026-08-08 10:30:39] [2026-08-08 13:54:04] Test complete!

[2026-08-08 10:30:39] [2026-08-08 13:54:09] Safe: True

[2026-08-08 10:30:39] [2026-08-08 13:54:09] Recent: True

[2026-08-08 10:30:39] [2026-08-08 13:54:09] Time: 1786197249.5463877

[2026-08-08 10:30:39] [2026-08-08 13:54:09] mTime: 1786197221.6831946

[2026-08-08 10:30:39] [2026-08-08 13:54:16] Test has started!

[2026-08-08 10:30:39] [2026-08-08 14:12:11] Test complete!

[2026-08-08 10:30:39] [2026-08-08 14:12:16] Safe: True

[2026-08-08 10:30:39] [2026-08-08 14:12:16] Recent: True

[2026-08-08 10:30:39] [2026-08-08 14:12:16] Time: 1786198336.9198842

[2026-08-08 10:30:39] [2026-08-08 14:12:16] mTime: 1786198309.033265

[2026-08-08 10:30:39] [2026-08-08 14:12:23] Test has started!

[2026-08-08 10:30:39] [2026-08-08 14:30:40] Test complete!

[2026-08-08 10:30:39] [2026-08-08 14:30:45] Safe: True

[2026-08-08 10:30:39] [2026-08-08 14:30:45] Recent: True

[2026-08-08 10:30:39] [2026-08-08 14:30:45] Time: 1786199445.8455021

[2026-08-08 10:30:39] [2026-08-08 14:30:45] mTime: 1786199417.814197

[2026-08-08 10:30:39] [2026-08-08 14:30:51] Final membrane picture taken.

[2026-08-08 10:30:39] [2026-08-08 14:30:53] Coupon successfully discarded.

[2026-08-08 10:30:39] [2026-08-08 14:30:55] Done

[2026-08-08 10:30:39] [2026-08-08 14:30:55] {'temperature': '23.64', 'humidity': '50.62'}

[2026-08-08 10:30:39] ── END PROTOCOL LOG ───────────────────────────────────────────────

[2026-08-08 10:30:39] 
[1/5] organising files...

[2026-08-08 10:30:39] Condition already tested. New folder: 21.0-0.0add-5deg-350s-N2-1800s_run5

[2026-08-08 10:30:39] [START] condition=21.0-0.0add-5deg-350s-N2-1800s_run5

[2026-08-08 10:30:39] [2/5] processing pipeline for: 21.0-0.0add-5deg-350s-N2-1800s_run5

[2026-08-08 10:31:00] [3/5] generating initial report...

[2026-08-08 10:31:00] [4/5] running active learning...

[2026-08-08 10:31:25]   JSON result: C:\Users\opentrons\Documents\Auto-Membranes\JSON_results\llm_result_21.0-0.0add-5deg-350s-N2-1800s_run5.json

[2026-08-08 10:31:25] [5/5] next params: {'mixing_temp': 60, 'bath_temp': 5, 'pullcast_speed': 1, 'nitrogen': True, 'coupon_to_bath_wait_time': 305, 'nips_bath_wait_time': 1800, 'polymer_wt': 17.0, 'additive_wt': 0.0, 'stock_metadata': {'polymer_stock_wt_percent': 21.0, 'additive_stock_polymer_wt_percent': 21.0, 'additive_stock_additive_wt_percent': 4.0}}

[2026-08-08 10:31:25] Python recieved!

[2026-08-08 10:31:25] Exact payload being sent: {"mixing_temp": 60, "bath_temp": 5, "pullcast_speed": 1, "nitrogen": true, "coupon_to_bath_wait_time": 305, "nips_bath_wait_time": 1800, "polymer_wt": 17.0, "additive_wt": 0.0, "stock_metadata": {"polymer_stock_wt_percent": 21.0, "additive_stock_polymer_wt_percent": 21.0, "additive_stock_additive_wt_percent": 4.0}}

[2026-08-08 10:31:25] Opentrons response: Creating Membrane with following parameters: {"mixing_temp": 60, "bath_temp": 5, "pullcast_speed": 1, "nitrogen": true, "coupon_to_bath_wait_time": 305, "nips_bath_wait_time": 1800, "polymer_wt": 17.0, "additive_wt": 0.0, "stock_metadata": {"polymer_stock_wt_percent": 21.0, "additive_stock_polymer_wt_percent": 21.0, "additive_stock_additive_wt_percent": 4.0}}

[2026-08-08 10:31:25] [DONE] 21.0-0.0add-5deg-350s-N2-1800s_run5  elapsed=45.9s

[2026-08-08 14:06:37] ── PROTOCOL LOG (Opentrons) ────────────────────────────────────────

[2026-08-08 14:06:37] [2026-08-08 14:31:41] Recievied request for membrane with following parameters:

[2026-08-08 14:06:37] [2026-08-08 14:31:41] {'mixing_temp': 60, 'bath_temp': 5, 'pullcast_speed': 1, 'nitrogen': True, 'coupon_to_bath_wait_time': 305, 'nips_bath_wait_time': 1800, 'polymer_wt': 17.0, 'additive_wt': 0.0, 'stock_metadata': {'polymer_stock_wt_percent': 21.0, 'additive_stock_polymer_wt_percent': 21.0, 'additive_stock_additive_wt_percent': 4.0}}

[2026-08-08 14:06:37] [2026-08-08 14:31:41] Bath chilling process started.

[2026-08-08 14:06:37] [2026-08-08 14:31:41] Beginning zero tests on coupons.

[2026-08-08 14:06:37] [2026-08-08 14:31:41] Opentrons process started.

[2026-08-08 14:06:37] [2026-08-08 14:31:41] 
Target recipe

[2026-08-08 14:06:37] [2026-08-08 14:31:41] -------------

[2026-08-08 14:06:37] [2026-08-08 14:31:41] Total volume:      1000.00 uL

[2026-08-08 14:06:37] [2026-08-08 14:31:41] Target polymer:    17 wt%

[2026-08-08 14:06:37] [2026-08-08 14:31:41] Target additive:   0 wt%

[2026-08-08 14:06:37] [2026-08-08 14:31:41] 
Required volumes

[2026-08-08 14:06:37] [2026-08-08 14:31:41] ----------------

[2026-08-08 14:06:37] [2026-08-08 14:31:41] Normal polymer stock:      799.00 uL

[2026-08-08 14:06:37] [2026-08-08 14:31:41] Polymer-additive stock:    0.00 uL

[2026-08-08 14:06:37] [2026-08-08 14:31:41] Pure solvent:              201.00 uL

[2026-08-08 14:06:37] [2026-08-08 14:31:41] Total:                     1000.00 uL

[2026-08-08 14:06:37] [2026-08-08 14:31:41] 
Final composition check

[2026-08-08 14:06:37] [2026-08-08 14:31:41] -----------------------

[2026-08-08 14:06:37] [2026-08-08 14:31:41] Polymer:    17.0027 wt%

[2026-08-08 14:06:37] [2026-08-08 14:31:41] Additive:   0.0000 wt%

[2026-08-08 14:06:37] [2026-08-08 14:31:41] Solvent:    82.9973 wt%

[2026-08-08 14:06:37] [2026-08-08 14:31:42] 4.74

[2026-08-08 14:06:37] [2026-08-08 14:31:43] 4.74

[2026-08-08 14:06:37] [2026-08-08 14:31:44] 4.73

[2026-08-08 14:06:37] [2026-08-08 14:31:45] 4.73

[2026-08-08 14:06:37] [2026-08-08 14:31:46] 4.73

[2026-08-08 14:06:37] [2026-08-08 14:31:47] 4.73

[2026-08-08 14:06:37] [2026-08-08 14:31:48] Test has started!

[2026-08-08 14:06:37] [2026-08-08 14:31:48] 4.73

[2026-08-08 14:06:37] [2026-08-08 14:31:49] 4.73

[2026-08-08 14:06:37] [2026-08-08 14:31:50] 4.74

[2026-08-08 14:06:37] [2026-08-08 14:31:52] 4.75

[2026-08-08 14:06:37] [2026-08-08 14:31:53] 4.77

[2026-08-08 14:06:37] [2026-08-08 14:31:54] 4.78

[2026-08-08 14:06:37] [2026-08-08 14:31:55] 4.8

[2026-08-08 14:06:37] [2026-08-08 14:31:56] 4.81

[2026-08-08 14:06:37] [2026-08-08 14:31:57] 4.83

[2026-08-08 14:06:37] [2026-08-08 14:31:58] 4.85

[2026-08-08 14:06:37] [2026-08-08 14:31:59] 4.87

[2026-08-08 14:06:37] [2026-08-08 14:32:00] 4.89

[2026-08-08 14:06:37] [2026-08-08 14:33:58] Temperature set to 60.

[2026-08-08 14:06:37] [2026-08-08 14:34:09] entered if statement!!!

[2026-08-08 14:06:37] [2026-08-08 14:39:56] entered if statement!!!

[2026-08-08 14:06:37] [2026-08-08 14:49:24] Test complete!

[2026-08-08 14:06:37] [2026-08-08 14:49:29] Safe: True

[2026-08-08 14:06:37] [2026-08-08 14:49:29] Recent: True

[2026-08-08 14:06:37] [2026-08-08 14:49:29] Time: 1786200569.9353964

[2026-08-08 14:06:37] [2026-08-08 14:49:29] mTime: 1786200542.1238132

[2026-08-08 14:06:37] [2026-08-08 14:49:36] Test has started!

[2026-08-08 14:06:37] [2026-08-08 14:50:47] aspirate

[2026-08-08 14:06:37] [2026-08-08 14:50:47] 0

[2026-08-08 14:06:37] [2026-08-08 14:50:47] 10

[2026-08-08 14:06:37] [2026-08-08 14:53:06] dispense

[2026-08-08 14:06:37] [2026-08-08 14:53:06] 0

[2026-08-08 14:06:37] [2026-08-08 14:53:06] 10

[2026-08-08 14:06:37] [2026-08-08 14:54:34] aspirate

[2026-08-08 14:06:37] [2026-08-08 14:54:34] 1

[2026-08-08 14:06:37] [2026-08-08 14:54:34] 10

[2026-08-08 14:06:37] [2026-08-08 14:56:53] dispense

[2026-08-08 14:06:37] [2026-08-08 14:56:53] 1

[2026-08-08 14:06:37] [2026-08-08 14:56:53] 10

[2026-08-08 14:06:37] [2026-08-08 14:58:22] aspirate

[2026-08-08 14:06:37] [2026-08-08 14:58:22] 2

[2026-08-08 14:06:37] [2026-08-08 14:58:22] 10

[2026-08-08 14:06:37] [2026-08-08 15:00:41] dispense

[2026-08-08 14:06:37] [2026-08-08 15:00:41] 2

[2026-08-08 14:06:37] [2026-08-08 15:00:41] 10

[2026-08-08 14:06:37] [2026-08-08 15:02:10] aspirate

[2026-08-08 14:06:37] [2026-08-08 15:02:10] 3

[2026-08-08 14:06:37] [2026-08-08 15:02:10] 10

[2026-08-08 14:06:37] [2026-08-08 15:04:28] dispense

[2026-08-08 14:06:37] [2026-08-08 15:04:28] 3

[2026-08-08 14:06:37] [2026-08-08 15:04:28] 10

[2026-08-08 14:06:37] [2026-08-08 15:05:57] aspirate

[2026-08-08 14:06:37] [2026-08-08 15:05:57] 4

[2026-08-08 14:06:37] [2026-08-08 15:05:57] 10

[2026-08-08 14:06:37] [2026-08-08 15:08:16] dispense

[2026-08-08 14:06:37] [2026-08-08 15:08:16] 4

[2026-08-08 14:06:37] [2026-08-08 15:08:16] 10

[2026-08-08 14:06:37] [2026-08-08 15:09:08] Test complete!

[2026-08-08 14:06:37] [2026-08-08 15:09:14] Safe: True

[2026-08-08 14:06:37] [2026-08-08 15:09:14] Recent: True

[2026-08-08 14:06:37] [2026-08-08 15:09:14] Time: 1786201754.1576533

[2026-08-08 14:06:37] [2026-08-08 15:09:14] mTime: 1786201726.0267522

[2026-08-08 14:06:37] [2026-08-08 15:09:20] Test has started!

[2026-08-08 14:06:37] [2026-08-08 15:09:45] aspirate

[2026-08-08 14:06:37] [2026-08-08 15:09:45] 5

[2026-08-08 14:06:37] [2026-08-08 15:09:45] 10

[2026-08-08 14:06:37] [2026-08-08 15:12:03] dispense

[2026-08-08 14:06:37] [2026-08-08 15:12:03] 5

[2026-08-08 14:06:37] [2026-08-08 15:12:03] 10

[2026-08-08 14:06:37] [2026-08-08 15:13:32] aspirate

[2026-08-08 14:06:37] [2026-08-08 15:13:32] 6

[2026-08-08 14:06:37] [2026-08-08 15:13:32] 10

[2026-08-08 14:06:37] [2026-08-08 15:15:51] dispense

[2026-08-08 14:06:37] [2026-08-08 15:15:51] 6

[2026-08-08 14:06:37] [2026-08-08 15:15:51] 10

[2026-08-08 14:06:37] [2026-08-08 15:17:20] aspirate

[2026-08-08 14:06:37] [2026-08-08 15:17:20] 7

[2026-08-08 14:06:37] [2026-08-08 15:17:20] 10

[2026-08-08 14:06:37] [2026-08-08 15:19:38] dispense

[2026-08-08 14:06:37] [2026-08-08 15:19:38] 7

[2026-08-08 14:06:37] [2026-08-08 15:19:38] 10

[2026-08-08 14:06:37] [2026-08-08 15:21:07] aspirate

[2026-08-08 14:06:37] [2026-08-08 15:21:07] 8

[2026-08-08 14:06:37] [2026-08-08 15:21:07] 10

[2026-08-08 14:06:37] [2026-08-08 15:23:26] dispense

[2026-08-08 14:06:37] [2026-08-08 15:23:26] 8

[2026-08-08 14:06:37] [2026-08-08 15:23:26] 10

[2026-08-08 14:06:37] [2026-08-08 15:24:55] aspirate

[2026-08-08 14:06:37] [2026-08-08 15:24:55] 9

[2026-08-08 14:06:37] [2026-08-08 15:24:55] 10

[2026-08-08 14:06:37] [2026-08-08 15:27:30] dispense

[2026-08-08 14:06:37] [2026-08-08 15:27:30] 9

[2026-08-08 14:06:37] [2026-08-08 15:27:30] 10

[2026-08-08 14:06:37] [2026-08-08 15:27:30] 2291.7079404797405

[2026-08-08 14:06:37] [2026-08-08 15:29:32] Test complete!

[2026-08-08 14:06:37] [2026-08-08 15:29:37] Safe: True

[2026-08-08 14:06:37] [2026-08-08 15:29:37] Recent: True

[2026-08-08 14:06:37] [2026-08-08 15:29:37] Time: 1786202977.7559512

[2026-08-08 14:06:37] [2026-08-08 15:29:37] mTime: 1786202949.4805808

[2026-08-08 14:06:37] [2026-08-08 15:29:44] Test has started!

[2026-08-08 14:06:37] [2026-08-08 15:34:21] entered if statement!!!

[2026-08-08 14:06:37] [2026-08-08 15:48:59] Test complete!

[2026-08-08 14:06:37] [2026-08-08 15:49:05] Safe: True

[2026-08-08 14:06:37] [2026-08-08 15:49:05] Recent: True

[2026-08-08 14:06:37] [2026-08-08 15:49:05] Time: 1786204145.1570215

[2026-08-08 14:06:37] [2026-08-08 15:49:05] mTime: 1786204117.081868

[2026-08-08 14:06:37] [2026-08-08 15:49:08] Joined both subprocesses.

[2026-08-08 14:06:37] [2026-08-08 15:49:29] Pullcast complete.

[2026-08-08 14:06:37] [2026-08-08 15:49:39] Nitrogen on.

[2026-08-08 14:06:37] [2026-08-08 15:54:46] Nitrogen off.

[2026-08-08 14:06:37] [2026-08-08 15:54:48] Membrane sitting in bath for 1800 seconds.

[2026-08-08 14:06:37] [2026-08-08 15:54:49] Nitrogen cap has been put away.

[2026-08-08 14:06:37] [2026-08-08 15:54:49] Ring has been placed on the coupon.

[2026-08-08 14:06:37] [2026-08-08 15:54:49] Cleaning knife

[2026-08-08 14:06:37] [2026-08-08 15:54:51] Knife cleaning finished.

[2026-08-08 14:06:37] [2026-08-08 16:34:54] Initial membrane picture taken.

[2026-08-08 14:06:37] [2026-08-08 16:35:02] Test has started!

[2026-08-08 14:06:37] [2026-08-08 16:54:55] Test complete!

[2026-08-08 14:06:37] [2026-08-08 16:55:00] Safe: True

[2026-08-08 14:06:37] [2026-08-08 16:55:00] Recent: True

[2026-08-08 14:06:37] [2026-08-08 16:55:00] Time: 1786208100.5679986

[2026-08-08 14:06:37] [2026-08-08 16:55:00] mTime: 1786208072.283941

[2026-08-08 14:06:37] [2026-08-08 16:55:07] Test has started!

[2026-08-08 14:06:37] [2026-08-08 17:17:34] Test complete!

[2026-08-08 14:06:37] [2026-08-08 17:17:39] Safe: True

[2026-08-08 14:06:37] [2026-08-08 17:17:39] Recent: True

[2026-08-08 14:06:37] [2026-08-08 17:17:39] Time: 1786209459.4310381

[2026-08-08 14:06:37] [2026-08-08 17:17:39] mTime: 1786209431.101882

[2026-08-08 14:06:37] [2026-08-08 17:17:45] Test has started!

[2026-08-08 14:06:37] [2026-08-08 17:40:51] Test complete!

[2026-08-08 14:06:37] [2026-08-08 17:40:57] Safe: True

[2026-08-08 14:06:37] [2026-08-08 17:40:57] Recent: True

[2026-08-08 14:06:37] [2026-08-08 17:40:57] Time: 1786210857.264252

[2026-08-08 14:06:37] [2026-08-08 17:40:57] mTime: 1786210828.7811432

[2026-08-08 14:06:37] [2026-08-08 17:41:03] Test has started!

[2026-08-08 14:06:37] [2026-08-08 18:06:38] Test complete!

[2026-08-08 14:06:37] [2026-08-08 18:06:43] Safe: True

[2026-08-08 14:06:37] [2026-08-08 18:06:43] Recent: True

[2026-08-08 14:06:37] [2026-08-08 18:06:43] Time: 1786212403.5336704

[2026-08-08 14:06:37] [2026-08-08 18:06:43] mTime: 1786212375.5876408

[2026-08-08 14:06:37] [2026-08-08 18:06:49] Final membrane picture taken.

[2026-08-08 14:06:37] [2026-08-08 18:06:51] Coupon successfully discarded.

[2026-08-08 14:06:37] [2026-08-08 18:06:53] Done

[2026-08-08 14:06:37] [2026-08-08 18:06:53] {'temperature': '24.03', 'humidity': '53.53'}

[2026-08-08 14:06:37] ── END PROTOCOL LOG ───────────────────────────────────────────────

[2026-08-08 14:06:37] 
[1/5] organising files...

[2026-08-08 14:06:37] [START] condition=17.0-0.0add-5deg-305s-N2-1800s

[2026-08-08 14:06:37] [2/5] processing pipeline for: 17.0-0.0add-5deg-305s-N2-1800s

[2026-08-08 14:06:49] [3/5] generating initial report...

[2026-08-08 14:06:49] [4/5] running active learning...

[2026-08-08 14:07:12]   JSON result: C:\Users\opentrons\Documents\Auto-Membranes\JSON_results\llm_result_17.0-0.0add-5deg-305s-N2-1800s.json

[2026-08-08 14:07:12] [5/5] next params: {'mixing_temp': 60, 'bath_temp': 5, 'pullcast_speed': 1, 'nitrogen': True, 'coupon_to_bath_wait_time': 345, 'nips_bath_wait_time': 1800, 'polymer_wt': 17.0, 'additive_wt': 0.0, 'stock_metadata': {'polymer_stock_wt_percent': 21.0, 'additive_stock_polymer_wt_percent': 21.0, 'additive_stock_additive_wt_percent': 4.0}}

[2026-08-08 14:07:12] Python recieved!

[2026-08-08 14:07:12] Exact payload being sent: {"mixing_temp": 60, "bath_temp": 5, "pullcast_speed": 1, "nitrogen": true, "coupon_to_bath_wait_time": 345, "nips_bath_wait_time": 1800, "polymer_wt": 17.0, "additive_wt": 0.0, "stock_metadata": {"polymer_stock_wt_percent": 21.0, "additive_stock_polymer_wt_percent": 21.0, "additive_stock_additive_wt_percent": 4.0}}

[2026-08-08 14:07:12] Opentrons response: Creating Membrane with following parameters: {"mixing_temp": 60, "bath_temp": 5, "pullcast_speed": 1, "nitrogen": true, "coupon_to_bath_wait_time": 345, "nips_bath_wait_time": 1800, "polymer_wt": 17.0, "additive_wt": 0.0, "stock_metadata": {"polymer_stock_wt_percent": 21.0, "additive_stock_polymer_wt_percent": 21.0, "additive_stock_additive_wt_percent": 4.0}}

[2026-08-08 14:07:12] [DONE] 17.0-0.0add-5deg-305s-N2-1800s  elapsed=34.8s

[2026-08-08 15:24:01] 
stopping server...

