[2026-08-06 16:26:17] The "mixing_temp" can be between 25 and 80 degrees Celsius. The "bath_temp" can be between 5 and 25 degrees Celsius. The "pullcast_speed" can be between 1 and 20 mm/s. The "coupon_to_bath_wait_time" can be between 0 and 600 seconds. The "nips_bath_wait_time" can be between 1200 and 1800seconds. The "nitrogen" can be either True or False. The "polymer_wt" maximum is 21.0 and the "additive_wt" maximum is 4.0. The "polymer_wt" and "additive_wt" should be within the triangular bounds [(21.0, 0.0), (21.0, 4.0), (0.0, 0.0)].

[2026-08-06 16:26:18] [master_processing] active branches: ['image_processing']

[2026-08-06 16:26:18] server listening on 169.254.230.148:8000

[2026-08-06 16:26:18] kicking off first experiment: {'mixing_temp': 25, 'bath_temp': 5, 'pullcast_speed': 10, 'nitrogen': True, 'coupon_to_bath_wait_time': 55, 'nips_bath_wait_time': 101, 'polymer_wt': 17, 'additive_wt': 0, 'stock_metadata': {'polymer_stock_wt_percent': 21.0, 'additive_stock_polymer_wt_percent': 21.0, 'additive_stock_additive_wt_percent': 4.0}}

[2026-08-06 16:26:18] Python recieved!

[2026-08-06 16:26:18] Exact payload being sent: {"mixing_temp": 25, "bath_temp": 5, "pullcast_speed": 10, "nitrogen": true, "coupon_to_bath_wait_time": 55, "nips_bath_wait_time": 101, "polymer_wt": 17, "additive_wt": 0, "stock_metadata": {"polymer_stock_wt_percent": 21.0, "additive_stock_polymer_wt_percent": 21.0, "additive_stock_additive_wt_percent": 4.0}}

[2026-08-06 16:26:19] Opentrons response: Creating Membrane with following parameters: {"mixing_temp": 25, "bath_temp": 5, "pullcast_speed": 10, "nitrogen": true, "coupon_to_bath_wait_time": 55, "nips_bath_wait_time": 101, "polymer_wt": 17, "additive_wt": 0, "stock_metadata": {"polymer_stock_wt_percent": 21.0, "additive_stock_polymer_wt_percent": 21.0, "additive_stock_additive_wt_percent": 4.0}}

[2026-08-06 16:26:19] robot started — loop running. Ctrl+C to stop.

[2026-08-06 18:05:19] ── PROTOCOL LOG (Opentrons) ────────────────────────────────────────

[2026-08-06 18:05:19] [2026-08-06 20:26:33] Recievied request for membrane with following parameters:

[2026-08-06 18:05:19] [2026-08-06 20:26:33] {'mixing_temp': 25, 'bath_temp': 5, 'pullcast_speed': 10, 'nitrogen': True, 'coupon_to_bath_wait_time': 55, 'nips_bath_wait_time': 101, 'polymer_wt': 17, 'additive_wt': 0, 'stock_metadata': {'polymer_stock_wt_percent': 21.0, 'additive_stock_polymer_wt_percent': 21.0, 'additive_stock_additive_wt_percent': 4.0}}

[2026-08-06 18:05:19] [2026-08-06 20:26:33] Bath chilling process started.

[2026-08-06 18:05:19] [2026-08-06 20:26:33] Beginning zero tests on coupons.

[2026-08-06 18:05:19] [2026-08-06 20:26:33] Opentrons process started.

[2026-08-06 18:05:19] [2026-08-06 20:26:33] 
Target recipe

[2026-08-06 18:05:19] [2026-08-06 20:26:33] -------------

[2026-08-06 18:05:19] [2026-08-06 20:26:33] Total volume:      1000.00 uL

[2026-08-06 18:05:19] [2026-08-06 20:26:33] Target polymer:    17 wt%

[2026-08-06 18:05:19] [2026-08-06 20:26:33] Target additive:   0 wt%

[2026-08-06 18:05:19] [2026-08-06 20:26:33] 
Required volumes

[2026-08-06 18:05:19] [2026-08-06 20:26:33] ----------------

[2026-08-06 18:05:19] [2026-08-06 20:26:33] Normal polymer stock:      799.00 uL

[2026-08-06 18:05:19] [2026-08-06 20:26:33] Polymer-additive stock:    0.00 uL

[2026-08-06 18:05:19] [2026-08-06 20:26:33] Pure solvent:              201.00 uL

[2026-08-06 18:05:19] [2026-08-06 20:26:33] Total:                     1000.00 uL

[2026-08-06 18:05:19] [2026-08-06 20:26:33] 
Final composition check

[2026-08-06 18:05:19] [2026-08-06 20:26:33] -----------------------

[2026-08-06 18:05:19] [2026-08-06 20:26:33] Polymer:    17.0027 wt%

[2026-08-06 18:05:19] [2026-08-06 20:26:33] Additive:   0.0000 wt%

[2026-08-06 18:05:19] [2026-08-06 20:26:33] Solvent:    82.9973 wt%

[2026-08-06 18:05:19] [2026-08-06 20:27:00] Test has started!

[2026-08-06 18:05:19] [2026-08-06 20:27:24] Temperature set to 25.

[2026-08-06 18:05:19] [2026-08-06 20:27:36] entered if statement!!!

[2026-08-06 18:05:19] [2026-08-06 20:31:15] Test complete!

[2026-08-06 18:05:19] [2026-08-06 20:31:20] Safe: True

[2026-08-06 18:05:19] [2026-08-06 20:31:20] Recent: True

[2026-08-06 18:05:19] [2026-08-06 20:31:20] Time: 1786048280.4801044

[2026-08-06 18:05:19] [2026-08-06 20:31:20] mTime: 1786048255.051118

[2026-08-06 18:05:19] [2026-08-06 20:31:33] Test has started!

[2026-08-06 18:05:19] [2026-08-06 20:33:23] entered if statement!!!

[2026-08-06 18:05:19] [2026-08-06 20:35:55] Test complete!

[2026-08-06 18:05:19] [2026-08-06 20:36:00] Safe: True

[2026-08-06 18:05:19] [2026-08-06 20:36:00] Recent: True

[2026-08-06 18:05:19] [2026-08-06 20:36:00] Time: 1786048560.2994106

[2026-08-06 18:05:19] [2026-08-06 20:36:00] mTime: 1786048534.8958607

[2026-08-06 18:05:19] [2026-08-06 20:36:13] Test has started!

[2026-08-06 18:05:19] [2026-08-06 20:40:32] Test complete!

[2026-08-06 18:05:19] [2026-08-06 20:40:37] Safe: True

[2026-08-06 18:05:19] [2026-08-06 20:40:37] Recent: True

[2026-08-06 18:05:19] [2026-08-06 20:40:37] Time: 1786048837.5744615

[2026-08-06 18:05:19] [2026-08-06 20:40:37] mTime: 1786048812.1172278

[2026-08-06 18:05:19] [2026-08-06 20:40:50] Test has started!

[2026-08-06 18:05:19] [2026-08-06 20:44:14] aspirate

[2026-08-06 18:05:19] [2026-08-06 20:44:14] 0

[2026-08-06 18:05:19] [2026-08-06 20:44:14] 10

[2026-08-06 18:05:19] [2026-08-06 20:45:07] Test complete!

[2026-08-06 18:05:19] [2026-08-06 20:45:12] Safe: True

[2026-08-06 18:05:19] [2026-08-06 20:45:12] Recent: True

[2026-08-06 18:05:19] [2026-08-06 20:45:12] Time: 1786049112.8204427

[2026-08-06 18:05:19] [2026-08-06 20:45:12] mTime: 1786049087.4465623

[2026-08-06 18:05:19] [2026-08-06 20:46:33] dispense

[2026-08-06 18:05:19] [2026-08-06 20:46:33] 0

[2026-08-06 18:05:19] [2026-08-06 20:46:33] 10

[2026-08-06 18:05:19] [2026-08-06 20:48:02] aspirate

[2026-08-06 18:05:19] [2026-08-06 20:48:02] 1

[2026-08-06 18:05:19] [2026-08-06 20:48:02] 10

[2026-08-06 18:05:19] [2026-08-06 20:50:20] dispense

[2026-08-06 18:05:19] [2026-08-06 20:50:20] 1

[2026-08-06 18:05:19] [2026-08-06 20:50:20] 10

[2026-08-06 18:05:19] [2026-08-06 20:51:49] aspirate

[2026-08-06 18:05:19] [2026-08-06 20:51:49] 2

[2026-08-06 18:05:19] [2026-08-06 20:51:49] 10

[2026-08-06 18:05:19] [2026-08-06 20:54:08] dispense

[2026-08-06 18:05:19] [2026-08-06 20:54:08] 2

[2026-08-06 18:05:19] [2026-08-06 20:54:08] 10

[2026-08-06 18:05:19] [2026-08-06 20:55:37] aspirate

[2026-08-06 18:05:19] [2026-08-06 20:55:37] 3

[2026-08-06 18:05:19] [2026-08-06 20:55:37] 10

[2026-08-06 18:05:19] [2026-08-06 20:57:55] dispense

[2026-08-06 18:05:19] [2026-08-06 20:57:55] 3

[2026-08-06 18:05:19] [2026-08-06 20:57:55] 10

[2026-08-06 18:05:19] [2026-08-06 20:59:24] aspirate

[2026-08-06 18:05:19] [2026-08-06 20:59:24] 4

[2026-08-06 18:05:19] [2026-08-06 20:59:24] 10

[2026-08-06 18:05:19] [2026-08-06 21:01:43] dispense

[2026-08-06 18:05:19] [2026-08-06 21:01:43] 4

[2026-08-06 18:05:19] [2026-08-06 21:01:43] 10

[2026-08-06 18:05:19] [2026-08-06 21:03:12] aspirate

[2026-08-06 18:05:19] [2026-08-06 21:03:12] 5

[2026-08-06 18:05:19] [2026-08-06 21:03:12] 10

[2026-08-06 18:05:19] [2026-08-06 21:05:30] dispense

[2026-08-06 18:05:19] [2026-08-06 21:05:30] 5

[2026-08-06 18:05:19] [2026-08-06 21:05:30] 10

[2026-08-06 18:05:19] [2026-08-06 21:06:59] aspirate

[2026-08-06 18:05:19] [2026-08-06 21:06:59] 6

[2026-08-06 18:05:19] [2026-08-06 21:06:59] 10

[2026-08-06 18:05:19] [2026-08-06 21:09:18] dispense

[2026-08-06 18:05:19] [2026-08-06 21:09:18] 6

[2026-08-06 18:05:19] [2026-08-06 21:09:18] 10

[2026-08-06 18:05:19] [2026-08-06 21:10:47] aspirate

[2026-08-06 18:05:19] [2026-08-06 21:10:47] 7

[2026-08-06 18:05:19] [2026-08-06 21:10:47] 10

[2026-08-06 18:05:19] [2026-08-06 21:13:05] dispense

[2026-08-06 18:05:19] [2026-08-06 21:13:05] 7

[2026-08-06 18:05:19] [2026-08-06 21:13:05] 10

[2026-08-06 18:05:19] [2026-08-06 21:14:34] aspirate

[2026-08-06 18:05:19] [2026-08-06 21:14:34] 8

[2026-08-06 18:05:19] [2026-08-06 21:14:34] 10

[2026-08-06 18:05:19] [2026-08-06 21:16:53] dispense

[2026-08-06 18:05:19] [2026-08-06 21:16:53] 8

[2026-08-06 18:05:19] [2026-08-06 21:16:53] 10

[2026-08-06 18:05:19] [2026-08-06 21:18:22] aspirate

[2026-08-06 18:05:19] [2026-08-06 21:18:22] 9

[2026-08-06 18:05:19] [2026-08-06 21:18:22] 10

[2026-08-06 18:05:19] [2026-08-06 21:20:57] dispense

[2026-08-06 18:05:19] [2026-08-06 21:20:57] 9

[2026-08-06 18:05:19] [2026-08-06 21:20:57] 10

[2026-08-06 18:05:19] [2026-08-06 21:20:57] 2291.41914719902

[2026-08-06 18:05:19] [2026-08-06 21:27:48] entered if statement!!!

[2026-08-06 18:05:19] [2026-08-06 21:29:19] Joined both subprocesses.

[2026-08-06 18:05:19] [2026-08-06 21:30:08] Pullcast complete.

[2026-08-06 18:05:19] [2026-08-06 21:30:08] Nitrogen on.

[2026-08-06 18:05:19] [2026-08-06 21:31:16] Nitrogen off.

[2026-08-06 18:05:19] [2026-08-06 21:31:25] Membrane sitting in bath for 101 seconds.

[2026-08-06 18:05:19] [2026-08-06 21:31:34] Nitrogen cap has been put away.

[2026-08-06 18:05:19] [2026-08-06 21:31:50] Ring has been placed on the coupon.

[2026-08-06 18:05:19] [2026-08-06 21:35:08] Cleaning knife

[2026-08-06 18:05:19] [2026-08-06 21:36:08] Knife cleaning finished.

[2026-08-06 18:05:19] [2026-08-06 21:43:43] Initial membrane picture taken.

[2026-08-06 18:05:19] [2026-08-06 21:44:12] Test has started!

[2026-08-06 18:05:19] [2026-08-06 21:48:55] Test complete!

[2026-08-06 18:05:19] [2026-08-06 21:49:00] Safe: True

[2026-08-06 18:05:19] [2026-08-06 21:49:00] Recent: True

[2026-08-06 18:05:19] [2026-08-06 21:49:00] Time: 1786052940.3257444

[2026-08-06 18:05:19] [2026-08-06 21:49:00] mTime: 1786052914.7472236

[2026-08-06 18:05:19] [2026-08-06 21:49:13] Test has started!

[2026-08-06 18:05:19] [2026-08-06 21:54:00] Test complete!

[2026-08-06 18:05:19] [2026-08-06 21:54:05] Safe: True

[2026-08-06 18:05:19] [2026-08-06 21:54:05] Recent: True

[2026-08-06 18:05:19] [2026-08-06 21:54:05] Time: 1786053245.165032

[2026-08-06 18:05:19] [2026-08-06 21:54:05] mTime: 1786053219.5774477

[2026-08-06 18:05:19] [2026-08-06 21:54:17] Test has started!

[2026-08-06 18:05:19] [2026-08-06 21:59:00] Test complete!

[2026-08-06 18:05:19] [2026-08-06 21:59:05] Safe: True

[2026-08-06 18:05:19] [2026-08-06 21:59:05] Recent: True

[2026-08-06 18:05:19] [2026-08-06 21:59:05] Time: 1786053545.4149487

[2026-08-06 18:05:19] [2026-08-06 21:59:05] mTime: 1786053519.78712

[2026-08-06 18:05:19] [2026-08-06 21:59:18] Test has started!

[2026-08-06 18:05:19] [2026-08-06 22:03:59] Test complete!

[2026-08-06 18:05:19] [2026-08-06 22:04:04] Safe: True

[2026-08-06 18:05:19] [2026-08-06 22:04:04] Recent: True

[2026-08-06 18:05:19] [2026-08-06 22:04:04] Time: 1786053844.6139753

[2026-08-06 18:05:19] [2026-08-06 22:04:04] mTime: 1786053818.926362

[2026-08-06 18:05:19] [2026-08-06 22:04:30] Final membrane picture taken.

[2026-08-06 18:05:19] [2026-08-06 22:04:47] Coupon successfully discarded.

[2026-08-06 18:05:19] [2026-08-06 22:05:34] Done

[2026-08-06 18:05:19] [2026-08-06 22:05:34] {'temperature': '24.17', 'humidity': '49.34'}

[2026-08-06 18:05:19] ── END PROTOCOL LOG ───────────────────────────────────────────────

[2026-08-06 18:05:19] 
[1/5] organising files...

[2026-08-06 18:05:19] [START] condition=17-0add-5deg-55s-N2-101s

[2026-08-06 18:05:19] [2/5] processing pipeline for: 17-0add-5deg-55s-N2-101s

[2026-08-06 18:05:39] [3/5] generating initial report...

[2026-08-06 18:05:39] [4/5] running active learning...

[2026-08-06 18:06:16]   JSON result: C:\Users\opentrons\Documents\Auto-Membranes\JSON_results\llm_result_17-0add-5deg-55s-N2-101s.json

[2026-08-06 18:06:16] [5/5] next params: {'mixing_temp': 60, 'bath_temp': 5, 'pullcast_speed': 1, 'nitrogen': True, 'coupon_to_bath_wait_time': 335, 'nips_bath_wait_time': 1800, 'polymer_wt': 17.0, 'additive_wt': 0.0, 'stock_metadata': {'polymer_stock_wt_percent': 21.0, 'additive_stock_polymer_wt_percent': 21.0, 'additive_stock_additive_wt_percent': 4.0}}

[2026-08-06 18:06:16] Python recieved!

[2026-08-06 18:06:16] Exact payload being sent: {"mixing_temp": 60, "bath_temp": 5, "pullcast_speed": 1, "nitrogen": true, "coupon_to_bath_wait_time": 335, "nips_bath_wait_time": 1800, "polymer_wt": 17.0, "additive_wt": 0.0, "stock_metadata": {"polymer_stock_wt_percent": 21.0, "additive_stock_polymer_wt_percent": 21.0, "additive_stock_additive_wt_percent": 4.0}}

[2026-08-06 18:06:16] Opentrons response: Creating Membrane with following parameters: {"mixing_temp": 60, "bath_temp": 5, "pullcast_speed": 1, "nitrogen": true, "coupon_to_bath_wait_time": 335, "nips_bath_wait_time": 1800, "polymer_wt": 17.0, "additive_wt": 0.0, "stock_metadata": {"polymer_stock_wt_percent": 21.0, "additive_stock_polymer_wt_percent": 21.0, "additive_stock_additive_wt_percent": 4.0}}

[2026-08-06 18:06:16] [DONE] 17-0add-5deg-55s-N2-101s  elapsed=57.2s

[2026-08-06 20:22:05] ── PROTOCOL LOG (Opentrons) ────────────────────────────────────────

[2026-08-06 20:22:05] [2026-08-06 22:06:31] Recievied request for membrane with following parameters:

[2026-08-06 20:22:05] [2026-08-06 22:06:31] {'mixing_temp': 60, 'bath_temp': 5, 'pullcast_speed': 1, 'nitrogen': True, 'coupon_to_bath_wait_time': 335, 'nips_bath_wait_time': 1800, 'polymer_wt': 17.0, 'additive_wt': 0.0, 'stock_metadata': {'polymer_stock_wt_percent': 21.0, 'additive_stock_polymer_wt_percent': 21.0, 'additive_stock_additive_wt_percent': 4.0}}

[2026-08-06 20:22:05] [2026-08-06 22:06:31] Bath chilling process started.

[2026-08-06 20:22:05] [2026-08-06 22:06:31] Beginning zero tests on coupons.

[2026-08-06 20:22:05] [2026-08-06 22:06:31] Opentrons process started.

[2026-08-06 20:22:05] [2026-08-06 22:06:31] 
Target recipe

[2026-08-06 20:22:05] [2026-08-06 22:06:31] -------------

[2026-08-06 20:22:05] [2026-08-06 22:06:31] Total volume:      1000.00 uL

[2026-08-06 20:22:05] [2026-08-06 22:06:31] Target polymer:    17 wt%

[2026-08-06 20:22:05] [2026-08-06 22:06:31] Target additive:   0 wt%

[2026-08-06 20:22:05] [2026-08-06 22:06:31] 
Required volumes

[2026-08-06 20:22:05] [2026-08-06 22:06:31] ----------------

[2026-08-06 20:22:05] [2026-08-06 22:06:31] Normal polymer stock:      799.00 uL

[2026-08-06 20:22:05] [2026-08-06 22:06:31] Polymer-additive stock:    0.00 uL

[2026-08-06 20:22:05] [2026-08-06 22:06:31] Pure solvent:              201.00 uL

[2026-08-06 20:22:05] [2026-08-06 22:06:31] Total:                     1000.00 uL

[2026-08-06 20:22:05] [2026-08-06 22:06:31] 
Final composition check

[2026-08-06 20:22:05] [2026-08-06 22:06:31] -----------------------

[2026-08-06 20:22:05] [2026-08-06 22:06:31] Polymer:    17.0027 wt%

[2026-08-06 20:22:05] [2026-08-06 22:06:31] Additive:   0.0000 wt%

[2026-08-06 20:22:05] [2026-08-06 22:06:31] Solvent:    82.9973 wt%

[2026-08-06 20:22:05] [2026-08-06 22:06:31] 4.19

[2026-08-06 20:22:05] [2026-08-06 22:06:32] 4.17

[2026-08-06 20:22:05] [2026-08-06 22:06:34] 4.16

[2026-08-06 20:22:05] [2026-08-06 22:06:35] 4.15

[2026-08-06 20:22:05] [2026-08-06 22:06:36] 4.15

[2026-08-06 20:22:05] [2026-08-06 22:06:37] 4.16

[2026-08-06 20:22:05] [2026-08-06 22:06:38] 4.2

[2026-08-06 20:22:05] [2026-08-06 22:06:39] 4.23

[2026-08-06 20:22:05] [2026-08-06 22:06:40] 4.28

[2026-08-06 20:22:05] [2026-08-06 22:06:41] 4.32

[2026-08-06 20:22:05] [2026-08-06 22:06:42] 4.37

[2026-08-06 20:22:05] [2026-08-06 22:06:44] 4.42

[2026-08-06 20:22:05] [2026-08-06 22:06:45] 4.47

[2026-08-06 20:22:05] [2026-08-06 22:06:46] 4.53

[2026-08-06 20:22:05] [2026-08-06 22:06:47] 4.57

[2026-08-06 20:22:05] [2026-08-06 22:06:48] 4.63

[2026-08-06 20:22:05] [2026-08-06 22:06:49] 4.67

[2026-08-06 20:22:05] [2026-08-06 22:06:50] 4.72

[2026-08-06 20:22:05] [2026-08-06 22:06:51] 4.76

[2026-08-06 20:22:05] [2026-08-06 22:06:52] 4.81

[2026-08-06 20:22:05] [2026-08-06 22:06:53] 4.85

[2026-08-06 20:22:05] [2026-08-06 22:06:55] 4.89

[2026-08-06 20:22:05] [2026-08-06 22:06:58] Test has started!

[2026-08-06 20:22:05] [2026-08-06 22:07:57] Temperature set to 60.

[2026-08-06 20:22:05] [2026-08-06 22:08:09] entered if statement!!!

[2026-08-06 20:22:05] [2026-08-06 22:11:34] Test complete!

[2026-08-06 20:22:05] [2026-08-06 22:11:39] Safe: True

[2026-08-06 20:22:05] [2026-08-06 22:11:39] Recent: True

[2026-08-06 20:22:05] [2026-08-06 22:11:39] Time: 1786054299.6474159

[2026-08-06 20:22:05] [2026-08-06 22:11:39] mTime: 1786054273.9216504

[2026-08-06 20:22:05] [2026-08-06 22:11:52] Test has started!

[2026-08-06 20:22:05] [2026-08-06 22:13:56] entered if statement!!!

[2026-08-06 20:22:05] [2026-08-06 22:16:28] Test complete!

[2026-08-06 20:22:05] [2026-08-06 22:16:34] Safe: True

[2026-08-06 20:22:05] [2026-08-06 22:16:34] Recent: True

[2026-08-06 20:22:05] [2026-08-06 22:16:34] Time: 1786054594.0831761

[2026-08-06 20:22:05] [2026-08-06 22:16:34] mTime: 1786054568.3640215

[2026-08-06 20:22:05] [2026-08-06 22:16:47] Test has started!

[2026-08-06 20:22:05] [2026-08-06 22:21:29] Test complete!

[2026-08-06 20:22:05] [2026-08-06 22:21:34] Safe: True

[2026-08-06 20:22:05] [2026-08-06 22:21:34] Recent: True

[2026-08-06 20:22:05] [2026-08-06 22:21:34] Time: 1786054894.6223357

[2026-08-06 20:22:05] [2026-08-06 22:21:34] mTime: 1786054868.9114249

[2026-08-06 20:22:05] [2026-08-06 22:21:47] Test has started!

[2026-08-06 20:22:05] [2026-08-06 22:24:47] aspirate

[2026-08-06 20:22:05] [2026-08-06 22:24:47] 0

[2026-08-06 20:22:05] [2026-08-06 22:24:47] 10

[2026-08-06 20:22:05] [2026-08-06 22:26:24] Test complete!

[2026-08-06 20:22:05] [2026-08-06 22:26:29] Safe: True

[2026-08-06 20:22:05] [2026-08-06 22:26:29] Recent: True

[2026-08-06 20:22:05] [2026-08-06 22:26:29] Time: 1786055189.3468153

[2026-08-06 20:22:05] [2026-08-06 22:26:29] mTime: 1786055163.50775

[2026-08-06 20:22:05] [2026-08-06 22:27:06] dispense

[2026-08-06 20:22:05] [2026-08-06 22:27:06] 0

[2026-08-06 20:22:05] [2026-08-06 22:27:06] 10

[2026-08-06 20:22:05] [2026-08-06 22:28:35] aspirate

[2026-08-06 20:22:05] [2026-08-06 22:28:35] 1

[2026-08-06 20:22:05] [2026-08-06 22:28:35] 10

[2026-08-06 20:22:05] [2026-08-06 22:30:53] dispense

[2026-08-06 20:22:05] [2026-08-06 22:30:53] 1

[2026-08-06 20:22:05] [2026-08-06 22:30:53] 10

[2026-08-06 20:22:05] [2026-08-06 22:32:22] aspirate

[2026-08-06 20:22:05] [2026-08-06 22:32:22] 2

[2026-08-06 20:22:05] [2026-08-06 22:32:22] 10

[2026-08-06 20:22:05] [2026-08-06 22:34:41] dispense

[2026-08-06 20:22:05] [2026-08-06 22:34:41] 2

[2026-08-06 20:22:05] [2026-08-06 22:34:41] 10

[2026-08-06 20:22:05] [2026-08-06 22:36:10] aspirate

[2026-08-06 20:22:05] [2026-08-06 22:36:10] 3

[2026-08-06 20:22:05] [2026-08-06 22:36:10] 10

[2026-08-06 20:22:05] [2026-08-06 22:38:28] dispense

[2026-08-06 20:22:05] [2026-08-06 22:38:28] 3

[2026-08-06 20:22:05] [2026-08-06 22:38:28] 10

[2026-08-06 20:22:05] [2026-08-06 22:39:57] aspirate

[2026-08-06 20:22:05] [2026-08-06 22:39:57] 4

[2026-08-06 20:22:05] [2026-08-06 22:39:57] 10

[2026-08-06 20:22:05] [2026-08-06 22:42:16] dispense

[2026-08-06 20:22:05] [2026-08-06 22:42:16] 4

[2026-08-06 20:22:05] [2026-08-06 22:42:16] 10

[2026-08-06 20:22:05] [2026-08-06 22:43:45] aspirate

[2026-08-06 20:22:05] [2026-08-06 22:43:45] 5

[2026-08-06 20:22:05] [2026-08-06 22:43:45] 10

[2026-08-06 20:22:05] [2026-08-06 22:46:03] dispense

[2026-08-06 20:22:05] [2026-08-06 22:46:03] 5

[2026-08-06 20:22:05] [2026-08-06 22:46:03] 10

[2026-08-06 20:22:05] [2026-08-06 22:47:32] aspirate

[2026-08-06 20:22:05] [2026-08-06 22:47:32] 6

[2026-08-06 20:22:05] [2026-08-06 22:47:32] 10

[2026-08-06 20:22:05] [2026-08-06 22:49:51] dispense

[2026-08-06 20:22:05] [2026-08-06 22:49:51] 6

[2026-08-06 20:22:05] [2026-08-06 22:49:51] 10

[2026-08-06 20:22:05] [2026-08-06 22:51:20] aspirate

[2026-08-06 20:22:05] [2026-08-06 22:51:20] 7

[2026-08-06 20:22:05] [2026-08-06 22:51:20] 10

[2026-08-06 20:22:05] [2026-08-06 22:53:38] dispense

[2026-08-06 20:22:05] [2026-08-06 22:53:38] 7

[2026-08-06 20:22:05] [2026-08-06 22:53:38] 10

[2026-08-06 20:22:05] [2026-08-06 22:55:07] aspirate

[2026-08-06 20:22:05] [2026-08-06 22:55:07] 8

[2026-08-06 20:22:05] [2026-08-06 22:55:07] 10

[2026-08-06 20:22:05] [2026-08-06 22:57:26] dispense

[2026-08-06 20:22:05] [2026-08-06 22:57:26] 8

[2026-08-06 20:22:05] [2026-08-06 22:57:26] 10

[2026-08-06 20:22:05] [2026-08-06 22:58:55] aspirate

[2026-08-06 20:22:05] [2026-08-06 22:58:55] 9

[2026-08-06 20:22:05] [2026-08-06 22:58:55] 10

[2026-08-06 20:22:05] [2026-08-06 23:01:30] dispense

[2026-08-06 20:22:05] [2026-08-06 23:01:30] 9

[2026-08-06 20:22:05] [2026-08-06 23:01:30] 10

[2026-08-06 20:22:05] [2026-08-06 23:01:30] 2291.5624558450654

[2026-08-06 20:22:05] [2026-08-06 23:08:21] entered if statement!!!

[2026-08-06 20:22:05] [2026-08-06 23:09:52] Joined both subprocesses.

[2026-08-06 20:22:05] [2026-08-06 23:12:15] Pullcast complete.

[2026-08-06 20:22:05] [2026-08-06 23:12:15] Nitrogen on.

[2026-08-06 20:22:05] [2026-08-06 23:18:03] Nitrogen off.

[2026-08-06 20:22:05] [2026-08-06 23:18:12] Membrane sitting in bath for 1800 seconds.

[2026-08-06 20:22:05] [2026-08-06 23:18:22] Nitrogen cap has been put away.

[2026-08-06 20:22:05] [2026-08-06 23:18:37] Ring has been placed on the coupon.

[2026-08-06 20:22:05] [2026-08-06 23:18:37] Cleaning knife

[2026-08-06 20:22:05] [2026-08-06 23:19:37] Knife cleaning finished.

[2026-08-06 20:22:05] [2026-08-06 23:58:47] Initial membrane picture taken.

[2026-08-06 20:22:05] [2026-08-06 23:59:16] Test has started!

[2026-08-06 20:22:05] [2026-08-07 00:04:23] Test complete!

[2026-08-06 20:22:05] [2026-08-07 00:04:29] Safe: True

[2026-08-06 20:22:05] [2026-08-07 00:04:29] Recent: True

[2026-08-06 20:22:05] [2026-08-07 00:04:29] Time: 1786061069.1005058

[2026-08-06 20:22:05] [2026-08-07 00:04:29] mTime: 1786061043.3132885

[2026-08-06 20:22:05] [2026-08-07 00:04:41] Test has started!

[2026-08-06 20:22:05] [2026-08-07 00:09:47] Test complete!

[2026-08-06 20:22:05] [2026-08-07 00:09:52] Safe: True

[2026-08-06 20:22:05] [2026-08-07 00:09:52] Recent: True

[2026-08-06 20:22:05] [2026-08-07 00:09:52] Time: 1786061392.628564

[2026-08-06 20:22:05] [2026-08-07 00:09:52] mTime: 1786061366.800164

[2026-08-06 20:22:05] [2026-08-07 00:10:05] Test has started!

[2026-08-06 20:22:05] [2026-08-07 00:15:18] Test complete!

[2026-08-06 20:22:05] [2026-08-07 00:15:23] Safe: True

[2026-08-06 20:22:05] [2026-08-07 00:15:23] Recent: True

[2026-08-06 20:22:05] [2026-08-07 00:15:23] Time: 1786061723.3514338

[2026-08-06 20:22:05] [2026-08-07 00:15:23] mTime: 1786061697.5853207

[2026-08-06 20:22:05] [2026-08-07 00:15:36] Test has started!

[2026-08-06 20:22:05] [2026-08-07 00:20:45] Test complete!

[2026-08-06 20:22:05] [2026-08-07 00:20:50] Safe: True

[2026-08-06 20:22:05] [2026-08-07 00:20:50] Recent: True

[2026-08-06 20:22:05] [2026-08-07 00:20:50] Time: 1786062050.363735

[2026-08-06 20:22:05] [2026-08-07 00:20:50] mTime: 1786062024.583462

[2026-08-06 20:22:05] [2026-08-07 00:21:16] Final membrane picture taken.

[2026-08-06 20:22:05] [2026-08-07 00:21:33] Coupon successfully discarded.

[2026-08-06 20:22:05] [2026-08-07 00:22:20] Done

[2026-08-06 20:22:05] [2026-08-07 00:22:20] {'temperature': '23.94', 'humidity': '49.25'}

[2026-08-06 20:22:05] ── END PROTOCOL LOG ───────────────────────────────────────────────

[2026-08-06 20:22:05] 
[1/5] organising files...

[2026-08-06 20:22:05] [START] condition=17.0-0.0add-5deg-335s-N2-1800s

[2026-08-06 20:22:05] [2/5] processing pipeline for: 17.0-0.0add-5deg-335s-N2-1800s

[2026-08-06 20:22:12] [3/5] generating initial report...

[2026-08-06 20:22:12] [4/5] running active learning...

[2026-08-06 20:22:37]   JSON result: C:\Users\opentrons\Documents\Auto-Membranes\JSON_results\llm_result_17.0-0.0add-5deg-335s-N2-1800s.json

[2026-08-06 20:22:37] [5/5] next params: {'mixing_temp': 60, 'bath_temp': 5, 'pullcast_speed': 1, 'nitrogen': True, 'coupon_to_bath_wait_time': 350, 'nips_bath_wait_time': 1800, 'polymer_wt': 21.0, 'additive_wt': 0.0, 'stock_metadata': {'polymer_stock_wt_percent': 21.0, 'additive_stock_polymer_wt_percent': 21.0, 'additive_stock_additive_wt_percent': 4.0}}

[2026-08-06 20:22:37] Python recieved!

[2026-08-06 20:22:37] Exact payload being sent: {"mixing_temp": 60, "bath_temp": 5, "pullcast_speed": 1, "nitrogen": true, "coupon_to_bath_wait_time": 350, "nips_bath_wait_time": 1800, "polymer_wt": 21.0, "additive_wt": 0.0, "stock_metadata": {"polymer_stock_wt_percent": 21.0, "additive_stock_polymer_wt_percent": 21.0, "additive_stock_additive_wt_percent": 4.0}}

[2026-08-06 20:22:38] Opentrons response: Creating Membrane with following parameters: {"mixing_temp": 60, "bath_temp": 5, "pullcast_speed": 1, "nitrogen": true, "coupon_to_bath_wait_time": 350, "nips_bath_wait_time": 1800, "polymer_wt": 21.0, "additive_wt": 0.0, "stock_metadata": {"polymer_stock_wt_percent": 21.0, "additive_stock_polymer_wt_percent": 21.0, "additive_stock_additive_wt_percent": 4.0}}

[2026-08-06 20:22:38] [DONE] 17.0-0.0add-5deg-335s-N2-1800s  elapsed=32.8s

[2026-08-06 21:50:06] ── PROTOCOL LOG (Opentrons) ────────────────────────────────────────

[2026-08-06 21:50:06] [2026-08-07 00:22:52] Recievied request for membrane with following parameters:

[2026-08-06 21:50:06] [2026-08-07 00:22:52] {'mixing_temp': 60, 'bath_temp': 5, 'pullcast_speed': 1, 'nitrogen': True, 'coupon_to_bath_wait_time': 350, 'nips_bath_wait_time': 1800, 'polymer_wt': 21.0, 'additive_wt': 0.0, 'stock_metadata': {'polymer_stock_wt_percent': 21.0, 'additive_stock_polymer_wt_percent': 21.0, 'additive_stock_additive_wt_percent': 4.0}}

[2026-08-06 21:50:06] [2026-08-07 00:22:52] Bath chilling process started.

[2026-08-06 21:50:06] [2026-08-07 00:22:52] Beginning zero tests on coupons.

[2026-08-06 21:50:06] [2026-08-07 00:22:52] Opentrons process started.

[2026-08-06 21:50:06] [2026-08-07 00:22:52] 
Target recipe

[2026-08-06 21:50:06] [2026-08-07 00:22:52] -------------

[2026-08-06 21:50:06] [2026-08-07 00:22:52] Total volume:      1000.00 uL

[2026-08-06 21:50:06] [2026-08-07 00:22:52] Target polymer:    21 wt%

[2026-08-06 21:50:06] [2026-08-07 00:22:52] Target additive:   0 wt%

[2026-08-06 21:50:06] [2026-08-07 00:22:52] 
Required volumes

[2026-08-06 21:50:06] [2026-08-07 00:22:52] ----------------

[2026-08-06 21:50:06] [2026-08-07 00:22:52] Normal polymer stock:      1000.00 uL

[2026-08-06 21:50:06] [2026-08-07 00:22:52] Polymer-additive stock:    0.00 uL

[2026-08-06 21:50:06] [2026-08-07 00:22:52] Pure solvent:              0.00 uL

[2026-08-06 21:50:06] [2026-08-07 00:22:52] Total:                     1000.00 uL

[2026-08-06 21:50:06] [2026-08-07 00:22:52] 
Final composition check

[2026-08-06 21:50:06] [2026-08-07 00:22:52] -----------------------

[2026-08-06 21:50:06] [2026-08-07 00:22:52] Polymer:    21.0000 wt%

[2026-08-06 21:50:06] [2026-08-07 00:22:52] Additive:   0.0000 wt%

[2026-08-06 21:50:06] [2026-08-07 00:22:52] Solvent:    79.0000 wt%

[2026-08-06 21:50:06] [2026-08-07 00:22:52] Solution will be pulled from stock polymer bottle.

[2026-08-06 21:50:06] [2026-08-07 00:22:53] 4.47

[2026-08-06 21:50:06] [2026-08-07 00:22:54] 4.45

[2026-08-06 21:50:06] [2026-08-07 00:22:55] 4.43

[2026-08-06 21:50:06] [2026-08-07 00:22:56] 4.42

[2026-08-06 21:50:06] [2026-08-07 00:22:57] 4.41

[2026-08-06 21:50:06] [2026-08-07 00:22:58] 4.42

[2026-08-06 21:50:06] [2026-08-07 00:23:00] 4.44

[2026-08-06 21:50:06] [2026-08-07 00:23:01] 4.46

[2026-08-06 21:50:06] [2026-08-07 00:23:02] 4.49

[2026-08-06 21:50:06] [2026-08-07 00:23:03] 4.51

[2026-08-06 21:50:06] [2026-08-07 00:23:04] 4.55

[2026-08-06 21:50:06] [2026-08-07 00:23:05] 4.57

[2026-08-06 21:50:06] [2026-08-07 00:23:06] 4.61

[2026-08-06 21:50:06] [2026-08-07 00:23:07] 4.64

[2026-08-06 21:50:06] [2026-08-07 00:23:08] 4.67

[2026-08-06 21:50:06] [2026-08-07 00:23:10] 4.71

[2026-08-06 21:50:06] [2026-08-07 00:23:11] 4.74

[2026-08-06 21:50:06] [2026-08-07 00:23:12] 4.77

[2026-08-06 21:50:06] [2026-08-07 00:23:13] 4.8

[2026-08-06 21:50:06] [2026-08-07 00:23:14] 4.84

[2026-08-06 21:50:06] [2026-08-07 00:23:15] 4.88

[2026-08-06 21:50:06] [2026-08-07 00:23:20] Test has started!

[2026-08-06 21:50:06] [2026-08-07 00:27:34] Test complete!

[2026-08-06 21:50:06] [2026-08-07 00:27:39] Safe: True

[2026-08-06 21:50:06] [2026-08-07 00:27:39] Recent: True

[2026-08-06 21:50:06] [2026-08-07 00:27:39] Time: 1786062459.376604

[2026-08-06 21:50:06] [2026-08-07 00:27:39] mTime: 1786062433.5543451

[2026-08-06 21:50:06] [2026-08-07 00:27:52] Test has started!

[2026-08-06 21:50:06] [2026-08-07 00:29:52] entered if statement!!!

[2026-08-06 21:50:06] [2026-08-07 00:32:14] Test complete!

[2026-08-06 21:50:06] [2026-08-07 00:32:19] Safe: True

[2026-08-06 21:50:06] [2026-08-07 00:32:19] Recent: True

[2026-08-06 21:50:06] [2026-08-07 00:32:19] Time: 1786062739.625629

[2026-08-06 21:50:06] [2026-08-07 00:32:19] mTime: 1786062713.947643

[2026-08-06 21:50:06] [2026-08-07 00:32:32] Test has started!

[2026-08-06 21:50:06] [2026-08-07 00:36:50] Test complete!

[2026-08-06 21:50:06] [2026-08-07 00:36:55] Safe: True

[2026-08-06 21:50:06] [2026-08-07 00:36:55] Recent: True

[2026-08-06 21:50:06] [2026-08-07 00:36:55] Time: 1786063015.5160048

[2026-08-06 21:50:06] [2026-08-07 00:36:55] mTime: 1786062989.8612678

[2026-08-06 21:50:06] [2026-08-07 00:37:08] Test has started!

[2026-08-06 21:50:06] [2026-08-07 00:41:25] Test complete!

[2026-08-06 21:50:06] [2026-08-07 00:41:30] Safe: True

[2026-08-06 21:50:06] [2026-08-07 00:41:30] Recent: True

[2026-08-06 21:50:06] [2026-08-07 00:41:30] Time: 1786063290.667551

[2026-08-06 21:50:06] [2026-08-07 00:41:30] mTime: 1786063264.9886198

[2026-08-06 21:50:06] [2026-08-07 00:41:56] Joined both subprocesses.

[2026-08-06 21:50:06] [2026-08-07 00:44:19] Pullcast complete.

[2026-08-06 21:50:06] [2026-08-07 00:44:19] Nitrogen on.

[2026-08-06 21:50:06] [2026-08-07 00:50:22] Nitrogen off.

[2026-08-06 21:50:06] [2026-08-07 00:50:31] Membrane sitting in bath for 1800 seconds.

[2026-08-06 21:50:06] [2026-08-07 00:50:41] Nitrogen cap has been put away.

[2026-08-06 21:50:06] [2026-08-07 00:50:56] Ring has been placed on the coupon.

[2026-08-06 21:50:06] [2026-08-07 00:50:56] Cleaning knife

[2026-08-06 21:50:06] [2026-08-07 00:51:56] Knife cleaning finished.

[2026-08-06 21:50:06] [2026-08-07 01:31:06] Initial membrane picture taken.

[2026-08-06 21:50:06] [2026-08-07 01:31:35] Test has started!

[2026-08-06 21:50:06] [2026-08-07 01:35:27] Test complete!

[2026-08-06 21:50:06] [2026-08-07 01:35:32] Safe: True

[2026-08-06 21:50:06] [2026-08-07 01:35:32] Recent: True

[2026-08-06 21:50:06] [2026-08-07 01:35:32] Time: 1786066532.1222181

[2026-08-06 21:50:06] [2026-08-07 01:35:32] mTime: 1786066506.4178226

[2026-08-06 21:50:06] [2026-08-07 01:35:44] Test has started!

[2026-08-06 21:50:06] [2026-08-07 01:39:56] Test complete!

[2026-08-06 21:50:06] [2026-08-07 01:40:02] Safe: True

[2026-08-06 21:50:06] [2026-08-07 01:40:02] Recent: True

[2026-08-06 21:50:06] [2026-08-07 01:40:02] Time: 1786066802.2345908

[2026-08-06 21:50:06] [2026-08-07 01:40:02] mTime: 1786066776.3948023

[2026-08-06 21:50:06] [2026-08-07 01:40:15] Test has started!

[2026-08-06 21:50:06] [2026-08-07 01:44:23] Test complete!

[2026-08-06 21:50:06] [2026-08-07 01:44:28] Safe: True

[2026-08-06 21:50:06] [2026-08-07 01:44:28] Recent: True

[2026-08-06 21:50:06] [2026-08-07 01:44:28] Time: 1786067068.3804746

[2026-08-06 21:50:06] [2026-08-07 01:44:28] mTime: 1786067042.7971206

[2026-08-06 21:50:06] [2026-08-07 01:44:41] Test has started!

[2026-08-06 21:50:06] [2026-08-07 01:48:47] Test complete!

[2026-08-06 21:50:06] [2026-08-07 01:48:52] Safe: True

[2026-08-06 21:50:06] [2026-08-07 01:48:52] Recent: True

[2026-08-06 21:50:06] [2026-08-07 01:48:52] Time: 1786067332.09242

[2026-08-06 21:50:06] [2026-08-07 01:48:52] mTime: 1786067306.505198

[2026-08-06 21:50:06] [2026-08-07 01:49:18] Final membrane picture taken.

[2026-08-06 21:50:06] [2026-08-07 01:49:35] Coupon successfully discarded.

[2026-08-06 21:50:06] [2026-08-07 01:50:21] Done

[2026-08-06 21:50:06] [2026-08-07 01:50:21] {'temperature': '23.53', 'humidity': '46.53'}

[2026-08-06 21:50:06] ── END PROTOCOL LOG ───────────────────────────────────────────────

[2026-08-06 21:50:06] 
[1/5] organising files...

[2026-08-06 21:50:06] [START] condition=21.0-0.0add-5deg-350s-N2-1800s

[2026-08-06 21:50:06] [2/5] processing pipeline for: 21.0-0.0add-5deg-350s-N2-1800s

[2026-08-06 21:50:13] [3/5] generating initial report...

[2026-08-06 21:50:13] [4/5] running active learning...

[2026-08-06 21:51:06]   JSON result: C:\Users\opentrons\Documents\Auto-Membranes\JSON_results\llm_result_21.0-0.0add-5deg-350s-N2-1800s.json

[2026-08-06 21:51:06] [5/5] next params: {'mixing_temp': 60, 'bath_temp': 5, 'pullcast_speed': 1, 'nitrogen': True, 'coupon_to_bath_wait_time': 320, 'nips_bath_wait_time': 1800, 'polymer_wt': 17.0, 'additive_wt': 0.0, 'stock_metadata': {'polymer_stock_wt_percent': 21.0, 'additive_stock_polymer_wt_percent': 21.0, 'additive_stock_additive_wt_percent': 4.0}}

[2026-08-06 21:51:06] Python recieved!

[2026-08-06 21:51:06] Exact payload being sent: {"mixing_temp": 60, "bath_temp": 5, "pullcast_speed": 1, "nitrogen": true, "coupon_to_bath_wait_time": 320, "nips_bath_wait_time": 1800, "polymer_wt": 17.0, "additive_wt": 0.0, "stock_metadata": {"polymer_stock_wt_percent": 21.0, "additive_stock_polymer_wt_percent": 21.0, "additive_stock_additive_wt_percent": 4.0}}

[2026-08-06 21:51:06] Opentrons response: Creating Membrane with following parameters: {"mixing_temp": 60, "bath_temp": 5, "pullcast_speed": 1, "nitrogen": true, "coupon_to_bath_wait_time": 320, "nips_bath_wait_time": 1800, "polymer_wt": 17.0, "additive_wt": 0.0, "stock_metadata": {"polymer_stock_wt_percent": 21.0, "additive_stock_polymer_wt_percent": 21.0, "additive_stock_additive_wt_percent": 4.0}}

[2026-08-06 21:51:06] [DONE] 21.0-0.0add-5deg-350s-N2-1800s  elapsed=60.0s

[2026-08-07 00:02:48] ── PROTOCOL LOG (Opentrons) ────────────────────────────────────────

[2026-08-07 00:02:48] [2026-08-07 01:51:21] Recievied request for membrane with following parameters:

[2026-08-07 00:02:48] [2026-08-07 01:51:21] {'mixing_temp': 60, 'bath_temp': 5, 'pullcast_speed': 1, 'nitrogen': True, 'coupon_to_bath_wait_time': 320, 'nips_bath_wait_time': 1800, 'polymer_wt': 17.0, 'additive_wt': 0.0, 'stock_metadata': {'polymer_stock_wt_percent': 21.0, 'additive_stock_polymer_wt_percent': 21.0, 'additive_stock_additive_wt_percent': 4.0}}

[2026-08-07 00:02:48] [2026-08-07 01:51:21] Bath chilling process started.

[2026-08-07 00:02:48] [2026-08-07 01:51:21] Beginning zero tests on coupons.

[2026-08-07 00:02:48] [2026-08-07 01:51:21] Opentrons process started.

[2026-08-07 00:02:48] [2026-08-07 01:51:21] 
Target recipe

[2026-08-07 00:02:48] [2026-08-07 01:51:21] -------------

[2026-08-07 00:02:48] [2026-08-07 01:51:21] Total volume:      1000.00 uL

[2026-08-07 00:02:48] [2026-08-07 01:51:21] Target polymer:    17 wt%

[2026-08-07 00:02:48] [2026-08-07 01:51:21] Target additive:   0 wt%

[2026-08-07 00:02:48] [2026-08-07 01:51:21] 
Required volumes

[2026-08-07 00:02:48] [2026-08-07 01:51:21] ----------------

[2026-08-07 00:02:48] [2026-08-07 01:51:21] Normal polymer stock:      799.00 uL

[2026-08-07 00:02:48] [2026-08-07 01:51:21] Polymer-additive stock:    0.00 uL

[2026-08-07 00:02:48] [2026-08-07 01:51:21] Pure solvent:              201.00 uL

[2026-08-07 00:02:48] [2026-08-07 01:51:21] Total:                     1000.00 uL

[2026-08-07 00:02:48] [2026-08-07 01:51:21] 
Final composition check

[2026-08-07 00:02:48] [2026-08-07 01:51:21] -----------------------

[2026-08-07 00:02:48] [2026-08-07 01:51:21] Polymer:    17.0027 wt%

[2026-08-07 00:02:48] [2026-08-07 01:51:21] Additive:   0.0000 wt%

[2026-08-07 00:02:48] [2026-08-07 01:51:21] Solvent:    82.9973 wt%

[2026-08-07 00:02:48] [2026-08-07 01:51:21] 4.2

[2026-08-07 00:02:48] [2026-08-07 01:51:23] 4.19

[2026-08-07 00:02:48] [2026-08-07 01:51:24] 4.17

[2026-08-07 00:02:48] [2026-08-07 01:51:25] 4.16

[2026-08-07 00:02:48] [2026-08-07 01:51:26] 4.18

[2026-08-07 00:02:48] [2026-08-07 01:51:27] 4.2

[2026-08-07 00:02:48] [2026-08-07 01:51:28] 4.24

[2026-08-07 00:02:48] [2026-08-07 01:51:29] 4.3

[2026-08-07 00:02:48] [2026-08-07 01:51:30] 4.35

[2026-08-07 00:02:48] [2026-08-07 01:51:31] 4.42

[2026-08-07 00:02:48] [2026-08-07 01:51:33] 4.47

[2026-08-07 00:02:48] [2026-08-07 01:51:34] 4.54

[2026-08-07 00:02:48] [2026-08-07 01:51:35] 4.61

[2026-08-07 00:02:48] [2026-08-07 01:51:36] 4.66

[2026-08-07 00:02:48] [2026-08-07 01:51:37] 4.73

[2026-08-07 00:02:48] [2026-08-07 01:51:38] 4.78

[2026-08-07 00:02:48] [2026-08-07 01:51:39] 4.85

[2026-08-07 00:02:48] [2026-08-07 01:51:48] Test has started!

[2026-08-07 00:02:48] [2026-08-07 01:53:33] Temperature set to 60.

[2026-08-07 00:02:48] [2026-08-07 01:53:44] entered if statement!!!

[2026-08-07 00:02:48] [2026-08-07 01:55:36] Test complete!

[2026-08-07 00:02:48] [2026-08-07 01:55:41] Safe: True

[2026-08-07 00:02:48] [2026-08-07 01:55:41] Recent: True

[2026-08-07 00:02:48] [2026-08-07 01:55:41] Time: 1786067741.5170946

[2026-08-07 00:02:48] [2026-08-07 01:55:41] mTime: 1786067716.0176027

[2026-08-07 00:02:48] [2026-08-07 01:55:54] Test has started!

[2026-08-07 00:02:48] [2026-08-07 01:59:31] entered if statement!!!

[2026-08-07 00:02:48] [2026-08-07 01:59:56] Test complete!

[2026-08-07 00:02:48] [2026-08-07 02:00:01] Safe: True

[2026-08-07 00:02:48] [2026-08-07 02:00:01] Recent: True

[2026-08-07 00:02:48] [2026-08-07 02:00:01] Time: 1786068001.6902783

[2026-08-07 00:02:48] [2026-08-07 02:00:01] mTime: 1786067976.0415182

[2026-08-07 00:02:48] [2026-08-07 02:00:14] Test has started!

[2026-08-07 00:02:48] [2026-08-07 02:04:16] Test complete!

[2026-08-07 00:02:48] [2026-08-07 02:04:21] Safe: True

[2026-08-07 00:02:48] [2026-08-07 02:04:21] Recent: True

[2026-08-07 00:02:48] [2026-08-07 02:04:21] Time: 1786068261.4437249

[2026-08-07 00:02:48] [2026-08-07 02:04:21] mTime: 1786068235.8023934

[2026-08-07 00:02:48] [2026-08-07 02:04:34] Test has started!

[2026-08-07 00:02:48] [2026-08-07 02:08:34] Test complete!

[2026-08-07 00:02:48] [2026-08-07 02:08:39] Safe: True

[2026-08-07 00:02:48] [2026-08-07 02:08:39] Recent: True

[2026-08-07 00:02:48] [2026-08-07 02:08:39] Time: 1786068519.6717467

[2026-08-07 00:02:48] [2026-08-07 02:08:39] mTime: 1786068493.9837008

[2026-08-07 00:02:48] [2026-08-07 02:10:23] aspirate

[2026-08-07 00:02:48] [2026-08-07 02:10:23] 0

[2026-08-07 00:02:48] [2026-08-07 02:10:23] 10

[2026-08-07 00:02:48] [2026-08-07 02:12:41] dispense

[2026-08-07 00:02:48] [2026-08-07 02:12:41] 0

[2026-08-07 00:02:48] [2026-08-07 02:12:41] 10

[2026-08-07 00:02:48] [2026-08-07 02:14:10] aspirate

[2026-08-07 00:02:48] [2026-08-07 02:14:10] 1

[2026-08-07 00:02:48] [2026-08-07 02:14:10] 10

[2026-08-07 00:02:48] [2026-08-07 02:16:29] dispense

[2026-08-07 00:02:48] [2026-08-07 02:16:29] 1

[2026-08-07 00:02:48] [2026-08-07 02:16:29] 10

[2026-08-07 00:02:48] [2026-08-07 02:17:58] aspirate

[2026-08-07 00:02:48] [2026-08-07 02:17:58] 2

[2026-08-07 00:02:48] [2026-08-07 02:17:58] 10

[2026-08-07 00:02:48] [2026-08-07 02:20:16] dispense

[2026-08-07 00:02:48] [2026-08-07 02:20:16] 2

[2026-08-07 00:02:48] [2026-08-07 02:20:16] 10

[2026-08-07 00:02:48] [2026-08-07 02:21:45] aspirate

[2026-08-07 00:02:48] [2026-08-07 02:21:45] 3

[2026-08-07 00:02:48] [2026-08-07 02:21:45] 10

[2026-08-07 00:02:48] [2026-08-07 02:24:04] dispense

[2026-08-07 00:02:48] [2026-08-07 02:24:04] 3

[2026-08-07 00:02:48] [2026-08-07 02:24:04] 10

[2026-08-07 00:02:48] [2026-08-07 02:25:33] aspirate

[2026-08-07 00:02:48] [2026-08-07 02:25:33] 4

[2026-08-07 00:02:48] [2026-08-07 02:25:33] 10

[2026-08-07 00:02:48] [2026-08-07 02:27:51] dispense

[2026-08-07 00:02:48] [2026-08-07 02:27:51] 4

[2026-08-07 00:02:48] [2026-08-07 02:27:51] 10

[2026-08-07 00:02:48] [2026-08-07 02:29:20] aspirate

[2026-08-07 00:02:48] [2026-08-07 02:29:20] 5

[2026-08-07 00:02:48] [2026-08-07 02:29:20] 10

[2026-08-07 00:02:48] [2026-08-07 02:31:39] dispense

[2026-08-07 00:02:48] [2026-08-07 02:31:39] 5

[2026-08-07 00:02:48] [2026-08-07 02:31:39] 10

[2026-08-07 00:02:48] [2026-08-07 02:33:08] aspirate

[2026-08-07 00:02:48] [2026-08-07 02:33:08] 6

[2026-08-07 00:02:48] [2026-08-07 02:33:08] 10

[2026-08-07 00:02:48] [2026-08-07 02:35:26] dispense

[2026-08-07 00:02:48] [2026-08-07 02:35:26] 6

[2026-08-07 00:02:48] [2026-08-07 02:35:26] 10

[2026-08-07 00:02:48] [2026-08-07 02:36:55] aspirate

[2026-08-07 00:02:48] [2026-08-07 02:36:55] 7

[2026-08-07 00:02:48] [2026-08-07 02:36:55] 10

[2026-08-07 00:02:48] [2026-08-07 02:39:14] dispense

[2026-08-07 00:02:48] [2026-08-07 02:39:14] 7

[2026-08-07 00:02:48] [2026-08-07 02:39:14] 10

[2026-08-07 00:02:48] [2026-08-07 02:40:43] aspirate

[2026-08-07 00:02:48] [2026-08-07 02:40:43] 8

[2026-08-07 00:02:48] [2026-08-07 02:40:43] 10

[2026-08-07 00:02:48] [2026-08-07 02:43:01] dispense

[2026-08-07 00:02:48] [2026-08-07 02:43:01] 8

[2026-08-07 00:02:48] [2026-08-07 02:43:01] 10

[2026-08-07 00:02:48] [2026-08-07 02:44:30] aspirate

[2026-08-07 00:02:48] [2026-08-07 02:44:30] 9

[2026-08-07 00:02:48] [2026-08-07 02:44:30] 10

[2026-08-07 00:02:48] [2026-08-07 02:47:05] dispense

[2026-08-07 00:02:48] [2026-08-07 02:47:05] 9

[2026-08-07 00:02:48] [2026-08-07 02:47:05] 10

[2026-08-07 00:02:48] [2026-08-07 02:47:05] 2291.4630977706984

[2026-08-07 00:02:48] [2026-08-07 02:53:56] entered if statement!!!

[2026-08-07 00:02:48] [2026-08-07 02:55:28] Joined both subprocesses.

[2026-08-07 00:02:48] [2026-08-07 02:57:51] Pullcast complete.

[2026-08-07 00:02:48] [2026-08-07 02:57:51] Nitrogen on.

[2026-08-07 00:02:48] [2026-08-07 03:03:24] Nitrogen off.

[2026-08-07 00:02:48] [2026-08-07 03:03:33] Membrane sitting in bath for 1800 seconds.

[2026-08-07 00:02:48] [2026-08-07 03:03:42] Nitrogen cap has been put away.

[2026-08-07 00:02:48] [2026-08-07 03:03:57] Ring has been placed on the coupon.

[2026-08-07 00:02:48] [2026-08-07 03:03:57] Cleaning knife

[2026-08-07 00:02:48] [2026-08-07 03:04:57] Knife cleaning finished.

[2026-08-07 00:02:48] [2026-08-07 03:44:07] Initial membrane picture taken.

[2026-08-07 00:02:48] [2026-08-07 03:44:36] Test has started!

[2026-08-07 00:02:48] [2026-08-07 03:48:24] Test complete!

[2026-08-07 00:02:48] [2026-08-07 03:48:29] Safe: True

[2026-08-07 00:02:48] [2026-08-07 03:48:29] Recent: True

[2026-08-07 00:02:48] [2026-08-07 03:48:29] Time: 1786074509.3671474

[2026-08-07 00:02:48] [2026-08-07 03:48:29] mTime: 1786074483.521373

[2026-08-07 00:02:48] [2026-08-07 03:48:42] Test has started!

[2026-08-07 00:02:48] [2026-08-07 03:52:46] Test complete!

[2026-08-07 00:02:48] [2026-08-07 03:52:51] Safe: True

[2026-08-07 00:02:48] [2026-08-07 03:52:51] Recent: True

[2026-08-07 00:02:48] [2026-08-07 03:52:51] Time: 1786074771.887475

[2026-08-07 00:02:48] [2026-08-07 03:52:51] mTime: 1786074745.9975808

[2026-08-07 00:02:48] [2026-08-07 03:53:04] Test has started!

[2026-08-07 00:02:48] [2026-08-07 03:57:08] Test complete!

[2026-08-07 00:02:48] [2026-08-07 03:57:13] Safe: True

[2026-08-07 00:02:48] [2026-08-07 03:57:13] Recent: True

[2026-08-07 00:02:48] [2026-08-07 03:57:13] Time: 1786075033.4370844

[2026-08-07 00:02:48] [2026-08-07 03:57:13] mTime: 1786075007.6568322

[2026-08-07 00:02:48] [2026-08-07 03:57:26] Test has started!

[2026-08-07 00:02:48] [2026-08-07 04:01:28] Test complete!

[2026-08-07 00:02:48] [2026-08-07 04:01:33] Safe: True

[2026-08-07 00:02:48] [2026-08-07 04:01:33] Recent: True

[2026-08-07 00:02:48] [2026-08-07 04:01:33] Time: 1786075293.7470791

[2026-08-07 00:02:48] [2026-08-07 04:01:33] mTime: 1786075267.8945763

[2026-08-07 00:02:48] [2026-08-07 04:01:59] Final membrane picture taken.

[2026-08-07 00:02:48] [2026-08-07 04:02:17] Coupon successfully discarded.

[2026-08-07 00:02:48] [2026-08-07 04:03:03] Done

[2026-08-07 00:02:48] [2026-08-07 04:03:03] {'temperature': '23.64', 'humidity': '46.19'}

[2026-08-07 00:02:48] ── END PROTOCOL LOG ───────────────────────────────────────────────

[2026-08-07 00:02:48] 
[1/5] organising files...

[2026-08-07 00:02:48] [START] condition=17.0-0.0add-5deg-320s-N2-1800s

[2026-08-07 00:02:48] [2/5] processing pipeline for: 17.0-0.0add-5deg-320s-N2-1800s

[2026-08-07 00:02:54] [3/5] generating initial report...

[2026-08-07 00:02:54] [4/5] running active learning...

[2026-08-07 00:03:18]   JSON result: C:\Users\opentrons\Documents\Auto-Membranes\JSON_results\llm_result_17.0-0.0add-5deg-320s-N2-1800s.json

[2026-08-07 00:03:18] [5/5] next params: {'mixing_temp': 60, 'bath_temp': 5, 'pullcast_speed': 1, 'nitrogen': True, 'coupon_to_bath_wait_time': 345, 'nips_bath_wait_time': 1800, 'polymer_wt': 21.0, 'additive_wt': 0.0, 'stock_metadata': {'polymer_stock_wt_percent': 21.0, 'additive_stock_polymer_wt_percent': 21.0, 'additive_stock_additive_wt_percent': 4.0}}

[2026-08-07 00:03:18] Python recieved!

[2026-08-07 00:03:18] Exact payload being sent: {"mixing_temp": 60, "bath_temp": 5, "pullcast_speed": 1, "nitrogen": true, "coupon_to_bath_wait_time": 345, "nips_bath_wait_time": 1800, "polymer_wt": 21.0, "additive_wt": 0.0, "stock_metadata": {"polymer_stock_wt_percent": 21.0, "additive_stock_polymer_wt_percent": 21.0, "additive_stock_additive_wt_percent": 4.0}}

[2026-08-07 00:03:18] Opentrons response: Creating Membrane with following parameters: {"mixing_temp": 60, "bath_temp": 5, "pullcast_speed": 1, "nitrogen": true, "coupon_to_bath_wait_time": 345, "nips_bath_wait_time": 1800, "polymer_wt": 21.0, "additive_wt": 0.0, "stock_metadata": {"polymer_stock_wt_percent": 21.0, "additive_stock_polymer_wt_percent": 21.0, "additive_stock_additive_wt_percent": 4.0}}

[2026-08-07 00:03:18] [DONE] 17.0-0.0add-5deg-320s-N2-1800s  elapsed=30.0s

[2026-08-07 01:28:36] ── PROTOCOL LOG (Opentrons) ────────────────────────────────────────

[2026-08-07 01:28:36] [2026-08-07 04:03:33] Recievied request for membrane with following parameters:

[2026-08-07 01:28:36] [2026-08-07 04:03:33] {'mixing_temp': 60, 'bath_temp': 5, 'pullcast_speed': 1, 'nitrogen': True, 'coupon_to_bath_wait_time': 345, 'nips_bath_wait_time': 1800, 'polymer_wt': 21.0, 'additive_wt': 0.0, 'stock_metadata': {'polymer_stock_wt_percent': 21.0, 'additive_stock_polymer_wt_percent': 21.0, 'additive_stock_additive_wt_percent': 4.0}}

[2026-08-07 01:28:36] [2026-08-07 04:03:33] Bath chilling process started.

[2026-08-07 01:28:36] [2026-08-07 04:03:33] Beginning zero tests on coupons.

[2026-08-07 01:28:36] [2026-08-07 04:03:33] Opentrons process started.

[2026-08-07 01:28:36] [2026-08-07 04:03:33] 
Target recipe

[2026-08-07 01:28:36] [2026-08-07 04:03:33] -------------

[2026-08-07 01:28:36] [2026-08-07 04:03:33] Total volume:      1000.00 uL

[2026-08-07 01:28:36] [2026-08-07 04:03:33] Target polymer:    21 wt%

[2026-08-07 01:28:36] [2026-08-07 04:03:33] Target additive:   0 wt%

[2026-08-07 01:28:36] [2026-08-07 04:03:33] 
Required volumes

[2026-08-07 01:28:36] [2026-08-07 04:03:33] ----------------

[2026-08-07 01:28:36] [2026-08-07 04:03:33] Normal polymer stock:      1000.00 uL

[2026-08-07 01:28:36] [2026-08-07 04:03:33] Polymer-additive stock:    0.00 uL

[2026-08-07 01:28:36] [2026-08-07 04:03:33] Pure solvent:              0.00 uL

[2026-08-07 01:28:36] [2026-08-07 04:03:33] Total:                     1000.00 uL

[2026-08-07 01:28:36] [2026-08-07 04:03:33] 
Final composition check

[2026-08-07 01:28:36] [2026-08-07 04:03:33] -----------------------

[2026-08-07 01:28:36] [2026-08-07 04:03:33] Polymer:    21.0000 wt%

[2026-08-07 01:28:36] [2026-08-07 04:03:33] Additive:   0.0000 wt%

[2026-08-07 01:28:36] [2026-08-07 04:03:33] Solvent:    79.0000 wt%

[2026-08-07 01:28:36] [2026-08-07 04:03:33] Solution will be pulled from stock polymer bottle.

[2026-08-07 01:28:36] [2026-08-07 04:03:33] 4.7

[2026-08-07 01:28:36] [2026-08-07 04:03:35] 4.68

[2026-08-07 01:28:36] [2026-08-07 04:03:36] 4.67

[2026-08-07 01:28:36] [2026-08-07 04:03:37] 4.66

[2026-08-07 01:28:36] [2026-08-07 04:03:38] 4.64

[2026-08-07 01:28:36] [2026-08-07 04:03:39] 4.63

[2026-08-07 01:28:36] [2026-08-07 04:03:40] 4.63

[2026-08-07 01:28:36] [2026-08-07 04:03:41] 4.62

[2026-08-07 01:28:36] [2026-08-07 04:03:42] 4.62

[2026-08-07 01:28:36] [2026-08-07 04:03:43] 4.62

[2026-08-07 01:28:36] [2026-08-07 04:03:45] 4.62

[2026-08-07 01:28:36] [2026-08-07 04:03:46] 4.62

[2026-08-07 01:28:36] [2026-08-07 04:03:47] 4.63

[2026-08-07 01:28:36] [2026-08-07 04:03:48] 4.64

[2026-08-07 01:28:36] [2026-08-07 04:03:49] 4.66

[2026-08-07 01:28:36] [2026-08-07 04:03:50] 4.68

[2026-08-07 01:28:36] [2026-08-07 04:03:51] 4.7

[2026-08-07 01:28:36] [2026-08-07 04:03:52] 4.72

[2026-08-07 01:28:36] [2026-08-07 04:03:53] 4.74

[2026-08-07 01:28:36] [2026-08-07 04:03:54] 4.77

[2026-08-07 01:28:36] [2026-08-07 04:03:56] 4.8

[2026-08-07 01:28:36] [2026-08-07 04:03:57] 4.83

[2026-08-07 01:28:36] [2026-08-07 04:03:58] 4.86

[2026-08-07 01:28:36] [2026-08-07 04:03:59] 4.88

[2026-08-07 01:28:36] [2026-08-07 04:04:00] Test has started!

[2026-08-07 01:28:36] [2026-08-07 04:07:44] Test complete!

[2026-08-07 01:28:36] [2026-08-07 04:07:49] Safe: True

[2026-08-07 01:28:36] [2026-08-07 04:07:49] Recent: True

[2026-08-07 01:28:36] [2026-08-07 04:07:49] Time: 1786075669.8044837

[2026-08-07 01:28:36] [2026-08-07 04:07:49] mTime: 1786075644.0069902

[2026-08-07 01:28:36] [2026-08-07 04:08:02] Test has started!

[2026-08-07 01:28:36] [2026-08-07 04:10:32] entered if statement!!!

[2026-08-07 01:28:36] [2026-08-07 04:11:47] Test complete!

[2026-08-07 01:28:36] [2026-08-07 04:11:53] Safe: True

[2026-08-07 01:28:36] [2026-08-07 04:11:53] Recent: True

[2026-08-07 01:28:36] [2026-08-07 04:11:53] Time: 1786075913.1707778

[2026-08-07 01:28:36] [2026-08-07 04:11:53] mTime: 1786075887.2109299

[2026-08-07 01:28:36] [2026-08-07 04:12:06] Test has started!

[2026-08-07 01:28:36] [2026-08-07 04:16:03] Test complete!

[2026-08-07 01:28:36] [2026-08-07 04:16:08] Safe: True

[2026-08-07 01:28:36] [2026-08-07 04:16:08] Recent: True

[2026-08-07 01:28:36] [2026-08-07 04:16:08] Time: 1786076168.9779294

[2026-08-07 01:28:36] [2026-08-07 04:16:08] mTime: 1786076143.2057679

[2026-08-07 01:28:36] [2026-08-07 04:16:21] Test has started!

[2026-08-07 01:28:36] [2026-08-07 04:20:06] Test complete!

[2026-08-07 01:28:36] [2026-08-07 04:20:11] Safe: True

[2026-08-07 01:28:36] [2026-08-07 04:20:11] Recent: True

[2026-08-07 01:28:36] [2026-08-07 04:20:11] Time: 1786076411.6204782

[2026-08-07 01:28:36] [2026-08-07 04:20:11] mTime: 1786076385.9409091

[2026-08-07 01:28:36] [2026-08-07 04:20:37] Joined both subprocesses.

[2026-08-07 01:28:36] [2026-08-07 04:23:00] Pullcast complete.

[2026-08-07 01:28:36] [2026-08-07 04:23:00] Nitrogen on.

[2026-08-07 01:28:36] [2026-08-07 04:28:58] Nitrogen off.

[2026-08-07 01:28:36] [2026-08-07 04:29:07] Membrane sitting in bath for 1800 seconds.

[2026-08-07 01:28:36] [2026-08-07 04:29:17] Nitrogen cap has been put away.

[2026-08-07 01:28:36] [2026-08-07 04:29:31] Ring has been placed on the coupon.

[2026-08-07 01:28:36] [2026-08-07 04:29:31] Cleaning knife

[2026-08-07 01:28:36] [2026-08-07 04:30:32] Knife cleaning finished.

[2026-08-07 01:28:36] [2026-08-07 05:09:42] Initial membrane picture taken.

[2026-08-07 01:28:36] [2026-08-07 05:10:11] Test has started!

[2026-08-07 01:28:36] [2026-08-07 05:14:11] Test complete!

[2026-08-07 01:28:36] [2026-08-07 05:14:17] Safe: True

[2026-08-07 01:28:36] [2026-08-07 05:14:17] Recent: True

[2026-08-07 01:28:36] [2026-08-07 05:14:17] Time: 1786079657.0581915

[2026-08-07 01:28:36] [2026-08-07 05:14:17] mTime: 1786079631.2597094

[2026-08-07 01:28:36] [2026-08-07 05:14:29] Test has started!

[2026-08-07 01:28:36] [2026-08-07 05:18:24] Test complete!

[2026-08-07 01:28:36] [2026-08-07 05:18:29] Safe: True

[2026-08-07 01:28:36] [2026-08-07 05:18:29] Recent: True

[2026-08-07 01:28:36] [2026-08-07 05:18:29] Time: 1786079909.764261

[2026-08-07 01:28:36] [2026-08-07 05:18:29] mTime: 1786079883.991855

[2026-08-07 01:28:36] [2026-08-07 05:18:42] Test has started!

[2026-08-07 01:28:36] [2026-08-07 05:22:45] Test complete!

[2026-08-07 01:28:36] [2026-08-07 05:22:50] Safe: True

[2026-08-07 01:28:36] [2026-08-07 05:22:50] Recent: True

[2026-08-07 01:28:36] [2026-08-07 05:22:50] Time: 1786080170.7188308

[2026-08-07 01:28:36] [2026-08-07 05:22:50] mTime: 1786080144.8589063

[2026-08-07 01:28:36] [2026-08-07 05:23:03] Test has started!

[2026-08-07 01:28:36] [2026-08-07 05:27:16] Test complete!

[2026-08-07 01:28:36] [2026-08-07 05:27:22] Safe: True

[2026-08-07 01:28:36] [2026-08-07 05:27:22] Recent: True

[2026-08-07 01:28:36] [2026-08-07 05:27:22] Time: 1786080442.0307934

[2026-08-07 01:28:36] [2026-08-07 05:27:22] mTime: 1786080416.2681992

[2026-08-07 01:28:36] [2026-08-07 05:27:48] Final membrane picture taken.

[2026-08-07 01:28:36] [2026-08-07 05:28:05] Coupon successfully discarded.

[2026-08-07 01:28:36] [2026-08-07 05:28:51] Done

[2026-08-07 01:28:36] [2026-08-07 05:28:51] {'temperature': '23.51', 'humidity': '46.38'}

[2026-08-07 01:28:36] ── END PROTOCOL LOG ───────────────────────────────────────────────

[2026-08-07 01:28:36] 
[1/5] organising files...

[2026-08-07 01:28:36] [START] condition=21.0-0.0add-5deg-345s-N2-1800s

[2026-08-07 01:28:36] [2/5] processing pipeline for: 21.0-0.0add-5deg-345s-N2-1800s

[2026-08-07 01:28:44] [3/5] generating initial report...

[2026-08-07 01:28:44] [4/5] running active learning...

[2026-08-07 01:29:05]   JSON result: C:\Users\opentrons\Documents\Auto-Membranes\JSON_results\llm_result_21.0-0.0add-5deg-345s-N2-1800s.json

[2026-08-07 01:29:05] [5/5] next params: {'mixing_temp': 60, 'bath_temp': 5, 'pullcast_speed': 1, 'nitrogen': True, 'coupon_to_bath_wait_time': 360, 'nips_bath_wait_time': 1800, 'polymer_wt': 17.0, 'additive_wt': 0.0, 'stock_metadata': {'polymer_stock_wt_percent': 21.0, 'additive_stock_polymer_wt_percent': 21.0, 'additive_stock_additive_wt_percent': 4.0}}

[2026-08-07 01:29:05] Python recieved!

[2026-08-07 01:29:05] Exact payload being sent: {"mixing_temp": 60, "bath_temp": 5, "pullcast_speed": 1, "nitrogen": true, "coupon_to_bath_wait_time": 360, "nips_bath_wait_time": 1800, "polymer_wt": 17.0, "additive_wt": 0.0, "stock_metadata": {"polymer_stock_wt_percent": 21.0, "additive_stock_polymer_wt_percent": 21.0, "additive_stock_additive_wt_percent": 4.0}}

[2026-08-07 01:29:05] Opentrons response: Creating Membrane with following parameters: {"mixing_temp": 60, "bath_temp": 5, "pullcast_speed": 1, "nitrogen": true, "coupon_to_bath_wait_time": 360, "nips_bath_wait_time": 1800, "polymer_wt": 17.0, "additive_wt": 0.0, "stock_metadata": {"polymer_stock_wt_percent": 21.0, "additive_stock_polymer_wt_percent": 21.0, "additive_stock_additive_wt_percent": 4.0}}

[2026-08-07 01:29:05] [DONE] 21.0-0.0add-5deg-345s-N2-1800s  elapsed=29.0s

[2026-08-07 03:40:19] ── PROTOCOL LOG (Opentrons) ────────────────────────────────────────

[2026-08-07 03:40:19] [2026-08-07 05:29:20] Recievied request for membrane with following parameters:

[2026-08-07 03:40:19] [2026-08-07 05:29:20] {'mixing_temp': 60, 'bath_temp': 5, 'pullcast_speed': 1, 'nitrogen': True, 'coupon_to_bath_wait_time': 360, 'nips_bath_wait_time': 1800, 'polymer_wt': 17.0, 'additive_wt': 0.0, 'stock_metadata': {'polymer_stock_wt_percent': 21.0, 'additive_stock_polymer_wt_percent': 21.0, 'additive_stock_additive_wt_percent': 4.0}}

[2026-08-07 03:40:19] [2026-08-07 05:29:20] Bath chilling process started.

[2026-08-07 03:40:19] [2026-08-07 05:29:20] Beginning zero tests on coupons.

[2026-08-07 03:40:19] [2026-08-07 05:29:20] Opentrons process started.

[2026-08-07 03:40:19] [2026-08-07 05:29:20] 
Target recipe

[2026-08-07 03:40:19] [2026-08-07 05:29:20] -------------

[2026-08-07 03:40:19] [2026-08-07 05:29:20] Total volume:      1000.00 uL

[2026-08-07 03:40:19] [2026-08-07 05:29:20] Target polymer:    17 wt%

[2026-08-07 03:40:19] [2026-08-07 05:29:20] Target additive:   0 wt%

[2026-08-07 03:40:19] [2026-08-07 05:29:20] 
Required volumes

[2026-08-07 03:40:19] [2026-08-07 05:29:20] ----------------

[2026-08-07 03:40:19] [2026-08-07 05:29:20] Normal polymer stock:      799.00 uL

[2026-08-07 03:40:19] [2026-08-07 05:29:20] Polymer-additive stock:    0.00 uL

[2026-08-07 03:40:19] [2026-08-07 05:29:20] Pure solvent:              201.00 uL

[2026-08-07 03:40:19] [2026-08-07 05:29:20] Total:                     1000.00 uL

[2026-08-07 03:40:19] [2026-08-07 05:29:20] 
Final composition check

[2026-08-07 03:40:19] [2026-08-07 05:29:20] -----------------------

[2026-08-07 03:40:19] [2026-08-07 05:29:20] Polymer:    17.0027 wt%

[2026-08-07 03:40:19] [2026-08-07 05:29:20] Additive:   0.0000 wt%

[2026-08-07 03:40:19] [2026-08-07 05:29:20] Solvent:    82.9973 wt%

[2026-08-07 03:40:19] [2026-08-07 05:29:20] 4.5

[2026-08-07 03:40:19] [2026-08-07 05:29:21] 4.48

[2026-08-07 03:40:19] [2026-08-07 05:29:23] 4.46

[2026-08-07 03:40:19] [2026-08-07 05:29:24] 4.44

[2026-08-07 03:40:19] [2026-08-07 05:29:25] 4.43

[2026-08-07 03:40:19] [2026-08-07 05:29:26] 4.42

[2026-08-07 03:40:19] [2026-08-07 05:29:27] 4.42

[2026-08-07 03:40:19] [2026-08-07 05:29:28] 4.42

[2026-08-07 03:40:19] [2026-08-07 05:29:29] 4.43

[2026-08-07 03:40:19] [2026-08-07 05:29:30] 4.44

[2026-08-07 03:40:19] [2026-08-07 05:29:31] 4.45

[2026-08-07 03:40:19] [2026-08-07 05:29:32] 4.46

[2026-08-07 03:40:19] [2026-08-07 05:29:34] 4.48

[2026-08-07 03:40:19] [2026-08-07 05:29:35] 4.5

[2026-08-07 03:40:19] [2026-08-07 05:29:36] 4.53

[2026-08-07 03:40:19] [2026-08-07 05:29:37] 4.55

[2026-08-07 03:40:19] [2026-08-07 05:29:38] 4.58

[2026-08-07 03:40:19] [2026-08-07 05:29:39] 4.61

[2026-08-07 03:40:19] [2026-08-07 05:29:40] 4.63

[2026-08-07 03:40:19] [2026-08-07 05:29:41] 4.66

[2026-08-07 03:40:19] [2026-08-07 05:29:42] 4.69

[2026-08-07 03:40:19] [2026-08-07 05:29:44] 4.72

[2026-08-07 03:40:19] [2026-08-07 05:29:45] 4.76

[2026-08-07 03:40:19] [2026-08-07 05:29:46] 4.79

[2026-08-07 03:40:19] [2026-08-07 05:29:47] 4.82

[2026-08-07 03:40:19] [2026-08-07 05:29:47] Test has started!

[2026-08-07 03:40:19] [2026-08-07 05:29:48] 4.85

[2026-08-07 03:40:19] [2026-08-07 05:29:49] 4.89

[2026-08-07 03:40:19] [2026-08-07 05:31:30] Temperature set to 60.

[2026-08-07 03:40:19] [2026-08-07 05:31:42] entered if statement!!!

[2026-08-07 03:40:19] [2026-08-07 05:33:26] Test complete!

[2026-08-07 03:40:19] [2026-08-07 05:33:31] Safe: True

[2026-08-07 03:40:19] [2026-08-07 05:33:31] Recent: True

[2026-08-07 03:40:19] [2026-08-07 05:33:31] Time: 1786080811.7264779

[2026-08-07 03:40:19] [2026-08-07 05:33:31] mTime: 1786080785.9487834

[2026-08-07 03:40:19] [2026-08-07 05:33:44] Test has started!

[2026-08-07 03:40:19] [2026-08-07 05:37:26] Test complete!

[2026-08-07 03:40:19] [2026-08-07 05:37:29] entered if statement!!!

[2026-08-07 03:40:19] [2026-08-07 05:37:31] Safe: True

[2026-08-07 03:40:19] [2026-08-07 05:37:31] Recent: True

[2026-08-07 03:40:19] [2026-08-07 05:37:31] Time: 1786081051.6867816

[2026-08-07 03:40:19] [2026-08-07 05:37:31] mTime: 1786081025.967818

[2026-08-07 03:40:19] [2026-08-07 05:37:44] Test has started!

[2026-08-07 03:40:19] [2026-08-07 05:41:28] Test complete!

[2026-08-07 03:40:19] [2026-08-07 05:41:33] Safe: True

[2026-08-07 03:40:19] [2026-08-07 05:41:33] Recent: True

[2026-08-07 03:40:19] [2026-08-07 05:41:33] Time: 1786081293.5487642

[2026-08-07 03:40:19] [2026-08-07 05:41:33] mTime: 1786081267.8319955

[2026-08-07 03:40:19] [2026-08-07 05:41:46] Test has started!

[2026-08-07 03:40:19] [2026-08-07 05:45:28] Test complete!

[2026-08-07 03:40:19] [2026-08-07 05:45:33] Safe: True

[2026-08-07 03:40:19] [2026-08-07 05:45:33] Recent: True

[2026-08-07 03:40:19] [2026-08-07 05:45:33] Time: 1786081533.5618834

[2026-08-07 03:40:19] [2026-08-07 05:45:33] mTime: 1786081507.844115

[2026-08-07 03:40:19] [2026-08-07 05:48:20] aspirate

[2026-08-07 03:40:19] [2026-08-07 05:48:20] 0

[2026-08-07 03:40:19] [2026-08-07 05:48:20] 10

[2026-08-07 03:40:19] [2026-08-07 05:50:38] dispense

[2026-08-07 03:40:19] [2026-08-07 05:50:38] 0

[2026-08-07 03:40:19] [2026-08-07 05:50:38] 10

[2026-08-07 03:40:19] [2026-08-07 05:52:07] aspirate

[2026-08-07 03:40:19] [2026-08-07 05:52:07] 1

[2026-08-07 03:40:19] [2026-08-07 05:52:07] 10

[2026-08-07 03:40:19] [2026-08-07 05:54:26] dispense

[2026-08-07 03:40:19] [2026-08-07 05:54:26] 1

[2026-08-07 03:40:19] [2026-08-07 05:54:26] 10

[2026-08-07 03:40:19] [2026-08-07 05:55:55] aspirate

[2026-08-07 03:40:19] [2026-08-07 05:55:55] 2

[2026-08-07 03:40:19] [2026-08-07 05:55:55] 10

[2026-08-07 03:40:19] [2026-08-07 05:58:14] dispense

[2026-08-07 03:40:19] [2026-08-07 05:58:14] 2

[2026-08-07 03:40:19] [2026-08-07 05:58:14] 10

[2026-08-07 03:40:19] [2026-08-07 05:59:42] aspirate

[2026-08-07 03:40:19] [2026-08-07 05:59:42] 3

[2026-08-07 03:40:19] [2026-08-07 05:59:42] 10

[2026-08-07 03:40:19] [2026-08-07 06:02:01] dispense

[2026-08-07 03:40:19] [2026-08-07 06:02:01] 3

[2026-08-07 03:40:19] [2026-08-07 06:02:01] 10

[2026-08-07 03:40:19] [2026-08-07 06:03:30] aspirate

[2026-08-07 03:40:19] [2026-08-07 06:03:30] 4

[2026-08-07 03:40:19] [2026-08-07 06:03:30] 10

[2026-08-07 03:40:19] [2026-08-07 06:05:49] dispense

[2026-08-07 03:40:19] [2026-08-07 06:05:49] 4

[2026-08-07 03:40:19] [2026-08-07 06:05:49] 10

[2026-08-07 03:40:19] [2026-08-07 06:07:18] aspirate

[2026-08-07 03:40:19] [2026-08-07 06:07:18] 5

[2026-08-07 03:40:19] [2026-08-07 06:07:18] 10

[2026-08-07 03:40:19] [2026-08-07 06:09:36] dispense

[2026-08-07 03:40:19] [2026-08-07 06:09:36] 5

[2026-08-07 03:40:19] [2026-08-07 06:09:36] 10

[2026-08-07 03:40:19] [2026-08-07 06:11:05] aspirate

[2026-08-07 03:40:19] [2026-08-07 06:11:05] 6

[2026-08-07 03:40:19] [2026-08-07 06:11:05] 10

[2026-08-07 03:40:19] [2026-08-07 06:13:24] dispense

[2026-08-07 03:40:19] [2026-08-07 06:13:24] 6

[2026-08-07 03:40:19] [2026-08-07 06:13:24] 10

[2026-08-07 03:40:19] [2026-08-07 06:14:53] aspirate

[2026-08-07 03:40:19] [2026-08-07 06:14:53] 7

[2026-08-07 03:40:19] [2026-08-07 06:14:53] 10

[2026-08-07 03:40:19] [2026-08-07 06:17:11] dispense

[2026-08-07 03:40:19] [2026-08-07 06:17:11] 7

[2026-08-07 03:40:19] [2026-08-07 06:17:11] 10

[2026-08-07 03:40:19] [2026-08-07 06:18:40] aspirate

[2026-08-07 03:40:19] [2026-08-07 06:18:40] 8

[2026-08-07 03:40:19] [2026-08-07 06:18:40] 10

[2026-08-07 03:40:19] [2026-08-07 06:20:59] dispense

[2026-08-07 03:40:19] [2026-08-07 06:20:59] 8

[2026-08-07 03:40:19] [2026-08-07 06:20:59] 10

[2026-08-07 03:40:19] [2026-08-07 06:22:28] aspirate

[2026-08-07 03:40:19] [2026-08-07 06:22:28] 9

[2026-08-07 03:40:19] [2026-08-07 06:22:28] 10

[2026-08-07 03:40:19] [2026-08-07 06:25:02] dispense

[2026-08-07 03:40:19] [2026-08-07 06:25:02] 9

[2026-08-07 03:40:19] [2026-08-07 06:25:02] 10

[2026-08-07 03:40:19] [2026-08-07 06:25:02] 2291.5169147504494

[2026-08-07 03:40:19] [2026-08-07 06:31:54] entered if statement!!!

[2026-08-07 03:40:19] [2026-08-07 06:33:25] Joined both subprocesses.

[2026-08-07 03:40:19] [2026-08-07 06:35:48] Pullcast complete.

[2026-08-07 03:40:19] [2026-08-07 06:35:48] Nitrogen on.

[2026-08-07 03:40:19] [2026-08-07 06:42:01] Nitrogen off.

[2026-08-07 03:40:19] [2026-08-07 06:42:10] Membrane sitting in bath for 1800 seconds.

[2026-08-07 03:40:19] [2026-08-07 06:42:19] Nitrogen cap has been put away.

[2026-08-07 03:40:19] [2026-08-07 06:42:34] Ring has been placed on the coupon.

[2026-08-07 03:40:19] [2026-08-07 06:42:34] Cleaning knife

[2026-08-07 03:40:19] [2026-08-07 06:43:34] Knife cleaning finished.

[2026-08-07 03:40:19] [2026-08-07 07:22:45] Initial membrane picture taken.

[2026-08-07 03:40:19] [2026-08-07 07:23:14] Test has started!

[2026-08-07 03:40:19] [2026-08-07 07:26:55] Test complete!

[2026-08-07 03:40:19] [2026-08-07 07:27:00] Safe: True

[2026-08-07 03:40:19] [2026-08-07 07:27:00] Recent: True

[2026-08-07 03:40:19] [2026-08-07 07:27:00] Time: 1786087620.7767096

[2026-08-07 03:40:19] [2026-08-07 07:27:00] mTime: 1786087594.8816123

[2026-08-07 03:40:19] [2026-08-07 07:27:13] Test has started!

[2026-08-07 03:40:19] [2026-08-07 07:31:15] Test complete!

[2026-08-07 03:40:19] [2026-08-07 07:31:20] Safe: True

[2026-08-07 03:40:19] [2026-08-07 07:31:20] Recent: True

[2026-08-07 03:40:19] [2026-08-07 07:31:20] Time: 1786087880.0961025

[2026-08-07 03:40:19] [2026-08-07 07:31:20] mTime: 1786087854.1407988

[2026-08-07 03:40:19] [2026-08-07 07:31:33] Test has started!

[2026-08-07 03:40:19] [2026-08-07 07:35:38] Test complete!

[2026-08-07 03:40:19] [2026-08-07 07:35:43] Safe: True

[2026-08-07 03:40:19] [2026-08-07 07:35:43] Recent: True

[2026-08-07 03:40:19] [2026-08-07 07:35:43] Time: 1786088143.7809575

[2026-08-07 03:40:19] [2026-08-07 07:35:43] mTime: 1786088117.6281595

[2026-08-07 03:40:19] [2026-08-07 07:35:56] Test has started!

[2026-08-07 03:40:19] [2026-08-07 07:40:00] Test complete!

[2026-08-07 03:40:19] [2026-08-07 07:40:05] Safe: True

[2026-08-07 03:40:19] [2026-08-07 07:40:05] Recent: True

[2026-08-07 03:40:19] [2026-08-07 07:40:05] Time: 1786088405.5718503

[2026-08-07 03:40:19] [2026-08-07 07:40:05] mTime: 1786088379.6491292

[2026-08-07 03:40:19] [2026-08-07 07:40:30] Final membrane picture taken.

[2026-08-07 03:40:19] [2026-08-07 07:40:32] Coupon successfully discarded.

[2026-08-07 03:40:19] [2026-08-07 07:40:34] Done

[2026-08-07 03:40:19] [2026-08-07 07:40:34] {'temperature': '23.60', 'humidity': '45.40'}

[2026-08-07 03:40:19] ── END PROTOCOL LOG ───────────────────────────────────────────────

[2026-08-07 03:40:19] 
[1/5] organising files...

[2026-08-07 03:40:19] [START] condition=17.0-0.0add-5deg-360s-N2-1800s

[2026-08-07 03:40:19] [2/5] processing pipeline for: 17.0-0.0add-5deg-360s-N2-1800s

[2026-08-07 03:40:32] [3/5] generating initial report...

[2026-08-07 03:40:32] [4/5] running active learning...

[2026-08-07 03:41:09]   JSON result: C:\Users\opentrons\Documents\Auto-Membranes\JSON_results\llm_result_17.0-0.0add-5deg-360s-N2-1800s.json

[2026-08-07 03:41:09] [5/5] next params: {'mixing_temp': 60, 'bath_temp': 5, 'pullcast_speed': 1, 'nitrogen': True, 'coupon_to_bath_wait_time': 350, 'nips_bath_wait_time': 1800, 'polymer_wt': 21.0, 'additive_wt': 0.0, 'stock_metadata': {'polymer_stock_wt_percent': 21.0, 'additive_stock_polymer_wt_percent': 21.0, 'additive_stock_additive_wt_percent': 4.0}}

[2026-08-07 03:41:09] Python recieved!

[2026-08-07 03:41:09] Exact payload being sent: {"mixing_temp": 60, "bath_temp": 5, "pullcast_speed": 1, "nitrogen": true, "coupon_to_bath_wait_time": 350, "nips_bath_wait_time": 1800, "polymer_wt": 21.0, "additive_wt": 0.0, "stock_metadata": {"polymer_stock_wt_percent": 21.0, "additive_stock_polymer_wt_percent": 21.0, "additive_stock_additive_wt_percent": 4.0}}

[2026-08-07 03:41:09] Opentrons response: Creating Membrane with following parameters: {"mixing_temp": 60, "bath_temp": 5, "pullcast_speed": 1, "nitrogen": true, "coupon_to_bath_wait_time": 350, "nips_bath_wait_time": 1800, "polymer_wt": 21.0, "additive_wt": 0.0, "stock_metadata": {"polymer_stock_wt_percent": 21.0, "additive_stock_polymer_wt_percent": 21.0, "additive_stock_additive_wt_percent": 4.0}}

[2026-08-07 03:41:09] [DONE] 17.0-0.0add-5deg-360s-N2-1800s  elapsed=50.5s

[2026-08-07 05:39:34] ── PROTOCOL LOG (Opentrons) ────────────────────────────────────────

[2026-08-07 05:39:34] [2026-08-07 07:41:25] Recievied request for membrane with following parameters:

[2026-08-07 05:39:34] [2026-08-07 07:41:25] {'mixing_temp': 60, 'bath_temp': 5, 'pullcast_speed': 1, 'nitrogen': True, 'coupon_to_bath_wait_time': 350, 'nips_bath_wait_time': 1800, 'polymer_wt': 21.0, 'additive_wt': 0.0, 'stock_metadata': {'polymer_stock_wt_percent': 21.0, 'additive_stock_polymer_wt_percent': 21.0, 'additive_stock_additive_wt_percent': 4.0}}

[2026-08-07 05:39:34] [2026-08-07 07:41:25] Bath chilling process started.

[2026-08-07 05:39:34] [2026-08-07 07:41:25] Beginning zero tests on coupons.

[2026-08-07 05:39:34] [2026-08-07 07:41:25] Opentrons process started.

[2026-08-07 05:39:34] [2026-08-07 07:41:25] 
Target recipe

[2026-08-07 05:39:34] [2026-08-07 07:41:25] -------------

[2026-08-07 05:39:34] [2026-08-07 07:41:25] Total volume:      1000.00 uL

[2026-08-07 05:39:34] [2026-08-07 07:41:25] Target polymer:    21 wt%

[2026-08-07 05:39:34] [2026-08-07 07:41:25] Target additive:   0 wt%

[2026-08-07 05:39:34] [2026-08-07 07:41:25] 
Required volumes

[2026-08-07 05:39:34] [2026-08-07 07:41:25] ----------------

[2026-08-07 05:39:34] [2026-08-07 07:41:25] Normal polymer stock:      1000.00 uL

[2026-08-07 05:39:34] [2026-08-07 07:41:25] Polymer-additive stock:    0.00 uL

[2026-08-07 05:39:34] [2026-08-07 07:41:25] Pure solvent:              0.00 uL

[2026-08-07 05:39:34] [2026-08-07 07:41:25] Total:                     1000.00 uL

[2026-08-07 05:39:34] [2026-08-07 07:41:25] 
Final composition check

[2026-08-07 05:39:34] [2026-08-07 07:41:25] -----------------------

[2026-08-07 05:39:34] [2026-08-07 07:41:25] Polymer:    21.0000 wt%

[2026-08-07 05:39:34] [2026-08-07 07:41:25] Additive:   0.0000 wt%

[2026-08-07 05:39:34] [2026-08-07 07:41:25] Solvent:    79.0000 wt%

[2026-08-07 05:39:34] [2026-08-07 07:41:25] Solution will be pulled from stock polymer bottle.

[2026-08-07 05:39:34] [2026-08-07 07:41:25] 4.41

[2026-08-07 05:39:34] [2026-08-07 07:41:26] 4.4

[2026-08-07 05:39:34] [2026-08-07 07:41:27] 4.38

[2026-08-07 05:39:34] [2026-08-07 07:41:28] 4.38

[2026-08-07 05:39:34] [2026-08-07 07:41:29] 4.38

[2026-08-07 05:39:34] [2026-08-07 07:41:31] 4.38

[2026-08-07 05:39:34] [2026-08-07 07:41:32] 4.4

[2026-08-07 05:39:34] [2026-08-07 07:41:33] Test has started!

[2026-08-07 05:39:34] [2026-08-07 07:41:33] 4.42

[2026-08-07 05:39:34] [2026-08-07 07:41:34] 4.45

[2026-08-07 05:39:34] [2026-08-07 07:41:35] 4.48

[2026-08-07 05:39:34] [2026-08-07 07:41:36] 4.52

[2026-08-07 05:39:34] [2026-08-07 07:41:37] 4.56

[2026-08-07 05:39:34] [2026-08-07 07:41:38] 4.6

[2026-08-07 05:39:34] [2026-08-07 07:41:39] 4.63

[2026-08-07 05:39:34] [2026-08-07 07:41:41] 4.68

[2026-08-07 05:39:34] [2026-08-07 07:41:42] 4.71

[2026-08-07 05:39:34] [2026-08-07 07:41:43] 4.75

[2026-08-07 05:39:34] [2026-08-07 07:41:44] 4.79

[2026-08-07 05:39:34] [2026-08-07 07:41:45] 4.83

[2026-08-07 05:39:34] [2026-08-07 07:41:46] 4.87

[2026-08-07 05:39:34] [2026-08-07 07:48:24] entered if statement!!!

[2026-08-07 05:39:34] [2026-08-07 07:50:18] Test complete!

[2026-08-07 05:39:34] [2026-08-07 07:50:23] Safe: True

[2026-08-07 05:39:34] [2026-08-07 07:50:23] Recent: True

[2026-08-07 05:39:34] [2026-08-07 07:50:23] Time: 1786089023.6158364

[2026-08-07 05:39:34] [2026-08-07 07:50:23] mTime: 1786088997.242442

[2026-08-07 05:39:34] [2026-08-07 07:50:30] Test has started!

[2026-08-07 05:39:34] [2026-08-07 07:59:15] Test complete!

[2026-08-07 05:39:34] [2026-08-07 07:59:21] Safe: True

[2026-08-07 05:39:34] [2026-08-07 07:59:21] Recent: True

[2026-08-07 05:39:34] [2026-08-07 07:59:21] Time: 1786089561.1009228

[2026-08-07 05:39:34] [2026-08-07 07:59:21] mTime: 1786089534.7308807

[2026-08-07 05:39:34] [2026-08-07 07:59:27] Test has started!

[2026-08-07 05:39:34] [2026-08-07 08:08:12] Test complete!

[2026-08-07 05:39:34] [2026-08-07 08:08:18] Safe: True

[2026-08-07 05:39:34] [2026-08-07 08:08:18] Recent: True

[2026-08-07 05:39:34] [2026-08-07 08:08:18] Time: 1786090098.1407511

[2026-08-07 05:39:34] [2026-08-07 08:08:18] mTime: 1786090071.7763903

[2026-08-07 05:39:34] [2026-08-07 08:08:24] Test has started!

[2026-08-07 05:39:34] [2026-08-07 08:17:10] Test complete!

[2026-08-07 05:39:34] [2026-08-07 08:17:15] Safe: True

[2026-08-07 05:39:34] [2026-08-07 08:17:15] Recent: True

[2026-08-07 05:39:34] [2026-08-07 08:17:15] Time: 1786090635.304668

[2026-08-07 05:39:34] [2026-08-07 08:17:15] mTime: 1786090608.9130988

[2026-08-07 05:39:34] [2026-08-07 08:17:18] Joined both subprocesses.

[2026-08-07 05:39:34] [2026-08-07 08:17:39] Pullcast complete.

[2026-08-07 05:39:34] [2026-08-07 08:17:50] Nitrogen on.

[2026-08-07 05:39:34] [2026-08-07 08:23:42] Nitrogen off.

[2026-08-07 05:39:34] [2026-08-07 08:23:43] Membrane sitting in bath for 1800 seconds.

[2026-08-07 05:39:34] [2026-08-07 08:23:44] Nitrogen cap has been put away.

[2026-08-07 05:39:34] [2026-08-07 08:23:46] Ring has been placed on the coupon.

[2026-08-07 05:39:34] [2026-08-07 08:23:46] Cleaning knife

[2026-08-07 05:39:34] [2026-08-07 08:23:47] Knife cleaning finished.

[2026-08-07 05:39:34] [2026-08-07 09:03:49] Initial membrane picture taken.

[2026-08-07 05:39:34] [2026-08-07 09:03:58] Test has started!

[2026-08-07 05:39:34] [2026-08-07 09:12:43] Test complete!

[2026-08-07 05:39:34] [2026-08-07 09:12:48] Safe: True

[2026-08-07 05:39:34] [2026-08-07 09:12:48] Recent: True

[2026-08-07 05:39:34] [2026-08-07 09:12:48] Time: 1786093968.7646165

[2026-08-07 05:39:34] [2026-08-07 09:12:48] mTime: 1786093942.1619084

[2026-08-07 05:39:34] [2026-08-07 09:12:55] Test has started!

[2026-08-07 05:39:34] [2026-08-07 09:21:40] Test complete!

[2026-08-07 05:39:34] [2026-08-07 09:21:45] Safe: True

[2026-08-07 05:39:34] [2026-08-07 09:21:45] Recent: True

[2026-08-07 05:39:34] [2026-08-07 09:21:45] Time: 1786094505.390311

[2026-08-07 05:39:34] [2026-08-07 09:21:45] mTime: 1786094478.96317

[2026-08-07 05:39:34] [2026-08-07 09:21:51] Test has started!

[2026-08-07 05:39:34] [2026-08-07 09:30:37] Test complete!

[2026-08-07 05:39:34] [2026-08-07 09:30:42] Safe: True

[2026-08-07 05:39:34] [2026-08-07 09:30:42] Recent: True

[2026-08-07 05:39:34] [2026-08-07 09:30:42] Time: 1786095042.7720094

[2026-08-07 05:39:34] [2026-08-07 09:30:42] mTime: 1786095016.3825955

[2026-08-07 05:39:34] [2026-08-07 09:30:49] Test has started!

[2026-08-07 05:39:34] [2026-08-07 09:39:34] Test complete!

[2026-08-07 05:39:34] [2026-08-07 09:39:40] Safe: True

[2026-08-07 05:39:34] [2026-08-07 09:39:40] Recent: True

[2026-08-07 05:39:34] [2026-08-07 09:39:40] Time: 1786095580.1310823

[2026-08-07 05:39:34] [2026-08-07 09:39:40] mTime: 1786095553.7297854

[2026-08-07 05:39:34] [2026-08-07 09:39:45] Final membrane picture taken.

[2026-08-07 05:39:34] [2026-08-07 09:39:48] Coupon successfully discarded.

[2026-08-07 05:39:34] [2026-08-07 09:39:49] Done

[2026-08-07 05:39:34] [2026-08-07 09:39:49] {'temperature': '23.36', 'humidity': '44.55'}

[2026-08-07 05:39:34] ── END PROTOCOL LOG ───────────────────────────────────────────────

[2026-08-07 05:39:34] 
[1/5] organising files...

[2026-08-07 05:39:34] Condition already tested. New folder: 21.0-0.0add-5deg-350s-N2-1800s_run2

[2026-08-07 05:39:34] [START] condition=21.0-0.0add-5deg-350s-N2-1800s_run2

[2026-08-07 05:39:34] [2/5] processing pipeline for: 21.0-0.0add-5deg-350s-N2-1800s_run2

[2026-08-07 05:39:45] [3/5] generating initial report...

[2026-08-07 05:39:45] [4/5] running active learning...

[2026-08-07 05:40:11]   JSON result: C:\Users\opentrons\Documents\Auto-Membranes\JSON_results\llm_result_21.0-0.0add-5deg-350s-N2-1800s_run2.json

[2026-08-07 05:40:11] [5/5] next params: {'mixing_temp': 60, 'bath_temp': 5, 'pullcast_speed': 1, 'nitrogen': True, 'coupon_to_bath_wait_time': 290, 'nips_bath_wait_time': 1800, 'polymer_wt': 17.0, 'additive_wt': 0.0, 'stock_metadata': {'polymer_stock_wt_percent': 21.0, 'additive_stock_polymer_wt_percent': 21.0, 'additive_stock_additive_wt_percent': 4.0}}

[2026-08-07 05:40:11] Python recieved!

[2026-08-07 05:40:11] Exact payload being sent: {"mixing_temp": 60, "bath_temp": 5, "pullcast_speed": 1, "nitrogen": true, "coupon_to_bath_wait_time": 290, "nips_bath_wait_time": 1800, "polymer_wt": 17.0, "additive_wt": 0.0, "stock_metadata": {"polymer_stock_wt_percent": 21.0, "additive_stock_polymer_wt_percent": 21.0, "additive_stock_additive_wt_percent": 4.0}}

[2026-08-07 05:40:11] Opentrons response: Creating Membrane with following parameters: {"mixing_temp": 60, "bath_temp": 5, "pullcast_speed": 1, "nitrogen": true, "coupon_to_bath_wait_time": 290, "nips_bath_wait_time": 1800, "polymer_wt": 17.0, "additive_wt": 0.0, "stock_metadata": {"polymer_stock_wt_percent": 21.0, "additive_stock_polymer_wt_percent": 21.0, "additive_stock_additive_wt_percent": 4.0}}

[2026-08-07 05:40:11] [DONE] 21.0-0.0add-5deg-350s-N2-1800s_run2  elapsed=36.6s

[2026-08-07 08:05:54] ── PROTOCOL LOG (Opentrons) ────────────────────────────────────────

[2026-08-07 08:05:54] [2026-08-07 09:40:26] Recievied request for membrane with following parameters:

[2026-08-07 08:05:54] [2026-08-07 09:40:26] {'mixing_temp': 60, 'bath_temp': 5, 'pullcast_speed': 1, 'nitrogen': True, 'coupon_to_bath_wait_time': 290, 'nips_bath_wait_time': 1800, 'polymer_wt': 17.0, 'additive_wt': 0.0, 'stock_metadata': {'polymer_stock_wt_percent': 21.0, 'additive_stock_polymer_wt_percent': 21.0, 'additive_stock_additive_wt_percent': 4.0}}

[2026-08-07 08:05:54] [2026-08-07 09:40:26] Bath chilling process started.

[2026-08-07 08:05:54] [2026-08-07 09:40:26] Beginning zero tests on coupons.

[2026-08-07 08:05:54] [2026-08-07 09:40:26] Opentrons process started.

[2026-08-07 08:05:54] [2026-08-07 09:40:26] 
Target recipe

[2026-08-07 08:05:54] [2026-08-07 09:40:26] -------------

[2026-08-07 08:05:54] [2026-08-07 09:40:26] Total volume:      1000.00 uL

[2026-08-07 08:05:54] [2026-08-07 09:40:26] Target polymer:    17 wt%

[2026-08-07 08:05:54] [2026-08-07 09:40:26] Target additive:   0 wt%

[2026-08-07 08:05:54] [2026-08-07 09:40:26] 
Required volumes

[2026-08-07 08:05:54] [2026-08-07 09:40:26] ----------------

[2026-08-07 08:05:54] [2026-08-07 09:40:26] Normal polymer stock:      799.00 uL

[2026-08-07 08:05:54] [2026-08-07 09:40:26] Polymer-additive stock:    0.00 uL

[2026-08-07 08:05:54] [2026-08-07 09:40:26] Pure solvent:              201.00 uL

[2026-08-07 08:05:54] [2026-08-07 09:40:26] Total:                     1000.00 uL

[2026-08-07 08:05:54] [2026-08-07 09:40:26] 
Final composition check

[2026-08-07 08:05:54] [2026-08-07 09:40:26] -----------------------

[2026-08-07 08:05:54] [2026-08-07 09:40:26] Polymer:    17.0027 wt%

[2026-08-07 08:05:54] [2026-08-07 09:40:26] Additive:   0.0000 wt%

[2026-08-07 08:05:54] [2026-08-07 09:40:26] Solvent:    82.9973 wt%

[2026-08-07 08:05:54] [2026-08-07 09:40:26] 4.61

[2026-08-07 08:05:54] [2026-08-07 09:40:28] 4.61

[2026-08-07 08:05:54] [2026-08-07 09:40:29] 4.62

[2026-08-07 08:05:54] [2026-08-07 09:40:30] 4.62

[2026-08-07 08:05:54] [2026-08-07 09:40:31] 4.62

[2026-08-07 08:05:54] [2026-08-07 09:40:32] 4.61

[2026-08-07 08:05:54] [2026-08-07 09:40:33] 4.61

[2026-08-07 08:05:54] [2026-08-07 09:40:34] 4.6

[2026-08-07 08:05:54] [2026-08-07 09:40:34] Test has started!

[2026-08-07 08:05:54] [2026-08-07 09:40:35] 4.59

[2026-08-07 08:05:54] [2026-08-07 09:40:36] 4.58

[2026-08-07 08:05:54] [2026-08-07 09:40:38] 4.58

[2026-08-07 08:05:54] [2026-08-07 09:40:39] 4.58

[2026-08-07 08:05:54] [2026-08-07 09:40:40] 4.59

[2026-08-07 08:05:54] [2026-08-07 09:40:41] 4.6

[2026-08-07 08:05:54] [2026-08-07 09:40:42] 4.62

[2026-08-07 08:05:54] [2026-08-07 09:40:43] 4.64

[2026-08-07 08:05:54] [2026-08-07 09:40:44] 4.65

[2026-08-07 08:05:54] [2026-08-07 09:40:45] 4.68

[2026-08-07 08:05:54] [2026-08-07 09:40:46] 4.7

[2026-08-07 08:05:54] [2026-08-07 09:40:47] 4.72

[2026-08-07 08:05:54] [2026-08-07 09:40:49] 4.75

[2026-08-07 08:05:54] [2026-08-07 09:40:50] 4.77

[2026-08-07 08:05:54] [2026-08-07 09:40:51] 4.8

[2026-08-07 08:05:54] [2026-08-07 09:40:52] 4.82

[2026-08-07 08:05:54] [2026-08-07 09:40:53] 4.85

[2026-08-07 08:05:54] [2026-08-07 09:40:54] 4.88

[2026-08-07 08:05:54] [2026-08-07 09:42:40] Temperature set to 60.

[2026-08-07 08:05:54] [2026-08-07 09:42:52] entered if statement!!!

[2026-08-07 08:05:54] [2026-08-07 09:48:38] entered if statement!!!

[2026-08-07 08:05:54] [2026-08-07 09:49:19] Test complete!

[2026-08-07 08:05:54] [2026-08-07 09:49:25] Safe: True

[2026-08-07 08:05:54] [2026-08-07 09:49:25] Recent: True

[2026-08-07 08:05:54] [2026-08-07 09:49:25] Time: 1786096165.0951903

[2026-08-07 08:05:54] [2026-08-07 09:49:25] mTime: 1786096138.766384

[2026-08-07 08:05:54] [2026-08-07 09:49:31] Test has started!

[2026-08-07 08:05:54] [2026-08-07 09:58:16] Test complete!

[2026-08-07 08:05:54] [2026-08-07 09:58:22] Safe: True

[2026-08-07 08:05:54] [2026-08-07 09:58:22] Recent: True

[2026-08-07 08:05:54] [2026-08-07 09:58:22] Time: 1786096702.0959516

[2026-08-07 08:05:54] [2026-08-07 09:58:22] mTime: 1786096675.5834537

[2026-08-07 08:05:54] [2026-08-07 09:58:29] Test has started!

[2026-08-07 08:05:54] [2026-08-07 09:59:30] aspirate

[2026-08-07 08:05:54] [2026-08-07 09:59:30] 0

[2026-08-07 08:05:54] [2026-08-07 09:59:30] 10

[2026-08-07 08:05:54] [2026-08-07 10:01:48] dispense

[2026-08-07 08:05:54] [2026-08-07 10:01:48] 0

[2026-08-07 08:05:54] [2026-08-07 10:01:48] 10

[2026-08-07 08:05:54] [2026-08-07 10:03:17] aspirate

[2026-08-07 08:05:54] [2026-08-07 10:03:17] 1

[2026-08-07 08:05:54] [2026-08-07 10:03:17] 10

[2026-08-07 08:05:54] [2026-08-07 10:05:36] dispense

[2026-08-07 08:05:54] [2026-08-07 10:05:36] 1

[2026-08-07 08:05:54] [2026-08-07 10:05:36] 10

[2026-08-07 08:05:54] [2026-08-07 10:07:05] aspirate

[2026-08-07 08:05:54] [2026-08-07 10:07:05] 2

[2026-08-07 08:05:54] [2026-08-07 10:07:05] 10

[2026-08-07 08:05:54] [2026-08-07 10:07:13] Test complete!

[2026-08-07 08:05:54] [2026-08-07 10:07:19] Safe: True

[2026-08-07 08:05:54] [2026-08-07 10:07:19] Recent: True

[2026-08-07 08:05:54] [2026-08-07 10:07:19] Time: 1786097239.0181472

[2026-08-07 08:05:54] [2026-08-07 10:07:19] mTime: 1786097212.7586873

[2026-08-07 08:05:54] [2026-08-07 10:07:25] Test has started!

[2026-08-07 08:05:54] [2026-08-07 10:09:24] dispense

[2026-08-07 08:05:54] [2026-08-07 10:09:24] 2

[2026-08-07 08:05:54] [2026-08-07 10:09:24] 10

[2026-08-07 08:05:54] [2026-08-07 10:10:52] aspirate

[2026-08-07 08:05:54] [2026-08-07 10:10:52] 3

[2026-08-07 08:05:54] [2026-08-07 10:10:52] 10

[2026-08-07 08:05:54] [2026-08-07 10:13:11] dispense

[2026-08-07 08:05:54] [2026-08-07 10:13:11] 3

[2026-08-07 08:05:54] [2026-08-07 10:13:11] 10

[2026-08-07 08:05:54] [2026-08-07 10:14:40] aspirate

[2026-08-07 08:05:54] [2026-08-07 10:14:40] 4

[2026-08-07 08:05:54] [2026-08-07 10:14:40] 10

[2026-08-07 08:05:54] [2026-08-07 10:16:11] Test complete!

[2026-08-07 08:05:54] [2026-08-07 10:16:16] Safe: True

[2026-08-07 08:05:54] [2026-08-07 10:16:16] Recent: True

[2026-08-07 08:05:54] [2026-08-07 10:16:16] Time: 1786097776.551902

[2026-08-07 08:05:54] [2026-08-07 10:16:16] mTime: 1786097750.2403247

[2026-08-07 08:05:54] [2026-08-07 10:16:59] dispense

[2026-08-07 08:05:54] [2026-08-07 10:16:59] 4

[2026-08-07 08:05:54] [2026-08-07 10:16:59] 10

[2026-08-07 08:05:54] [2026-08-07 10:18:27] aspirate

[2026-08-07 08:05:54] [2026-08-07 10:18:27] 5

[2026-08-07 08:05:54] [2026-08-07 10:18:27] 10

[2026-08-07 08:05:54] [2026-08-07 10:20:46] dispense

[2026-08-07 08:05:54] [2026-08-07 10:20:46] 5

[2026-08-07 08:05:54] [2026-08-07 10:20:46] 10

[2026-08-07 08:05:54] [2026-08-07 10:22:15] aspirate

[2026-08-07 08:05:54] [2026-08-07 10:22:15] 6

[2026-08-07 08:05:54] [2026-08-07 10:22:15] 10

[2026-08-07 08:05:54] [2026-08-07 10:24:34] dispense

[2026-08-07 08:05:54] [2026-08-07 10:24:34] 6

[2026-08-07 08:05:54] [2026-08-07 10:24:34] 10

[2026-08-07 08:05:54] [2026-08-07 10:26:03] aspirate

[2026-08-07 08:05:54] [2026-08-07 10:26:03] 7

[2026-08-07 08:05:54] [2026-08-07 10:26:03] 10

[2026-08-07 08:05:54] [2026-08-07 10:28:21] dispense

[2026-08-07 08:05:54] [2026-08-07 10:28:21] 7

[2026-08-07 08:05:54] [2026-08-07 10:28:21] 10

[2026-08-07 08:05:54] [2026-08-07 10:29:50] aspirate

[2026-08-07 08:05:54] [2026-08-07 10:29:50] 8

[2026-08-07 08:05:54] [2026-08-07 10:29:50] 10

[2026-08-07 08:05:54] [2026-08-07 10:32:09] dispense

[2026-08-07 08:05:54] [2026-08-07 10:32:09] 8

[2026-08-07 08:05:54] [2026-08-07 10:32:09] 10

[2026-08-07 08:05:54] [2026-08-07 10:33:38] aspirate

[2026-08-07 08:05:54] [2026-08-07 10:33:38] 9

[2026-08-07 08:05:54] [2026-08-07 10:33:38] 10

[2026-08-07 08:05:54] [2026-08-07 10:36:12] dispense

[2026-08-07 08:05:54] [2026-08-07 10:36:12] 9

[2026-08-07 08:05:54] [2026-08-07 10:36:12] 10

[2026-08-07 08:05:54] [2026-08-07 10:36:12] 2291.5713983969763

[2026-08-07 08:05:54] [2026-08-07 10:43:04] entered if statement!!!

[2026-08-07 08:05:54] [2026-08-07 10:44:35] Joined both subprocesses.

[2026-08-07 08:05:54] [2026-08-07 10:44:56] Pullcast complete.

[2026-08-07 08:05:54] [2026-08-07 10:45:07] Nitrogen on.

[2026-08-07 08:05:54] [2026-08-07 10:49:59] Nitrogen off.

[2026-08-07 08:05:54] [2026-08-07 10:50:00] Membrane sitting in bath for 1800 seconds.

[2026-08-07 08:05:54] [2026-08-07 10:50:01] Nitrogen cap has been put away.

[2026-08-07 08:05:54] [2026-08-07 10:50:03] Ring has been placed on the coupon.

[2026-08-07 08:05:54] [2026-08-07 10:50:07] Cleaning knife

[2026-08-07 08:05:54] [2026-08-07 10:50:09] Knife cleaning finished.

[2026-08-07 08:05:54] [2026-08-07 11:30:06] Initial membrane picture taken.

[2026-08-07 08:05:54] [2026-08-07 11:30:15] Test has started!

[2026-08-07 08:05:54] [2026-08-07 11:39:00] Test complete!

[2026-08-07 08:05:54] [2026-08-07 11:39:05] Safe: True

[2026-08-07 08:05:54] [2026-08-07 11:39:05] Recent: True

[2026-08-07 08:05:54] [2026-08-07 11:39:05] Time: 1786102745.775836

[2026-08-07 08:05:54] [2026-08-07 11:39:05] mTime: 1786102719.290005

[2026-08-07 08:05:54] [2026-08-07 11:39:12] Test has started!

[2026-08-07 08:05:54] [2026-08-07 11:47:58] Test complete!

[2026-08-07 08:05:54] [2026-08-07 11:48:03] Safe: True

[2026-08-07 08:05:54] [2026-08-07 11:48:03] Recent: True

[2026-08-07 08:05:54] [2026-08-07 11:48:03] Time: 1786103283.337209

[2026-08-07 08:05:54] [2026-08-07 11:48:03] mTime: 1786103256.8836925

[2026-08-07 08:05:54] [2026-08-07 11:48:10] Test has started!

[2026-08-07 08:05:54] [2026-08-07 11:56:55] Test complete!

[2026-08-07 08:05:54] [2026-08-07 11:57:00] Safe: True

[2026-08-07 08:05:54] [2026-08-07 11:57:00] Recent: True

[2026-08-07 08:05:54] [2026-08-07 11:57:00] Time: 1786103820.8932414

[2026-08-07 08:05:54] [2026-08-07 11:57:00] mTime: 1786103794.3659124

[2026-08-07 08:05:54] [2026-08-07 11:57:07] Test has started!

[2026-08-07 08:05:54] [2026-08-07 12:05:53] Test complete!

[2026-08-07 08:05:54] [2026-08-07 12:05:58] Safe: True

[2026-08-07 08:05:54] [2026-08-07 12:05:58] Recent: True

[2026-08-07 08:05:54] [2026-08-07 12:05:58] Time: 1786104358.9597344

[2026-08-07 08:05:54] [2026-08-07 12:05:58] mTime: 1786104332.2939522

[2026-08-07 08:05:54] [2026-08-07 12:06:04] Final membrane picture taken.

[2026-08-07 08:05:54] [2026-08-07 12:06:07] Coupon successfully discarded.

[2026-08-07 08:05:54] [2026-08-07 12:06:09] Done

[2026-08-07 08:05:54] [2026-08-07 12:06:09] {'temperature': '23.51', 'humidity': '46.56'}

[2026-08-07 08:05:54] ── END PROTOCOL LOG ───────────────────────────────────────────────

[2026-08-07 08:05:54] 
[1/5] organising files...

[2026-08-07 08:05:54] [START] condition=17.0-0.0add-5deg-290s-N2-1800s

[2026-08-07 08:05:54] [2/5] processing pipeline for: 17.0-0.0add-5deg-290s-N2-1800s

[2026-08-07 08:06:01] [3/5] generating initial report...

[2026-08-07 08:06:01] [4/5] running active learning...

[2026-08-07 08:06:40]   JSON result: C:\Users\opentrons\Documents\Auto-Membranes\JSON_results\llm_result_17.0-0.0add-5deg-290s-N2-1800s.json

[2026-08-07 08:06:40] [5/5] next params: {'mixing_temp': 60, 'bath_temp': 5, 'pullcast_speed': 1, 'nitrogen': True, 'coupon_to_bath_wait_time': 330, 'nips_bath_wait_time': 1800, 'polymer_wt': 17.0, 'additive_wt': 0.0, 'stock_metadata': {'polymer_stock_wt_percent': 21.0, 'additive_stock_polymer_wt_percent': 21.0, 'additive_stock_additive_wt_percent': 4.0}}

[2026-08-07 08:06:40] Python recieved!

[2026-08-07 08:06:40] Exact payload being sent: {"mixing_temp": 60, "bath_temp": 5, "pullcast_speed": 1, "nitrogen": true, "coupon_to_bath_wait_time": 330, "nips_bath_wait_time": 1800, "polymer_wt": 17.0, "additive_wt": 0.0, "stock_metadata": {"polymer_stock_wt_percent": 21.0, "additive_stock_polymer_wt_percent": 21.0, "additive_stock_additive_wt_percent": 4.0}}

[2026-08-07 08:06:40] Opentrons response: Creating Membrane with following parameters: {"mixing_temp": 60, "bath_temp": 5, "pullcast_speed": 1, "nitrogen": true, "coupon_to_bath_wait_time": 330, "nips_bath_wait_time": 1800, "polymer_wt": 17.0, "additive_wt": 0.0, "stock_metadata": {"polymer_stock_wt_percent": 21.0, "additive_stock_polymer_wt_percent": 21.0, "additive_stock_additive_wt_percent": 4.0}}

[2026-08-07 08:06:40] [DONE] 17.0-0.0add-5deg-290s-N2-1800s  elapsed=46.5s

[2026-08-07 10:32:42] ── PROTOCOL LOG (Opentrons) ────────────────────────────────────────

[2026-08-07 10:32:42] [2026-08-07 12:06:55] Recievied request for membrane with following parameters:

[2026-08-07 10:32:42] [2026-08-07 12:06:55] {'mixing_temp': 60, 'bath_temp': 5, 'pullcast_speed': 1, 'nitrogen': True, 'coupon_to_bath_wait_time': 330, 'nips_bath_wait_time': 1800, 'polymer_wt': 17.0, 'additive_wt': 0.0, 'stock_metadata': {'polymer_stock_wt_percent': 21.0, 'additive_stock_polymer_wt_percent': 21.0, 'additive_stock_additive_wt_percent': 4.0}}

[2026-08-07 10:32:42] [2026-08-07 12:06:55] Bath chilling process started.

[2026-08-07 10:32:42] [2026-08-07 12:06:55] Beginning zero tests on coupons.

[2026-08-07 10:32:42] [2026-08-07 12:06:55] Opentrons process started.

[2026-08-07 10:32:42] [2026-08-07 12:06:55] 
Target recipe

[2026-08-07 10:32:42] [2026-08-07 12:06:55] -------------

[2026-08-07 10:32:42] [2026-08-07 12:06:55] Total volume:      1000.00 uL

[2026-08-07 10:32:42] [2026-08-07 12:06:55] Target polymer:    17 wt%

[2026-08-07 10:32:42] [2026-08-07 12:06:55] Target additive:   0 wt%

[2026-08-07 10:32:42] [2026-08-07 12:06:55] 
Required volumes

[2026-08-07 10:32:42] [2026-08-07 12:06:55] ----------------

[2026-08-07 10:32:42] [2026-08-07 12:06:55] Normal polymer stock:      799.00 uL

[2026-08-07 10:32:42] [2026-08-07 12:06:55] Polymer-additive stock:    0.00 uL

[2026-08-07 10:32:42] [2026-08-07 12:06:55] Pure solvent:              201.00 uL

[2026-08-07 10:32:42] [2026-08-07 12:06:55] Total:                     1000.00 uL

[2026-08-07 10:32:42] [2026-08-07 12:06:55] 
Final composition check

[2026-08-07 10:32:42] [2026-08-07 12:06:55] -----------------------

[2026-08-07 10:32:42] [2026-08-07 12:06:55] Polymer:    17.0027 wt%

[2026-08-07 10:32:42] [2026-08-07 12:06:55] Additive:   0.0000 wt%

[2026-08-07 10:32:42] [2026-08-07 12:06:55] Solvent:    82.9973 wt%

[2026-08-07 10:32:42] [2026-08-07 12:06:56] 4.66

[2026-08-07 10:32:42] [2026-08-07 12:06:57] 4.65

[2026-08-07 10:32:42] [2026-08-07 12:06:58] 4.64

[2026-08-07 10:32:42] [2026-08-07 12:06:59] 4.63

[2026-08-07 10:32:42] [2026-08-07 12:07:00] 4.62

[2026-08-07 10:32:42] [2026-08-07 12:07:01] 4.62

[2026-08-07 10:32:42] [2026-08-07 12:07:02] 4.62

[2026-08-07 10:32:42] [2026-08-07 12:07:03] Test has started!

[2026-08-07 10:32:42] [2026-08-07 12:07:04] 4.62

[2026-08-07 10:32:42] [2026-08-07 12:07:05] 4.63

[2026-08-07 10:32:42] [2026-08-07 12:07:06] 4.63

[2026-08-07 10:32:42] [2026-08-07 12:07:07] 4.65

[2026-08-07 10:32:42] [2026-08-07 12:07:08] 4.67

[2026-08-07 10:32:42] [2026-08-07 12:07:09] 4.68

[2026-08-07 10:32:42] [2026-08-07 12:07:10] 4.71

[2026-08-07 10:32:42] [2026-08-07 12:07:11] 4.73

[2026-08-07 10:32:42] [2026-08-07 12:07:12] 4.76

[2026-08-07 10:32:42] [2026-08-07 12:07:14] 4.78

[2026-08-07 10:32:42] [2026-08-07 12:07:15] 4.81

[2026-08-07 10:32:42] [2026-08-07 12:07:16] 4.84

[2026-08-07 10:32:42] [2026-08-07 12:07:17] 4.87

[2026-08-07 10:32:42] [2026-08-07 12:07:18] 4.9

[2026-08-07 10:32:42] [2026-08-07 12:08:49] Temperature set to 60.

[2026-08-07 10:32:42] [2026-08-07 12:09:00] entered if statement!!!

[2026-08-07 10:32:42] [2026-08-07 12:14:47] entered if statement!!!

[2026-08-07 10:32:42] [2026-08-07 12:15:49] Test complete!

[2026-08-07 10:32:42] [2026-08-07 12:15:54] Safe: True

[2026-08-07 10:32:42] [2026-08-07 12:15:54] Recent: True

[2026-08-07 10:32:42] [2026-08-07 12:15:54] Time: 1786104954.476042

[2026-08-07 10:32:42] [2026-08-07 12:15:54] mTime: 1786104927.9322195

[2026-08-07 10:32:42] [2026-08-07 12:16:00] Test has started!

[2026-08-07 10:32:42] [2026-08-07 12:24:46] Test complete!

[2026-08-07 10:32:42] [2026-08-07 12:24:51] Safe: True

[2026-08-07 10:32:42] [2026-08-07 12:24:51] Recent: True

[2026-08-07 10:32:42] [2026-08-07 12:24:51] Time: 1786105491.5812774

[2026-08-07 10:32:42] [2026-08-07 12:24:51] mTime: 1786105465.0761716

[2026-08-07 10:32:42] [2026-08-07 12:24:58] Test has started!

[2026-08-07 10:32:42] [2026-08-07 12:25:38] aspirate

[2026-08-07 10:32:42] [2026-08-07 12:25:38] 0

[2026-08-07 10:32:42] [2026-08-07 12:25:38] 10

[2026-08-07 10:32:42] [2026-08-07 12:27:57] dispense

[2026-08-07 10:32:42] [2026-08-07 12:27:57] 0

[2026-08-07 10:32:42] [2026-08-07 12:27:57] 10

[2026-08-07 10:32:42] [2026-08-07 12:29:26] aspirate

[2026-08-07 10:32:42] [2026-08-07 12:29:26] 1

[2026-08-07 10:32:42] [2026-08-07 12:29:26] 10

[2026-08-07 10:32:42] [2026-08-07 12:31:44] dispense

[2026-08-07 10:32:42] [2026-08-07 12:31:44] 1

[2026-08-07 10:32:42] [2026-08-07 12:31:44] 10

[2026-08-07 10:32:42] [2026-08-07 12:33:13] aspirate

[2026-08-07 10:32:42] [2026-08-07 12:33:13] 2

[2026-08-07 10:32:42] [2026-08-07 12:33:13] 10

[2026-08-07 10:32:42] [2026-08-07 12:33:43] Test complete!

[2026-08-07 10:32:42] [2026-08-07 12:33:48] Safe: True

[2026-08-07 10:32:42] [2026-08-07 12:33:48] Recent: True

[2026-08-07 10:32:42] [2026-08-07 12:33:48] Time: 1786106028.9819314

[2026-08-07 10:32:42] [2026-08-07 12:33:48] mTime: 1786106002.5138423

[2026-08-07 10:32:42] [2026-08-07 12:33:55] Test has started!

[2026-08-07 10:32:42] [2026-08-07 12:35:32] dispense

[2026-08-07 10:32:42] [2026-08-07 12:35:32] 2

[2026-08-07 10:32:42] [2026-08-07 12:35:32] 10

[2026-08-07 10:32:42] [2026-08-07 12:37:01] aspirate

[2026-08-07 10:32:42] [2026-08-07 12:37:01] 3

[2026-08-07 10:32:42] [2026-08-07 12:37:01] 10

[2026-08-07 10:32:42] [2026-08-07 12:39:19] dispense

[2026-08-07 10:32:42] [2026-08-07 12:39:19] 3

[2026-08-07 10:32:42] [2026-08-07 12:39:19] 10

[2026-08-07 10:32:42] [2026-08-07 12:40:48] aspirate

[2026-08-07 10:32:42] [2026-08-07 12:40:48] 4

[2026-08-07 10:32:42] [2026-08-07 12:40:48] 10

[2026-08-07 10:32:42] [2026-08-07 12:42:41] Test complete!

[2026-08-07 10:32:42] [2026-08-07 12:42:46] Safe: True

[2026-08-07 10:32:42] [2026-08-07 12:42:46] Recent: True

[2026-08-07 10:32:42] [2026-08-07 12:42:46] Time: 1786106566.6358125

[2026-08-07 10:32:42] [2026-08-07 12:42:46] mTime: 1786106540.1474612

[2026-08-07 10:32:42] [2026-08-07 12:43:07] dispense

[2026-08-07 10:32:42] [2026-08-07 12:43:07] 4

[2026-08-07 10:32:42] [2026-08-07 12:43:07] 10

[2026-08-07 10:32:42] [2026-08-07 12:44:36] aspirate

[2026-08-07 10:32:42] [2026-08-07 12:44:36] 5

[2026-08-07 10:32:42] [2026-08-07 12:44:36] 10

[2026-08-07 10:32:42] [2026-08-07 12:46:54] dispense

[2026-08-07 10:32:42] [2026-08-07 12:46:54] 5

[2026-08-07 10:32:42] [2026-08-07 12:46:54] 10

[2026-08-07 10:32:42] [2026-08-07 12:48:23] aspirate

[2026-08-07 10:32:42] [2026-08-07 12:48:23] 6

[2026-08-07 10:32:42] [2026-08-07 12:48:23] 10

[2026-08-07 10:32:42] [2026-08-07 12:50:42] dispense

[2026-08-07 10:32:42] [2026-08-07 12:50:42] 6

[2026-08-07 10:32:42] [2026-08-07 12:50:42] 10

[2026-08-07 10:32:42] [2026-08-07 12:52:11] aspirate

[2026-08-07 10:32:42] [2026-08-07 12:52:11] 7

[2026-08-07 10:32:42] [2026-08-07 12:52:11] 10

[2026-08-07 10:32:42] [2026-08-07 12:54:29] dispense

[2026-08-07 10:32:42] [2026-08-07 12:54:29] 7

[2026-08-07 10:32:42] [2026-08-07 12:54:29] 10

[2026-08-07 10:32:42] [2026-08-07 12:55:58] aspirate

[2026-08-07 10:32:42] [2026-08-07 12:55:58] 8

[2026-08-07 10:32:42] [2026-08-07 12:55:58] 10

[2026-08-07 10:32:42] [2026-08-07 12:58:17] dispense

[2026-08-07 10:32:42] [2026-08-07 12:58:17] 8

[2026-08-07 10:32:42] [2026-08-07 12:58:17] 10

[2026-08-07 10:32:42] [2026-08-07 12:59:46] aspirate

[2026-08-07 10:32:42] [2026-08-07 12:59:46] 9

[2026-08-07 10:32:42] [2026-08-07 12:59:46] 10

[2026-08-07 10:32:42] [2026-08-07 13:02:21] dispense

[2026-08-07 10:32:42] [2026-08-07 13:02:21] 9

[2026-08-07 10:32:42] [2026-08-07 13:02:21] 10

[2026-08-07 10:32:42] [2026-08-07 13:02:21] 2291.481461469084

[2026-08-07 10:32:42] [2026-08-07 13:09:12] entered if statement!!!

[2026-08-07 10:32:42] [2026-08-07 13:10:43] Joined both subprocesses.

[2026-08-07 10:32:42] [2026-08-07 13:11:05] Pullcast complete.

[2026-08-07 10:32:42] [2026-08-07 13:11:15] Nitrogen on.

[2026-08-07 10:32:42] [2026-08-07 13:16:47] Nitrogen off.

[2026-08-07 10:32:42] [2026-08-07 13:16:48] Membrane sitting in bath for 1800 seconds.

[2026-08-07 10:32:42] [2026-08-07 13:16:49] Nitrogen cap has been put away.

[2026-08-07 10:32:42] [2026-08-07 13:16:51] Ring has been placed on the coupon.

[2026-08-07 10:32:42] [2026-08-07 13:16:51] Cleaning knife

[2026-08-07 10:32:42] [2026-08-07 13:16:53] Knife cleaning finished.

[2026-08-07 10:32:42] [2026-08-07 13:56:55] Initial membrane picture taken.

[2026-08-07 10:32:42] [2026-08-07 13:57:04] Test has started!

[2026-08-07 10:32:42] [2026-08-07 14:05:49] Test complete!

[2026-08-07 10:32:42] [2026-08-07 14:05:54] Safe: True

[2026-08-07 10:32:42] [2026-08-07 14:05:54] Recent: True

[2026-08-07 10:32:42] [2026-08-07 14:05:54] Time: 1786111554.988071

[2026-08-07 10:32:42] [2026-08-07 14:05:54] mTime: 1786111528.3361096

[2026-08-07 10:32:42] [2026-08-07 14:06:01] Test has started!

[2026-08-07 10:32:42] [2026-08-07 14:14:47] Test complete!

[2026-08-07 10:32:42] [2026-08-07 14:14:52] Safe: True

[2026-08-07 10:32:42] [2026-08-07 14:14:52] Recent: True

[2026-08-07 10:32:42] [2026-08-07 14:14:52] Time: 1786112092.491772

[2026-08-07 10:32:42] [2026-08-07 14:14:52] mTime: 1786112065.7715423

[2026-08-07 10:32:42] [2026-08-07 14:14:59] Test has started!

[2026-08-07 10:32:42] [2026-08-07 14:23:44] Test complete!

[2026-08-07 10:32:42] [2026-08-07 14:23:49] Safe: True

[2026-08-07 10:32:42] [2026-08-07 14:23:49] Recent: True

[2026-08-07 10:32:42] [2026-08-07 14:23:49] Time: 1786112629.9226615

[2026-08-07 10:32:42] [2026-08-07 14:23:49] mTime: 1786112603.336855

[2026-08-07 10:32:42] [2026-08-07 14:23:56] Test has started!

[2026-08-07 10:32:42] [2026-08-07 14:32:41] Test complete!

[2026-08-07 10:32:42] [2026-08-07 14:32:47] Safe: True

[2026-08-07 10:32:42] [2026-08-07 14:32:47] Recent: True

[2026-08-07 10:32:42] [2026-08-07 14:32:47] Time: 1786113167.1029594

[2026-08-07 10:32:42] [2026-08-07 14:32:47] mTime: 1786113140.4919443

[2026-08-07 10:32:42] [2026-08-07 14:32:52] Final membrane picture taken.

[2026-08-07 10:32:42] [2026-08-07 14:32:55] Coupon successfully discarded.

[2026-08-07 10:32:42] [2026-08-07 14:32:57] Done

[2026-08-07 10:32:42] [2026-08-07 14:32:57] {'temperature': '23.59', 'humidity': '46.64'}

[2026-08-07 10:32:42] ── END PROTOCOL LOG ───────────────────────────────────────────────

[2026-08-07 10:32:42] 
[1/5] organising files...

[2026-08-07 10:32:42] [START] condition=17.0-0.0add-5deg-330s-N2-1800s

[2026-08-07 10:32:42] [2/5] processing pipeline for: 17.0-0.0add-5deg-330s-N2-1800s

[2026-08-07 10:32:49] [3/5] generating initial report...

[2026-08-07 10:32:49] [4/5] running active learning...

[2026-08-07 10:33:20]   JSON result: C:\Users\opentrons\Documents\Auto-Membranes\JSON_results\llm_result_17.0-0.0add-5deg-330s-N2-1800s.json

[2026-08-07 10:33:20] [5/5] next params: {'mixing_temp': 60, 'bath_temp': 5, 'pullcast_speed': 1, 'nitrogen': True, 'coupon_to_bath_wait_time': 300, 'nips_bath_wait_time': 1800, 'polymer_wt': 17.0, 'additive_wt': 0.0, 'stock_metadata': {'polymer_stock_wt_percent': 21.0, 'additive_stock_polymer_wt_percent': 21.0, 'additive_stock_additive_wt_percent': 4.0}}

[2026-08-07 10:33:20] Python recieved!

[2026-08-07 10:33:20] Exact payload being sent: {"mixing_temp": 60, "bath_temp": 5, "pullcast_speed": 1, "nitrogen": true, "coupon_to_bath_wait_time": 300, "nips_bath_wait_time": 1800, "polymer_wt": 17.0, "additive_wt": 0.0, "stock_metadata": {"polymer_stock_wt_percent": 21.0, "additive_stock_polymer_wt_percent": 21.0, "additive_stock_additive_wt_percent": 4.0}}

[2026-08-07 10:33:20] Opentrons response: Creating Membrane with following parameters: {"mixing_temp": 60, "bath_temp": 5, "pullcast_speed": 1, "nitrogen": true, "coupon_to_bath_wait_time": 300, "nips_bath_wait_time": 1800, "polymer_wt": 17.0, "additive_wt": 0.0, "stock_metadata": {"polymer_stock_wt_percent": 21.0, "additive_stock_polymer_wt_percent": 21.0, "additive_stock_additive_wt_percent": 4.0}}

[2026-08-07 10:33:20] [DONE] 17.0-0.0add-5deg-330s-N2-1800s  elapsed=38.5s

[2026-08-07 12:24:59] 
stopping server...

