date,name,mixing_temp,bath_temp,polymer_wt,additive_wt,pullcast_speed,nitrogen,coupon_to_bath_wait_time,nips_bath_wait_time,polymer_type,solvent_type,cosolvent_type,nips_bath_solvent,nips_bath_solvent_wt_percent,formatted_parameters,initial_report,Air Temp Mean,Humidity Mean,Coupon Temp Mean,Coupon Humidity Mean,Thickness Mean,Thickness SD,Elastic Modulus Mean,Elastic Modulus SD,Yield Strength Mean,Yield Strength SD,Pore Fraction Mean,Pore Fraction SD,Slope Plateau Mean,Slope Plateau SD,Slope Densification Mean,Slope Densification SD,Creep Strain Mean,Creep Strain SD,Strain at 50 bar Mean,Strain at 50 bar SD,Strain at 80 bar Mean,Strain at 80 bar SD,Strain at 150 bar Mean,Strain at 150 bar SD,Strain at 500 bar Mean,Strain at 500 bar SD,CV Mean,Discarded Fit Quality Mean,Discarded Fit Reasons,formatted_parameters_withProp,final_report,quality_report,LLM_suggestion
"2026-09-10
18:59:48",17-0add-5deg-cosolv-none-bathSolv-none-0wt-30s-N2-1200s_run2,25,5,17.0,0.0,10,True,30,1200,Primospire,NMP,none,none,0.0,"mixing_temp=25; bath_temp=5; polymer_wt=17; additive_wt=0; pullcast_speed=10; nitrogen=True; coupon_to_bath_wait_time=30; nips_bath_wait_time=1200; polymer_type=Primospire; solvent_type=NMP; cosolvent_type=none; nips_bath_solvent=none; nips_bath_solvent_wt_percent=0.0; Air Temp Mean=26.5 [room air temperature during casting]; Humidity Mean=37.38 [room air humidity during casting]; Coupon Temp Mean=nan [coupon-stage temperature measured at the end of the wait period; during N2 it is the temperature during the N2 blow window, otherwise it is the no-N2 wait condition]; Coupon Humidity Mean=nan [coupon-stage humidity measured at the end of the wait period; during N2 it is the humidity during the N2 blow window, otherwise it is the no-N2 wait condition]","# Experimental Report: Automated Membrane Synthesis via Non-Solvent-Induced Phase Separation (NIPS)

## Polymer Solution Preparation

A **Primospire** polymer solution was prepared at a concentration of **17 wt%** in **N-methyl-2-pyrrolidone (NMP)** as the base casting solvent. No cosolvent or additive was incorporated into the formulation (additive concentration: 0 wt%). The polymer solution was mixed and heated at **25 °C**.

## Membrane Casting

The polymer solution was blade-cast onto the substrate at a casting speed of **10 mm/s**. Ambient conditions during casting were recorded at a mean air temperature of **26.5 °C** and a mean relative humidity of **37.38%**.

## Pre-Immersion Treatment

Following blade casting, the coupon was subjected to a **dry nitrogen (N₂) blow** for **30 seconds** prior to immersion in the NIPS bath. This laminar nitrogen flow was applied to minimize humidity exposure at the film surface during the pre-immersion period. Coupon-stage temperature and humidity measurements during the N₂ blow window were not available (recorded as NaN).

## NIPS Bath Immersion

After the pre-immersion wait period, the cast film was immersed into a **pure water NIPS bath** (no solvent additive; 0.0 wt% solvent) maintained at **5 °C**. The membrane coupon remained in the bath for **1200 seconds (20 minutes)** to allow complete phase inversion and membrane solidification.

## Summary Table

| Parameter | Value |
|---|---|
| Polymer type | Primospire |
| Solvent | NMP |
| Cosolvent | None |
| Polymer concentration | 17 wt% |
| Additive concentration | 0 wt% |
| Mixing temperature | 25 °C |
| Casting speed | 10 mm/s |
| Pre-immersion treatment | Dry N₂ blow |
| Pre-immersion wait time | 30 s |
| NIPS bath composition | Pure water |
| NIPS bath temperature | 5 °C |
| NIPS bath immersion time | 1200 s |
| Ambient air temperature | 26.5 °C |
| Ambient relative humidity | 37.38% |",26.5,37.38,,,138.64726248284074,3.255693785034882,547.2247195308832,108.57448911921004,35.531922709260094,4.034748177140476,0.3110403914865278,0.0134546842694695,193.84573254872964,9.036374774980198,610.1801239265466,17.061211810156998,0.1339119696162211,0.0040445847243497,0.1220270661810957,0.0339893344814098,0.2679272844077722,0.0222253113870014,0.4449699278229907,0.0,,,0.1117627316098951,58.0,1 failed due to yield point (bp1) likely misplaced,"mixing_temp=25; bath_temp=5; polymer_wt=17; additive_wt=0; pullcast_speed=10; nitrogen=True; coupon_to_bath_wait_time=30; nips_bath_wait_time=1200; polymer_type=Primospire; solvent_type=NMP; cosolvent_type=none; nips_bath_solvent=none; nips_bath_solvent_wt_percent=0.0; Air Temp Mean=26.5 [room air temperature during casting]; Humidity Mean=37.38 [room air humidity during casting]; Coupon Temp Mean=nan [coupon-stage temperature measured at the end of the wait period; during N2 it is the temperature during the N2 blow window, otherwise it is the no-N2 wait condition]; Coupon Humidity Mean=nan [coupon-stage humidity measured at the end of the wait period; during N2 it is the humidity during the N2 blow window, otherwise it is the no-N2 wait condition]

{'Air Temp Mean': 26.5, 'Humidity Mean': 37.38, 'Coupon Temp Mean': nan, 'Coupon Humidity Mean': nan, 'Thickness Mean': 138.64726248284074, 'Elastic Modulus Mean': 547.2247195308832, 'Strain at 50 bar Mean': 0.12202706618109574, 'CV Mean': 0.11176273160989511}, 'Discarded Fit Quality Mean': '58.0/100', 'Discarded Fit Reasons': '1 failed due to yield point (bp1) likely misplaced'","# Experimental Report: Automated Membrane Synthesis via Non-Solvent-Induced Phase Separation (NIPS)

## Polymer Solution Preparation

A **Primospire** polymer solution was prepared at a concentration of **17 wt%** in **N-methyl-2-pyrrolidone (NMP)** as the base casting solvent. No cosolvent or additive was incorporated into the formulation (additive concentration: 0 wt%). The polymer solution was mixed and heated at **25 °C**.

## Membrane Casting

The polymer solution was blade-cast onto the substrate at a casting speed of **10 mm/s**. Ambient conditions during casting were recorded at a mean air temperature of **26.5 °C** and a mean relative humidity of **37.38%**.

## Pre-Immersion Treatment

Following blade casting, the coupon was subjected to a **dry nitrogen (N₂) blow** for **30 seconds** prior to immersion in the NIPS bath. This laminar nitrogen flow was applied to minimize humidity exposure at the film surface during the pre-immersion period. Coupon-stage temperature and humidity measurements during the N₂ blow window were not available (recorded as NaN).

## NIPS Bath Immersion

After the pre-immersion wait period, the cast film was immersed into a **pure water NIPS bath** (no solvent additive; 0.0 wt% solvent) maintained at **5 °C**. The membrane coupon remained in the bath for **1200 seconds (20 minutes)** to allow complete phase inversion and membrane solidification.

## Summary Table

| Parameter | Value |
|---|---|
| Polymer type | Primospire |
| Solvent | NMP |
| Cosolvent | None |
| Polymer concentration | 17 wt% |
| Additive concentration | 0 wt% |
| Mixing temperature | 25 °C |
| Casting speed | 10 mm/s |
| Pre-immersion treatment | Dry N₂ blow |
| Pre-immersion wait time | 30 s |
| NIPS bath composition | Pure water |
| NIPS bath temperature | 5 °C |
| NIPS bath immersion time | 1200 s |
| Ambient air temperature | 26.5 °C |
| Ambient relative humidity | 37.38% |


{'Air Temp Mean': 26.5, 'Humidity Mean': 37.38, 'Coupon Temp Mean': nan, 'Coupon Humidity Mean': nan, 'Thickness Mean': 138.64726248284074, 'Elastic Modulus Mean': 547.2247195308832, 'Strain at 50 bar Mean': 0.12202706618109574, 'CV Mean': 0.11176273160989511}, 'Discarded Fit Quality Mean': '58.0/100', 'Discarded Fit Reasons': '1 failed due to yield point (bp1) likely misplaced'","- **Presence:** Membrane is visible — a pale white/grey sheet occupies the aperture.

- **Vertical Coverage:** Membrane spans the full top-to-bottom extent of the aperture with no gap at either the top or bottom edge. ✓

- **Uniformity:** Color and opacity are largely consistent across the membrane surface; a subtle tonal gradient toward the lower portion is minor and likely lighting-related.

- **Defects:** No wrinkles or trapped air bubbles are detected within the membrane material itself. Bright highlights visible at the aperture rim and boundary edges are lighting/specular artifacts, not membrane defects.

- **Summary:** The membrane coupon presents as intact, fully vertically covering, and free of observable structural defects.","Looking at the diversity context, there is only one prior experiment with very limited coverage across all parameters. The current point is:
- mixing_temp: 25, bath_temp: 5, pullcast_speed: 10, nitrogen: True, coupon_to_bath_wait_time: 30, nips_bath_wait_time: 1200, polymer_wt: 17

In explore mode, I should move far from this point across multiple dimensions simultaneously to maximize coverage:

- **polymer_wt**: Move toward the high end — try 21.0 (maximum). At max polymer_wt, mixing_temp must be 25°C (stock concentration constraint).
- **mixing_temp**: Must be 25°C per the constraint when polymer_wt = 21.0.
- **bath_temp**: Move to the opposite extreme — 25°C (max, vs. current 5°C).
- **pullcast_speed**: Move to a high value — try 18 mm/s (vs. current 10 mm/s).
- **nitrogen**: Flip to False (vs. current True).
- **coupon_to_bath_wait_time**: Move to a long wait — try 300 s (vs. current 30 s).
- **nips_bath_wait_time**: Move to the high end — try 1800 s (vs. current 1200 s).
- **additive_wt**: Locked at 0.

This combination is maximally distant from the single prior point across nearly all free dimensions, populating a very different region of the design space.

```json
{
  ""mixing_temp"": 25,
  ""bath_temp"": 25,
  ""pullcast_speed"": 18,
  ""nitrogen"": false,
  ""coupon_to_bath_wait_time"": 300,
  ""nips_bath_wait_time"": 1800,
  ""polymer_wt"": 21.0,
  ""additive_wt"": 0
}
```"
"2026-09-10
22:00:43",21-0add-25deg-cosolv-none-bathSolv-none-0wt-300s-NoN2-1800s,25,25,21.0,0.0,18,False,300,1800,Primospire,NMP,none,none,0.0,"mixing_temp=25; bath_temp=25; polymer_wt=21.0; additive_wt=0.0; pullcast_speed=18; nitrogen=False; coupon_to_bath_wait_time=300; nips_bath_wait_time=1800; polymer_type=Primospire; solvent_type=NMP; cosolvent_type=none; nips_bath_solvent=none; nips_bath_solvent_wt_percent=0.0; Air Temp Mean=nan [room air temperature during casting]; Humidity Mean=nan [room air humidity during casting]; Coupon Temp Mean=nan [coupon-stage temperature measured at the end of the wait period; during N2 it is the temperature during the N2 blow window, otherwise it is the no-N2 wait condition]; Coupon Humidity Mean=nan [coupon-stage humidity measured at the end of the wait period; during N2 it is the humidity during the N2 blow window, otherwise it is the no-N2 wait condition]","# Experimental Report: Automated NIPS Membrane Synthesis

## Materials

The membrane was fabricated using **Primospire** as the polymer and **N-methyl-2-pyrrolidone (NMP)** as the casting solvent. No cosolvent or additive was incorporated into the formulation. The polymer solution was prepared at a concentration of **21.0 wt%** polymer with **0.0 wt%** additive. The NIPS bath consisted of pure non-solvent (water) with no solvent additive (0.0 wt% solvent).

## Casting Procedure

The polymer solution was mixed and heated at **25 °C**. The solution was blade-cast onto the substrate at a pull-cast speed of **18 mm/s**. Following casting, the coupon was held in ambient air conditions (no nitrogen purge) for a **300-second** (5-minute) evaporation delay prior to immersion in the NIPS bath. No dry nitrogen blow was applied during this waiting period.

## Phase Inversion

The cast film was subsequently immersed into the NIPS bath, maintained at **25 °C**, for a total immersion time of **1800 seconds** (30 minutes) to allow complete phase inversion and membrane solidification.

## Environmental Conditions

Ambient air temperature and relative humidity during casting were not recorded (N/A). Coupon-stage temperature and humidity at the end of the pre-immersion wait period were likewise not recorded (N/A).",,,,,36.31351996186474,64.30819110374458,,,,,,,,,,,,,0.4009507714047222,0.0,,,,,,,,38.0,"3 failed due to insufficient data to fit; 1 failed due to plateau slope >= elastic modulus, no real transition","mixing_temp=25; bath_temp=25; polymer_wt=21.0; additive_wt=0.0; pullcast_speed=18; nitrogen=False; coupon_to_bath_wait_time=300; nips_bath_wait_time=1800; polymer_type=Primospire; solvent_type=NMP; cosolvent_type=none; nips_bath_solvent=none; nips_bath_solvent_wt_percent=0.0; Air Temp Mean=nan [room air temperature during casting]; Humidity Mean=nan [room air humidity during casting]; Coupon Temp Mean=nan [coupon-stage temperature measured at the end of the wait period; during N2 it is the temperature during the N2 blow window, otherwise it is the no-N2 wait condition]; Coupon Humidity Mean=nan [coupon-stage humidity measured at the end of the wait period; during N2 it is the humidity during the N2 blow window, otherwise it is the no-N2 wait condition]

{'Air Temp Mean': nan, 'Humidity Mean': nan, 'Coupon Temp Mean': nan, 'Coupon Humidity Mean': nan, 'Thickness Mean': 36.31351996186474, 'Elastic Modulus Mean': nan, 'Strain at 50 bar Mean': 0.40095077140472224, 'CV Mean': nan}, 'Discarded Fit Quality Mean': '38.0/100', 'Discarded Fit Reasons': '3 failed due to insufficient data to fit; 1 failed due to plateau slope >= elastic modulus, no real transition'","# Experimental Report: Automated NIPS Membrane Synthesis

## Materials

The membrane was fabricated using **Primospire** as the polymer and **N-methyl-2-pyrrolidone (NMP)** as the casting solvent. No cosolvent or additive was incorporated into the formulation. The polymer solution was prepared at a concentration of **21.0 wt%** polymer with **0.0 wt%** additive. The NIPS bath consisted of pure non-solvent (water) with no solvent additive (0.0 wt% solvent).

## Casting Procedure

The polymer solution was mixed and heated at **25 °C**. The solution was blade-cast onto the substrate at a pull-cast speed of **18 mm/s**. Following casting, the coupon was held in ambient air conditions (no nitrogen purge) for a **300-second** (5-minute) evaporation delay prior to immersion in the NIPS bath. No dry nitrogen blow was applied during this waiting period.

## Phase Inversion

The cast film was subsequently immersed into the NIPS bath, maintained at **25 °C**, for a total immersion time of **1800 seconds** (30 minutes) to allow complete phase inversion and membrane solidification.

## Environmental Conditions

Ambient air temperature and relative humidity during casting were not recorded (N/A). Coupon-stage temperature and humidity at the end of the pre-immersion wait period were likewise not recorded (N/A).


{'Air Temp Mean': nan, 'Humidity Mean': nan, 'Coupon Temp Mean': nan, 'Coupon Humidity Mean': nan, 'Thickness Mean': 36.31351996186474, 'Elastic Modulus Mean': nan, 'Strain at 50 bar Mean': 0.40095077140472224, 'CV Mean': nan}, 'Discarded Fit Quality Mean': '38.0/100', 'Discarded Fit Reasons': '3 failed due to insufficient data to fit; 1 failed due to plateau slope >= elastic modulus, no real transition'","**Presence:** A membrane fragment is visible, but it is severely incomplete — only a narrow diagonal strip of white membrane material is present across the aperture.

**Vertical Coverage:** No — the membrane does not span the full vertical extent of the aperture; large areas of bare metal backing are exposed at both the top and bottom.

**Uniformity:** Non-applicable at scale; the fragment itself appears roughly uniform in opacity but is far too small to assess meaningfully.

**Defects:** The membrane fragment shows visible curling/folding at its edges, and a small balled/crumpled cluster is present at the lower end, indicating tearing and delamination.

**Summary:** The coupon is critically defective — only a torn, curled membrane strip remains, with the aperture largely uncovered.","Looking at the current state:

**Evidence summary:**
- Run 1 (17 wt%, 5°C bath, N2, 30s wait, 10 mm/s, 1200s): Elastic Modulus ~547 MPa, CV ~0.112, fit quality 58/100 (one discarded). Membrane quality good. This is the only valid modulus measurement so far.
- Run 2 (21 wt%, 25°C bath, no N2, 300s wait, 18 mm/s, 1800s): No valid modulus (all fits failed), critically defective membrane. The high polymer_wt + long wait + warm bath + high speed combination was problematic.

**Explore mode reasoning:**
With only 2 data points and mixing_temp locked at 25 (both prior runs used 25), I should explore underrepresented regions:
- mixing_temp: only 25 has been used; I can explore higher values (e.g., 60°C) with lower polymer_wt
- bath_temp: only 5 and 25 used; mid-range (~15°C) unexplored
- pullcast_speed: only 10 and 18 used; low end (~3-5 mm/s) unexplored
- coupon_to_bath_wait_time: only 30 and 300 used; very short (0) or intermediate (~120s) unexplored
- nips_bath_wait_time: only 1200 and 1800 used; mid-range (~1500s) unexplored
- polymer_wt: 17 and 21 used; intermediate (~19 wt%) unexplored
- nitrogen: both True and False used

I want to avoid the failure mode of Run 2 (defective membrane). The defect likely stemmed from the combination of very long wait (300s), warm bath (25°C), high speed (18 mm/s), and max polymer_wt. 

For a genuinely novel point: use intermediate polymer_wt (~19 wt%), higher mixing_temp (60°C) to explore that dimension, low bath_temp (5°C, which gave the only good result), short wait time (~0s), slow pullcast speed (~3 mm/s), nitrogen=True, mid nips_bath_wait_time (~1500s). This covers: new mixing_temp, new pullcast_speed, new coupon_to_bath_wait_time (0), new nips_bath_wait_time, new polymer_wt.

```json
{
  ""mixing_temp"": 60,
  ""bath_temp"": 5,
  ""pullcast_speed"": 3,
  ""nitrogen"": true,
  ""coupon_to_bath_wait_time"": 0,
  ""nips_bath_wait_time"": 1500,
  ""polymer_wt"": 19.0,
  ""additive_wt"": 0
}
```"
"2026-09-11
00:10:33",19-0add-5deg-cosolv-none-bathSolv-none-0wt-0s-N2-1500s,60,5,19.0,0.0,3,True,0,1500,Primospire,NMP,none,none,0.0,"mixing_temp=60; bath_temp=5; polymer_wt=19.0; additive_wt=0.0; pullcast_speed=3; nitrogen=True; coupon_to_bath_wait_time=0; nips_bath_wait_time=1500; polymer_type=Primospire; solvent_type=NMP; cosolvent_type=none; nips_bath_solvent=none; nips_bath_solvent_wt_percent=0.0; Air Temp Mean=nan [room air temperature during casting]; Humidity Mean=nan [room air humidity during casting]; Coupon Temp Mean=nan [coupon-stage temperature measured at the end of the wait period; during N2 it is the temperature during the N2 blow window, otherwise it is the no-N2 wait condition]; Coupon Humidity Mean=nan [coupon-stage humidity measured at the end of the wait period; during N2 it is the humidity during the N2 blow window, otherwise it is the no-N2 wait condition]","# Experimental Report: Automated NIPS Membrane Synthesis

## Polymer Solution Preparation

A casting solution was prepared using **Primospire** as the polymer at a concentration of **19.0 wt%**, dissolved in **N-methyl-2-pyrrolidone (NMP)** as the primary solvent. No cosolvent or additive was incorporated (additive concentration: 0.0 wt%). The solution was mixed and heated at **60 °C** to ensure complete dissolution and homogeneity prior to casting.

## Membrane Casting

The polymer solution was blade-cast onto the substrate using the automated robotic system at a casting speed of **3 mm/s**. Immediately following casting (wait time: **0 seconds**), the coupon was subjected to a **laminar dry nitrogen purge** to minimize atmospheric moisture exposure at the film surface during the pre-immersion period. Ambient room temperature and humidity conditions during casting were not recorded (N/A).

## Phase Inversion (NIPS)

The cast film was immersed directly into a **pure water NIPS bath** (no co-solvent added; 0.0 wt% solvent) maintained at **5 °C**. The membrane coupon remained in the bath for **1500 seconds (25 minutes)** to allow complete phase inversion and membrane solidification.

## Summary Table

| Parameter | Value |
|---|---|
| Polymer | Primospire |
| Solvent | NMP |
| Cosolvent/Additive | None |
| Polymer Concentration | 19.0 wt% |
| Mixing Temperature | 60 °C |
| Casting Speed | 3 mm/s |
| Pre-immersion N₂ Purge | Yes |
| Pre-immersion Wait Time | 0 s |
| NIPS Bath Composition | Pure water |
| NIPS Bath Temperature | 5 °C |
| NIPS Immersion Time | 1500 s |

## Notes

Room air temperature, relative humidity, and coupon-stage microenvironment data (temperature and humidity) were not available for this run and are excluded from the record.",,,,,130.37864715909754,1.2409524282075424,,,,,,,,,,,,,0.0912559305075878,0.0083238883464064,,,,,,,,50.25,4 failed due to yield point (bp1) likely misplaced,"mixing_temp=60; bath_temp=5; polymer_wt=19.0; additive_wt=0.0; pullcast_speed=3; nitrogen=True; coupon_to_bath_wait_time=0; nips_bath_wait_time=1500; polymer_type=Primospire; solvent_type=NMP; cosolvent_type=none; nips_bath_solvent=none; nips_bath_solvent_wt_percent=0.0; Air Temp Mean=nan [room air temperature during casting]; Humidity Mean=nan [room air humidity during casting]; Coupon Temp Mean=nan [coupon-stage temperature measured at the end of the wait period; during N2 it is the temperature during the N2 blow window, otherwise it is the no-N2 wait condition]; Coupon Humidity Mean=nan [coupon-stage humidity measured at the end of the wait period; during N2 it is the humidity during the N2 blow window, otherwise it is the no-N2 wait condition]

{'Air Temp Mean': nan, 'Humidity Mean': nan, 'Coupon Temp Mean': nan, 'Coupon Humidity Mean': nan, 'Thickness Mean': 130.37864715909754, 'Elastic Modulus Mean': nan, 'Strain at 50 bar Mean': 0.09125593050758782, 'CV Mean': nan}, 'Discarded Fit Quality Mean': '50.2/100', 'Discarded Fit Reasons': '4 failed due to yield point (bp1) likely misplaced'","# Experimental Report: Automated NIPS Membrane Synthesis

## Polymer Solution Preparation

A casting solution was prepared using **Primospire** as the polymer at a concentration of **19.0 wt%**, dissolved in **N-methyl-2-pyrrolidone (NMP)** as the primary solvent. No cosolvent or additive was incorporated (additive concentration: 0.0 wt%). The solution was mixed and heated at **60 °C** to ensure complete dissolution and homogeneity prior to casting.

## Membrane Casting

The polymer solution was blade-cast onto the substrate using the automated robotic system at a casting speed of **3 mm/s**. Immediately following casting (wait time: **0 seconds**), the coupon was subjected to a **laminar dry nitrogen purge** to minimize atmospheric moisture exposure at the film surface during the pre-immersion period. Ambient room temperature and humidity conditions during casting were not recorded (N/A).

## Phase Inversion (NIPS)

The cast film was immersed directly into a **pure water NIPS bath** (no co-solvent added; 0.0 wt% solvent) maintained at **5 °C**. The membrane coupon remained in the bath for **1500 seconds (25 minutes)** to allow complete phase inversion and membrane solidification.

## Summary Table

| Parameter | Value |
|---|---|
| Polymer | Primospire |
| Solvent | NMP |
| Cosolvent/Additive | None |
| Polymer Concentration | 19.0 wt% |
| Mixing Temperature | 60 °C |
| Casting Speed | 3 mm/s |
| Pre-immersion N₂ Purge | Yes |
| Pre-immersion Wait Time | 0 s |
| NIPS Bath Composition | Pure water |
| NIPS Bath Temperature | 5 °C |
| NIPS Immersion Time | 1500 s |

## Notes

Room air temperature, relative humidity, and coupon-stage microenvironment data (temperature and humidity) were not available for this run and are excluded from the record.


{'Air Temp Mean': nan, 'Humidity Mean': nan, 'Coupon Temp Mean': nan, 'Coupon Humidity Mean': nan, 'Thickness Mean': 130.37864715909754, 'Elastic Modulus Mean': nan, 'Strain at 50 bar Mean': 0.09125593050758782, 'CV Mean': nan}, 'Discarded Fit Quality Mean': '50.2/100', 'Discarded Fit Reasons': '4 failed due to yield point (bp1) likely misplaced'","- **Presence:** Membrane is visible — a pale white/opaque sheet seated within the circular aperture.
- **Vertical Coverage:** Membrane spans the full top-to-bottom extent of the aperture with no gap at the top or bottom edge. ✓
- **Uniformity:** Largely uniform in color and opacity; a subtle tonal gradient toward the lower portion is present but minor and likely lighting-related.
- **Defects:** No wrinkles or trapped air bubbles detected within the membrane material itself; bright highlights visible on the metal rim are lighting artifacts, not membrane defects.
- **Summary:** Membrane appears well-seated with complete vertical coverage, good uniformity, and no observable structural defects.","I'll analyze the prior observations systematically before proposing the next experiment.

## Analysis

**Current data summary (3 experiments):**
1. polymer_wt=17, mixing_temp=25, bath_temp=5, speed=10, N2=True, wait=30s, nips=1200s → Elastic Modulus ~547 MPa (CV=0.11, fit quality 58/100 — marginal but only valid measurement)
2. polymer_wt=21, mixing_temp=25, bath_temp=25, speed=18, N2=False, wait=300s, nips=1800s → Modulus=NaN (failed fits, poor membrane quality — diagonal strip only)
3. polymer_wt=19, mixing_temp=60, bath_temp=5, speed=3, N2=True, wait=0s, nips=1500s → Modulus=NaN (all fits failed, though membrane quality was good)

**Coverage gaps to fill (explore mode):**
- `mixing_temp`: only 25 and 60 sampled; 80°C is unexplored
- `bath_temp`: only 5 and 25 sampled; mid-range (~15°C) unexplored
- `coupon_to_bath_wait_time`: 0, 30, 300 sampled; long wait (~600s) unexplored
- `nips_bath_wait_time`: 1200, 1500, 1800 sampled — all three levels hit, but combinations differ
- `pullcast_speed`: 3, 10, 18 sampled — good spread; mid-high (~15) unexplored
- `polymer_wt`: 17, 19, 21 sampled — good spread; ~18 unexplored
- `nitrogen`: True×2, False×1

**Strategy:** Target a region far from all three prior points. Use high mixing_temp (80°C) with a mid polymer_wt (~18), mid bath_temp (~15°C), long wait time (~600s), no N2 (underrepresented), mid-high speed, and mid nips time. This combination is maximally distant from existing samples and explores the high-temperature mixing + long evaporation + warm bath corner.

```json
{
  ""mixing_temp"": 80,
  ""bath_temp"": 15,
  ""pullcast_speed"": 15,
  ""nitrogen"": false,
  ""coupon_to_bath_wait_time"": 600,
  ""nips_bath_wait_time"": 1350,
  ""polymer_wt"": 18.0,
  ""additive_wt"": 0
}
```"
"2026-09-11
02:33:46",18-0add-15deg-cosolv-none-bathSolv-none-0wt-600s-NoN2-1350s,80,15,18.0,0.0,15,False,600,1350,Primospire,NMP,none,none,0.0,"mixing_temp=80; bath_temp=15; polymer_wt=18.0; additive_wt=0.0; pullcast_speed=15; nitrogen=False; coupon_to_bath_wait_time=600; nips_bath_wait_time=1350; polymer_type=Primospire; solvent_type=NMP; cosolvent_type=none; nips_bath_solvent=none; nips_bath_solvent_wt_percent=0.0; Air Temp Mean=25.08 [room air temperature during casting]; Humidity Mean=43.419999999999995 [room air humidity during casting]; Coupon Temp Mean=25.09 [coupon-stage temperature measured at the end of the wait period; during N2 it is the temperature during the N2 blow window, otherwise it is the no-N2 wait condition]; Coupon Humidity Mean=46.4 [coupon-stage humidity measured at the end of the wait period; during N2 it is the humidity during the N2 blow window, otherwise it is the no-N2 wait condition]","# Experimental Report: Automated NIPS Membrane Fabrication

## Polymer Solution Preparation

A casting solution was prepared using **Primospire** as the polymer at a concentration of **18.0 wt%** dissolved in **N-methyl-2-pyrrolidone (NMP)** as the primary solvent. No cosolvent or additive was incorporated (additive loading: 0.0 wt%). The solution was mixed and heated at **80 °C** to ensure complete dissolution and homogeneity prior to casting.

## Membrane Casting

The polymer solution was blade-cast onto the substrate at a controlled casting speed of **15 mm/s**. Ambient conditions during casting were recorded at a mean air temperature of **25.08 °C** and a mean relative humidity of **43.42%**.

## Pre-Immersion Exposure (Evaporation Step)

Following casting, the coupon was allowed to rest under **ambient atmospheric conditions** (no dry nitrogen purge) for a period of **600 seconds (10 minutes)** prior to immersion in the coagulation bath. During this waiting period, the coupon-stage temperature was measured at a mean of **25.09 °C** and the coupon-stage relative humidity at a mean of **46.40%**, indicating mild moisture exposure at the film surface consistent with ambient conditions.

## Non-Solvent Induced Phase Separation (NIPS)

The cast film was subsequently immersed into a **pure deionized water** coagulation bath (no co-solvent added; 0.0 wt% solvent content) maintained at **15 °C**. The membrane was held in the bath for **1350 seconds (22.5 minutes)** to allow complete phase inversion and membrane solidification.

## Summary Table

| Parameter | Value |
|---|---|
| Polymer | Primospire |
| Solvent | NMP |
| Cosolvent | None |
| Polymer concentration | 18.0 wt% |
| Additive concentration | 0.0 wt% |
| Mixing temperature | 80 °C |
| Casting speed | 15 mm/s |
| Pre-immersion wait time | 600 s |
| Nitrogen purge | No |
| Coupon-stage temperature (wait) | 25.09 °C |
| Coupon-stage humidity (wait) | 46.40% RH |
| Ambient air temperature | 25.08 °C |
| Ambient humidity | 43.42% RH |
| NIPS bath composition | Pure water |
| NIPS bath temperature | 15 °C |
| NIPS bath immersion time | 1350 s |",25.08,43.42,25.09,46.4,140.7531149179445,1.5477192725460558,476.8239714904814,82.40982423789978,37.74941192541009,2.979954489760354,0.393141631578043,0.0285303968096367,143.85437482642877,4.62758653866535,494.679706933645,28.31274676626239,0.1014847900145822,0.0136696277816685,0.1782010806973933,0.0267815884690474,0.3566924681570313,0.0301143399333295,0.5190776959749954,0.018043983369569,,,0.091226454397247,0.0,1 failed due to insufficient data to fit,"mixing_temp=80; bath_temp=15; polymer_wt=18.0; additive_wt=0.0; pullcast_speed=15; nitrogen=False; coupon_to_bath_wait_time=600; nips_bath_wait_time=1350; polymer_type=Primospire; solvent_type=NMP; cosolvent_type=none; nips_bath_solvent=none; nips_bath_solvent_wt_percent=0.0; Air Temp Mean=25.08 [room air temperature during casting]; Humidity Mean=43.419999999999995 [room air humidity during casting]; Coupon Temp Mean=25.09 [coupon-stage temperature measured at the end of the wait period; during N2 it is the temperature during the N2 blow window, otherwise it is the no-N2 wait condition]; Coupon Humidity Mean=46.4 [coupon-stage humidity measured at the end of the wait period; during N2 it is the humidity during the N2 blow window, otherwise it is the no-N2 wait condition]

{'Air Temp Mean': 25.08, 'Humidity Mean': 43.419999999999995, 'Coupon Temp Mean': 25.09, 'Coupon Humidity Mean': 46.4, 'Thickness Mean': 140.7531149179445, 'Elastic Modulus Mean': 476.8239714904814, 'Strain at 50 bar Mean': 0.17820108069739335, 'CV Mean': 0.09122645439724704}, 'Discarded Fit Quality Mean': '0.0/100', 'Discarded Fit Reasons': '1 failed due to insufficient data to fit'","# Experimental Report: Automated NIPS Membrane Fabrication

## Polymer Solution Preparation

A casting solution was prepared using **Primospire** as the polymer at a concentration of **18.0 wt%** dissolved in **N-methyl-2-pyrrolidone (NMP)** as the primary solvent. No cosolvent or additive was incorporated (additive loading: 0.0 wt%). The solution was mixed and heated at **80 °C** to ensure complete dissolution and homogeneity prior to casting.

## Membrane Casting

The polymer solution was blade-cast onto the substrate at a controlled casting speed of **15 mm/s**. Ambient conditions during casting were recorded at a mean air temperature of **25.08 °C** and a mean relative humidity of **43.42%**.

## Pre-Immersion Exposure (Evaporation Step)

Following casting, the coupon was allowed to rest under **ambient atmospheric conditions** (no dry nitrogen purge) for a period of **600 seconds (10 minutes)** prior to immersion in the coagulation bath. During this waiting period, the coupon-stage temperature was measured at a mean of **25.09 °C** and the coupon-stage relative humidity at a mean of **46.40%**, indicating mild moisture exposure at the film surface consistent with ambient conditions.

## Non-Solvent Induced Phase Separation (NIPS)

The cast film was subsequently immersed into a **pure deionized water** coagulation bath (no co-solvent added; 0.0 wt% solvent content) maintained at **15 °C**. The membrane was held in the bath for **1350 seconds (22.5 minutes)** to allow complete phase inversion and membrane solidification.

## Summary Table

| Parameter | Value |
|---|---|
| Polymer | Primospire |
| Solvent | NMP |
| Cosolvent | None |
| Polymer concentration | 18.0 wt% |
| Additive concentration | 0.0 wt% |
| Mixing temperature | 80 °C |
| Casting speed | 15 mm/s |
| Pre-immersion wait time | 600 s |
| Nitrogen purge | No |
| Coupon-stage temperature (wait) | 25.09 °C |
| Coupon-stage humidity (wait) | 46.40% RH |
| Ambient air temperature | 25.08 °C |
| Ambient humidity | 43.42% RH |
| NIPS bath composition | Pure water |
| NIPS bath temperature | 15 °C |
| NIPS bath immersion time | 1350 s |


{'Air Temp Mean': 25.08, 'Humidity Mean': 43.419999999999995, 'Coupon Temp Mean': 25.09, 'Coupon Humidity Mean': 46.4, 'Thickness Mean': 140.7531149179445, 'Elastic Modulus Mean': 476.8239714904814, 'Strain at 50 bar Mean': 0.17820108069739335, 'CV Mean': 0.09122645439724704}, 'Discarded Fit Quality Mean': '0.0/100', 'Discarded Fit Reasons': '1 failed due to insufficient data to fit'","- **Presence:** Membrane is visible — a pale white/grey sheet occupies the aperture.

- **Vertical Coverage:** The membrane does not reach the top edge of the aperture; a clear gap is visible at the top, exposing the backing/rim. This is a notable vertical coverage defect.

- **Uniformity:** The main body of the membrane appears largely uniform in color and opacity, with no obvious patchiness or dark spots across the central area.

- **Defects:** No wrinkles or trapped air bubbles are evident within the membrane material itself; rim-area highlights are lighting artifacts.

- **Summary:** The membrane is present and internally uniform, but fails to achieve full vertical coverage due to a distinct gap at the top edge of the aperture.","Looking at the prior experiments:

**Performance summary:**
- Exp 1 (17wt%, 25°C mix, 5°C bath, 10mm/s, N2, 30s wait, 1200s): E = 547 MPa, CV=0.11, fit quality 58/100 (1 discarded) — best measured modulus but fit quality is moderate
- Exp 2 (21wt%, 25°C mix, 25°C bath, 18mm/s, no N2, 300s wait, 1800s): E = NaN, all fits failed, poor membrane quality
- Exp 3 (19wt%, 60°C mix, 5°C bath, 3mm/s, N2, 0s wait, 1500s): E = NaN, all fits failed
- Exp 4 (18wt%, 80°C mix, 15°C bath, 15mm/s, no N2, 600s wait, 1350s): E = 477 MPa, CV=0.09, fit quality 0/100 (1 discarded) — reasonable modulus

**Explore mode analysis:**
With only 4 points, I need to cover sparse regions. The sampled space has:
- mixing_temp: 25, 60, 80 — missing the mid-range ~40-45°C
- bath_temp: 5, 15, 25 — all three levels touched
- pullcast_speed: 3, 10, 15, 18 — missing very low-mid range ~6-7mm/s
- nitrogen: 2 true, 2 false — balanced
- coupon_to_bath_wait_time: 0, 30, 300, 600 — missing ~150s range
- nips_bath_wait_time: 1200, 1350, 1500, 1800 — spread
- polymer_wt: 17, 18, 19, 21 — missing ~20wt%

A novel point targeting: mixing_temp ~45°C, bath_temp ~5°C (cold bath favored good results), polymer_wt ~20wt%, moderate pullcast speed ~7mm/s, N2=True (associated with better membrane quality), short-mid wait ~150s, mid nips time ~1650s. This combination is far from all existing points.

```json
{
  ""mixing_temp"": 45,
  ""bath_temp"": 5,
  ""pullcast_speed"": 7,
  ""nitrogen"": true,
  ""coupon_to_bath_wait_time"": 150,
  ""nips_bath_wait_time"": 1650,
  ""polymer_wt"": 20.0,
  ""additive_wt"": 0
}
```"
"2026-09-11
04:44:04",20-0add-5deg-cosolv-none-bathSolv-none-0wt-150s-N2-1650s,45,5,20.0,0.0,7,True,150,1650,Primospire,NMP,none,none,0.0,"mixing_temp=45; bath_temp=5; polymer_wt=20.0; additive_wt=0.0; pullcast_speed=7; nitrogen=True; coupon_to_bath_wait_time=150; nips_bath_wait_time=1650; polymer_type=Primospire; solvent_type=NMP; cosolvent_type=none; nips_bath_solvent=none; nips_bath_solvent_wt_percent=0.0; Air Temp Mean=nan [room air temperature during casting]; Humidity Mean=nan [room air humidity during casting]; Coupon Temp Mean=nan [coupon-stage temperature measured at the end of the wait period; during N2 it is the temperature during the N2 blow window, otherwise it is the no-N2 wait condition]; Coupon Humidity Mean=nan [coupon-stage humidity measured at the end of the wait period; during N2 it is the humidity during the N2 blow window, otherwise it is the no-N2 wait condition]","# Experimental Report: Automated NIPS Membrane Synthesis

## Materials

| Component | Identity |
|---|---|
| Polymer | Primospire |
| Base Solvent | NMP |
| Cosolvent/Additive | None |
| NIPS Bath Non-Solvent | Pure water (no solvent additive) |

## Solution Preparation

A polymer dope solution was prepared at a **Primospire concentration of 20.0 wt%** in NMP with no cosolvent or additive (0.0 wt%). The solution was mixed and heated at **45 °C** to ensure complete dissolution and homogeneity prior to casting.

## Membrane Casting

The polymer dope was blade-cast onto the substrate at a pull-cast speed of **7 mm/s**. Following casting, the film was exposed to a **dry laminar nitrogen purge for 150 seconds** prior to bath immersion, which served to control surface humidity exposure and promote a defined evaporation front at the film surface. Ambient room temperature and humidity during casting were not recorded (N/A), and coupon-stage temperature and humidity during the nitrogen blow window were similarly not logged.

## Phase Inversion (NIPS)

After the 150-second nitrogen exposure period, the cast film was immersed into a **pure water NIPS bath (0.0 wt% solvent) held at 5 °C**. The membrane was allowed to phase-separate and solidify in the bath for **1650 seconds (≈ 27.5 minutes)** before removal.

## Summary of Key Parameters

| Parameter | Value |
|---|---|
| Mixing Temperature | 45 °C |
| Polymer Concentration | 20.0 wt% |
| Additive Concentration | 0.0 wt% |
| Pull-Cast Speed | 7 mm/s |
| Pre-Immersion Wait Time | 150 s (N₂ purge) |
| NIPS Bath Temperature | 5 °C |
| NIPS Bath Composition | Pure water |
| Bath Immersion Time | 1650 s |",,,,,132.1734121542532,1.229101934336706,,,,,,,,,,,,,0.0912348125571937,0.0099151513228957,,,,,,,,30.0,4 failed due to yield point (bp1) likely misplaced,"mixing_temp=45; bath_temp=5; polymer_wt=20.0; additive_wt=0.0; pullcast_speed=7; nitrogen=True; coupon_to_bath_wait_time=150; nips_bath_wait_time=1650; polymer_type=Primospire; solvent_type=NMP; cosolvent_type=none; nips_bath_solvent=none; nips_bath_solvent_wt_percent=0.0; Air Temp Mean=nan [room air temperature during casting]; Humidity Mean=nan [room air humidity during casting]; Coupon Temp Mean=nan [coupon-stage temperature measured at the end of the wait period; during N2 it is the temperature during the N2 blow window, otherwise it is the no-N2 wait condition]; Coupon Humidity Mean=nan [coupon-stage humidity measured at the end of the wait period; during N2 it is the humidity during the N2 blow window, otherwise it is the no-N2 wait condition]

{'Air Temp Mean': nan, 'Humidity Mean': nan, 'Coupon Temp Mean': nan, 'Coupon Humidity Mean': nan, 'Thickness Mean': 132.17341215425319, 'Elastic Modulus Mean': nan, 'Strain at 50 bar Mean': 0.09123481255719376, 'CV Mean': nan}, 'Discarded Fit Quality Mean': '30.0/100', 'Discarded Fit Reasons': '4 failed due to yield point (bp1) likely misplaced'","# Experimental Report: Automated NIPS Membrane Synthesis

## Materials

| Component | Identity |
|---|---|
| Polymer | Primospire |
| Base Solvent | NMP |
| Cosolvent/Additive | None |
| NIPS Bath Non-Solvent | Pure water (no solvent additive) |

## Solution Preparation

A polymer dope solution was prepared at a **Primospire concentration of 20.0 wt%** in NMP with no cosolvent or additive (0.0 wt%). The solution was mixed and heated at **45 °C** to ensure complete dissolution and homogeneity prior to casting.

## Membrane Casting

The polymer dope was blade-cast onto the substrate at a pull-cast speed of **7 mm/s**. Following casting, the film was exposed to a **dry laminar nitrogen purge for 150 seconds** prior to bath immersion, which served to control surface humidity exposure and promote a defined evaporation front at the film surface. Ambient room temperature and humidity during casting were not recorded (N/A), and coupon-stage temperature and humidity during the nitrogen blow window were similarly not logged.

## Phase Inversion (NIPS)

After the 150-second nitrogen exposure period, the cast film was immersed into a **pure water NIPS bath (0.0 wt% solvent) held at 5 °C**. The membrane was allowed to phase-separate and solidify in the bath for **1650 seconds (≈ 27.5 minutes)** before removal.

## Summary of Key Parameters

| Parameter | Value |
|---|---|
| Mixing Temperature | 45 °C |
| Polymer Concentration | 20.0 wt% |
| Additive Concentration | 0.0 wt% |
| Pull-Cast Speed | 7 mm/s |
| Pre-Immersion Wait Time | 150 s (N₂ purge) |
| NIPS Bath Temperature | 5 °C |
| NIPS Bath Composition | Pure water |
| Bath Immersion Time | 1650 s |


{'Air Temp Mean': nan, 'Humidity Mean': nan, 'Coupon Temp Mean': nan, 'Coupon Humidity Mean': nan, 'Thickness Mean': 132.17341215425319, 'Elastic Modulus Mean': nan, 'Strain at 50 bar Mean': 0.09123481255719376, 'CV Mean': nan}, 'Discarded Fit Quality Mean': '30.0/100', 'Discarded Fit Reasons': '4 failed due to yield point (bp1) likely misplaced'","- **Presence:** Membrane is visible — a pale white/light-grey sheet occupies the aperture.
- **Vertical Coverage:** Full top-to-bottom coverage confirmed; membrane reaches both the top and bottom edges of the aperture with no gaps.
- **Uniformity:** Membrane appears largely uniform in color and opacity across its surface, with only a very subtle, gradual tonal gradient — no distinct patches or dark spots.
- **Defects:** No wrinkles or trapped air bubbles detected within the membrane material itself; texture is smooth throughout.
- **Summary:** The membrane coupon presents as fully vertically seated, visually uniform, and free of observable wrinkles or bubble defects.","I'll analyze the experimental space systematically before proposing the next experiment.

## Analysis

**Valid modulus measurements:**
- Exp 1 (17 wt%, 25°C mix, 5°C bath, 10 mm/s, N2, 30s wait, 1200s): **547 MPa** (CV=0.112, fit quality note but still usable)
- Exp 4 (18 wt%, 80°C mix, 15°C bath, 15 mm/s, no N2, 600s wait, 1350s): **477 MPa** (CV=0.091, 1 discarded)
- Exps 2, 3, 5: No valid modulus (all fits failed/discarded)

**Coverage gaps to target (explore mode):**
- `bath_temp`: Only 5°C and 15°C and 25°C sampled — 25°C gave a failed membrane; mid-range like 10°C is untested
- `mixing_temp`: 25, 45, 60, 80°C covered — mid-range like 35–40°C is sparse
- `pullcast_speed`: 3, 7, 10, 15, 18 mm/s covered — near max (20 mm/s) untested
- `coupon_to_bath_wait_time`: 0, 30, 150, 300, 600s covered — short non-zero values like ~90s are sparse
- `nips_bath_wait_time`: 1200–1800 spread reasonably; 1200 is minimum, only one sample there
- `polymer_wt`: 17–21 covered; 17 gave best modulus — lower end worth revisiting but 17 is already minimum-ish; 18 is next
- `nitrogen`: 3 True, 2 False — reasonably balanced

**Target a genuinely novel corner:** Combine high pullcast speed (20 mm/s), low bath temp (10°C — untested), moderate-low polymer wt (17.5 → use 17 is taken, try 18 at different conditions), moderate mixing temp (~35°C), short N2 wait (~90s), mid nips_bath_wait_time (~1400s). This combination is far from all existing points.

- mixing_temp: 35°C (untested, between 25 and 45)
- bath_temp: 10°C (untested)
- pullcast_speed: 20 mm/s (max, untested)
- nitrogen: False (underrepresented with low bath temp)
- coupon_to_bath_wait_time: 90s (untested gap)
- nips_bath_wait_time: 1400s (untested gap)
- polymer_wt: 17.0 (best modulus region, but new condition combination)
- additive_wt: 0

```json
{
  ""mixing_temp"": 35,
  ""bath_temp"": 10,
  ""pullcast_speed"": 20,
  ""nitrogen"": false,
  ""coupon_to_bath_wait_time"": 90,
  ""nips_bath_wait_time"": 1400,
  ""polymer_wt"": 17.0,
  ""additive_wt"": 0
}
```"
"2026-09-11
06:46:12",17-0add-10deg-cosolv-none-bathSolv-none-0wt-90s-NoN2-1400s,35,10,17.0,0.0,20,False,90,1400,Primospire,NMP,none,none,0.0,"mixing_temp=35; bath_temp=10; polymer_wt=17.0; additive_wt=0.0; pullcast_speed=20; nitrogen=False; coupon_to_bath_wait_time=90; nips_bath_wait_time=1400; polymer_type=Primospire; solvent_type=NMP; cosolvent_type=none; nips_bath_solvent=none; nips_bath_solvent_wt_percent=0.0; Air Temp Mean=25.32 [room air temperature during casting]; Humidity Mean=42.27 [room air humidity during casting]; Coupon Temp Mean=24.66 [coupon-stage temperature measured at the end of the wait period; during N2 it is the temperature during the N2 blow window, otherwise it is the no-N2 wait condition]; Coupon Humidity Mean=46.28 [coupon-stage humidity measured at the end of the wait period; during N2 it is the humidity during the N2 blow window, otherwise it is the no-N2 wait condition]","# Experimental Report: Automated NIPS Membrane Fabrication

## Polymer Solution Preparation

A casting solution was prepared using **Primospire** as the polymer at a concentration of **17.0 wt%**, dissolved in **NMP (N-methyl-2-pyrrolidone)** as the primary solvent. No cosolvent or additive was incorporated (additive loading: 0.0 wt%). The solution was mixed and heated at **35 °C** prior to casting.

## Membrane Casting

The polymer solution was blade-cast onto the substrate at a casting speed of **20 mm/s**. Ambient conditions in the laboratory during casting were recorded at a mean air temperature of **25.32 °C** and a mean relative humidity of **42.27%**.

## Pre-Immersion Exposure

Following casting, the coupon was allowed to rest under **ambient conditions (no nitrogen purge)** for a wait time of **90 seconds** prior to immersion in the coagulation bath. During this period, the coupon-stage temperature was measured at **24.66 °C** and the local relative humidity at the coupon stage was **46.28%**, indicating that the nascent film was exposed to moderate ambient humidity throughout the pre-immersion interval.

## Non-Solvent Induced Phase Separation (NIPS)

The cast film was subsequently immersed into a **pure water coagulation bath** (no co-solvent added; 0.0 wt% bath solvent) maintained at **10 °C**. The membrane was held in the bath for **1400 seconds** to allow complete phase inversion and solidification.

## Summary Table

| Parameter | Value |
|---|---|
| Polymer | Primospire |
| Solvent | NMP |
| Cosolvent | None |
| Polymer concentration | 17.0 wt% |
| Additive concentration | 0.0 wt% |
| Mixing temperature | 35 °C |
| Casting speed | 20 mm/s |
| Pre-immersion wait time | 90 s |
| Nitrogen purge | No |
| NIPS bath composition | Pure water |
| NIPS bath temperature | 10 °C |
| NIPS bath immersion time | 1400 s |
| Ambient air temperature | 25.32 °C |
| Ambient relative humidity | 42.27% |
| Coupon-stage temperature (end of wait) | 24.66 °C |
| Coupon-stage humidity (end of wait) | 46.28% |",25.32,42.27,24.66,46.28,150.15094400816812,1.8298567995475497,401.2628903765892,1.271131601243809,35.33980850621198,1.00191421940114,0.3159024957544042,0.0033622240747484,192.27697626233007,3.1530767899734258,646.9632857599984,17.004665936588424,0.1074516499979794,0.0017334791495037,0.1492654735707716,0.03315661662247,0.3064640690508206,0.0005771847284412,0.4279156172632428,0.0005541824818082,,,0.0123043612026929,29.0,1 failed due to yield point (bp1) likely misplaced; 1 failed due to insufficient data to fit,"mixing_temp=35; bath_temp=10; polymer_wt=17.0; additive_wt=0.0; pullcast_speed=20; nitrogen=False; coupon_to_bath_wait_time=90; nips_bath_wait_time=1400; polymer_type=Primospire; solvent_type=NMP; cosolvent_type=none; nips_bath_solvent=none; nips_bath_solvent_wt_percent=0.0; Air Temp Mean=25.32 [room air temperature during casting]; Humidity Mean=42.27 [room air humidity during casting]; Coupon Temp Mean=24.66 [coupon-stage temperature measured at the end of the wait period; during N2 it is the temperature during the N2 blow window, otherwise it is the no-N2 wait condition]; Coupon Humidity Mean=46.28 [coupon-stage humidity measured at the end of the wait period; during N2 it is the humidity during the N2 blow window, otherwise it is the no-N2 wait condition]

{'Air Temp Mean': 25.32, 'Humidity Mean': 42.27, 'Coupon Temp Mean': 24.66, 'Coupon Humidity Mean': 46.28, 'Thickness Mean': 150.15094400816812, 'Elastic Modulus Mean': 401.2628903765892, 'Strain at 50 bar Mean': 0.1492654735707716, 'CV Mean': 0.01230436120269295}, 'Discarded Fit Quality Mean': '29.0/100', 'Discarded Fit Reasons': '1 failed due to yield point (bp1) likely misplaced; 1 failed due to insufficient data to fit'","# Experimental Report: Automated NIPS Membrane Fabrication

## Polymer Solution Preparation

A casting solution was prepared using **Primospire** as the polymer at a concentration of **17.0 wt%**, dissolved in **NMP (N-methyl-2-pyrrolidone)** as the primary solvent. No cosolvent or additive was incorporated (additive loading: 0.0 wt%). The solution was mixed and heated at **35 °C** prior to casting.

## Membrane Casting

The polymer solution was blade-cast onto the substrate at a casting speed of **20 mm/s**. Ambient conditions in the laboratory during casting were recorded at a mean air temperature of **25.32 °C** and a mean relative humidity of **42.27%**.

## Pre-Immersion Exposure

Following casting, the coupon was allowed to rest under **ambient conditions (no nitrogen purge)** for a wait time of **90 seconds** prior to immersion in the coagulation bath. During this period, the coupon-stage temperature was measured at **24.66 °C** and the local relative humidity at the coupon stage was **46.28%**, indicating that the nascent film was exposed to moderate ambient humidity throughout the pre-immersion interval.

## Non-Solvent Induced Phase Separation (NIPS)

The cast film was subsequently immersed into a **pure water coagulation bath** (no co-solvent added; 0.0 wt% bath solvent) maintained at **10 °C**. The membrane was held in the bath for **1400 seconds** to allow complete phase inversion and solidification.

## Summary Table

| Parameter | Value |
|---|---|
| Polymer | Primospire |
| Solvent | NMP |
| Cosolvent | None |
| Polymer concentration | 17.0 wt% |
| Additive concentration | 0.0 wt% |
| Mixing temperature | 35 °C |
| Casting speed | 20 mm/s |
| Pre-immersion wait time | 90 s |
| Nitrogen purge | No |
| NIPS bath composition | Pure water |
| NIPS bath temperature | 10 °C |
| NIPS bath immersion time | 1400 s |
| Ambient air temperature | 25.32 °C |
| Ambient relative humidity | 42.27% |
| Coupon-stage temperature (end of wait) | 24.66 °C |
| Coupon-stage humidity (end of wait) | 46.28% |


{'Air Temp Mean': 25.32, 'Humidity Mean': 42.27, 'Coupon Temp Mean': 24.66, 'Coupon Humidity Mean': 46.28, 'Thickness Mean': 150.15094400816812, 'Elastic Modulus Mean': 401.2628903765892, 'Strain at 50 bar Mean': 0.1492654735707716, 'CV Mean': 0.01230436120269295}, 'Discarded Fit Quality Mean': '29.0/100', 'Discarded Fit Reasons': '1 failed due to yield point (bp1) likely misplaced; 1 failed due to insufficient data to fit'","- **Presence:** Membrane is visible — a pale white/off-white sheet occupies the aperture.

- **Vertical Coverage:** Membrane spans the full top-to-bottom extent of the aperture with no gap at either the top or bottom edge. ✓

- **Uniformity:** Largely uniform in color and opacity across the central area; slight tonal gradient toward the upper region but no obvious patchy or dark spots.

- **Defects:** One small pinhole/dark spot visible near the upper-center of the membrane. The large bright diagonal feature on the right side is a specular reflection on the metal rim/aperture boundary — not a membrane defect.

- **Summary:** Membrane is present with full vertical coverage and generally good uniformity, but one small pinhole near the upper center warrants attention.","Looking at the diversity coverage context, I need to identify sparse regions:

**Current coverage analysis:**
- `mixing_temp`: 25, 25, 60, 80, 45, 35 — missing the mid-high range around 70°C
- `bath_temp`: 5, 25, 5, 15, 5, 10 — bath_temp=20°C is unsampled; bath_temp=5 is overrepresented (3×)
- `pullcast_speed`: 3, 7, 10, 15, 18, 20 — low end (1-2 mm/s) is unsampled
- `nitrogen`: 3 True, 3 False — balanced
- `coupon_to_bath_wait_time`: 0, 30, 90, 150, 300, 600 — well spread; very short (0-30s) and long (600s) covered
- `nips_bath_wait_time`: 1200, 1350, 1400, 1500, 1650, 1800 — good spread
- `polymer_wt`: 17, 17, 18, 19, 20, 21 — 17 is duplicated; missing ~17.5 or a mid-point isn't critical, but 17 is over-represented

**Target sparse region:**
- `mixing_temp` ~70°C (gap between 60 and 80)
- `bath_temp` = 20°C (unsampled)
- `pullcast_speed` = 1 mm/s (minimum, unsampled)
- `polymer_wt` = 18.5 (between 18 and 19, undersampled mid-range)
- `nitrogen` = False (to balance with a new combination)
- `coupon_to_bath_wait_time` = 450s (gap between 300 and 600)
- `nips_bath_wait_time` = 1250s (near minimum, undersampled low end)

This combination is deliberately far from all existing points and targets multiple sparse dimensions simultaneously.

```json
{
  ""mixing_temp"": 70,
  ""bath_temp"": 20,
  ""pullcast_speed"": 1,
  ""nitrogen"": false,
  ""coupon_to_bath_wait_time"": 450,
  ""nips_bath_wait_time"": 1250,
  ""polymer_wt"": 18.5,
  ""additive_wt"": 0
}
```"
"2026-09-11
15:56:04",18p5-0add-20deg-cosolv-none-bathSolv-none-0wt-450s-NoN2-1250s,70,20,18.5,0.0,1,False,450,1250,Primospire,NMP,none,none,0.0,"mixing_temp=70; bath_temp=20; polymer_wt=18.5; additive_wt=0; pullcast_speed=1; nitrogen=False; coupon_to_bath_wait_time=450; nips_bath_wait_time=1250; polymer_type=Primospire; solvent_type=NMP; cosolvent_type=none; nips_bath_solvent=none; nips_bath_solvent_wt_percent=0.0; Air Temp Mean=nan [room air temperature during casting]; Humidity Mean=nan [room air humidity during casting]; Coupon Temp Mean=nan [coupon-stage temperature measured at the end of the wait period; during N2 it is the temperature during the N2 blow window, otherwise it is the no-N2 wait condition]; Coupon Humidity Mean=nan [coupon-stage humidity measured at the end of the wait period; during N2 it is the humidity during the N2 blow window, otherwise it is the no-N2 wait condition]","# Experimental Report: Automated Membrane Synthesis via NIPS

## Materials

A polyphenylene (Primospire) solution was prepared in N-methyl-2-pyrrolidone (NMP) at a polymer concentration of **18.5 wt%**, with no cosolvent or additive included in the formulation. The NIPS bath consisted of pure deionized water (no co-solvent added).

## Solution Preparation

The polymer solution was mixed and heated at **70 °C** to ensure complete dissolution and homogeneity prior to casting.

## Membrane Casting

The polymer solution was blade-cast onto the substrate at a pull-cast speed of **1 mm/s**. Following casting, the film was allowed to rest under **ambient atmospheric conditions** (no dry nitrogen purge) for **450 seconds** before immersion in the coagulation bath. Room air temperature and relative humidity during the casting step were not recorded, and coupon-stage temperature and humidity at the end of the wait period were likewise not measured.

## Phase Inversion (NIPS)

The cast film was immersed in a pure water coagulation bath maintained at **20 °C**. The membrane coupon remained in the bath for **1250 seconds** to allow complete phase inversion and membrane solidification.

## Summary Table

| Parameter | Value |
|---|---|
| Polymer | Primospire (18.5 wt%) |
| Solvent | NMP |
| Cosolvent/Additive | None |
| Mixing Temperature | 70 °C |
| Pull-Cast Speed | 1 mm/s |
| Pre-Immersion Wait Time | 450 s (ambient air) |
| Nitrogen Purge | No |
| NIPS Bath Composition | Pure water |
| NIPS Bath Temperature | 20 °C |
| NIPS Bath Immersion Time | 1250 s |",,,,,122.47331159878892,3.684190262086577,,,,,,,,,,,,,0.8785355735453495,1.6507850902309855,,,,,,,,35.75,"3 failed due to poor plateau fit (early); 1 failed due to plateau slope >= elastic modulus, no real transition","mixing_temp=70; bath_temp=20; polymer_wt=18.5; additive_wt=0; pullcast_speed=1; nitrogen=False; coupon_to_bath_wait_time=450; nips_bath_wait_time=1250; polymer_type=Primospire; solvent_type=NMP; cosolvent_type=none; nips_bath_solvent=none; nips_bath_solvent_wt_percent=0.0; Air Temp Mean=nan [room air temperature during casting]; Humidity Mean=nan [room air humidity during casting]; Coupon Temp Mean=nan [coupon-stage temperature measured at the end of the wait period; during N2 it is the temperature during the N2 blow window, otherwise it is the no-N2 wait condition]; Coupon Humidity Mean=nan [coupon-stage humidity measured at the end of the wait period; during N2 it is the humidity during the N2 blow window, otherwise it is the no-N2 wait condition]

{'Air Temp Mean': nan, 'Humidity Mean': nan, 'Coupon Temp Mean': nan, 'Coupon Humidity Mean': nan, 'Thickness Mean': 122.47331159878891, 'Elastic Modulus Mean': nan, 'Strain at 50 bar Mean': 0.8785355735453495, 'CV Mean': nan}, 'Discarded Fit Quality Mean': '35.8/100', 'Discarded Fit Reasons': '3 failed due to poor plateau fit (early); 1 failed due to plateau slope >= elastic modulus, no real transition'","# Experimental Report: Automated Membrane Synthesis via NIPS

## Materials

A polyphenylene (Primospire) solution was prepared in N-methyl-2-pyrrolidone (NMP) at a polymer concentration of **18.5 wt%**, with no cosolvent or additive included in the formulation. The NIPS bath consisted of pure deionized water (no co-solvent added).

## Solution Preparation

The polymer solution was mixed and heated at **70 °C** to ensure complete dissolution and homogeneity prior to casting.

## Membrane Casting

The polymer solution was blade-cast onto the substrate at a pull-cast speed of **1 mm/s**. Following casting, the film was allowed to rest under **ambient atmospheric conditions** (no dry nitrogen purge) for **450 seconds** before immersion in the coagulation bath. Room air temperature and relative humidity during the casting step were not recorded, and coupon-stage temperature and humidity at the end of the wait period were likewise not measured.

## Phase Inversion (NIPS)

The cast film was immersed in a pure water coagulation bath maintained at **20 °C**. The membrane coupon remained in the bath for **1250 seconds** to allow complete phase inversion and membrane solidification.

## Summary Table

| Parameter | Value |
|---|---|
| Polymer | Primospire (18.5 wt%) |
| Solvent | NMP |
| Cosolvent/Additive | None |
| Mixing Temperature | 70 °C |
| Pull-Cast Speed | 1 mm/s |
| Pre-Immersion Wait Time | 450 s (ambient air) |
| Nitrogen Purge | No |
| NIPS Bath Composition | Pure water |
| NIPS Bath Temperature | 20 °C |
| NIPS Bath Immersion Time | 1250 s |


{'Air Temp Mean': nan, 'Humidity Mean': nan, 'Coupon Temp Mean': nan, 'Coupon Humidity Mean': nan, 'Thickness Mean': 122.47331159878891, 'Elastic Modulus Mean': nan, 'Strain at 50 bar Mean': 0.8785355735453495, 'CV Mean': nan}, 'Discarded Fit Quality Mean': '35.8/100', 'Discarded Fit Reasons': '3 failed due to poor plateau fit (early); 1 failed due to plateau slope >= elastic modulus, no real transition'","- **Presence**: Membrane is clearly visible as a pale white/grey sheet filling the circular aperture.
- **Vertical Coverage**: Membrane spans the full top-to-bottom extent of the aperture with no gaps at the top or bottom edges.
- **Uniformity**: Appearance is highly uniform — consistent pale grey-white tone throughout, no patchiness, dark spots, or visible thickness variation.
- **Defects**: No wrinkles, folds, or trapped air bubbles detected within the membrane material itself; the bright highlights are confined to the metal rim and are lighting artifacts.
- **Summary**: The membrane coupon presents as fully seated, vertically complete, and visually defect-free.","I'll analyze the experimental history systematically before proposing the next experiment.

## Analysis

**Validated modulus results (reliable fits):**
- Run 1: polymer_wt=17, mixing_temp=25, bath_temp=5, pullcast_speed=10, N2=True, wait=30s, nips=1200s → **547 MPa** (CV=0.112, fit quality note: 1 discarded)
- Run 4: polymer_wt=18, mixing_temp=80, bath_temp=15, pullcast_speed=15, N2=False, wait=600s, nips=1350s → **477 MPa** (CV=0.091, fit quality=0/100 discarded)
- Run 6: polymer_wt=17, mixing_temp=35, bath_temp=10, pullcast_speed=20, N2=False, wait=90s, nips=1400s → **401 MPa** (CV=0.012)

**Failed/no modulus:** Runs 2 (21wt%, poor membrane), 3 (19wt%, all fits failed), 5 (20wt%, all fits failed), 7 (18.5wt%, poor fits)

**Coverage gaps:** No experiments have combined: high polymer_wt (19-20) with low bath_temp (5°C) AND moderate mixing_temp (25-45°C) AND short wait with N2 AND mid-range pullcast speed (~10-14 mm/s) AND nips_bath_wait_time near 1200s. The bath_temp=5°C + N2=True combination appears promising (Run 1 gave best modulus). The nips_bath_wait_time minimum (1200s) is underexplored with higher polymer concentrations.

**Sparse region:** polymer_wt ~19-20, mixing_temp ~25-40°C, bath_temp=5°C, N2=True, moderate pullcast speed (~12-14 mm/s), short wait (~60s), nips ~1200s — this combination is novel and covers an underrepresented corner.

```json
{
  ""mixing_temp"": 40,
  ""bath_temp"": 5,
  ""pullcast_speed"": 13,
  ""nitrogen"": true,
  ""coupon_to_bath_wait_time"": 60,
  ""nips_bath_wait_time"": 1200,
  ""polymer_wt"": 19.5,
  ""additive_wt"": 0
}
```"
"2026-09-11
17:56:36",19p5-0add-5deg-cosolv-none-bathSolv-none-0wt-60s-N2-1200s,40,5,19.5,0.0,13,True,60,1200,Primospire,NMP,none,none,0.0,"mixing_temp=40; bath_temp=5; polymer_wt=19.5; additive_wt=0.0; pullcast_speed=13; nitrogen=True; coupon_to_bath_wait_time=60; nips_bath_wait_time=1200; polymer_type=Primospire; solvent_type=NMP; cosolvent_type=none; nips_bath_solvent=none; nips_bath_solvent_wt_percent=0.0; Air Temp Mean=nan [room air temperature during casting]; Humidity Mean=nan [room air humidity during casting]; Coupon Temp Mean=nan [coupon-stage temperature measured at the end of the wait period; during N2 it is the temperature during the N2 blow window, otherwise it is the no-N2 wait condition]; Coupon Humidity Mean=nan [coupon-stage humidity measured at the end of the wait period; during N2 it is the humidity during the N2 blow window, otherwise it is the no-N2 wait condition]","# Experimental Report: Automated NIPS Membrane Synthesis

## Polymer Solution Preparation

A casting solution was prepared using **Primospire** as the polymer at a concentration of **19.5 wt%**, dissolved in **N-methyl-2-pyrrolidone (NMP)** as the primary solvent. No cosolvent or additive was incorporated (additive concentration: 0.0 wt%). The solution was mixed and heated to **40 °C** to ensure complete dissolution and homogeneity prior to casting.

## Membrane Casting

The polymer solution was blade-cast onto the substrate using the automated robotic system at a casting speed of **13 mm/s**. Following casting, the coupon was subjected to a **dry nitrogen (N₂) purge** for a duration of **60 seconds** prior to immersion in the coagulation bath. The laminar nitrogen blow was applied to minimize ambient humidity exposure at the film surface during this pre-immersion interval. Ambient room temperature and humidity conditions during casting were not recorded for this experiment (reported as NaN), nor were coupon-stage temperature and humidity measurements available for the pre-immersion window.

## Non-Solvent Induced Phase Separation (NIPS)

After the 60-second nitrogen purge period, the cast film was immersed into a **pure deionized water** coagulation bath (no co-solvent added; bath solvent concentration: 0.0 wt%) maintained at **5 °C**. The membrane was allowed to phase-separate and solidify in the bath for **1200 seconds (20 minutes)** before retrieval.

## Summary Table

| Parameter | Value |
|---|---|
| Polymer | Primospire |
| Solvent | NMP |
| Cosolvent | None |
| Polymer concentration | 19.5 wt% |
| Additive concentration | 0.0 wt% |
| Mixing temperature | 40 °C |
| Casting speed | 13 mm/s |
| Pre-immersion condition | Dry N₂ purge |
| Pre-immersion wait time | 60 s |
| NIPS bath composition | Pure water |
| NIPS bath temperature | 5 °C |
| NIPS immersion time | 1200 s |",,,,,111.28569134602364,3.112326410926005,,,,,,,,,,,,,-2.434526661179867,0.0912056222616158,,,,,,,,39.0,2 failed due to poor densification fit; 2 failed due to yield point (bp1) likely misplaced,"mixing_temp=40; bath_temp=5; polymer_wt=19.5; additive_wt=0.0; pullcast_speed=13; nitrogen=True; coupon_to_bath_wait_time=60; nips_bath_wait_time=1200; polymer_type=Primospire; solvent_type=NMP; cosolvent_type=none; nips_bath_solvent=none; nips_bath_solvent_wt_percent=0.0; Air Temp Mean=nan [room air temperature during casting]; Humidity Mean=nan [room air humidity during casting]; Coupon Temp Mean=nan [coupon-stage temperature measured at the end of the wait period; during N2 it is the temperature during the N2 blow window, otherwise it is the no-N2 wait condition]; Coupon Humidity Mean=nan [coupon-stage humidity measured at the end of the wait period; during N2 it is the humidity during the N2 blow window, otherwise it is the no-N2 wait condition]

{'Air Temp Mean': nan, 'Humidity Mean': nan, 'Coupon Temp Mean': nan, 'Coupon Humidity Mean': nan, 'Thickness Mean': 111.28569134602363, 'Elastic Modulus Mean': nan, 'Strain at 50 bar Mean': -2.434526661179867, 'CV Mean': nan}, 'Discarded Fit Quality Mean': '39.0/100', 'Discarded Fit Reasons': '2 failed due to poor densification fit; 2 failed due to yield point (bp1) likely misplaced'","# Experimental Report: Automated NIPS Membrane Synthesis

## Polymer Solution Preparation

A casting solution was prepared using **Primospire** as the polymer at a concentration of **19.5 wt%**, dissolved in **N-methyl-2-pyrrolidone (NMP)** as the primary solvent. No cosolvent or additive was incorporated (additive concentration: 0.0 wt%). The solution was mixed and heated to **40 °C** to ensure complete dissolution and homogeneity prior to casting.

## Membrane Casting

The polymer solution was blade-cast onto the substrate using the automated robotic system at a casting speed of **13 mm/s**. Following casting, the coupon was subjected to a **dry nitrogen (N₂) purge** for a duration of **60 seconds** prior to immersion in the coagulation bath. The laminar nitrogen blow was applied to minimize ambient humidity exposure at the film surface during this pre-immersion interval. Ambient room temperature and humidity conditions during casting were not recorded for this experiment (reported as NaN), nor were coupon-stage temperature and humidity measurements available for the pre-immersion window.

## Non-Solvent Induced Phase Separation (NIPS)

After the 60-second nitrogen purge period, the cast film was immersed into a **pure deionized water** coagulation bath (no co-solvent added; bath solvent concentration: 0.0 wt%) maintained at **5 °C**. The membrane was allowed to phase-separate and solidify in the bath for **1200 seconds (20 minutes)** before retrieval.

## Summary Table

| Parameter | Value |
|---|---|
| Polymer | Primospire |
| Solvent | NMP |
| Cosolvent | None |
| Polymer concentration | 19.5 wt% |
| Additive concentration | 0.0 wt% |
| Mixing temperature | 40 °C |
| Casting speed | 13 mm/s |
| Pre-immersion condition | Dry N₂ purge |
| Pre-immersion wait time | 60 s |
| NIPS bath composition | Pure water |
| NIPS bath temperature | 5 °C |
| NIPS immersion time | 1200 s |


{'Air Temp Mean': nan, 'Humidity Mean': nan, 'Coupon Temp Mean': nan, 'Coupon Humidity Mean': nan, 'Thickness Mean': 111.28569134602363, 'Elastic Modulus Mean': nan, 'Strain at 50 bar Mean': -2.434526661179867, 'CV Mean': nan}, 'Discarded Fit Quality Mean': '39.0/100', 'Discarded Fit Reasons': '2 failed due to poor densification fit; 2 failed due to yield point (bp1) likely misplaced'","- **Presence:** Membrane is visible — a pale white/grey sheet occupies the aperture.
- **Vertical Coverage:** Membrane spans the full top-to-bottom extent of the aperture with no gaps at the top or bottom edges. ✓
- **Uniformity:** Largely uniform in opacity across most of the surface; slight tonal variation in the lower-centre region but no distinct dark patches.
- **Defects:** Prominent raised wrinkles/folds are clearly visible within the membrane material on the left-centre area, forming a distinct looping ridge pattern. A subtler crease is also present on the right side.
- **Summary:** Membrane has full vertical coverage and acceptable uniformity, but is compromised by significant wrinkling within the membrane body on the left side.","Looking at the diversity coverage context and prior observations, I need to identify sparse regions:

**Coverage analysis:**
- `mixing_temp`: Well covered (25, 35, 40, 45, 60, 70, 80) — sparse around 50-55°C
- `bath_temp`: Covered at 5, 10, 15, 20, 25 — all 5 unique values sampled, but 5°C is heavily represented (4/8 runs)
- `pullcast_speed`: 1, 3, 7, 10, 13, 15, 18, 20 — good spread, but mid-range (4-6, 8-9, 11-12) has gaps
- `nitrogen`: Balanced (4 True, 4 False)
- `coupon_to_bath_wait_time`: 0, 30, 60, 90, 150, 300, 450, 600 — sparse at very short non-zero values and mid-range (200-250s)
- `nips_bath_wait_time`: 1200, 1250, 1350, 1400, 1500, 1650, 1800 — sparse near 1750s
- `polymer_wt`: 17, 17, 18, 18.5, 19, 19.5, 20, 21 — sparse around 20.5

**Sparse region target:**
- `mixing_temp` ~50°C (gap between 45 and 60)
- `bath_temp` = 5°C is overrepresented; try something different — but 5°C gave the only valid modulus readings alongside 10°C and 15°C. Bath temp 5°C is fine to revisit in a new combination.
- `polymer_wt` ~20.5 (gap between 20 and 21)
- `pullcast_speed` ~5 mm/s (gap between 3 and 7)
- `coupon_to_bath_wait_time` ~225s (gap between 150 and 300)
- `nips_bath_wait_time` ~1750s (gap between 1650 and 1800)
- `nitrogen` = False (to balance with new combination)

This combination targets multiple sparse dimensions simultaneously: mixing_temp=50, polymer_wt=20.5, pullcast_speed=5, bath_temp=5, wait=225s, nips=1750s, nitrogen=False.

```json
{
  ""mixing_temp"": 50,
  ""bath_temp"": 5,
  ""pullcast_speed"": 5,
  ""nitrogen"": false,
  ""coupon_to_bath_wait_time"": 225,
  ""nips_bath_wait_time"": 1750,
  ""polymer_wt"": 20.5,
  ""additive_wt"": 0
}
```"
"2026-09-11
20:11:34",20p5-0add-5deg-cosolv-none-bathSolv-none-0wt-225s-NoN2-1750s,50,5,20.5,0.0,5,False,225,1750,Primospire,NMP,none,none,0.0,"mixing_temp=50; bath_temp=5; polymer_wt=20.5; additive_wt=0.0; pullcast_speed=5; nitrogen=False; coupon_to_bath_wait_time=225; nips_bath_wait_time=1750; polymer_type=Primospire; solvent_type=NMP; cosolvent_type=none; nips_bath_solvent=none; nips_bath_solvent_wt_percent=0.0; Air Temp Mean=nan [room air temperature during casting]; Humidity Mean=nan [room air humidity during casting]; Coupon Temp Mean=nan [coupon-stage temperature measured at the end of the wait period; during N2 it is the temperature during the N2 blow window, otherwise it is the no-N2 wait condition]; Coupon Humidity Mean=nan [coupon-stage humidity measured at the end of the wait period; during N2 it is the humidity during the N2 blow window, otherwise it is the no-N2 wait condition]","# Experimental Report: Automated NIPS Membrane Synthesis

## Materials

| Component | Identity |
|---|---|
| Polymer | Primospire |
| Base Solvent | NMP |
| Cosolvent/Additive | None |
| NIPS Bath Non-Solvent | Pure water (no solvent additive) |

## Solution Preparation

A polymer dope solution was prepared at a **Primospire concentration of 20.5 wt%** in NMP with no cosolvent or additive (0.0 wt%). The solution was mixed and heated at **50 °C** to ensure complete dissolution and homogeneity prior to casting.

## Membrane Casting

The polymer dope was blade-cast onto the substrate at a pull-cast speed of **5 mm/s**. Following casting, the film was allowed to rest in **ambient (open-air) conditions** — without nitrogen purge — for **225 seconds** before immersion into the NIPS bath. Environmental conditions (room air temperature, humidity, and coupon-stage temperature and humidity) were **not recorded** during this campaign.

## Phase Inversion (NIPS Bath)

The cast film was immersed into a **pure water bath** (no solvent additive, 0.0 wt%) maintained at **5 °C**. The membrane coupon remained in the bath for **1,750 seconds** to allow complete phase inversion and membrane solidification.

## Summary Table

| Parameter | Value |
|---|---|
| Mixing Temperature | 50 °C |
| Polymer Concentration | 20.5 wt% |
| Additive Concentration | 0.0 wt% |
| Pull-Cast Speed | 5 mm/s |
| Pre-Immersion Wait Time | 225 s (ambient, no N₂) |
| NIPS Bath Composition | Pure water |
| NIPS Bath Temperature | 5 °C |
| NIPS Bath Immersion Time | 1,750 s |",,,,,148.32268790693294,6.517410377697948,,,,,,,,,,,,,0.1132078322583507,0.0211080692596841,,,,,,,,46.75,4 failed due to yield point (bp1) likely misplaced,"mixing_temp=50; bath_temp=5; polymer_wt=20.5; additive_wt=0.0; pullcast_speed=5; nitrogen=False; coupon_to_bath_wait_time=225; nips_bath_wait_time=1750; polymer_type=Primospire; solvent_type=NMP; cosolvent_type=none; nips_bath_solvent=none; nips_bath_solvent_wt_percent=0.0; Air Temp Mean=nan [room air temperature during casting]; Humidity Mean=nan [room air humidity during casting]; Coupon Temp Mean=nan [coupon-stage temperature measured at the end of the wait period; during N2 it is the temperature during the N2 blow window, otherwise it is the no-N2 wait condition]; Coupon Humidity Mean=nan [coupon-stage humidity measured at the end of the wait period; during N2 it is the humidity during the N2 blow window, otherwise it is the no-N2 wait condition]

{'Air Temp Mean': nan, 'Humidity Mean': nan, 'Coupon Temp Mean': nan, 'Coupon Humidity Mean': nan, 'Thickness Mean': 148.32268790693294, 'Elastic Modulus Mean': nan, 'Strain at 50 bar Mean': 0.11320783225835071, 'CV Mean': nan}, 'Discarded Fit Quality Mean': '46.8/100', 'Discarded Fit Reasons': '4 failed due to yield point (bp1) likely misplaced'","# Experimental Report: Automated NIPS Membrane Synthesis

## Materials

| Component | Identity |
|---|---|
| Polymer | Primospire |
| Base Solvent | NMP |
| Cosolvent/Additive | None |
| NIPS Bath Non-Solvent | Pure water (no solvent additive) |

## Solution Preparation

A polymer dope solution was prepared at a **Primospire concentration of 20.5 wt%** in NMP with no cosolvent or additive (0.0 wt%). The solution was mixed and heated at **50 °C** to ensure complete dissolution and homogeneity prior to casting.

## Membrane Casting

The polymer dope was blade-cast onto the substrate at a pull-cast speed of **5 mm/s**. Following casting, the film was allowed to rest in **ambient (open-air) conditions** — without nitrogen purge — for **225 seconds** before immersion into the NIPS bath. Environmental conditions (room air temperature, humidity, and coupon-stage temperature and humidity) were **not recorded** during this campaign.

## Phase Inversion (NIPS Bath)

The cast film was immersed into a **pure water bath** (no solvent additive, 0.0 wt%) maintained at **5 °C**. The membrane coupon remained in the bath for **1,750 seconds** to allow complete phase inversion and membrane solidification.

## Summary Table

| Parameter | Value |
|---|---|
| Mixing Temperature | 50 °C |
| Polymer Concentration | 20.5 wt% |
| Additive Concentration | 0.0 wt% |
| Pull-Cast Speed | 5 mm/s |
| Pre-Immersion Wait Time | 225 s (ambient, no N₂) |
| NIPS Bath Composition | Pure water |
| NIPS Bath Temperature | 5 °C |
| NIPS Bath Immersion Time | 1,750 s |


{'Air Temp Mean': nan, 'Humidity Mean': nan, 'Coupon Temp Mean': nan, 'Coupon Humidity Mean': nan, 'Thickness Mean': 148.32268790693294, 'Elastic Modulus Mean': nan, 'Strain at 50 bar Mean': 0.11320783225835071, 'CV Mean': nan}, 'Discarded Fit Quality Mean': '46.8/100', 'Discarded Fit Reasons': '4 failed due to yield point (bp1) likely misplaced'","- **Presence**: Membrane is visible — a pale white/off-white sheet occupies the aperture.

- **Vertical Coverage**: Membrane spans the full top-to-bottom extent of the aperture with no gap at either the top or bottom edge. ✓

- **Uniformity**: Color and opacity are largely consistent across the membrane surface; slight tonal gradient toward the center is consistent with even illumination rather than thickness variation.

- **Defects**: No wrinkles or trapped air bubbles are detected within the membrane material itself. Bright highlights visible at the aperture rim and boundary edges are lighting/specular artifacts, not membrane defects.

- **Summary**: The membrane coupon presents as fully seated vertically, visually uniform, and free of wrinkles or bubble defects.","I'll analyze the experimental space systematically before proposing the next experiment.

## Analysis

**Validated modulus results (reliable fits):**
- Run 1: polymer_wt=17, mixing_temp=25, bath_temp=5, speed=10, N2=True, wait=30s → **547 MPa** (CV=0.112, fit quality noted but 1 discarded)
- Run 4: polymer_wt=18, mixing_temp=80, bath_temp=15, speed=15, N2=False, wait=600s → **477 MPa** (CV=0.091)
- Run 6: polymer_wt=17, mixing_temp=35, bath_temp=10, speed=20, N2=False, wait=90s → **401 MPa** (CV=0.012)

**No valid modulus:** Runs 2, 3, 5, 7, 8, 9 — all fits failed or were discarded entirely.

**Coverage gaps to target (explore mode):**
- `bath_temp`: heavily clustered at 5°C (5 runs), with only single points at 10, 15, 20, 25°C. The range near 5°C is over-represented.
- `nips_bath_wait_time`: min=1200 is hit twice; the 1200–1350s region is sparse relative to 1500–1800s.
- `mixing_temp`: 25–35°C region has only 2 points; 55°C is unsampled.
- `polymer_wt`: 17–17 (two runs), gap between 17 and 18.5 — specifically ~17.5 is unsampled.
- `nitrogen`: roughly balanced (4T/5F), no strong gap.
- `coupon_to_bath_wait_time`: 0, 30, 60, 90, 150, 225, 300, 450, 600 — well spread; ~375s is a minor gap but not critical.

**Novel combination targeting sparse region:**
- `bath_temp` = 25°C (only one prior point, and that run failed completely due to membrane defect at polymer_wt=21)
- `polymer_wt` = 17.5 (unsampled gap between 17 and 18)
- `mixing_temp` = 55°C (unsampled)
- `pullcast_speed` = 11 mm/s (near center, distinct from all prior values)
- `nitrogen` = True (underrepresented at bath_temp=25)
- `coupon_to_bath_wait_time` = 375s (unsampled gap)
- `nips_bath_wait_time` = 1300s (sparse low end, distinct from 1200 and 1350)

This combination is deliberately far from all prior points in the multi-dimensional space, particularly targeting the warm bath / moderate polymer concentration / mid mixing temperature region that is entirely unsampled with valid membranes.

```json
{
  ""mixing_temp"": 55,
  ""bath_temp"": 25,
  ""pullcast_speed"": 11,
  ""nitrogen"": true,
  ""coupon_to_bath_wait_time"": 375,
  ""nips_bath_wait_time"": 1300,
  ""polymer_wt"": 17.5,
  ""additive_wt"": 0
}
```"
"2026-09-11
23:06:06",17p5-0add-25deg-cosolv-none-bathSolv-none-0wt-375s-N2-1300s,55,25,17.5,0.0,11,True,375,1300,Primospire,NMP,none,none,0.0,"mixing_temp=55; bath_temp=25; polymer_wt=17.5; additive_wt=0.0; pullcast_speed=11; nitrogen=True; coupon_to_bath_wait_time=375; nips_bath_wait_time=1300; polymer_type=Primospire; solvent_type=NMP; cosolvent_type=none; nips_bath_solvent=none; nips_bath_solvent_wt_percent=0.0; Air Temp Mean=24.84 [room air temperature during casting]; Humidity Mean=45.22 [room air humidity during casting]; Coupon Temp Mean=24.99 [coupon-stage temperature measured at the end of the wait period; during N2 it is the temperature during the N2 blow window, otherwise it is the no-N2 wait condition]; Coupon Humidity Mean=38.4 [coupon-stage humidity measured at the end of the wait period; during N2 it is the humidity during the N2 blow window, otherwise it is the no-N2 wait condition]","# Experimental Report: Automated NIPS Membrane Fabrication

## Materials

A polyphenylene (Primospire) solution was prepared in *N*-methyl-2-pyrrolidone (NMP) at a polymer concentration of **17.5 wt%** with no cosolvent or additive. The non-solvent precipitation bath consisted of **pure deionized water** (no co-solvent additive).

## Solution Preparation

The polymer solution was mixed and heated at **55 °C** until fully dissolved and homogenized prior to casting.

## Membrane Casting

The polymer solution was blade-cast onto the substrate at a casting speed of **11 mm/s**. Ambient conditions in the laboratory during casting were **24.84 °C** and **45.22% relative humidity (RH)**.

## Pre-Immersion Drying Step

Following casting, the film was subjected to a **dry nitrogen (N₂) purge** for **375 seconds** prior to immersion in the precipitation bath. During this period, the coupon-stage temperature was **24.99 °C** and the local humidity at the coupon surface was reduced to **38.4% RH**, confirming effective moisture displacement by the laminar N₂ flow.

## Phase Inversion (NIPS)

After the pre-immersion dwell period, the cast film was immersed into the **pure water NIPS bath** maintained at **25 °C**. The membrane was allowed to precipitate and solidify in the bath for **1300 seconds** before retrieval.

## Summary Table

| Parameter | Value |
|---|---|
| Polymer | Primospire (17.5 wt%) |
| Solvent | NMP |
| Cosolvent/Additive | None |
| Mixing Temperature | 55 °C |
| Cast Speed | 11 mm/s |
| Pre-immersion Treatment | Dry N₂ purge |
| Pre-immersion Wait Time | 375 s |
| Coupon Temp (during N₂) | 24.99 °C |
| Coupon Humidity (during N₂) | 38.4% RH |
| Ambient Temp / Humidity | 24.84 °C / 45.22% RH |
| NIPS Bath Composition | Pure water |
| Bath Temperature | 25 °C |
| Bath Immersion Time | 1300 s |",24.84,45.22,24.99,38.4,135.46640223412726,6.866757804172505,591.6726110492291,71.26902317465033,39.81738834221224,2.737912322701032,0.2830419683229737,0.0104033070742601,221.64237693876723,6.980547726767327,553.7618963899835,24.46563020904444,0.114493633033623,0.0050487285374395,0.1022306995970407,0.0221170545356644,0.2473024155894888,0.015233385943326,0.3988862339845973,0.0171977186550761,,,0.1086755099223757,54.5,2 failed due to yield point (bp1) likely misplaced,"mixing_temp=55; bath_temp=25; polymer_wt=17.5; additive_wt=0.0; pullcast_speed=11; nitrogen=True; coupon_to_bath_wait_time=375; nips_bath_wait_time=1300; polymer_type=Primospire; solvent_type=NMP; cosolvent_type=none; nips_bath_solvent=none; nips_bath_solvent_wt_percent=0.0; Air Temp Mean=24.84 [room air temperature during casting]; Humidity Mean=45.22 [room air humidity during casting]; Coupon Temp Mean=24.99 [coupon-stage temperature measured at the end of the wait period; during N2 it is the temperature during the N2 blow window, otherwise it is the no-N2 wait condition]; Coupon Humidity Mean=38.4 [coupon-stage humidity measured at the end of the wait period; during N2 it is the humidity during the N2 blow window, otherwise it is the no-N2 wait condition]

{'Air Temp Mean': 24.84, 'Humidity Mean': 45.22, 'Coupon Temp Mean': 24.99, 'Coupon Humidity Mean': 38.4, 'Thickness Mean': 135.46640223412726, 'Elastic Modulus Mean': 591.6726110492291, 'Strain at 50 bar Mean': 0.1022306995970407, 'CV Mean': 0.1086755099223757}, 'Discarded Fit Quality Mean': '54.5/100', 'Discarded Fit Reasons': '2 failed due to yield point (bp1) likely misplaced'","# Experimental Report: Automated NIPS Membrane Fabrication

## Materials

A polyphenylene (Primospire) solution was prepared in *N*-methyl-2-pyrrolidone (NMP) at a polymer concentration of **17.5 wt%** with no cosolvent or additive. The non-solvent precipitation bath consisted of **pure deionized water** (no co-solvent additive).

## Solution Preparation

The polymer solution was mixed and heated at **55 °C** until fully dissolved and homogenized prior to casting.

## Membrane Casting

The polymer solution was blade-cast onto the substrate at a casting speed of **11 mm/s**. Ambient conditions in the laboratory during casting were **24.84 °C** and **45.22% relative humidity (RH)**.

## Pre-Immersion Drying Step

Following casting, the film was subjected to a **dry nitrogen (N₂) purge** for **375 seconds** prior to immersion in the precipitation bath. During this period, the coupon-stage temperature was **24.99 °C** and the local humidity at the coupon surface was reduced to **38.4% RH**, confirming effective moisture displacement by the laminar N₂ flow.

## Phase Inversion (NIPS)

After the pre-immersion dwell period, the cast film was immersed into the **pure water NIPS bath** maintained at **25 °C**. The membrane was allowed to precipitate and solidify in the bath for **1300 seconds** before retrieval.

## Summary Table

| Parameter | Value |
|---|---|
| Polymer | Primospire (17.5 wt%) |
| Solvent | NMP |
| Cosolvent/Additive | None |
| Mixing Temperature | 55 °C |
| Cast Speed | 11 mm/s |
| Pre-immersion Treatment | Dry N₂ purge |
| Pre-immersion Wait Time | 375 s |
| Coupon Temp (during N₂) | 24.99 °C |
| Coupon Humidity (during N₂) | 38.4% RH |
| Ambient Temp / Humidity | 24.84 °C / 45.22% RH |
| NIPS Bath Composition | Pure water |
| Bath Temperature | 25 °C |
| Bath Immersion Time | 1300 s |


{'Air Temp Mean': 24.84, 'Humidity Mean': 45.22, 'Coupon Temp Mean': 24.99, 'Coupon Humidity Mean': 38.4, 'Thickness Mean': 135.46640223412726, 'Elastic Modulus Mean': 591.6726110492291, 'Strain at 50 bar Mean': 0.1022306995970407, 'CV Mean': 0.1086755099223757}, 'Discarded Fit Quality Mean': '54.5/100', 'Discarded Fit Reasons': '2 failed due to yield point (bp1) likely misplaced'","- **Presence**: Membrane is clearly visible as a pale white/light-grey sheet within the circular aperture.

- **Vertical Coverage**: Membrane spans the full top-to-bottom extent of the aperture with no gap at the top or bottom edge. Vertical coverage is complete.

- **Uniformity**: Membrane appears visually uniform in color and opacity throughout; no patchiness, dark spots, or notable thickness variation observed.

- **Defects**: No wrinkles or trapped air bubbles detected within the membrane material itself; the bright reflection visible at the upper-right is a lighting artifact on the metal rim, not a membrane defect.

- **Summary**: The membrane coupon presents complete vertical coverage, uniform appearance, and no detectable structural defects.","I'll analyze the experimental history systematically before proposing the next experiment.

## Analysis of Prior Results

**Experiments with valid Elastic Modulus measurements:**
1. `polymer_wt=17, mixing_temp=25, bath_temp=5, speed=10, N2=True, wait=30s, nips=1200s` → **547.2 MPa**, CV=0.112, fit quality 58/100 (1 discarded)
2. `polymer_wt=18, mixing_temp=80, bath_temp=15, speed=15, N2=False, wait=600s, nips=1350s` → **476.8 MPa**, CV=0.091, fit quality 0/100 (1 discarded)
3. `polymer_wt=17, mixing_temp=35, bath_temp=10, speed=20, N2=False, wait=90s, nips=1400s` → **401.3 MPa**, CV=0.012, fit quality 29/100 (2 discarded)
4. `polymer_wt=17.5, mixing_temp=55, bath_temp=25, speed=11, N2=True, wait=375s, nips=1300s` → **591.7 MPa**, CV=0.109, fit quality 54.5/100 (2 discarded)

**Experiments with no valid modulus (all fits failed):** polymer_wt=21, 19, 20, 18.5, 19.5, 20.5 — all had complete fit failures.

**Key observations:**
- The four valid modulus results all used **lower polymer concentrations (17–18 wt%)**, while higher concentrations (19–21 wt%) consistently failed to yield valid fits
- Best result so far: **591.7 MPa** at polymer_wt=17.5, bath_temp=25°C, N2=True, wait=375s — notably a **warm bath** (25°C), which is unusual vs. the cold-bath experiments
- The warm bath (25°C) with N2 purge and moderate-high wait time appears favorable
- **Sparse/underexplored regions:** bath_temp between 10–20°C with lower polymer_wt (~17–18 wt%), short wait times with warm bath, and mixing_temp in the 25–50°C range with lower polymer_wt

**Diversity gaps identified:**
- `nips_bath_wait_time` near minimum (1200s) with warm bath is underexplored
- `bath_temp` ~15–20°C combined with low polymer_wt and N2=True is sparse
- `mixing_temp` ~25–35°C with polymer_wt ~17–18 and warm bath is unexplored
- `pullcast_speed` ~14–17 mm/s with low polymer_wt is sparse

**Explore target:** Low polymer_wt (~17–18), warm bath (~20°C), N2=True, moderate wait, mixing_temp ~30°C, speed ~16 mm/s, nips_bath_wait_time ~1450s — this combination is far from all prior points and targets the region where valid moduli have been obtained, while exploring the warm-bath + N2 combination at a different polymer concentration and mixing temperature.

```json
{
  ""mixing_temp"": 30,
  ""bath_temp"": 20,
  ""pullcast_speed"": 16,
  ""nitrogen"": true,
  ""coupon_to_bath_wait_time"": 500,
  ""nips_bath_wait_time"": 1450,
  ""polymer_wt"": 18.0,
  ""additive_wt"": 0
}
```"
"2026-09-12
01:14:34",18-0add-20deg-cosolv-none-bathSolv-none-0wt-500s-N2-1450s,30,20,18.0,0.0,16,True,500,1450,Primospire,NMP,none,none,0.0,"mixing_temp=30; bath_temp=20; polymer_wt=18.0; additive_wt=0.0; pullcast_speed=16; nitrogen=True; coupon_to_bath_wait_time=500; nips_bath_wait_time=1450; polymer_type=Primospire; solvent_type=NMP; cosolvent_type=none; nips_bath_solvent=none; nips_bath_solvent_wt_percent=0.0; Air Temp Mean=25.07 [room air temperature during casting]; Humidity Mean=44.34 [room air humidity during casting]; Coupon Temp Mean=25.14 [coupon-stage temperature measured at the end of the wait period; during N2 it is the temperature during the N2 blow window, otherwise it is the no-N2 wait condition]; Coupon Humidity Mean=38.01 [coupon-stage humidity measured at the end of the wait period; during N2 it is the humidity during the N2 blow window, otherwise it is the no-N2 wait condition]","# Experimental Report: Automated NIPS Membrane Fabrication

## Materials

The membrane was fabricated using **Primospire** as the polymer at a concentration of **18.0 wt%**, dissolved in **N-methyl-2-pyrrolidone (NMP)** as the base casting solvent. No cosolvent or additive was incorporated into the casting solution (additive wt% = 0.0). The NIPS bath consisted of **pure water** (no solvent additive; bath solvent wt% = 0.0).

---

## Solution Preparation

The polymer solution was mixed and heated at **30 °C** until homogeneous prior to casting.

---

## Membrane Casting

The polymer solution was blade-cast onto the substrate at a casting speed of **16 mm/s**. Ambient conditions during casting were recorded at a mean air temperature of **25.07 °C** and a mean relative humidity of **44.34%**.

---

## Pre-Immersion Conditioning (Evaporation Step)

Following casting, the coupon was subjected to a **dry nitrogen (N₂) purge** for **500 seconds** prior to immersion in the NIPS bath. This laminar nitrogen blow was applied to minimize humidity exposure at the film surface during the evaporation interval. During this conditioning period, the coupon-stage temperature was measured at **25.14 °C** and the local relative humidity at the coupon stage was reduced to **38.01%**, confirming effective displacement of ambient moisture by the nitrogen flow.

---

## Phase Inversion (NIPS Bath)

The cast film was subsequently immersed in the **pure water NIPS bath**, maintained at **20 °C**. The membrane was allowed to undergo phase inversion for **1,450 seconds** before retrieval.

---

## Summary Table

| Parameter | Value |
|---|---|
| Polymer | Primospire |
| Solvent | NMP |
| Cosolvent | None |
| Polymer concentration | 18.0 wt% |
| Additive concentration | 0.0 wt% |
| Mixing temperature | 30 °C |
| Casting speed | 16 mm/s |
| Pre-immersion wait time | 500 s (N₂ purge) |
| NIPS bath composition | Pure water |
| NIPS bath temperature | 20 °C |
| NIPS immersion time | 1,450 s |
| Ambient air temperature | 25.07 °C |
| Ambient relative humidity | 44.34% |
| Coupon-stage temperature (during N₂) | 25.14 °C |
| Coupon-stage humidity (during N₂) | 38.01% |",25.07,44.34,25.14,38.01,132.94021392683842,5.795775705905526,400.0068360487557,0.0,57.25894462488046,0.0,0.2925592376147131,0.0,261.46881664712424,0.0,579.0857593525933,0.0,0.1084899911534152,0.0,0.1194306158615042,0.0331985603273794,0.248736991227908,0.0,0.3932933983430228,0.0,,,,38.0,"2 failed due to yield point (bp1) likely misplaced; 1 failed due to plateau slope >= elastic modulus, no real transition","mixing_temp=30; bath_temp=20; polymer_wt=18.0; additive_wt=0.0; pullcast_speed=16; nitrogen=True; coupon_to_bath_wait_time=500; nips_bath_wait_time=1450; polymer_type=Primospire; solvent_type=NMP; cosolvent_type=none; nips_bath_solvent=none; nips_bath_solvent_wt_percent=0.0; Air Temp Mean=25.07 [room air temperature during casting]; Humidity Mean=44.34 [room air humidity during casting]; Coupon Temp Mean=25.14 [coupon-stage temperature measured at the end of the wait period; during N2 it is the temperature during the N2 blow window, otherwise it is the no-N2 wait condition]; Coupon Humidity Mean=38.01 [coupon-stage humidity measured at the end of the wait period; during N2 it is the humidity during the N2 blow window, otherwise it is the no-N2 wait condition]

{'Air Temp Mean': 25.07, 'Humidity Mean': 44.34, 'Coupon Temp Mean': 25.14, 'Coupon Humidity Mean': 38.01, 'Thickness Mean': 132.94021392683842, 'Elastic Modulus Mean': 400.0068360487557, 'Strain at 50 bar Mean': 0.11943061586150422, 'CV Mean': nan}, 'Discarded Fit Quality Mean': '38.0/100', 'Discarded Fit Reasons': '2 failed due to yield point (bp1) likely misplaced; 1 failed due to plateau slope >= elastic modulus, no real transition'","# Experimental Report: Automated NIPS Membrane Fabrication

## Materials

The membrane was fabricated using **Primospire** as the polymer at a concentration of **18.0 wt%**, dissolved in **N-methyl-2-pyrrolidone (NMP)** as the base casting solvent. No cosolvent or additive was incorporated into the casting solution (additive wt% = 0.0). The NIPS bath consisted of **pure water** (no solvent additive; bath solvent wt% = 0.0).

---

## Solution Preparation

The polymer solution was mixed and heated at **30 °C** until homogeneous prior to casting.

---

## Membrane Casting

The polymer solution was blade-cast onto the substrate at a casting speed of **16 mm/s**. Ambient conditions during casting were recorded at a mean air temperature of **25.07 °C** and a mean relative humidity of **44.34%**.

---

## Pre-Immersion Conditioning (Evaporation Step)

Following casting, the coupon was subjected to a **dry nitrogen (N₂) purge** for **500 seconds** prior to immersion in the NIPS bath. This laminar nitrogen blow was applied to minimize humidity exposure at the film surface during the evaporation interval. During this conditioning period, the coupon-stage temperature was measured at **25.14 °C** and the local relative humidity at the coupon stage was reduced to **38.01%**, confirming effective displacement of ambient moisture by the nitrogen flow.

---

## Phase Inversion (NIPS Bath)

The cast film was subsequently immersed in the **pure water NIPS bath**, maintained at **20 °C**. The membrane was allowed to undergo phase inversion for **1,450 seconds** before retrieval.

---

## Summary Table

| Parameter | Value |
|---|---|
| Polymer | Primospire |
| Solvent | NMP |
| Cosolvent | None |
| Polymer concentration | 18.0 wt% |
| Additive concentration | 0.0 wt% |
| Mixing temperature | 30 °C |
| Casting speed | 16 mm/s |
| Pre-immersion wait time | 500 s (N₂ purge) |
| NIPS bath composition | Pure water |
| NIPS bath temperature | 20 °C |
| NIPS immersion time | 1,450 s |
| Ambient air temperature | 25.07 °C |
| Ambient relative humidity | 44.34% |
| Coupon-stage temperature (during N₂) | 25.14 °C |
| Coupon-stage humidity (during N₂) | 38.01% |


{'Air Temp Mean': 25.07, 'Humidity Mean': 44.34, 'Coupon Temp Mean': 25.14, 'Coupon Humidity Mean': 38.01, 'Thickness Mean': 132.94021392683842, 'Elastic Modulus Mean': 400.0068360487557, 'Strain at 50 bar Mean': 0.11943061586150422, 'CV Mean': nan}, 'Discarded Fit Quality Mean': '38.0/100', 'Discarded Fit Reasons': '2 failed due to yield point (bp1) likely misplaced; 1 failed due to plateau slope >= elastic modulus, no real transition'","- **Presence:** Membrane is visible — a pale white/grey sheet occupies the aperture.

- **Vertical Coverage:** Membrane reaches both the top and bottom edges of the aperture with no gap; vertical coverage is complete.

- **Uniformity:** Largely uniform in color and opacity across the central area; slight tonal gradient toward edges but no distinct dark spots or pronounced thickness variation.

- **Defects:** No wrinkles or trapped air bubbles are detected within the membrane material itself. Bright curved lines at the top and along the rim are specular highlights on the metal aperture, not membrane defects.

- **Summary:** The membrane is fully present with complete vertical coverage, uniform appearance, and no observable wrinkles or bubbles.","I'll analyze the experimental history systematically before proposing a new experiment.

## Analysis

**Experiments with valid Elastic Modulus measurements:**
1. 17 wt%, 25°C mix, 5°C bath, 10 mm/s, N2, 30s wait, 1200s → **547.2 MPa** (CV=0.112, fit quality 58/100, 1 discarded)
2. 18 wt%, 80°C mix, 15°C bath, 15 mm/s, no N2, 600s wait, 1350s → **476.8 MPa** (CV=0.091, fit quality 0/100, 1 discarded)
3. 17 wt%, 35°C mix, 10°C bath, 20 mm/s, no N2, 90s wait, 1400s → **401.3 MPa** (CV=0.012, fit quality 29/100, 2 discarded)
4. 17.5 wt%, 55°C mix, 25°C bath, 11 mm/s, N2, 375s wait, 1300s → **591.7 MPa** (CV=0.109, fit quality 54.5/100, 2 discarded)
5. 18 wt%, 30°C mix, 20°C bath, 16 mm/s, N2, 500s wait, 1450s → **400.0 MPa** (CV=nan, fit quality 38/100, 3 discarded)

**Experiments with no valid modulus (all fits failed):** 21 wt%, 19 wt%, 20 wt%, 18.5 wt%, 19.5 wt%, 20.5 wt%

**Key observations:**
- Best validated modulus: 591.7 MPa (17.5 wt%, 55°C mix, 25°C bath, N2, 375s wait, 1300s)
- Second best: 547.2 MPa (17 wt%, 25°C mix, 5°C bath, N2, 30s wait, 1200s)
- Higher polymer concentrations (19–21 wt%) consistently fail to produce measurable modulus
- Lower polymer concentrations (17–18.5 wt%) tend to yield measurable modulus
- Warm bath (25°C) + N2 + moderate wait appears favorable (experiment 4)

**Explore mode — sparse regions to cover:**
- bath_temp=5°C has been heavily sampled; bath_temp=25°C has only 2 samples (one failed, one best result)
- mixing_temp around 25–35°C with bath_temp=25°C is sparse
- polymer_wt ~17–18 wt% with bath_temp=25°C and short wait is underexplored
- nips_bath_wait_time near 1800s with bath_temp=25°C is unexplored
- pullcast_speed ~8–9 mm/s with these conditions is novel

A combination of: polymer_wt=17.5, mixing_temp=25°C, bath_temp=25°C, pullcast_speed=9 mm/s, N2=True, wait=120s, nips_bath_wait_time=1800s would be genuinely novel — low mixing temp (sparse at 25°C outside the max-polymer constraint), warm bath, short-moderate wait, longer immersion, and a pullcast speed not yet used.

```json
{
  ""mixing_temp"": 25,
  ""bath_temp"": 25,
  ""pullcast_speed"": 9,
  ""nitrogen"": true,
  ""coupon_to_bath_wait_time"": 120,
  ""nips_bath_wait_time"": 1800,
  ""polymer_wt"": 17.5,
  ""additive_wt"": 0
}
```"
"2026-09-12
03:20:18",17p5-0add-25deg-cosolv-none-bathSolv-none-0wt-120s-N2-1800s,25,25,17.5,0.0,9,True,120,1800,Primospire,NMP,none,none,0.0,"mixing_temp=25; bath_temp=25; polymer_wt=17.5; additive_wt=0.0; pullcast_speed=9; nitrogen=True; coupon_to_bath_wait_time=120; nips_bath_wait_time=1800; polymer_type=Primospire; solvent_type=NMP; cosolvent_type=none; nips_bath_solvent=none; nips_bath_solvent_wt_percent=0.0; Air Temp Mean=25.89 [room air temperature during casting]; Humidity Mean=42.39 [room air humidity during casting]; Coupon Temp Mean=25.84 [coupon-stage temperature measured at the end of the wait period; during N2 it is the temperature during the N2 blow window, otherwise it is the no-N2 wait condition]; Coupon Humidity Mean=34.94 [coupon-stage humidity measured at the end of the wait period; during N2 it is the humidity during the N2 blow window, otherwise it is the no-N2 wait condition]","# Experimental Report: Automated NIPS Membrane Fabrication

## Materials

The membrane was fabricated using **Primospire** as the polymer and **N-methyl-2-pyrrolidone (NMP)** as the casting solvent. No cosolvent or additive was incorporated into the formulation, and the NIPS bath consisted of pure non-solvent (i.e., no solvent additive). The polymer dope solution was prepared at a concentration of **17.5 wt%** polymer.

## Casting Procedure

The polymer solution was mixed and heated at **25 °C**. The dope was blade-cast onto the substrate at a casting speed of **9 mm/s**. Following casting, the coupon was exposed to a **dry laminar nitrogen purge** for **120 seconds** prior to bath immersion, in order to control surface humidity at the film interface. During this pre-immersion period, the ambient air temperature and relative humidity in the casting environment were measured at **25.89 °C** and **42.39% RH**, respectively. The coupon-stage temperature and humidity recorded during the nitrogen blow window were **25.84 °C** and **34.94% RH**, respectively, confirming effective local humidity reduction at the film surface relative to ambient conditions.

## Phase Inversion

The cast film was subsequently immersed into a **pure water NIPS bath** maintained at **25 °C** and allowed to undergo phase inversion for **1800 seconds (30 minutes)** before removal.

## Summary Table

| Parameter | Value |
|---|---|
| Polymer | Primospire |
| Solvent | NMP |
| Cosolvent/Additive | None |
| Polymer Concentration | 17.5 wt% |
| Mixing Temperature | 25 °C |
| Casting Speed | 9 mm/s |
| Pre-immersion Condition | Dry N₂ purge |
| Pre-immersion Wait Time | 120 s |
| NIPS Bath Composition | Pure non-solvent |
| NIPS Bath Temperature | 25 °C |
| NIPS Immersion Time | 1800 s |
| Ambient Air Temperature | 25.89 °C |
| Ambient Relative Humidity | 42.39% RH |
| Coupon-Stage Temperature (N₂ window) | 25.84 °C |
| Coupon-Stage Humidity (N₂ window) | 34.94% RH |",25.89,42.39,25.84,34.94,142.95302455147362,4.686949745213245,494.64425765,166.73177460541464,42.98919319125653,1.9672962695432084,0.3007299297551939,0.0235090721755769,223.22455448188293,11.691319166153036,563.033202858541,8.894846762684438,0.1018623916535625,0.0044780273742411,0.1620511169573859,0.0404142899108319,0.2682470685825117,0.0305585022029729,0.4111514928273923,0.0228297727806834,,,0.1758898298776772,26.5,"2 failed due to plateau slope >= elastic modulus, no real transition","mixing_temp=25; bath_temp=25; polymer_wt=17.5; additive_wt=0.0; pullcast_speed=9; nitrogen=True; coupon_to_bath_wait_time=120; nips_bath_wait_time=1800; polymer_type=Primospire; solvent_type=NMP; cosolvent_type=none; nips_bath_solvent=none; nips_bath_solvent_wt_percent=0.0; Air Temp Mean=25.89 [room air temperature during casting]; Humidity Mean=42.39 [room air humidity during casting]; Coupon Temp Mean=25.84 [coupon-stage temperature measured at the end of the wait period; during N2 it is the temperature during the N2 blow window, otherwise it is the no-N2 wait condition]; Coupon Humidity Mean=34.94 [coupon-stage humidity measured at the end of the wait period; during N2 it is the humidity during the N2 blow window, otherwise it is the no-N2 wait condition]

{'Air Temp Mean': 25.89, 'Humidity Mean': 42.39, 'Coupon Temp Mean': 25.84, 'Coupon Humidity Mean': 34.94, 'Thickness Mean': 142.95302455147362, 'Elastic Modulus Mean': 494.64425765, 'Strain at 50 bar Mean': 0.16205111695738594, 'CV Mean': 0.1758898298776772}, 'Discarded Fit Quality Mean': '26.5/100', 'Discarded Fit Reasons': '2 failed due to plateau slope >= elastic modulus, no real transition'","# Experimental Report: Automated NIPS Membrane Fabrication

## Materials

The membrane was fabricated using **Primospire** as the polymer and **N-methyl-2-pyrrolidone (NMP)** as the casting solvent. No cosolvent or additive was incorporated into the formulation, and the NIPS bath consisted of pure non-solvent (i.e., no solvent additive). The polymer dope solution was prepared at a concentration of **17.5 wt%** polymer.

## Casting Procedure

The polymer solution was mixed and heated at **25 °C**. The dope was blade-cast onto the substrate at a casting speed of **9 mm/s**. Following casting, the coupon was exposed to a **dry laminar nitrogen purge** for **120 seconds** prior to bath immersion, in order to control surface humidity at the film interface. During this pre-immersion period, the ambient air temperature and relative humidity in the casting environment were measured at **25.89 °C** and **42.39% RH**, respectively. The coupon-stage temperature and humidity recorded during the nitrogen blow window were **25.84 °C** and **34.94% RH**, respectively, confirming effective local humidity reduction at the film surface relative to ambient conditions.

## Phase Inversion

The cast film was subsequently immersed into a **pure water NIPS bath** maintained at **25 °C** and allowed to undergo phase inversion for **1800 seconds (30 minutes)** before removal.

## Summary Table

| Parameter | Value |
|---|---|
| Polymer | Primospire |
| Solvent | NMP |
| Cosolvent/Additive | None |
| Polymer Concentration | 17.5 wt% |
| Mixing Temperature | 25 °C |
| Casting Speed | 9 mm/s |
| Pre-immersion Condition | Dry N₂ purge |
| Pre-immersion Wait Time | 120 s |
| NIPS Bath Composition | Pure non-solvent |
| NIPS Bath Temperature | 25 °C |
| NIPS Immersion Time | 1800 s |
| Ambient Air Temperature | 25.89 °C |
| Ambient Relative Humidity | 42.39% RH |
| Coupon-Stage Temperature (N₂ window) | 25.84 °C |
| Coupon-Stage Humidity (N₂ window) | 34.94% RH |


{'Air Temp Mean': 25.89, 'Humidity Mean': 42.39, 'Coupon Temp Mean': 25.84, 'Coupon Humidity Mean': 34.94, 'Thickness Mean': 142.95302455147362, 'Elastic Modulus Mean': 494.64425765, 'Strain at 50 bar Mean': 0.16205111695738594, 'CV Mean': 0.1758898298776772}, 'Discarded Fit Quality Mean': '26.5/100', 'Discarded Fit Reasons': '2 failed due to plateau slope >= elastic modulus, no real transition'","- **Presence**: Membrane is visible.
- **Vertical Coverage**: The membrane does not reach the top edge of the aperture, leaving a clear gap at the top — this is a vertical coverage defect.
- **Uniformity**: The membrane body is largely uniform pale/white in color, though slight opacity variation is present near the lower-center region.
- **Defects**: Multiple distinct wrinkles are visible within the membrane material itself — a prominent fold/crease runs along the right portion, and a smaller enclosed oval-shaped bubble or fold is present in the upper-left area of the membrane.
- **Summary**: The membrane exhibits significant defects including a top-edge vertical gap, a large right-side fold/crease, and a trapped bubble or fold near the upper-left interior.","I'll analyze the experimental history systematically before proposing the next experiment.

## Analysis

**Validated modulus results (reliable fits, measured values):**
- 17.5 wt%, mixing_temp=55°C, bath_temp=25°C, speed=11, N2=True, wait=375s, nips=1300s → **591.7 MPa** (CV=0.109, fit quality 54.5/100, 2 discarded)
- 17 wt%, mixing_temp=25°C, bath_temp=5°C, speed=10, N2=True, wait=30s, nips=1200s → **547.2 MPa** (CV=0.112, fit quality 58/100, 1 discarded)
- 17.5 wt%, mixing_temp=25°C, bath_temp=25°C, speed=9, N2=True, wait=120s, nips=1800s → **494.6 MPa** (CV=0.176, membrane defects)
- 18 wt%, mixing_temp=80°C, bath_temp=15°C, speed=15, N2=False, wait=600s, nips=1350s → **476.8 MPa**
- 17 wt%, mixing_temp=35°C, bath_temp=10°C, speed=20, N2=False, wait=90s, nips=1400s → **401.3 MPa**
- 18 wt%, mixing_temp=30°C, bath_temp=20°C, speed=16, N2=True, wait=500s, nips=1450s → **400.0 MPa**

**No valid modulus:** 21 wt% (failed fits), 19 wt%, 20 wt%, 18.5 wt%, 19.5 wt%, 20.5 wt% — all had 100% discarded fits.

**Key observations:**
- Lower polymer concentrations (17–17.5 wt%) consistently yield the best modulus
- N2 purge appears beneficial for top performers
- Bath temp=25°C with N2 appears in two top performers
- The 17.5 wt% / 55°C / bath=25°C / N2 result is the current best but has moderate CV and fit quality — not yet independently validated
- Sparse region: mixing_temp ~65°C, bath_temp ~10°C, polymer_wt ~17–17.5, short wait, moderate speed

**Explore mode directive:** Propose a deliberately novel point far from existing conditions. Underrepresented combinations include: low polymer wt (~17–17.5) + intermediate bath temp (~10°C) + intermediate mixing temp (~65°C) + short wait + N2 + nips_bath_wait_time near max. The combination of mixing_temp=65°C, bath_temp=10°C, polymer_wt=17.5, N2=True, short wait (~15s), speed=6 mm/s, nips=1800s is genuinely novel and distant from all sampled points.

```json
{
  ""mixing_temp"": 65,
  ""bath_temp"": 10,
  ""pullcast_speed"": 6,
  ""nitrogen"": true,
  ""coupon_to_bath_wait_time"": 15,
  ""nips_bath_wait_time"": 1800,
  ""polymer_wt"": 17.5,
  ""additive_wt"": 0
}
```"
"2026-09-12
05:35:05",17p5-0add-10deg-cosolv-none-bathSolv-none-0wt-15s-N2-1800s,65,10,17.5,0.0,6,True,15,1800,Primospire,NMP,none,none,0.0,"mixing_temp=65; bath_temp=10; polymer_wt=17.5; additive_wt=0.0; pullcast_speed=6; nitrogen=True; coupon_to_bath_wait_time=15; nips_bath_wait_time=1800; polymer_type=Primospire; solvent_type=NMP; cosolvent_type=none; nips_bath_solvent=none; nips_bath_solvent_wt_percent=0.0; Air Temp Mean=25.59 [room air temperature during casting]; Humidity Mean=43.49 [room air humidity during casting]; Coupon Temp Mean=24.92 [coupon-stage temperature measured at the end of the wait period; during N2 it is the temperature during the N2 blow window, otherwise it is the no-N2 wait condition]; Coupon Humidity Mean=37.34 [coupon-stage humidity measured at the end of the wait period; during N2 it is the humidity during the N2 blow window, otherwise it is the no-N2 wait condition]","# Experimental Report: Automated NIPS Membrane Fabrication

## Materials

The membrane was fabricated using **Primospire** as the polymer dissolved in **N-methyl-2-pyrrolidone (NMP)** as the base casting solvent. No cosolvent or additive was incorporated into the casting solution. The non-solvent bath consisted of **pure deionized water** (no solvent additive).

## Solution Preparation

The polymer dope solution was prepared at a **polymer concentration of 17.5 wt%** and heated/mixed at **65 °C** to ensure complete dissolution and homogeneity prior to casting.

## Membrane Casting

The polymer solution was blade-cast onto the substrate at a controlled casting speed of **6 mm/s**. The ambient laboratory conditions during casting were recorded at a mean air temperature of **25.59 °C** and a mean relative humidity of **43.49%**.

## Pre-Immersion Drying Step

Following casting, the coupon was subjected to a **dry nitrogen (N₂) purge for 15 seconds** prior to bath immersion. During this period, the coupon-stage temperature was measured at **24.92 °C** and the local relative humidity at the coupon surface was reduced to **37.34%**, confirming effective humidity displacement by the nitrogen flow.

## Phase Inversion (NIPS) Bath

The cast film was subsequently immersed into a **pure water non-solvent bath maintained at 10 °C**. The membrane was allowed to undergo phase inversion and solidify over a **bath immersion time of 1800 seconds (30 minutes)**.

## Summary Table

| Parameter | Value |
|---|---|
| Polymer | Primospire |
| Solvent | NMP |
| Cosolvent/Additive | None |
| Polymer Concentration | 17.5 wt% |
| Mixing Temperature | 65 °C |
| Cast Speed | 6 mm/s |
| Pre-immersion Treatment | Dry N₂ purge |
| Pre-immersion Wait Time | 15 s |
| Coupon Temp (during N₂) | 24.92 °C |
| Coupon Humidity (during N₂) | 37.34% RH |
| Ambient Air Temperature | 25.59 °C |
| Ambient Humidity | 43.49% RH |
| NIPS Bath Composition | Pure water |
| NIPS Bath Temperature | 10 °C |
| NIPS Bath Immersion Time | 1800 s (30 min) |",25.59,43.49,24.92,37.34,144.9458757783808,3.430759151685506,708.9375919217312,215.6016088925699,39.01695241818834,3.950682469063495,0.2767675118680276,0.01711152713806,211.56090740151336,18.223044614418324,605.5797453529343,15.42549429073918,0.1044806142544438,0.0046924489684474,0.1054705744112006,0.0273804075807285,0.2410661896492259,0.0255230327768824,0.3662090265362787,0.0139225022693709,,,0.1285172906599692,,,"mixing_temp=65; bath_temp=10; polymer_wt=17.5; additive_wt=0.0; pullcast_speed=6; nitrogen=True; coupon_to_bath_wait_time=15; nips_bath_wait_time=1800; polymer_type=Primospire; solvent_type=NMP; cosolvent_type=none; nips_bath_solvent=none; nips_bath_solvent_wt_percent=0.0; Air Temp Mean=25.59 [room air temperature during casting]; Humidity Mean=43.49 [room air humidity during casting]; Coupon Temp Mean=24.92 [coupon-stage temperature measured at the end of the wait period; during N2 it is the temperature during the N2 blow window, otherwise it is the no-N2 wait condition]; Coupon Humidity Mean=37.34 [coupon-stage humidity measured at the end of the wait period; during N2 it is the humidity during the N2 blow window, otherwise it is the no-N2 wait condition]

{'Air Temp Mean': 25.59, 'Humidity Mean': 43.49, 'Coupon Temp Mean': 24.92, 'Coupon Humidity Mean': 37.34, 'Thickness Mean': 144.9458757783808, 'Elastic Modulus Mean': 708.9375919217312, 'Strain at 50 bar Mean': 0.10547057441120067, 'CV Mean': 0.12851729065996922}","# Experimental Report: Automated NIPS Membrane Fabrication

## Materials

The membrane was fabricated using **Primospire** as the polymer dissolved in **N-methyl-2-pyrrolidone (NMP)** as the base casting solvent. No cosolvent or additive was incorporated into the casting solution. The non-solvent bath consisted of **pure deionized water** (no solvent additive).

## Solution Preparation

The polymer dope solution was prepared at a **polymer concentration of 17.5 wt%** and heated/mixed at **65 °C** to ensure complete dissolution and homogeneity prior to casting.

## Membrane Casting

The polymer solution was blade-cast onto the substrate at a controlled casting speed of **6 mm/s**. The ambient laboratory conditions during casting were recorded at a mean air temperature of **25.59 °C** and a mean relative humidity of **43.49%**.

## Pre-Immersion Drying Step

Following casting, the coupon was subjected to a **dry nitrogen (N₂) purge for 15 seconds** prior to bath immersion. During this period, the coupon-stage temperature was measured at **24.92 °C** and the local relative humidity at the coupon surface was reduced to **37.34%**, confirming effective humidity displacement by the nitrogen flow.

## Phase Inversion (NIPS) Bath

The cast film was subsequently immersed into a **pure water non-solvent bath maintained at 10 °C**. The membrane was allowed to undergo phase inversion and solidify over a **bath immersion time of 1800 seconds (30 minutes)**.

## Summary Table

| Parameter | Value |
|---|---|
| Polymer | Primospire |
| Solvent | NMP |
| Cosolvent/Additive | None |
| Polymer Concentration | 17.5 wt% |
| Mixing Temperature | 65 °C |
| Cast Speed | 6 mm/s |
| Pre-immersion Treatment | Dry N₂ purge |
| Pre-immersion Wait Time | 15 s |
| Coupon Temp (during N₂) | 24.92 °C |
| Coupon Humidity (during N₂) | 37.34% RH |
| Ambient Air Temperature | 25.59 °C |
| Ambient Humidity | 43.49% RH |
| NIPS Bath Composition | Pure water |
| NIPS Bath Temperature | 10 °C |
| NIPS Bath Immersion Time | 1800 s (30 min) |


{'Air Temp Mean': 25.59, 'Humidity Mean': 43.49, 'Coupon Temp Mean': 24.92, 'Coupon Humidity Mean': 37.34, 'Thickness Mean': 144.9458757783808, 'Elastic Modulus Mean': 708.9375919217312, 'Strain at 50 bar Mean': 0.10547057441120067, 'CV Mean': 0.12851729065996922}","- **Presence**: Membrane is visible — a pale white/grey sheet occupies the aperture.
- **Vertical Coverage**: Membrane spans the full top-to-bottom extent of the aperture with no gap at the top or bottom edge. ✓
- **Uniformity**: Largely uniform in color and opacity across the central area; slight tonal gradient toward the lower portion but no distinct dark spots or patchy regions.
- **Defects**: No wrinkles or trapped air bubbles detected within the membrane material itself. The bright arc at the top and the tan/bronze region at the upper-right are rim-edge lighting artifacts, not membrane defects.
- **Summary**: Membrane is present, vertically complete, and free of observable wrinkles or bubbles, presenting an acceptably uniform appearance.","I'll analyze the experimental history systematically before proposing a new experiment.

## Analysis

**Validated modulus results (reliable fits, measured values):**
| Experiment | Modulus (MPa) | CV | Notes |
|---|---|---|---|
| 17.5wt%, 65°C mix, 10°C bath, 6mm/s, N2, 15s wait, 1800s | **708.9** | 0.129 | Best result |
| 17.5wt%, 55°C mix, 25°C bath, 11mm/s, N2, 375s wait, 1300s | **591.7** | 0.109 | Second best |
| 17wt%, 25°C mix, 5°C bath, 10mm/s, N2, 30s wait, 1200s | **547.2** | 0.112 | Third |
| 17.5wt%, 25°C mix, 25°C bath, 9mm/s, N2, 120s wait, 1800s | **494.6** | 0.176 | High CV |
| 18wt%, 80°C mix, 15°C bath, 15mm/s, NoN2, 600s wait, 1350s | **476.8** | 0.091 | |
| 17wt%, 35°C mix, 10°C bath, 20mm/s, NoN2, 90s wait, 1400s | **401.3** | 0.012 | |
| 18wt%, 30°C mix, 20°C bath, 16mm/s, N2, 500s wait, 1450s | **400.0** | nan | Unreliable |

**Key observations:**
- Best result: 17.5wt%, 65°C mix, **10°C bath**, 6mm/s, N2, 15s wait, 1800s → 708.9 MPa
- Second best: 17.5wt%, 55°C mix, **25°C bath**, 11mm/s, N2, 375s wait → 591.7 MPa
- Many experiments with no modulus (all fits failed): 19wt%, 19.5wt%, 20wt%, 20.5wt%, 21wt% — higher polymer concentrations consistently fail to yield reliable fits
- Lower polymer concentrations (17–17.5wt%) with N2, cold bath, moderate-high mixing temp appear favorable

**Coverage gaps for exploration:**
- `bath_temp` = 5°C has been heavily sampled; 10°C has 2 points; 15°C has 1; 20°C has 1; 25°C has 3
- `mixing_temp` around 65–75°C with **bath_temp ~10°C** and **low polymer_wt** is promising but sparse
- `nips_bath_wait_time` at 1800s with bath_temp=10°C only has the best result (65°C mix)
- `pullcast_speed` ~14–17mm/s with N2 and low polymer_wt is underexplored
- `coupon_to_bath_wait_time` very short (0–30s) with N2 and 10°C bath is sparse beyond the best result

**Explore mode reasoning:**
The best result used: 17.5wt%, 65°C mix, 10°C bath, 6mm/s, N2, 15s, 1800s. To explore a genuinely novel region while informed by this signal, I'll target:
- Similar low polymer_wt (17.5wt%) and N2 
- Higher mixing temp (75°C — between 65 and 80, undersampled)
- bath_temp = 10°C (only 2 points here, both good)
- Higher pullcast_speed (~14mm/s — sparse in this combination)
- Short wait time (~45s — between 15s and 90s, sparse)
- nips_bath_wait_time = 1550s (undersampled mid-range)

This is genuinely far from all prior points in the combined parameter space.

```json
{
  ""mixing_temp"": 75,
  ""bath_temp"": 10,
  ""pullcast_speed"": 14,
  ""nitrogen"": true,
  ""coupon_to_bath_wait_time"": 45,
  ""nips_bath_wait_time"": 1550,
  ""polymer_wt"": 17.5,
  ""additive_wt"": 0
}
```"
