date,name,Trial,Thickness,Elastic Modulus,Yield Strength,Slope Plateau,Slope Densification,Creep Strain,Toe Region,Strain at 50 bar,Strain at 80 bar,Strain at 150 bar,Strain at 500 bar,Good Fit,Good Fit Score,Good Fit Breakdown,Average Standard Deviation,CV,mixing_temp,bath_temp,polymer_wt,additive_wt,pullcast_speed,nitrogen,coupon_to_bath_wait_time,nips_bath_wait_time,polymer_type,solvent_type,cosolvent_type,nips_bath_solvent,nips_bath_solvent_wt_percent,Changepoint
"2026-09-10
18:59:48",17-0add-5deg-cosolv-none-bathSolv-none-0wt-30s-N2-1200s_run2 | rep 1,sample 78,134.8362407797987,640.3482736994199,40.63824791788045,203.1206009865213,589.357380891581,0.1385445991861891,0.0,0.0909864476522928,0.2431669588866868,,,True,85.0,"{""elastic_r2"": {""pts"": 27, ""max"": 30, ""note"": ""NRMSE-score=0.892 (RMSE=4.82, range=44.56)""}, ""plateau_r2_start"": {""pts"": 13, ""max"": 15, ""note"": ""R\u00b2(first 40%)=0.891""}, ""densification_r2"": {""pts"": 13, ""max"": 15, ""note"": ""R\u00b2=0.883""}, ""yield_accuracy"": {""pts"": 25, ""max"": 25, ""note"": ""elastic tail undershoots data by 3.6% of elastic range""}, ""junction_continuity"": {""pts"": 12, ""max"": 15, ""note"": ""gap=2.6%""}, ""plateau_r2_full_penalty"": {""pts"": 0, ""max"": 0, ""note"": ""R\u00b2(full)=0.964""}, ""elastic_modulus_penalty"": {""pts"": 0, ""max"": 0, ""note"": ""E=640.3 bar ok""}, ""bp1_accuracy_penalty"": {""pts"": -5, ""max"": 0, ""note"": ""plateau spans 46% of remaining stress \u2014 ok | GAM slope drops 53% in early plateau \u2014 bp1 suspect""}, ""changepoint_curvature_penalty"": {""pts"": 0, ""max"": 0, ""note"": ""d2_norm=1.00, linear_stretch=43%""}, ""slope_ratio_penalty"": {""pts"": 0, ""max"": 0, ""note"": ""plateau/elastic slope ratio=0.32 \u2014 good separation""}, ""_score_final"": {""pts"": 85, ""max"": 100, ""note"": ""no catastrophic applied""}}",46.87022246149923,0.1097479377820694,25,5,17.0,0.0,10,True,30,1200,Primospire,NMP,none,none,0.0,
"2026-09-10
18:59:48",17-0add-5deg-cosolv-none-bathSolv-none-0wt-30s-N2-1200s_run2 | rep 2,sample 79,143.07052978475028,576.9973740358402,46.50810708527271,246.8218288035647,525.7801087539726,0.1298252067769263,0.0185040729874506,0.0975148389247789,0.2379070553098111,,,False,58.0,"{""elastic_r2"": {""pts"": 27, ""max"": 30, ""note"": ""NRMSE-score=0.897 (RMSE=4.79, range=46.64)""}, ""plateau_r2_start"": {""pts"": 13, ""max"": 15, ""note"": ""R\u00b2(first 40%)=0.858""}, ""densification_r2"": {""pts"": 14, ""max"": 15, ""note"": ""R\u00b2=0.914""}, ""yield_accuracy"": {""pts"": 25, ""max"": 25, ""note"": ""elastic tail undershoots data by 1.7% of elastic range""}, ""junction_continuity"": {""pts"": 14, ""max"": 15, ""note"": ""gap=0.7%""}, ""plateau_r2_full_penalty"": {""pts"": 0, ""max"": 0, ""note"": ""R\u00b2(full)=0.948""}, ""elastic_modulus_penalty"": {""pts"": 0, ""max"": 0, ""note"": ""E=577.0 bar ok""}, ""bp1_accuracy_penalty"": {""pts"": -35, ""max"": 0, ""note"": ""plateau spans 54% of remaining stress \u2014 elastic peak likely wrong | GAM slope drops 55% in early plateau \u2014 bp1 suspect""}, ""changepoint_curvature_penalty"": {""pts"": 0, ""max"": 0, ""note"": ""d2_norm=4.55, linear_stretch=13%""}, ""slope_ratio_penalty"": {""pts"": 0, ""max"": 0, ""note"": ""plateau/elastic slope ratio=0.43 \u2014 good separation""}, ""_score_final"": {""pts"": 58, ""max"": 100, ""note"": ""no catastrophic applied""}}",46.75425230682597,0.1097479377820694,25,5,17.0,0.0,10,True,30,1200,Primospire,NMP,none,none,0.0,
"2026-09-10
18:59:48",17-0add-5deg-cosolv-none-bathSolv-none-0wt-30s-N2-1200s_run2 | rep 3,sample 80,136.326001263125,394.9338912094506,30.773568179682684,196.82188586837896,631.1478893368985,0.1345011764434882,0.0,0.1773141307676254,0.2970747191420494,0.4449699278229907,,True,89.0,"{""elastic_r2"": {""pts"": 27, ""max"": 30, ""note"": ""NRMSE-score=0.912 (RMSE=2.96, range=33.63)""}, ""plateau_r2_start"": {""pts"": 13, ""max"": 15, ""note"": ""R\u00b2(first 40%)=0.887""}, ""densification_r2"": {""pts"": 13, ""max"": 15, ""note"": ""R\u00b2=0.899""}, ""yield_accuracy"": {""pts"": 25, ""max"": 25, ""note"": ""elastic tail undershoots data by 6.5% of elastic range""}, ""junction_continuity"": {""pts"": 11, ""max"": 15, ""note"": ""gap=4.1%""}, ""plateau_r2_full_penalty"": {""pts"": 0, ""max"": 0, ""note"": ""R\u00b2(full)=0.956""}, ""elastic_modulus_penalty"": {""pts"": 0, ""max"": 0, ""note"": ""E=394.9 bar ok""}, ""bp1_accuracy_penalty"": {""pts"": 0, ""max"": 0, ""note"": ""plateau spans 42% of remaining stress \u2014 ok | GAM slope stable in early plateau (drop=10%) \u2014 ok""}, ""changepoint_curvature_penalty"": {""pts"": 0, ""max"": 0, ""note"": ""d2_norm=1.79, linear_stretch=40%""}, ""slope_ratio_penalty"": {""pts"": 0, ""max"": 0, ""note"": ""plateau/elastic slope ratio=0.50 \u2014 good separation""}, ""_score_final"": {""pts"": 89, ""max"": 100, ""note"": ""no catastrophic applied""}}",50.07087173325386,0.1097479377820694,25,5,17.0,0.0,10,True,30,1200,Primospire,NMP,none,none,0.0,
"2026-09-10
18:59:48",17-0add-5deg-cosolv-none-bathSolv-none-0wt-30s-N2-1200s_run2 | rep 4,sample 81,140.35627810368894,606.3919936837791,35.18395203021714,181.5947107912887,610.0351015511604,0.128690133218986,0.0,0.1222928473796857,0.2635401751945804,,,True,83.0,"{""elastic_r2"": {""pts"": 27, ""max"": 30, ""note"": ""NRMSE-score=0.912 (RMSE=3.30, range=37.39)""}, ""plateau_r2_start"": {""pts"": 14, ""max"": 15, ""note"": ""R\u00b2(first 40%)=0.903""}, ""densification_r2"": {""pts"": 13, ""max"": 15, ""note"": ""R\u00b2=0.871""}, ""yield_accuracy"": {""pts"": 25, ""max"": 25, ""note"": ""elastic tail undershoots data by 3.2% of elastic range""}, ""junction_continuity"": {""pts"": 9, ""max"": 15, ""note"": ""gap=5.7%""}, ""plateau_r2_full_penalty"": {""pts"": 0, ""max"": 0, ""note"": ""R\u00b2(full)=0.939""}, ""elastic_modulus_penalty"": {""pts"": 0, ""max"": 0, ""note"": ""E=606.4 bar ok""}, ""bp1_accuracy_penalty"": {""pts"": -5, ""max"": 0, ""note"": ""plateau spans 41% of remaining stress \u2014 ok | GAM slope drops 57% in early plateau \u2014 bp1 suspect""}, ""changepoint_curvature_penalty"": {""pts"": 0, ""max"": 0, ""note"": ""d2_norm=1.21, linear_stretch=37%""}, ""slope_ratio_penalty"": {""pts"": 0, ""max"": 0, ""note"": ""plateau/elastic slope ratio=0.30 \u2014 good separation""}, ""_score_final"": {""pts"": 83, ""max"": 100, ""note"": ""no catastrophic applied""}}",48.67146861033642,0.1097479377820694,25,5,17.0,0.0,10,True,30,1200,Primospire,NMP,none,none,0.0,
"2026-09-10
22:00:43",21-0add-25deg-cosolv-none-bathSolv-none-0wt-300s-NoN2-1800s | rep 1,sample 86,-1.338795294439237,,,,,,,,,,,False,,,50.69820396339528,,25,25,21.0,0.0,18,False,300,1800,Primospire,NMP,none,none,0.0,
"2026-09-10
22:00:43",21-0add-25deg-cosolv-none-bathSolv-none-0wt-300s-NoN2-1800s | rep 2,sample 87,147.64690603803336,44.373503199778725,3.1836772274962977,89.68979999467189,681.4349153759337,0.1000465159272903,0.0445033094205398,0.4009507714047222,0.504128406579261,0.6208137226837451,,False,38.0,"{""elastic_r2"": {""pts"": 26, ""max"": 30, ""note"": ""NRMSE-score=0.873 (RMSE=0.24, range=1.89)""}, ""plateau_r2_start"": {""pts"": 15, ""max"": 15, ""note"": ""R\u00b2(first 40%)=0.971""}, ""densification_r2"": {""pts"": 11, ""max"": 15, ""note"": ""R\u00b2=0.756""}, ""yield_accuracy"": {""pts"": 25, ""max"": 25, ""note"": ""elastic tail undershoots data by 8.5% of elastic range""}, ""junction_continuity"": {""pts"": 0, ""max"": 15, ""note"": ""gap=22.9%""}, ""plateau_r2_full_penalty"": {""pts"": 0, ""max"": 0, ""note"": ""R\u00b2(full)=0.638""}, ""elastic_modulus_penalty"": {""pts"": 0, ""max"": 0, ""note"": ""E=44.4 bar ok""}, ""bp1_accuracy_penalty"": {""pts"": 0, ""max"": 0, ""note"": ""plateau spans 25% of remaining stress \u2014 ok | GAM slope stable in early plateau (drop=-130%) \u2014 ok""}, ""changepoint_curvature_penalty"": {""pts"": -1, ""max"": 0, ""note"": ""d2_norm=0.71, linear_stretch=20%""}, ""catastrophic_slope_vs_modulus"": {""pts"": 0, ""max"": 0, ""note"": ""slope ratio=2.02 \u2014 plateau slope \u226595% of elastic""}, ""_score_final"": {""pts"": 38, ""max"": 100, ""note"": ""after catastrophic halving""}}",60.42879760049192,,25,25,21.0,0.0,18,False,300,1800,Primospire,NMP,none,none,0.0,
"2026-09-10
22:00:43",21-0add-25deg-cosolv-none-bathSolv-none-0wt-300s-NoN2-1800s | rep 3,sample 88,-3.256848246670889,,,,,,,,,,,False,,,51.20593241476601,,25,25,21.0,0.0,18,False,300,1800,Primospire,NMP,none,none,0.0,
"2026-09-10
22:00:43",21-0add-25deg-cosolv-none-bathSolv-none-0wt-300s-NoN2-1800s | rep 4,sample 89,2.20281735053575,,,,,,,,,,,False,,,48.38273610990635,,25,25,21.0,0.0,18,False,300,1800,Primospire,NMP,none,none,0.0,
"2026-09-11
00:10:33",19-0add-5deg-cosolv-none-bathSolv-none-0wt-0s-N2-1500s | rep 4,sample 97,131.83860110048553,582.1081361993887,53.91130790222768,299.76131886016475,390.1845900392991,0.1379529705961631,0.0,0.0978264390000825,0.2018462496339369,,,False,31.0,"{""elastic_r2"": {""pts"": 29, ""max"": 30, ""note"": ""NRMSE-score=0.953 (RMSE=2.65, range=56.20)""}, ""plateau_r2_start"": {""pts"": 0, ""max"": 15, ""note"": ""insufficient data""}, ""densification_r2"": {""pts"": 0, ""max"": 15, ""note"": ""insufficient data""}, ""yield_accuracy"": {""pts"": 25, ""max"": 25, ""note"": ""elastic tail undershoots data by 2.9% of elastic range""}, ""junction_continuity"": {""pts"": 12, ""max"": 15, ""note"": ""gap=3.2%""}, ""elastic_modulus_penalty"": {""pts"": 0, ""max"": 0, ""note"": ""E=582.1 bar ok""}, ""bp1_accuracy_penalty"": {""pts"": -35, ""max"": 0, ""note"": ""plateau spans 116% of remaining stress \u2014 elastic peak likely wrong | GAM slope drops 42% in early plateau \u2014 bp1 suspect""}, ""slope_ratio_penalty"": {""pts"": 0, ""max"": 0, ""note"": ""plateau/elastic slope ratio=0.51 \u2014 good separation""}, ""_score_final"": {""pts"": 31, ""max"": 100, ""note"": ""no catastrophic applied""}}",47.81079553141217,0.1202119664401684,60,5,19.0,0.0,3,True,0,1500,Primospire,NMP,none,none,0.0,
"2026-09-11
00:10:33",19-0add-5deg-cosolv-none-bathSolv-none-0wt-0s-N2-1500s | rep 3,sample 96,129.61206395137611,610.4073723182895,58.63183240896802,215.12054537091305,444.79303338632536,0.1396997684003765,0.0,0.0842918320162233,0.197291315842614,0.43162357777591,,False,59.0,"{""elastic_r2"": {""pts"": 29, ""max"": 30, ""note"": ""NRMSE-score=0.954 (RMSE=2.61, range=56.40)""}, ""plateau_r2_start"": {""pts"": 14, ""max"": 15, ""note"": ""R\u00b2(first 40%)=0.952""}, ""densification_r2"": {""pts"": 15, ""max"": 15, ""note"": ""R\u00b2=0.972""}, ""yield_accuracy"": {""pts"": 25, ""max"": 25, ""note"": ""elastic tail undershoots data by 1.2% of elastic range""}, ""junction_continuity"": {""pts"": 15, ""max"": 15, ""note"": ""gap=0.4%""}, ""plateau_r2_full_penalty"": {""pts"": 0, ""max"": 0, ""note"": ""R\u00b2(full)=0.988""}, ""elastic_modulus_penalty"": {""pts"": 0, ""max"": 0, ""note"": ""E=610.4 bar ok""}, ""bp1_accuracy_penalty"": {""pts"": -35, ""max"": 0, ""note"": ""plateau spans 56% of remaining stress \u2014 elastic peak likely wrong | GAM slope drops 42% in early plateau \u2014 bp1 suspect""}, ""changepoint_curvature_penalty"": {""pts"": -4, ""max"": 0, ""note"": ""d2_norm=0.00, linear_stretch=37%""}, ""slope_ratio_penalty"": {""pts"": 0, ""max"": 0, ""note"": ""plateau/elastic slope ratio=0.35 \u2014 good separation""}, ""_score_final"": {""pts"": 59, ""max"": 100, ""note"": ""no catastrophic applied""}}",47.79938304448645,0.1202119664401684,60,5,19.0,0.0,3,True,0,1500,Primospire,NMP,none,none,0.0,
"2026-09-11
00:10:33",19-0add-5deg-cosolv-none-bathSolv-none-0wt-0s-N2-1500s | rep 1,sample 94,128.76698058611743,1020.723822333672,39.67520811903326,191.4960651444676,440.1583116730545,0.135787127562551,0.0,0.0818246217834749,0.2433942995460448,0.438899875073553,,False,57.0,"{""elastic_r2"": {""pts"": 26, ""max"": 30, ""note"": ""NRMSE-score=0.857 (RMSE=5.42, range=37.91)""}, ""plateau_r2_start"": {""pts"": 14, ""max"": 15, ""note"": ""R\u00b2(first 40%)=0.939""}, ""densification_r2"": {""pts"": 15, ""max"": 15, ""note"": ""R\u00b2=0.969""}, ""yield_accuracy"": {""pts"": 24, ""max"": 25, ""note"": ""elastic tail undershoots data by 10.2% of elastic range""}, ""junction_continuity"": {""pts"": 15, ""max"": 15, ""note"": ""gap=0.0%""}, ""plateau_r2_full_penalty"": {""pts"": 0, ""max"": 0, ""note"": ""R\u00b2(full)=0.988""}, ""elastic_modulus_penalty"": {""pts"": 0, ""max"": 0, ""note"": ""E=1020.7 bar ok""}, ""bp1_accuracy_penalty"": {""pts"": -35, ""max"": 0, ""note"": ""plateau spans 53% of remaining stress \u2014 elastic peak likely wrong | GAM slope drops 66% in early plateau \u2014 bp1 suspect""}, ""changepoint_curvature_penalty"": {""pts"": -2, ""max"": 0, ""note"": ""d2_norm=0.00, linear_stretch=20%""}, ""slope_ratio_penalty"": {""pts"": 0, ""max"": 0, ""note"": ""plateau/elastic slope ratio=0.19 \u2014 good separation""}, ""_score_final"": {""pts"": 57, ""max"": 100, ""note"": ""no catastrophic applied""}}",48.502326397343786,0.1202119664401684,60,5,19.0,0.0,3,True,0,1500,Primospire,NMP,none,none,0.0,
"2026-09-11
00:10:33",19-0add-5deg-cosolv-none-bathSolv-none-0wt-0s-N2-1500s | rep 2,sample 95,131.29694299841103,856.8684334888404,38.92390559990992,175.91006852169133,469.1102508103557,0.125581724145115,0.0133796861933545,0.1010808292305703,0.2851189012721405,0.4837233462548255,,False,54.0,"{""elastic_r2"": {""pts"": 26, ""max"": 30, ""note"": ""NRMSE-score=0.881 (RMSE=3.77, range=31.72)""}, ""plateau_r2_start"": {""pts"": 14, ""max"": 15, ""note"": ""R\u00b2(first 40%)=0.922""}, ""densification_r2"": {""pts"": 14, ""max"": 15, ""note"": ""R\u00b2=0.953""}, ""yield_accuracy"": {""pts"": 25, ""max"": 25, ""note"": ""elastic tail undershoots data by 7.8% of elastic range""}, ""junction_continuity"": {""pts"": 10, ""max"": 15, ""note"": ""gap=4.6%""}, ""plateau_r2_full_penalty"": {""pts"": 0, ""max"": 0, ""note"": ""R\u00b2(full)=0.986""}, ""elastic_modulus_penalty"": {""pts"": 0, ""max"": 0, ""note"": ""E=856.9 bar ok""}, ""bp1_accuracy_penalty"": {""pts"": -35, ""max"": 0, ""note"": ""plateau spans 51% of remaining stress \u2014 elastic peak likely wrong | GAM slope drops 58% in early plateau \u2014 bp1 suspect""}, ""changepoint_curvature_penalty"": {""pts"": 0, ""max"": 0, ""note"": ""d2_norm=2.23, linear_stretch=47%""}, ""slope_ratio_penalty"": {""pts"": 0, ""max"": 0, ""note"": ""plateau/elastic slope ratio=0.21 \u2014 good separation""}, ""_score_final"": {""pts"": 54, ""max"": 100, ""note"": ""no catastrophic applied""}}",48.16246585035093,0.1202119664401684,60,5,19.0,0.0,3,True,0,1500,Primospire,NMP,none,none,0.0,
"2026-09-11
02:33:46",18-0add-15deg-cosolv-none-bathSolv-none-0wt-600s-NoN2-1350s | rep 4,sample 105,140.5836219435714,592.7333687103027,41.320012441494825,148.3945892209094,455.8556753433627,0.1151343389493597,0.0222806020579842,0.1335289608304388,0.3142897170651546,0.5010337126054264,,True,95.0,"{""elastic_r2"": {""pts"": 27, ""max"": 30, ""note"": ""NRMSE-score=0.914 (RMSE=3.47, range=40.40)""}, ""plateau_r2_start"": {""pts"": 14, ""max"": 15, ""note"": ""R\u00b2(first 40%)=0.954""}, ""densification_r2"": {""pts"": 14, ""max"": 15, ""note"": ""R\u00b2=0.964""}, ""yield_accuracy"": {""pts"": 25, ""max"": 25, ""note"": ""elastic tail undershoots data by 4.6% of elastic range""}, ""junction_continuity"": {""pts"": 15, ""max"": 15, ""note"": ""gap=0.5%""}, ""plateau_r2_full_penalty"": {""pts"": 0, ""max"": 0, ""note"": ""R\u00b2(full)=0.962""}, ""elastic_modulus_penalty"": {""pts"": 0, ""max"": 0, ""note"": ""E=592.7 bar ok""}, ""bp1_accuracy_penalty"": {""pts"": 0, ""max"": 0, ""note"": ""plateau spans 39% of remaining stress \u2014 ok | GAM slope stable in early plateau (drop=32%) \u2014 ok""}, ""changepoint_curvature_penalty"": {""pts"": 0, ""max"": 0, ""note"": ""d2_norm=1.68, linear_stretch=17%""}, ""slope_ratio_penalty"": {""pts"": 0, ""max"": 0, ""note"": ""plateau/elastic slope ratio=0.25 \u2014 good separation""}, ""_score_final"": {""pts"": 95, ""max"": 100, ""note"": ""no catastrophic applied""}}",48.57880521693912,0.0756641018086627,80,15,18.0,0.0,15,False,600,1350,Primospire,NMP,none,none,0.0,
"2026-09-11
02:33:46",18-0add-15deg-cosolv-none-bathSolv-none-0wt-600s-NoN2-1350s | rep 3,sample 104,138.88607977811424,429.3967333286358,37.90274575028947,145.66613922177538,505.61007356819687,0.0828044073408684,0.0314534125214223,0.1861386456500104,0.3813311725075005,,,True,92.0,"{""elastic_r2"": {""pts"": 28, ""max"": 30, ""note"": ""NRMSE-score=0.927 (RMSE=2.65, range=36.38)""}, ""plateau_r2_start"": {""pts"": 14, ""max"": 15, ""note"": ""R\u00b2(first 40%)=0.954""}, ""densification_r2"": {""pts"": 14, ""max"": 15, ""note"": ""R\u00b2=0.959""}, ""yield_accuracy"": {""pts"": 25, ""max"": 25, ""note"": ""elastic tail undershoots data by 2.8% of elastic range""}, ""junction_continuity"": {""pts"": 14, ""max"": 15, ""note"": ""gap=0.8%""}, ""plateau_r2_full_penalty"": {""pts"": 0, ""max"": 0, ""note"": ""R\u00b2(full)=0.974""}, ""elastic_modulus_penalty"": {""pts"": 0, ""max"": 0, ""note"": ""E=429.4 bar ok""}, ""bp1_accuracy_penalty"": {""pts"": 0, ""max"": 0, ""note"": ""plateau spans 43% of remaining stress \u2014 ok | GAM slope stable in early plateau (drop=36%) \u2014 ok""}, ""changepoint_curvature_penalty"": {""pts"": -3, ""max"": 0, ""note"": ""d2_norm=0.00, linear_stretch=27%""}, ""slope_ratio_penalty"": {""pts"": 0, ""max"": 0, ""note"": ""plateau/elastic slope ratio=0.34 \u2014 good separation""}, ""_score_final"": {""pts"": 92, ""max"": 100, ""note"": ""no catastrophic applied""}}",50.44517318826222,0.0756641018086627,80,15,18.0,0.0,15,False,600,1350,Primospire,NMP,none,none,0.0,
"2026-09-11
02:33:46",18-0add-15deg-cosolv-none-bathSolv-none-0wt-600s-NoN2-1350s | rep 2,sample 103,143.18443741770676,394.1213262802541,29.502352784580125,,,0.1110687813112126,0.0,0.1883313401704899,0.3625847321018036,,,False,0.0,,49.32140239538876,0.0756641018086627,80,15,18.0,0.0,15,False,600,1350,Primospire,NMP,none,none,0.0,
"2026-09-11
02:33:46",18-0add-15deg-cosolv-none-bathSolv-none-0wt-600s-NoN2-1350s | rep 1,sample 102,140.3583205323855,408.3418124325058,34.02547758444596,137.5023960366015,522.5733718893754,0.1065156237535185,0.0,0.2048053761386341,0.3744565148984388,0.5371216793445645,,True,98.0,"{""elastic_r2"": {""pts"": 29, ""max"": 30, ""note"": ""NRMSE-score=0.958 (RMSE=1.37, range=32.75)""}, ""plateau_r2_start"": {""pts"": 15, ""max"": 15, ""note"": ""R\u00b2(first 40%)=0.970""}, ""densification_r2"": {""pts"": 14, ""max"": 15, ""note"": ""R\u00b2=0.934""}, ""yield_accuracy"": {""pts"": 25, ""max"": 25, ""note"": ""elastic tail overshoots data by 0.1% of elastic range""}, ""junction_continuity"": {""pts"": 15, ""max"": 15, ""note"": ""gap=0.1%""}, ""plateau_r2_full_penalty"": {""pts"": 0, ""max"": 0, ""note"": ""R\u00b2(full)=0.948""}, ""elastic_modulus_penalty"": {""pts"": 0, ""max"": 0, ""note"": ""E=408.3 bar ok""}, ""bp1_accuracy_penalty"": {""pts"": 0, ""max"": 0, ""note"": ""plateau spans 38% of remaining stress \u2014 ok | GAM slope stable in early plateau (drop=39%) \u2014 ok""}, ""changepoint_curvature_penalty"": {""pts"": 0, ""max"": 0, ""note"": ""d2_norm=2.66, linear_stretch=40%""}, ""slope_ratio_penalty"": {""pts"": 0, ""max"": 0, ""note"": ""plateau/elastic slope ratio=0.34 \u2014 good separation""}, ""_score_final"": {""pts"": 98, ""max"": 100, ""note"": ""no catastrophic applied""}}",49.97207801220859,0.0756641018086627,80,15,18.0,0.0,15,False,600,1350,Primospire,NMP,none,none,0.0,
"2026-09-11
04:44:04",20-0add-5deg-cosolv-none-bathSolv-none-0wt-150s-N2-1650s | rep 1,sample 110,130.25993804559715,786.3269298082301,30.729678458512858,231.62635647861828,430.2584687174582,0.1216001145256866,0.0,0.1024756319012312,0.2611627998794201,,,False,48.0,"{""elastic_r2"": {""pts"": 27, ""max"": 30, ""note"": ""NRMSE-score=0.907 (RMSE=2.68, range=28.72)""}, ""plateau_r2_start"": {""pts"": 14, ""max"": 15, ""note"": ""R\u00b2(first 40%)=0.941""}, ""densification_r2"": {""pts"": 14, ""max"": 15, ""note"": ""R\u00b2=0.962""}, ""yield_accuracy"": {""pts"": 25, ""max"": 25, ""note"": ""elastic tail undershoots data by 4.9% of elastic range""}, ""junction_continuity"": {""pts"": 3, ""max"": 15, ""note"": ""gap=11.6%""}, ""plateau_r2_full_penalty"": {""pts"": 0, ""max"": 0, ""note"": ""R\u00b2(full)=0.970""}, ""elastic_modulus_penalty"": {""pts"": 0, ""max"": 0, ""note"": ""E=786.3 bar ok""}, ""bp1_accuracy_penalty"": {""pts"": -35, ""max"": 0, ""note"": ""plateau spans 64% of remaining stress \u2014 elastic peak likely wrong | GAM slope drops 64% in early plateau \u2014 bp1 suspect""}, ""changepoint_curvature_penalty"": {""pts"": 0, ""max"": 0, ""note"": ""d2_norm=6.33, linear_stretch=17%""}, ""slope_ratio_penalty"": {""pts"": 0, ""max"": 0, ""note"": ""plateau/elastic slope ratio=0.29 \u2014 good separation""}, ""_score_final"": {""pts"": 48, ""max"": 100, ""note"": ""no catastrophic applied""}}",47.461671068567874,0.108963212472705,45,5,20.0,0.0,7,True,150,1650,Primospire,NMP,none,none,0.0,
"2026-09-11
04:44:04",20-0add-5deg-cosolv-none-bathSolv-none-0wt-150s-N2-1650s | rep 4,sample 113,133.29270624617956,725.430690408555,58.86816842985657,343.0753333726719,364.5654804471553,0.1344182908828891,0.0,0.0766043768779831,0.1762952973697089,0.4015640302560581,,False,12.0,"{""elastic_r2"": {""pts"": 28, ""max"": 30, ""note"": ""NRMSE-score=0.942 (RMSE=3.19, range=55.40)""}, ""plateau_r2_start"": {""pts"": 0, ""max"": 15, ""note"": ""insufficient data""}, ""densification_r2"": {""pts"": 0, ""max"": 15, ""note"": ""insufficient data""}, ""yield_accuracy"": {""pts"": 25, ""max"": 25, ""note"": ""elastic tail undershoots data by 0.8% of elastic range""}, ""junction_continuity"": {""pts"": 9, ""max"": 15, ""note"": ""gap=5.6%""}, ""elastic_modulus_penalty"": {""pts"": 0, ""max"": 0, ""note"": ""E=725.4 bar ok""}, ""bp1_accuracy_penalty"": {""pts"": -50, ""max"": 0, ""note"": ""plateau spans 163% of remaining stress \u2014 elastic peak likely wrong | GAM slope drops 142% in early plateau \u2014 bp1 too early""}, ""slope_ratio_penalty"": {""pts"": 0, ""max"": 0, ""note"": ""plateau/elastic slope ratio=0.47 \u2014 good separation""}, ""_score_final"": {""pts"": 12, ""max"": 100, ""note"": ""no catastrophic applied""}}",44.780777309841845,0.108963212472705,45,5,20.0,0.0,7,True,150,1650,Primospire,NMP,none,none,0.0,
"2026-09-11
04:44:04",20-0add-5deg-cosolv-none-bathSolv-none-0wt-150s-N2-1650s | rep 2,sample 111,131.93284909011058,845.3140887535124,35.17842715299084,387.54193377845866,392.4806508696645,0.1211639103601832,0.0,0.0880772766579892,0.235481122227784,0.4411956370979967,,False,11.0,"{""elastic_r2"": {""pts"": 27, ""max"": 30, ""note"": ""NRMSE-score=0.908 (RMSE=2.98, range=32.47)""}, ""plateau_r2_start"": {""pts"": 0, ""max"": 15, ""note"": ""insufficient data""}, ""densification_r2"": {""pts"": 0, ""max"": 15, ""note"": ""insufficient data""}, ""yield_accuracy"": {""pts"": 25, ""max"": 25, ""note"": ""elastic tail overshoots data by 0.4% of elastic range""}, ""junction_continuity"": {""pts"": 9, ""max"": 15, ""note"": ""gap=5.9%""}, ""elastic_modulus_penalty"": {""pts"": 0, ""max"": 0, ""note"": ""E=845.3 bar ok""}, ""bp1_accuracy_penalty"": {""pts"": -50, ""max"": 0, ""note"": ""plateau spans 169% of remaining stress \u2014 elastic peak likely wrong | GAM slope drops 175% in early plateau \u2014 bp1 too early""}, ""slope_ratio_penalty"": {""pts"": 0, ""max"": 0, ""note"": ""plateau/elastic slope ratio=0.46 \u2014 good separation""}, ""_score_final"": {""pts"": 11, ""max"": 100, ""note"": ""no catastrophic applied""}}",45.62260636048541,0.108963212472705,45,5,20.0,0.0,7,True,150,1650,Primospire,NMP,none,none,0.0,
"2026-09-11
04:44:04",20-0add-5deg-cosolv-none-bathSolv-none-0wt-150s-N2-1650s | rep 3,sample 112,133.20815523512542,580.0130074474137,59.99506993552684,290.1134702919151,356.66397908991587,0.1298071078845232,0.0199466795528558,0.0977819647915714,0.1977804086939516,0.4284198168017318,,False,49.0,"{""elastic_r2"": {""pts"": 29, ""max"": 30, ""note"": ""NRMSE-score=0.951 (RMSE=2.80, range=57.53)""}, ""plateau_r2_start"": {""pts"": 13, ""max"": 15, ""note"": ""R\u00b2(first 40%)=0.897""}, ""densification_r2"": {""pts"": 0, ""max"": 15, ""note"": ""insufficient data""}, ""yield_accuracy"": {""pts"": 25, ""max"": 25, ""note"": ""elastic tail undershoots data by 0.8% of elastic range""}, ""junction_continuity"": {""pts"": 12, ""max"": 15, ""note"": ""gap=2.6%""}, ""plateau_r2_full_penalty"": {""pts"": 0, ""max"": 0, ""note"": ""R\u00b2(full)=0.944""}, ""elastic_modulus_penalty"": {""pts"": 0, ""max"": 0, ""note"": ""E=580.0 bar ok""}, ""bp1_accuracy_penalty"": {""pts"": -30, ""max"": 0, ""note"": ""plateau spans 101% of remaining stress \u2014 elastic peak likely wrong | GAM slope stable in early plateau (drop=28%) \u2014 ok""}, ""slope_ratio_penalty"": {""pts"": 0, ""max"": 0, ""note"": ""plateau/elastic slope ratio=0.50 \u2014 good separation""}, ""_score_final"": {""pts"": 49, ""max"": 100, ""note"": ""no catastrophic applied""}}",46.4459968904759,0.108963212472705,45,5,20.0,0.0,7,True,150,1650,Primospire,NMP,none,none,0.0,
"2026-09-11
06:46:12",17-0add-10deg-cosolv-none-bathSolv-none-0wt-90s-NoN2-1400s | rep 3,sample 120,149.38628205117962,402.53402197783305,36.34172272561312,189.1238994723567,663.9679516965867,0.1091851291474832,0.03717390351088,0.179582698807197,0.3058868843223793,0.4273614347814345,,True,93.0,"{""elastic_r2"": {""pts"": 27, ""max"": 30, ""note"": ""NRMSE-score=0.889 (RMSE=4.25, range=38.41)""}, ""plateau_r2_start"": {""pts"": 14, ""max"": 15, ""note"": ""R\u00b2(first 40%)=0.928""}, ""densification_r2"": {""pts"": 15, ""max"": 15, ""note"": ""R\u00b2=0.967""}, ""yield_accuracy"": {""pts"": 25, ""max"": 25, ""note"": ""elastic tail undershoots data by 7.6% of elastic range""}, ""junction_continuity"": {""pts"": 12, ""max"": 15, ""note"": ""gap=2.9%""}, ""plateau_r2_full_penalty"": {""pts"": 0, ""max"": 0, ""note"": ""R\u00b2(full)=0.952""}, ""elastic_modulus_penalty"": {""pts"": 0, ""max"": 0, ""note"": ""E=402.5 bar ok""}, ""bp1_accuracy_penalty"": {""pts"": 0, ""max"": 0, ""note"": ""plateau spans 35% of remaining stress \u2014 ok | GAM slope stable in early plateau (drop=-31%) \u2014 ok""}, ""changepoint_curvature_penalty"": {""pts"": 0, ""max"": 0, ""note"": ""d2_norm=1.24, linear_stretch=27%""}, ""slope_ratio_penalty"": {""pts"": 0, ""max"": 0, ""note"": ""plateau/elastic slope ratio=0.47 \u2014 good separation""}, ""_score_final"": {""pts"": 93, ""max"": 100, ""note"": ""no catastrophic applied""}}",52.46800479424229,0.1335706434596452,35,10,17.0,0.0,20,False,90,1400,Primospire,NMP,none,none,0.0,
"2026-09-11
06:46:12",17-0add-10deg-cosolv-none-bathSolv-none-0wt-90s-NoN2-1400s | rep 2,sample 119,152.7607844157527,538.8547285756543,39.97345494900261,,,0.1047376113296204,0.0130249964544038,0.1081845658883063,0.2356209105831552,0.3663552062096902,,False,0.0,,48.99010625049423,0.1335706434596452,35,10,17.0,0.0,20,False,90,1400,Primospire,NMP,none,none,0.0,
"2026-09-11
06:46:12",17-0add-10deg-cosolv-none-bathSolv-none-0wt-90s-NoN2-1400s | rep 4,sample 121,147.76288779098613,399.99175877534543,34.33789428681084,195.43005305230355,629.9586198234099,0.1057181708484756,0.0467330900683145,0.1840814900960389,0.3070412537792618,0.428469799745051,,True,95.0,"{""elastic_r2"": {""pts"": 27, ""max"": 30, ""note"": ""NRMSE-score=0.901 (RMSE=3.42, range=34.51)""}, ""plateau_r2_start"": {""pts"": 14, ""max"": 15, ""note"": ""R\u00b2(first 40%)=0.958""}, ""densification_r2"": {""pts"": 15, ""max"": 15, ""note"": ""R\u00b2=0.970""}, ""yield_accuracy"": {""pts"": 25, ""max"": 25, ""note"": ""elastic tail undershoots data by 6.0% of elastic range""}, ""junction_continuity"": {""pts"": 15, ""max"": 15, ""note"": ""gap=0.3%""}, ""plateau_r2_full_penalty"": {""pts"": 0, ""max"": 0, ""note"": ""R\u00b2(full)=0.971""}, ""elastic_modulus_penalty"": {""pts"": 0, ""max"": 0, ""note"": ""E=400.0 bar ok""}, ""bp1_accuracy_penalty"": {""pts"": 0, ""max"": 0, ""note"": ""plateau spans 36% of remaining stress \u2014 ok | GAM slope stable in early plateau (drop=-35%) \u2014 ok""}, ""changepoint_curvature_penalty"": {""pts"": -1, ""max"": 0, ""note"": ""d2_norm=0.78, linear_stretch=23%""}, ""slope_ratio_penalty"": {""pts"": 0, ""max"": 0, ""note"": ""plateau/elastic slope ratio=0.49 \u2014 good separation""}, ""_score_final"": {""pts"": 95, ""max"": 100, ""note"": ""no catastrophic applied""}}",52.169390597629935,0.1335706434596452,35,10,17.0,0.0,20,False,90,1400,Primospire,NMP,none,none,0.0,
"2026-09-11
06:46:12",17-0add-10deg-cosolv-none-bathSolv-none-0wt-90s-NoN2-1400s | rep 1,sample 118,150.693821774754,494.34482565783736,37.92987669177039,296.32877987885416,656.794124569577,0.104001604509427,0.0,0.1252131394915441,0.2478652479111592,0.3716506569849148,,False,58.0,"{""elastic_r2"": {""pts"": 29, ""max"": 30, ""note"": ""NRMSE-score=0.953 (RMSE=1.82, range=38.69)""}, ""plateau_r2_start"": {""pts"": 12, ""max"": 15, ""note"": ""R\u00b2(first 40%)=0.823""}, ""densification_r2"": {""pts"": 14, ""max"": 15, ""note"": ""R\u00b2=0.957""}, ""yield_accuracy"": {""pts"": 25, ""max"": 25, ""note"": ""elastic tail undershoots data by 2.1% of elastic range""}, ""junction_continuity"": {""pts"": 13, ""max"": 15, ""note"": ""gap=2.2%""}, ""plateau_r2_full_penalty"": {""pts"": 0, ""max"": 0, ""note"": ""R\u00b2(full)=0.935""}, ""elastic_modulus_penalty"": {""pts"": 0, ""max"": 0, ""note"": ""E=494.3 bar ok""}, ""bp1_accuracy_penalty"": {""pts"": -35, ""max"": 0, ""note"": ""plateau spans 60% of remaining stress \u2014 elastic peak likely wrong | GAM slope drops 42% in early plateau \u2014 bp1 suspect""}, ""changepoint_curvature_penalty"": {""pts"": 0, ""max"": 0, ""note"": ""d2_norm=2.84, linear_stretch=23%""}, ""slope_ratio_penalty"": {""pts"": 0, ""max"": 0, ""note"": ""plateau/elastic slope ratio=0.60 \u2014 good separation""}, ""_score_final"": {""pts"": 58, ""max"": 100, ""note"": ""no catastrophic applied""}}",49.6726099764303,0.1335706434596452,35,10,17.0,0.0,20,False,90,1400,Primospire,NMP,none,none,0.0,
"2026-09-11
15:56:04",18p5-0add-20deg-cosolv-none-bathSolv-none-0wt-450s-NoN2-1250s | rep 2,sample 6,122.3314647274578,3.3649112745955367,1.4725323649774746,0.1937708605185222,440.2542659835271,0.0881067239198012,0.0,2.4834935204679907,2.7076638710506566,2.911815709196887,,False,36.0,"{""elastic_r2"": {""pts"": 23, ""max"": 30, ""note"": ""NRMSE-score=0.775 (RMSE=0.13, range=0.57)""}, ""plateau_r2_start"": {""pts"": 0, ""max"": 15, ""note"": ""R\u00b2(first 40%)=-0.875""}, ""densification_r2"": {""pts"": 0, ""max"": 15, ""note"": ""R\u00b2=-0.127""}, ""yield_accuracy"": {""pts"": 20, ""max"": 25, ""note"": ""elastic tail undershoots data by 20.0% of elastic range""}, ""junction_continuity"": {""pts"": 9, ""max"": 15, ""note"": ""gap=6.0%""}, ""plateau_r2_full_penalty"": {""pts"": -10, ""max"": 0, ""note"": ""R\u00b2(full)=-0.123""}, ""elastic_modulus_penalty"": {""pts"": -5, ""max"": 0, ""note"": ""E=3.4 bar out of range""}, ""bp1_accuracy_penalty"": {""pts"": 0, ""max"": 0, ""note"": ""plateau spans 0% of remaining stress \u2014 ok | GAM slope drops 206% in early plateau, but plateau geometry ok \u2014 no penalty""}, ""changepoint_curvature_penalty"": {""pts"": -1, ""max"": 0, ""note"": ""d2_norm=0.00, linear_stretch=10%""}, ""slope_ratio_penalty"": {""pts"": 0, ""max"": 0, ""note"": ""plateau/elastic slope ratio=0.06 \u2014 good separation""}, ""_score_final"": {""pts"": 36, ""max"": 100, ""note"": ""no catastrophic applied""}}",60.71388411786321,1.9126357914898795,70,20,18.5,0.0,1,False,450,1250,Primospire,NMP,none,none,0.0,
"2026-09-11
15:56:04",18p5-0add-20deg-cosolv-none-bathSolv-none-0wt-450s-NoN2-1250s | rep 3,sample 7,118.11188884689912,187.4004946191253,182.90755257885849,-0.690875588215854,-0.3301540892120808,0.0764892426727463,-0.8724057063136033,-0.6951954344633555,-0.4955800472427252,,,False,52.0,"{""elastic_r2"": {""pts"": 25, ""max"": 30, ""note"": ""NRMSE-score=0.834 (RMSE=24.39, range=147.28)""}, ""plateau_r2_start"": {""pts"": 0, ""max"": 15, ""note"": ""R\u00b2(first 40%)=-5.353""}, ""densification_r2"": {""pts"": 15, ""max"": 15, ""note"": ""R\u00b2=0.993""}, ""yield_accuracy"": {""pts"": 24, ""max"": 25, ""note"": ""elastic tail undershoots data by 11.6% of elastic range""}, ""junction_continuity"": {""pts"": 0, ""max"": 15, ""note"": ""gap=99.4%""}, ""plateau_r2_full_penalty"": {""pts"": -10, ""max"": 0, ""note"": ""R\u00b2(full)=0.008""}, ""elastic_modulus_penalty"": {""pts"": 0, ""max"": 0, ""note"": ""E=187.4 bar ok""}, ""bp1_accuracy_penalty"": {""pts"": 0, ""max"": 0, ""note"": ""plateau spans 0% of remaining stress \u2014 ok""}, ""changepoint_curvature_penalty"": {""pts"": -2, ""max"": 0, ""note"": ""d2_norm=0.00, linear_stretch=17%""}, ""slope_ratio_penalty"": {""pts"": 0, ""max"": 0, ""note"": ""plateau/elastic slope ratio=-0.00 \u2014 good separation""}, ""_score_final"": {""pts"": 52, ""max"": 100, ""note"": ""no catastrophic applied""}}",60.754794947522,1.9126357914898795,70,20,18.5,0.0,1,False,450,1250,Primospire,NMP,none,none,0.0,
"2026-09-11
15:56:04",18p5-0add-20deg-cosolv-none-bathSolv-none-0wt-450s-NoN2-1250s | rep 1,sample 5,121.18155933419006,5.632371012555149,1.4592661569535674,0.1606019177427416,430.9037183484757,0.0921482180439525,0.0,2.5727991170195006,2.797467801363474,2.9872764404185546,,False,37.0,"{""elastic_r2"": {""pts"": 22, ""max"": 30, ""note"": ""NRMSE-score=0.730 (RMSE=0.13, range=0.48)""}, ""plateau_r2_start"": {""pts"": 0, ""max"": 15, ""note"": ""R\u00b2(first 40%)=-4.991""}, ""densification_r2"": {""pts"": 2, ""max"": 15, ""note"": ""R\u00b2=0.121""}, ""yield_accuracy"": {""pts"": 20, ""max"": 25, ""note"": ""elastic tail undershoots data by 27.2% of elastic range""}, ""junction_continuity"": {""pts"": 9, ""max"": 15, ""note"": ""gap=5.6%""}, ""plateau_r2_full_penalty"": {""pts"": -10, ""max"": 0, ""note"": ""R\u00b2(full)=-0.127""}, ""elastic_modulus_penalty"": {""pts"": -5, ""max"": 0, ""note"": ""E=5.6 bar out of range""}, ""bp1_accuracy_penalty"": {""pts"": 0, ""max"": 0, ""note"": ""plateau spans 0% of remaining stress \u2014 ok | GAM slope drops 172% in early plateau, but plateau geometry ok \u2014 no penalty""}, ""changepoint_curvature_penalty"": {""pts"": -1, ""max"": 0, ""note"": ""d2_norm=0.00, linear_stretch=10%""}, ""slope_ratio_penalty"": {""pts"": 0, ""max"": 0, ""note"": ""plateau/elastic slope ratio=0.03 \u2014 good separation""}, ""_score_final"": {""pts"": 37, ""max"": 100, ""note"": ""no catastrophic applied""}}",60.77180758838998,1.9126357914898795,70,20,18.5,0.0,1,False,450,1250,Primospire,NMP,none,none,0.0,
"2026-09-11
15:56:04",18p5-0add-20deg-cosolv-none-bathSolv-none-0wt-450s-NoN2-1250s | rep 4,sample 8,128.26833348660864,0.0255756526276392,1.5870744264260035,15.118539981652486,-220.0044603621917,0.0839853168358175,-1.0132757279369136,-0.8469549088427372,-0.7054647996204251,,,False,18.0,"{""elastic_r2"": {""pts"": 26, ""max"": 30, ""note"": ""NRMSE-score=0.882 (RMSE=0.07, range=0.58)""}, ""plateau_r2_start"": {""pts"": 0, ""max"": 15, ""note"": ""R\u00b2(first 40%)=-76.718""}, ""densification_r2"": {""pts"": 0, ""max"": 15, ""note"": ""R\u00b2=-14685.629""}, ""yield_accuracy"": {""pts"": 24, ""max"": 25, ""note"": ""elastic tail undershoots data by 13.6% of elastic range""}, ""junction_continuity"": {""pts"": 0, ""max"": 15, ""note"": ""gap=139.2%""}, ""plateau_r2_full_penalty"": {""pts"": -10, ""max"": 0, ""note"": ""R\u00b2(full)=-0.556""}, ""elastic_modulus_penalty"": {""pts"": -5, ""max"": 0, ""note"": ""E=0.0 bar out of range""}, ""bp1_accuracy_penalty"": {""pts"": 0, ""max"": 0, ""note"": ""plateau spans 13% of remaining stress \u2014 ok | GAM already flat at bp1 \u2014 ok""}, ""changepoint_curvature_penalty"": {""pts"": 0, ""max"": 0, ""note"": ""d2_norm=15.32, linear_stretch=3%""}, ""catastrophic_slope_vs_modulus"": {""pts"": 0, ""max"": 0, ""note"": ""slope ratio=591.13 \u2014 plateau slope \u226595% of elastic""}, ""catastrophic_slope_ordering"": {""pts"": 0, ""max"": 0, ""note"": ""densif=-220.0 <= plateau=15.1""}, ""_score_final"": {""pts"": 18, ""max"": 100, ""note"": ""after catastrophic halving""}}",60.91566277817535,1.9126357914898795,70,20,18.5,0.0,1,False,450,1250,Primospire,NMP,none,none,0.0,
"2026-09-11
17:56:36",19p5-0add-5deg-cosolv-none-bathSolv-none-0wt-60s-N2-1200s | rep 3,sample 15,108.81453903189971,437.8144815138149,34.22574263142542,263.2509524276539,-70.24247079492072,0.1337523471540262,-0.5755651875772247,-2.506672700633713,-2.363739888844796,,,False,14.0,"{""elastic_r2"": {""pts"": 27, ""max"": 30, ""note"": ""NRMSE-score=0.908 (RMSE=3.57, range=38.79)""}, ""plateau_r2_start"": {""pts"": 5, ""max"": 15, ""note"": ""R\u00b2(first 40%)=0.357""}, ""densification_r2"": {""pts"": 12, ""max"": 15, ""note"": ""R\u00b2=0.787""}, ""yield_accuracy"": {""pts"": 25, ""max"": 25, ""note"": ""elastic tail undershoots data by 7.7% of elastic range""}, ""junction_continuity"": {""pts"": 0, ""max"": 15, ""note"": ""gap=23.9%""}, ""plateau_r2_full_penalty"": {""pts"": 0, ""max"": 0, ""note"": ""R\u00b2(full)=0.917""}, ""elastic_modulus_penalty"": {""pts"": 0, ""max"": 0, ""note"": ""E=437.8 bar ok""}, ""bp1_accuracy_penalty"": {""pts"": -35, ""max"": 0, ""note"": ""plateau spans 80% of remaining stress \u2014 elastic peak likely wrong | GAM slope drops 64% in early plateau \u2014 bp1 suspect""}, ""changepoint_curvature_penalty"": {""pts"": -1, ""max"": 0, ""note"": ""d2_norm=0.00, linear_stretch=13%""}, ""slope_ratio_penalty"": {""pts"": -5, ""max"": 0, ""note"": ""plateau/elastic slope ratio=0.60 \u2014 nearly parallel (-5 pts)""}, ""catastrophic_slope_ordering"": {""pts"": 0, ""max"": 0, ""note"": ""densif=-70.2 <= plateau=263.3""}, ""_score_final"": {""pts"": 14, ""max"": 100, ""note"": ""after catastrophic halving""}}",48.8474428645622,-0.0459902159076241,40,5,19.5,0.0,13,True,60,1200,Primospire,NMP,none,none,0.0,
"2026-09-11
17:56:36",19p5-0add-5deg-cosolv-none-bathSolv-none-0wt-60s-N2-1200s | rep 2,sample 14,114.44259530602864,539.1037453498866,37.3831278779237,286.3698489790259,-68.04616077894536,0.1324970916077739,0.0,-2.337394407548822,-2.2337663400382426,-2.025682000465534,,False,22.0,"{""elastic_r2"": {""pts"": 28, ""max"": 30, ""note"": ""NRMSE-score=0.930 (RMSE=2.58, range=36.55)""}, ""plateau_r2_start"": {""pts"": 15, ""max"": 15, ""note"": ""R\u00b2(first 40%)=0.970""}, ""densification_r2"": {""pts"": 14, ""max"": 15, ""note"": ""R\u00b2=0.949""}, ""yield_accuracy"": {""pts"": 25, ""max"": 25, ""note"": ""elastic tail undershoots data by 0.7% of elastic range""}, ""junction_continuity"": {""pts"": 5, ""max"": 15, ""note"": ""gap=9.8%""}, ""plateau_r2_full_penalty"": {""pts"": 0, ""max"": 0, ""note"": ""R\u00b2(full)=0.986""}, ""elastic_modulus_penalty"": {""pts"": 0, ""max"": 0, ""note"": ""E=539.1 bar ok""}, ""bp1_accuracy_penalty"": {""pts"": -35, ""max"": 0, ""note"": ""plateau spans 86% of remaining stress \u2014 elastic peak likely wrong | GAM slope drops 52% in early plateau \u2014 bp1 suspect""}, ""changepoint_curvature_penalty"": {""pts"": -9, ""max"": 0, ""note"": ""d2_norm=0.13, linear_stretch=100%""}, ""slope_ratio_penalty"": {""pts"": 0, ""max"": 0, ""note"": ""plateau/elastic slope ratio=0.53 \u2014 good separation""}, ""catastrophic_slope_ordering"": {""pts"": 0, ""max"": 0, ""note"": ""densif=-68.0 <= plateau=286.4""}, ""_score_final"": {""pts"": 22, ""max"": 100, ""note"": ""after catastrophic halving""}}",47.59459424924759,-0.0459902159076241,40,5,19.5,0.0,13,True,60,1200,Primospire,NMP,none,none,0.0,
"2026-09-11
17:56:36",19p5-0add-5deg-cosolv-none-bathSolv-none-0wt-60s-N2-1200s | rep 4,sample 16,114.29233330333,296.9718386629123,135.0399055442051,-2238.655528739646,-0.3617878675793146,0.1345866606566972,0.0,-2.3513067049627234,-2.214752430241754,,,False,61.0,"{""elastic_r2"": {""pts"": 28, ""max"": 30, ""note"": ""NRMSE-score=0.948 (RMSE=7.42, range=143.67)""}, ""plateau_r2_start"": {""pts"": 12, ""max"": 15, ""note"": ""R\u00b2(first 40%)=0.808""}, ""densification_r2"": {""pts"": 0, ""max"": 15, ""note"": ""R\u00b2=-0.056""}, ""yield_accuracy"": {""pts"": 25, ""max"": 25, ""note"": ""elastic tail overshoots data by 1.5% of elastic range""}, ""junction_continuity"": {""pts"": 0, ""max"": 15, ""note"": ""gap=16.8%""}, ""plateau_r2_full_penalty"": {""pts"": 0, ""max"": 0, ""note"": ""R\u00b2(full)=0.718""}, ""elastic_modulus_penalty"": {""pts"": 0, ""max"": 0, ""note"": ""E=297.0 bar ok""}, ""bp1_accuracy_penalty"": {""pts"": 0, ""max"": 0, ""note"": ""plateau spans -1251% of remaining stress \u2014 ok | GAM slope drops 195% in early plateau, but plateau geometry ok \u2014 no penalty""}, ""changepoint_curvature_penalty"": {""pts"": -4, ""max"": 0, ""note"": ""d2_norm=0.00, linear_stretch=43%""}, ""slope_ratio_penalty"": {""pts"": 0, ""max"": 0, ""note"": ""plateau/elastic slope ratio=-7.54 \u2014 good separation""}, ""_score_final"": {""pts"": 61, ""max"": 100, ""note"": ""no catastrophic applied""}}",48.53444192117482,-0.0459902159076241,40,5,19.5,0.0,13,True,60,1200,Primospire,NMP,none,none,0.0,
"2026-09-11
17:56:36",19p5-0add-5deg-cosolv-none-bathSolv-none-0wt-60s-N2-1200s | rep 1,sample 13,107.59329774283616,319.03827962770583,135.61593190682038,-1016.4712139363078,-0.6744849388190959,0.1333819141253669,0.0,-2.542732831574209,-2.437087254334584,,,False,59.0,"{""elastic_r2"": {""pts"": 29, ""max"": 30, ""note"": ""NRMSE-score=0.952 (RMSE=6.94, range=143.69)""}, ""plateau_r2_start"": {""pts"": 10, ""max"": 15, ""note"": ""R\u00b2(first 40%)=0.661""}, ""densification_r2"": {""pts"": 0, ""max"": 15, ""note"": ""R\u00b2=-10.946""}, ""yield_accuracy"": {""pts"": 25, ""max"": 25, ""note"": ""elastic tail overshoots data by 1.3% of elastic range""}, ""junction_continuity"": {""pts"": 5, ""max"": 15, ""note"": ""gap=10.5%""}, ""plateau_r2_full_penalty"": {""pts"": 0, ""max"": 0, ""note"": ""R\u00b2(full)=0.619""}, ""elastic_modulus_penalty"": {""pts"": 0, ""max"": 0, ""note"": ""E=319.0 bar ok""}, ""bp1_accuracy_penalty"": {""pts"": 0, ""max"": 0, ""note"": ""plateau spans -1146% of remaining stress \u2014 ok | GAM slope drops 119% in early plateau, but plateau geometry ok \u2014 no penalty""}, ""changepoint_curvature_penalty"": {""pts"": -10, ""max"": 0, ""note"": ""d2_norm=0.00, linear_stretch=100%""}, ""slope_ratio_penalty"": {""pts"": 0, ""max"": 0, ""note"": ""plateau/elastic slope ratio=-3.19 \u2014 good separation""}, ""_score_final"": {""pts"": 59, ""max"": 100, ""note"": ""no catastrophic applied""}}",47.57196162656031,-0.0459902159076241,40,5,19.5,0.0,13,True,60,1200,Primospire,NMP,none,none,0.0,
"2026-09-11
20:11:34",20p5-0add-5deg-cosolv-none-bathSolv-none-0wt-225s-NoN2-1750s | rep 2,sample 22,149.7823940053149,747.7430494846435,48.15844329334603,367.5725081638668,476.8905633133696,0.1150337529849898,0.0167883549778938,0.0775203105147396,0.1579446606213151,,,False,60.0,"{""elastic_r2"": {""pts"": 28, ""max"": 30, ""note"": ""NRMSE-score=0.946 (RMSE=2.65, range=48.59)""}, ""plateau_r2_start"": {""pts"": 14, ""max"": 15, ""note"": ""R\u00b2(first 40%)=0.965""}, ""densification_r2"": {""pts"": 14, ""max"": 15, ""note"": ""R\u00b2=0.946""}, ""yield_accuracy"": {""pts"": 25, ""max"": 25, ""note"": ""elastic tail undershoots data by 0.7% of elastic range""}, ""junction_continuity"": {""pts"": 14, ""max"": 15, ""note"": ""gap=1.0%""}, ""plateau_r2_full_penalty"": {""pts"": 0, ""max"": 0, ""note"": ""R\u00b2(full)=0.986""}, ""elastic_modulus_penalty"": {""pts"": 0, ""max"": 0, ""note"": ""E=747.7 bar ok""}, ""bp1_accuracy_penalty"": {""pts"": -35, ""max"": 0, ""note"": ""plateau spans 75% of remaining stress \u2014 elastic peak likely wrong | GAM slope drops 41% in early plateau \u2014 bp1 suspect""}, ""changepoint_curvature_penalty"": {""pts"": 0, ""max"": 0, ""note"": ""d2_norm=10.80, linear_stretch=83%""}, ""slope_ratio_penalty"": {""pts"": 0, ""max"": 0, ""note"": ""plateau/elastic slope ratio=0.49 \u2014 good separation""}, ""_score_final"": {""pts"": 60, ""max"": 100, ""note"": ""no catastrophic applied""}}",47.08317443079646,0.1070618101732698,50,5,20.5,0.0,5,False,225,1750,Primospire,NMP,none,none,0.0,
"2026-09-11
20:11:34",20p5-0add-5deg-cosolv-none-bathSolv-none-0wt-225s-NoN2-1750s | rep 1,sample 21,137.75521921173186,461.5472334882583,74.17248012769613,367.4129508263101,580.4375746947409,0.1119225219612276,0.0,0.1222290985637672,0.191134290476449,0.3464316007230478,,False,51.0,"{""elastic_r2"": {""pts"": 29, ""max"": 30, ""note"": ""NRMSE-score=0.954 (RMSE=3.52, range=76.74)""}, ""plateau_r2_start"": {""pts"": 12, ""max"": 15, ""note"": ""R\u00b2(first 40%)=0.825""}, ""densification_r2"": {""pts"": 14, ""max"": 15, ""note"": ""R\u00b2=0.933""}, ""yield_accuracy"": {""pts"": 25, ""max"": 25, ""note"": ""elastic tail undershoots data by 2.6% of elastic range""}, ""junction_continuity"": {""pts"": 14, ""max"": 15, ""note"": ""gap=0.8%""}, ""plateau_r2_full_penalty"": {""pts"": 0, ""max"": 0, ""note"": ""R\u00b2(full)=0.962""}, ""elastic_modulus_penalty"": {""pts"": 0, ""max"": 0, ""note"": ""E=461.5 bar ok""}, ""bp1_accuracy_penalty"": {""pts"": -30, ""max"": 0, ""note"": ""plateau spans 53% of remaining stress \u2014 elastic peak likely wrong | GAM slope stable in early plateau (drop=23%) \u2014 ok""}, ""changepoint_curvature_penalty"": {""pts"": 0, ""max"": 0, ""note"": ""d2_norm=4.42, linear_stretch=17%""}, ""slope_ratio_penalty"": {""pts"": -13, ""max"": 0, ""note"": ""plateau/elastic slope ratio=0.80 \u2014 nearly parallel (-13 pts)""}, ""_score_final"": {""pts"": 51, ""max"": 100, ""note"": ""no catastrophic applied""}}",50.79986674232967,0.1070618101732698,50,5,20.5,0.0,5,False,225,1750,Primospire,NMP,none,none,0.0,
"2026-09-11
20:11:34",20p5-0add-5deg-cosolv-none-bathSolv-none-0wt-225s-NoN2-1750s | rep 3,sample 23,155.58107894350047,503.1062123297682,77.56558496760161,381.8068649611084,355.14624257369,0.1037199219838962,0.0558452481351989,0.1205545040983401,0.184518494258898,,,False,13.0,"{""elastic_r2"": {""pts"": 28, ""max"": 30, ""note"": ""NRMSE-score=0.941 (RMSE=4.72, range=79.74)""}, ""plateau_r2_start"": {""pts"": 0, ""max"": 15, ""note"": ""insufficient data""}, ""densification_r2"": {""pts"": 0, ""max"": 15, ""note"": ""insufficient data""}, ""yield_accuracy"": {""pts"": 25, ""max"": 25, ""note"": ""elastic tail undershoots data by 3.0% of elastic range""}, ""junction_continuity"": {""pts"": 15, ""max"": 15, ""note"": ""gap=0.2%""}, ""elastic_modulus_penalty"": {""pts"": 0, ""max"": 0, ""note"": ""E=503.1 bar ok""}, ""bp1_accuracy_penalty"": {""pts"": -30, ""max"": 0, ""note"": ""plateau spans 101% of remaining stress \u2014 elastic peak likely wrong | GAM slope stable in early plateau (drop=10%) \u2014 ok""}, ""slope_ratio_penalty"": {""pts"": -12, ""max"": 0, ""note"": ""plateau/elastic slope ratio=0.76 \u2014 nearly parallel (-12 pts)""}, ""catastrophic_slope_ordering"": {""pts"": 0, ""max"": 0, ""note"": ""densif=355.1 <= plateau=381.8""}, ""_score_final"": {""pts"": 13, ""max"": 100, ""note"": ""after catastrophic halving""}}",50.55316526480103,0.1070618101732698,50,5,20.5,0.0,5,False,225,1750,Primospire,NMP,none,none,0.0,
"2026-09-11
20:11:34",20p5-0add-5deg-cosolv-none-bathSolv-none-0wt-225s-NoN2-1750s | rep 4,sample 24,150.1720594671845,715.0249362066493,57.60839888930445,376.87595880131386,453.5196415733261,0.1070210865511599,0.0637505077158179,0.1325274158565558,0.1982057784428929,,,False,63.0,"{""elastic_r2"": {""pts"": 29, ""max"": 30, ""note"": ""NRMSE-score=0.956 (RMSE=2.39, range=54.52)""}, ""plateau_r2_start"": {""pts"": 14, ""max"": 15, ""note"": ""R\u00b2(first 40%)=0.935""}, ""densification_r2"": {""pts"": 14, ""max"": 15, ""note"": ""R\u00b2=0.947""}, ""yield_accuracy"": {""pts"": 25, ""max"": 25, ""note"": ""elastic tail undershoots data by 1.4% of elastic range""}, ""junction_continuity"": {""pts"": 13, ""max"": 15, ""note"": ""gap=1.9%""}, ""plateau_r2_full_penalty"": {""pts"": 0, ""max"": 0, ""note"": ""R\u00b2(full)=0.988""}, ""elastic_modulus_penalty"": {""pts"": 0, ""max"": 0, ""note"": ""E=715.0 bar ok""}, ""bp1_accuracy_penalty"": {""pts"": -30, ""max"": 0, ""note"": ""plateau spans 62% of remaining stress \u2014 elastic peak likely wrong | GAM slope stable in early plateau (drop=31%) \u2014 ok""}, ""changepoint_curvature_penalty"": {""pts"": -2, ""max"": 0, ""note"": ""d2_norm=0.00, linear_stretch=20%""}, ""slope_ratio_penalty"": {""pts"": 0, ""max"": 0, ""note"": ""plateau/elastic slope ratio=0.53 \u2014 good separation""}, ""_score_final"": {""pts"": 63, ""max"": 100, ""note"": ""no catastrophic applied""}}",50.75007179884496,0.1070618101732698,50,5,20.5,0.0,5,False,225,1750,Primospire,NMP,none,none,0.0,
"2026-09-11
23:06:06",17p5-0add-25deg-cosolv-none-bathSolv-none-0wt-375s-N2-1300s | rep 1,sample 29,128.76206417068923,607.7083472669523,38.01254126074612,268.9246242199581,548.7169793246666,0.1196632500859983,0.0,0.0858402996837635,0.2117402150608925,,,False,58.0,"{""elastic_r2"": {""pts"": 28, ""max"": 30, ""note"": ""NRMSE-score=0.947 (RMSE=2.06, range=38.53)""}, ""plateau_r2_start"": {""pts"": 14, ""max"": 15, ""note"": ""R\u00b2(first 40%)=0.943""}, ""densification_r2"": {""pts"": 14, ""max"": 15, ""note"": ""R\u00b2=0.963""}, ""yield_accuracy"": {""pts"": 25, ""max"": 25, ""note"": ""elastic tail undershoots data by 0.0% of elastic range""}, ""junction_continuity"": {""pts"": 12, ""max"": 15, ""note"": ""gap=2.9%""}, ""plateau_r2_full_penalty"": {""pts"": 0, ""max"": 0, ""note"": ""R\u00b2(full)=0.988""}, ""elastic_modulus_penalty"": {""pts"": 0, ""max"": 0, ""note"": ""E=607.7 bar ok""}, ""bp1_accuracy_penalty"": {""pts"": -35, ""max"": 0, ""note"": ""plateau spans 55% of remaining stress \u2014 elastic peak likely wrong | GAM slope drops 48% in early plateau \u2014 bp1 suspect""}, ""changepoint_curvature_penalty"": {""pts"": 0, ""max"": 0, ""note"": ""d2_norm=10.96, linear_stretch=53%""}, ""slope_ratio_penalty"": {""pts"": 0, ""max"": 0, ""note"": ""plateau/elastic slope ratio=0.44 \u2014 good separation""}, ""_score_final"": {""pts"": 58, ""max"": 100, ""note"": ""no catastrophic applied""}}",47.81751238875219,0.1177491014604416,55,25,17.5,0.0,11,True,375,1300,Primospire,NMP,none,none,0.0,
"2026-09-11
23:06:06",17p5-0add-25deg-cosolv-none-bathSolv-none-0wt-375s-N2-1300s | rep 3,sample 31,129.15976239917617,520.4035878745788,42.55530066491328,214.6618292119999,529.296266180939,0.1195423615710625,0.0351376251505266,0.1385387540477876,0.2625358015328148,0.4160839526396734,,True,94.0,"{""elastic_r2"": {""pts"": 26, ""max"": 30, ""note"": ""NRMSE-score=0.860 (RMSE=6.07, range=43.47)""}, ""plateau_r2_start"": {""pts"": 14, ""max"": 15, ""note"": ""R\u00b2(first 40%)=0.923""}, ""densification_r2"": {""pts"": 15, ""max"": 15, ""note"": ""R\u00b2=0.974""}, ""yield_accuracy"": {""pts"": 25, ""max"": 25, ""note"": ""elastic tail undershoots data by 7.3% of elastic range""}, ""junction_continuity"": {""pts"": 14, ""max"": 15, ""note"": ""gap=0.5%""}, ""plateau_r2_full_penalty"": {""pts"": 0, ""max"": 0, ""note"": ""R\u00b2(full)=0.967""}, ""elastic_modulus_penalty"": {""pts"": 0, ""max"": 0, ""note"": ""E=520.4 bar ok""}, ""bp1_accuracy_penalty"": {""pts"": 0, ""max"": 0, ""note"": ""plateau spans 39% of remaining stress \u2014 ok | GAM slope stable in early plateau (drop=-44%) \u2014 ok""}, ""changepoint_curvature_penalty"": {""pts"": 0, ""max"": 0, ""note"": ""d2_norm=1.46, linear_stretch=13%""}, ""slope_ratio_penalty"": {""pts"": 0, ""max"": 0, ""note"": ""plateau/elastic slope ratio=0.41 \u2014 good separation""}, ""_score_final"": {""pts"": 94, ""max"": 100, ""note"": ""no catastrophic applied""}}",51.45767958431069,0.1177491014604416,55,25,17.5,0.0,11,True,375,1300,Primospire,NMP,none,none,0.0,
"2026-09-11
23:06:06",17p5-0add-25deg-cosolv-none-bathSolv-none-0wt-375s-N2-1300s | rep 4,sample 32,145.07389240445428,662.9416342238794,37.07947601951121,228.62292466553453,578.2275265990279,0.1094449044961834,0.0,0.1015287588697321,0.2320690296461628,0.3816885153295212,,True,87.0,"{""elastic_r2"": {""pts"": 28, ""max"": 30, ""note"": ""NRMSE-score=0.939 (RMSE=2.31, range=37.72)""}, ""plateau_r2_start"": {""pts"": 14, ""max"": 15, ""note"": ""R\u00b2(first 40%)=0.947""}, ""densification_r2"": {""pts"": 15, ""max"": 15, ""note"": ""R\u00b2=0.969""}, ""yield_accuracy"": {""pts"": 25, ""max"": 25, ""note"": ""elastic tail undershoots data by 2.4% of elastic range""}, ""junction_continuity"": {""pts"": 10, ""max"": 15, ""note"": ""gap=5.3%""}, ""plateau_r2_full_penalty"": {""pts"": 0, ""max"": 0, ""note"": ""R\u00b2(full)=0.984""}, ""elastic_modulus_penalty"": {""pts"": 0, ""max"": 0, ""note"": ""E=662.9 bar ok""}, ""bp1_accuracy_penalty"": {""pts"": -5, ""max"": 0, ""note"": ""plateau spans 45% of remaining stress \u2014 ok | GAM slope drops 40% in early plateau \u2014 bp1 suspect""}, ""changepoint_curvature_penalty"": {""pts"": 0, ""max"": 0, ""note"": ""d2_norm=1.69, linear_stretch=37%""}, ""slope_ratio_penalty"": {""pts"": 0, ""max"": 0, ""note"": ""plateau/elastic slope ratio=0.34 \u2014 good separation""}, ""_score_final"": {""pts"": 87, ""max"": 100, ""note"": ""no catastrophic applied""}}",48.5247174676796,0.1177491014604416,55,25,17.5,0.0,11,True,375,1300,Primospire,NMP,none,none,0.0,
"2026-09-11
23:06:06",17p5-0add-25deg-cosolv-none-bathSolv-none-0wt-375s-N2-1300s | rep 2,sample 30,138.86988996218938,996.9906502794884,27.633529887654355,310.8485966078728,591.882597485781,0.1089468334199317,0.0,0.0830149857868796,0.2126091166183991,0.3593439742368101,,False,51.0,"{""elastic_r2"": {""pts"": 26, ""max"": 30, ""note"": ""NRMSE-score=0.865 (RMSE=3.62, range=26.93)""}, ""plateau_r2_start"": {""pts"": 15, ""max"": 15, ""note"": ""R\u00b2(first 40%)=0.967""}, ""densification_r2"": {""pts"": 14, ""max"": 15, ""note"": ""R\u00b2=0.930""}, ""yield_accuracy"": {""pts"": 25, ""max"": 25, ""note"": ""elastic tail undershoots data by 5.9% of elastic range""}, ""junction_continuity"": {""pts"": 6, ""max"": 15, ""note"": ""gap=9.1%""}, ""plateau_r2_full_penalty"": {""pts"": 0, ""max"": 0, ""note"": ""R\u00b2(full)=0.946""}, ""elastic_modulus_penalty"": {""pts"": 0, ""max"": 0, ""note"": ""E=997.0 bar ok""}, ""bp1_accuracy_penalty"": {""pts"": -35, ""max"": 0, ""note"": ""plateau spans 73% of remaining stress \u2014 elastic peak likely wrong | GAM slope drops 68% in early plateau \u2014 bp1 suspect""}, ""changepoint_curvature_penalty"": {""pts"": 0, ""max"": 0, ""note"": ""d2_norm=7.85, linear_stretch=13%""}, ""slope_ratio_penalty"": {""pts"": 0, ""max"": 0, ""note"": ""plateau/elastic slope ratio=0.31 \u2014 good separation""}, ""_score_final"": {""pts"": 51, ""max"": 100, ""note"": ""no catastrophic applied""}}",48.48729120558871,0.1177491014604416,55,25,17.5,0.0,11,True,375,1300,Primospire,NMP,none,none,0.0,
"2026-09-12
01:14:34",18-0add-20deg-cosolv-none-bathSolv-none-0wt-500s-N2-1450s | rep 1,sample 37,123.9227093881954,482.5919661906936,34.830792417034075,300.7830335845758,665.6759872747099,0.1239436326293836,0.0,0.0981409925177406,0.2120053867801198,0.3642539438548747,,False,40.0,"{""elastic_r2"": {""pts"": 28, ""max"": 30, ""note"": ""NRMSE-score=0.928 (RMSE=3.01, range=41.84)""}, ""plateau_r2_start"": {""pts"": 14, ""max"": 15, ""note"": ""R\u00b2(first 40%)=0.930""}, ""densification_r2"": {""pts"": 14, ""max"": 15, ""note"": ""R\u00b2=0.937""}, ""yield_accuracy"": {""pts"": 25, ""max"": 25, ""note"": ""elastic tail undershoots data by 5.6% of elastic range""}, ""junction_continuity"": {""pts"": 0, ""max"": 15, ""note"": ""gap=25.0%""}, ""plateau_r2_full_penalty"": {""pts"": 0, ""max"": 0, ""note"": ""R\u00b2(full)=0.983""}, ""elastic_modulus_penalty"": {""pts"": 0, ""max"": 0, ""note"": ""E=482.6 bar ok""}, ""bp1_accuracy_penalty"": {""pts"": -35, ""max"": 0, ""note"": ""plateau spans 61% of remaining stress \u2014 elastic peak likely wrong | GAM slope drops 62% in early plateau \u2014 bp1 suspect""}, ""changepoint_curvature_penalty"": {""pts"": 0, ""max"": 0, ""note"": ""d2_norm=3.38, linear_stretch=13%""}, ""slope_ratio_penalty"": {""pts"": -6, ""max"": 0, ""note"": ""plateau/elastic slope ratio=0.62 \u2014 nearly parallel (-6 pts)""}, ""_score_final"": {""pts"": 40, ""max"": 100, ""note"": ""no catastrophic applied""}}",49.11435395222901,0.1586361379039566,30,20,18.0,0.0,16,True,500,1450,Primospire,NMP,none,none,0.0,
"2026-09-12
01:14:34",18-0add-20deg-cosolv-none-bathSolv-none-0wt-500s-N2-1450s | rep 2,sample 38,135.17342592853902,723.4526861378753,50.3722400656263,395.1705101786312,500.8511000302023,0.1117413443413315,0.0204216120974038,0.0777975423271664,0.1808164834949301,,,False,37.0,"{""elastic_r2"": {""pts"": 28, ""max"": 30, ""note"": ""NRMSE-score=0.927 (RMSE=3.75, range=51.12)""}, ""plateau_r2_start"": {""pts"": 0, ""max"": 15, ""note"": ""insufficient data""}, ""densification_r2"": {""pts"": 0, ""max"": 15, ""note"": ""insufficient data""}, ""yield_accuracy"": {""pts"": 25, ""max"": 25, ""note"": ""elastic tail undershoots data by 3.8% of elastic range""}, ""junction_continuity"": {""pts"": 14, ""max"": 15, ""note"": ""gap=1.2%""}, ""elastic_modulus_penalty"": {""pts"": 0, ""max"": 0, ""note"": ""E=723.5 bar ok""}, ""bp1_accuracy_penalty"": {""pts"": -30, ""max"": 0, ""note"": ""plateau spans 114% of remaining stress \u2014 elastic peak likely wrong | GAM slope stable in early plateau (drop=22%) \u2014 ok""}, ""slope_ratio_penalty"": {""pts"": 0, ""max"": 0, ""note"": ""plateau/elastic slope ratio=0.55 \u2014 good separation""}, ""_score_final"": {""pts"": 37, ""max"": 100, ""note"": ""no catastrophic applied""}}",48.033064360456,0.1586361379039566,30,20,18.0,0.0,16,True,500,1450,Primospire,NMP,none,none,0.0,
"2026-09-12
01:14:34",18-0add-20deg-cosolv-none-bathSolv-none-0wt-500s-N2-1450s | rep 4,sample 40,139.87129559810137,400.0068360487557,57.25894462488046,261.46881664712424,579.0857593525933,0.1084899911534152,0.0518626241843773,0.139883243530161,0.248736991227908,0.3932933983430228,,True,87.0,"{""elastic_r2"": {""pts"": 28, ""max"": 30, ""note"": ""NRMSE-score=0.929 (RMSE=4.18, range=59.21)""}, ""plateau_r2_start"": {""pts"": 13, ""max"": 15, ""note"": ""R\u00b2(first 40%)=0.834""}, ""densification_r2"": {""pts"": 15, ""max"": 15, ""note"": ""R\u00b2=0.973""}, ""yield_accuracy"": {""pts"": 25, ""max"": 25, ""note"": ""elastic tail undershoots data by 5.2% of elastic range""}, ""junction_continuity"": {""pts"": 13, ""max"": 15, ""note"": ""gap=1.9%""}, ""plateau_r2_full_penalty"": {""pts"": 0, ""max"": 0, ""note"": ""R\u00b2(full)=0.969""}, ""elastic_modulus_penalty"": {""pts"": 0, ""max"": 0, ""note"": ""E=400.0 bar ok""}, ""bp1_accuracy_penalty"": {""pts"": 0, ""max"": 0, ""note"": ""plateau spans 36% of remaining stress \u2014 ok | GAM slope stable in early plateau (drop=1%) \u2014 ok""}, ""changepoint_curvature_penalty"": {""pts"": 0, ""max"": 0, ""note"": ""d2_norm=1.22, linear_stretch=20%""}, ""slope_ratio_penalty"": {""pts"": -7, ""max"": 0, ""note"": ""plateau/elastic slope ratio=0.65 \u2014 nearly parallel (-7 pts)""}, ""_score_final"": {""pts"": 87, ""max"": 100, ""note"": ""no catastrophic applied""}}",51.350494192734,0.1586361379039566,30,20,18.0,0.0,16,True,500,1450,Primospire,NMP,none,none,0.0,
"2026-09-12
01:14:34",18-0add-20deg-cosolv-none-bathSolv-none-0wt-500s-N2-1450s | rep 3,sample 39,132.7934247925179,65.51572384468736,3.834897247166279,270.3277119767595,507.46132023191416,0.1111837740832731,0.0603060000329735,0.1619006850709488,0.26307913231738,,,False,37.0,"{""elastic_r2"": {""pts"": 27, ""max"": 30, ""note"": ""NRMSE-score=0.902 (RMSE=0.34, range=3.46)""}, ""plateau_r2_start"": {""pts"": 12, ""max"": 15, ""note"": ""R\u00b2(first 40%)=0.786""}, ""densification_r2"": {""pts"": 14, ""max"": 15, ""note"": ""R\u00b2=0.906""}, ""yield_accuracy"": {""pts"": 25, ""max"": 25, ""note"": ""elastic tail undershoots data by 8.8% of elastic range""}, ""junction_continuity"": {""pts"": 0, ""max"": 15, ""note"": ""gap=26.3%""}, ""plateau_r2_full_penalty"": {""pts"": 0, ""max"": 0, ""note"": ""R\u00b2(full)=0.702""}, ""elastic_modulus_penalty"": {""pts"": 0, ""max"": 0, ""note"": ""E=65.5 bar ok""}, ""bp1_accuracy_penalty"": {""pts"": 0, ""max"": 0, ""note"": ""plateau spans 36% of remaining stress \u2014 ok | GAM slope stable in early plateau (drop=-244%) \u2014 ok""}, ""changepoint_curvature_penalty"": {""pts"": -4, ""max"": 0, ""note"": ""d2_norm=0.00, linear_stretch=37%""}, ""catastrophic_slope_vs_modulus"": {""pts"": 0, ""max"": 0, ""note"": ""slope ratio=4.13 \u2014 plateau slope \u226595% of elastic""}, ""_score_final"": {""pts"": 37, ""max"": 100, ""note"": ""after catastrophic halving""}}",52.90298709916796,0.1586361379039566,30,20,18.0,0.0,16,True,500,1450,Primospire,NMP,none,none,0.0,
"2026-09-12
03:20:18",17p5-0add-25deg-cosolv-none-bathSolv-none-0wt-120s-N2-1800s | rep 3,sample 47,138.9805621019825,51.51021202735963,4.228076979940582,150.7696310634343,592.5520075304064,0.0960976370387455,0.0429184328536355,0.1980227705202274,0.3250788079689581,,,False,30.0,"{""elastic_r2"": {""pts"": 26, ""max"": 30, ""note"": ""NRMSE-score=0.860 (RMSE=0.28, range=2.02)""}, ""plateau_r2_start"": {""pts"": 2, ""max"": 15, ""note"": ""R\u00b2(first 40%)=0.118""}, ""densification_r2"": {""pts"": 11, ""max"": 15, ""note"": ""R\u00b2=0.719""}, ""yield_accuracy"": {""pts"": 24, ""max"": 25, ""note"": ""elastic tail undershoots data by 14.1% of elastic range""}, ""junction_continuity"": {""pts"": 8, ""max"": 15, ""note"": ""gap=6.7%""}, ""plateau_r2_full_penalty"": {""pts"": -10, ""max"": 0, ""note"": ""R\u00b2(full)=-0.100""}, ""elastic_modulus_penalty"": {""pts"": 0, ""max"": 0, ""note"": ""E=51.5 bar ok""}, ""bp1_accuracy_penalty"": {""pts"": 0, ""max"": 0, ""note"": ""plateau spans 23% of remaining stress \u2014 ok | GAM slope stable in early plateau (drop=-238%) \u2014 ok""}, ""changepoint_curvature_penalty"": {""pts"": -1, ""max"": 0, ""note"": ""d2_norm=0.48, linear_stretch=27%""}, ""catastrophic_slope_vs_modulus"": {""pts"": 0, ""max"": 0, ""note"": ""slope ratio=2.93 \u2014 plateau slope \u226595% of elastic""}, ""_score_final"": {""pts"": 30, ""max"": 100, ""note"": ""after catastrophic halving""}}",53.57387466215609,0.1493356734179946,25,25,17.5,0.0,9,True,120,1800,Primospire,NMP,none,none,0.0,
"2026-09-12
03:20:18",17p5-0add-25deg-cosolv-none-bathSolv-none-0wt-120s-N2-1800s | rep 1,sample 45,139.7851746113159,661.3760322554147,41.02189692171333,211.53323531572988,554.1383560958566,0.1063404190278036,0.0,0.0936669661549558,0.2376885663795387,0.3883217200467088,,True,90.0,"{""elastic_r2"": {""pts"": 28, ""max"": 30, ""note"": ""NRMSE-score=0.929 (RMSE=2.84, range=40.01)""}, ""plateau_r2_start"": {""pts"": 14, ""max"": 15, ""note"": ""R\u00b2(first 40%)=0.926""}, ""densification_r2"": {""pts"": 15, ""max"": 15, ""note"": ""R\u00b2=0.968""}, ""yield_accuracy"": {""pts"": 25, ""max"": 25, ""note"": ""elastic tail undershoots data by 0.7% of elastic range""}, ""junction_continuity"": {""pts"": 13, ""max"": 15, ""note"": ""gap=1.8%""}, ""plateau_r2_full_penalty"": {""pts"": 0, ""max"": 0, ""note"": ""R\u00b2(full)=0.981""}, ""elastic_modulus_penalty"": {""pts"": 0, ""max"": 0, ""note"": ""E=661.4 bar ok""}, ""bp1_accuracy_penalty"": {""pts"": -5, ""max"": 0, ""note"": ""plateau spans 43% of remaining stress \u2014 ok | GAM slope drops 49% in early plateau \u2014 bp1 suspect""}, ""changepoint_curvature_penalty"": {""pts"": 0, ""max"": 0, ""note"": ""d2_norm=1.76, linear_stretch=23%""}, ""slope_ratio_penalty"": {""pts"": 0, ""max"": 0, ""note"": ""plateau/elastic slope ratio=0.32 \u2014 good separation""}, ""_score_final"": {""pts"": 90, ""max"": 100, ""note"": ""no catastrophic applied""}}",48.26721197370112,0.1493356734179946,25,25,17.5,0.0,9,True,120,1800,Primospire,NMP,none,none,0.0,
"2026-09-12
03:20:18",17p5-0add-25deg-cosolv-none-bathSolv-none-0wt-120s-N2-1800s | rep 4,sample 48,142.24753868984857,327.9124830445854,44.95648946079975,234.915873648036,571.9280496212255,0.0973843642793214,0.0643255423190442,0.1739201783366213,0.2988055707854846,0.4339812656080758,,True,86.0,"{""elastic_r2"": {""pts"": 28, ""max"": 30, ""note"": ""NRMSE-score=0.925 (RMSE=3.47, range=46.29)""}, ""plateau_r2_start"": {""pts"": 13, ""max"": 15, ""note"": ""R\u00b2(first 40%)=0.885""}, ""densification_r2"": {""pts"": 15, ""max"": 15, ""note"": ""R\u00b2=0.968""}, ""yield_accuracy"": {""pts"": 25, ""max"": 25, ""note"": ""elastic tail undershoots data by 3.7% of elastic range""}, ""junction_continuity"": {""pts"": 15, ""max"": 15, ""note"": ""gap=0.2%""}, ""plateau_r2_full_penalty"": {""pts"": 0, ""max"": 0, ""note"": ""R\u00b2(full)=0.983""}, ""elastic_modulus_penalty"": {""pts"": 0, ""max"": 0, ""note"": ""E=327.9 bar ok""}, ""bp1_accuracy_penalty"": {""pts"": 0, ""max"": 0, ""note"": ""plateau spans 39% of remaining stress \u2014 ok | GAM slope stable in early plateau (drop=6%) \u2014 ok""}, ""changepoint_curvature_penalty"": {""pts"": 0, ""max"": 0, ""note"": ""d2_norm=2.16, linear_stretch=27%""}, ""slope_ratio_penalty"": {""pts"": -10, ""max"": 0, ""note"": ""plateau/elastic slope ratio=0.72 \u2014 nearly parallel (-10 pts)""}, ""_score_final"": {""pts"": 86, ""max"": 100, ""note"": ""no catastrophic applied""}}",52.89651623393333,0.1493356734179946,25,25,17.5,0.0,9,True,120,1800,Primospire,NMP,none,none,0.0,
"2026-09-12
03:20:18",17p5-0add-25deg-cosolv-none-bathSolv-none-0wt-120s-N2-1800s | rep 2,sample 46,150.79882280274742,-10944.223079592944,5.42623712630359,216.86016081905484,548.8411094536934,0.1037734741836057,0.0599130249359501,0.1825945528177391,0.3137494270060084,0.4569420172404324,,False,23.0,"{""elastic_r2"": {""pts"": 30, ""max"": 30, ""note"": ""NRMSE-score=1.000 (RMSE=0.00, range=0.30)""}, ""plateau_r2_start"": {""pts"": 9, ""max"": 15, ""note"": ""R\u00b2(first 40%)=0.633""}, ""densification_r2"": {""pts"": 13, ""max"": 15, ""note"": ""R\u00b2=0.879""}, ""yield_accuracy"": {""pts"": 0, ""max"": 25, ""note"": ""insufficient elastic data for tail check""}, ""junction_continuity"": {""pts"": 0, ""max"": 15, ""note"": ""gap=28.8%""}, ""plateau_r2_full_penalty"": {""pts"": 0, ""max"": 0, ""note"": ""R\u00b2(full)=0.503""}, ""elastic_modulus_penalty"": {""pts"": -5, ""max"": 0, ""note"": ""E=-10944.2 bar out of range""}, ""bp1_accuracy_penalty"": {""pts"": 0, ""max"": 0, ""note"": ""plateau spans 34% of remaining stress \u2014 ok | GAM slope stable in early plateau (drop=-378%) \u2014 ok""}, ""changepoint_curvature_penalty"": {""pts"": -1, ""max"": 0, ""note"": ""d2_norm=0.66, linear_stretch=30%""}, ""slope_ratio_penalty"": {""pts"": 0, ""max"": 0, ""note"": ""plateau/elastic slope ratio=-0.02 \u2014 good separation""}, ""catastrophic_slope_vs_modulus"": {""pts"": 0, ""max"": 0, ""note"": ""slope ratio=-0.02 \u2014 plateau slope \u226595% of elastic""}, ""_score_final"": {""pts"": 23, ""max"": 100, ""note"": ""after catastrophic halving""}}",53.327385311744,0.1493356734179946,25,25,17.5,0.0,9,True,120,1800,Primospire,NMP,none,none,0.0,
"2026-09-12
05:35:05",17p5-0add-10deg-cosolv-none-bathSolv-none-0wt-15s-N2-1800s | rep 1,sample 53,139.62578059413963,648.0019161155736,39.31742630213013,236.01600472224587,607.3449458882135,0.1124530234488678,0.0,0.0766004465906466,0.2132606407178028,0.3522865242669077,,True,88.0,"{""elastic_r2"": {""pts"": 27, ""max"": 30, ""note"": ""NRMSE-score=0.914 (RMSE=3.46, range=40.21)""}, ""plateau_r2_start"": {""pts"": 13, ""max"": 15, ""note"": ""R\u00b2(first 40%)=0.899""}, ""densification_r2"": {""pts"": 15, ""max"": 15, ""note"": ""R\u00b2=0.968""}, ""yield_accuracy"": {""pts"": 25, ""max"": 25, ""note"": ""elastic tail undershoots data by 0.6% of elastic range""}, ""junction_continuity"": {""pts"": 13, ""max"": 15, ""note"": ""gap=2.5%""}, ""plateau_r2_full_penalty"": {""pts"": 0, ""max"": 0, ""note"": ""R\u00b2(full)=0.980""}, ""elastic_modulus_penalty"": {""pts"": 0, ""max"": 0, ""note"": ""E=648.0 bar ok""}, ""bp1_accuracy_penalty"": {""pts"": -5, ""max"": 0, ""note"": ""plateau spans 46% of remaining stress \u2014 ok | GAM slope drops 47% in early plateau \u2014 bp1 suspect""}, ""changepoint_curvature_penalty"": {""pts"": 0, ""max"": 0, ""note"": ""d2_norm=3.35, linear_stretch=23%""}, ""slope_ratio_penalty"": {""pts"": 0, ""max"": 0, ""note"": ""plateau/elastic slope ratio=0.36 \u2014 good separation""}, ""_score_final"": {""pts"": 88, ""max"": 100, ""note"": ""no catastrophic applied""}}",48.65346824583053,0.1285172906599692,65,10,17.5,0.0,6,True,15,1800,Primospire,NMP,none,none,0.0,
"2026-09-12
05:35:05",17p5-0add-10deg-cosolv-none-bathSolv-none-0wt-15s-N2-1800s | rep 3,sample 55,145.34967717346473,569.674162296311,33.96211374452775,194.7342014862823,582.1995671430685,0.1011919938240342,0.0197315839739598,0.1505014880973081,0.282617184127799,,,True,95.0,"{""elastic_r2"": {""pts"": 27, ""max"": 30, ""note"": ""NRMSE-score=0.905 (RMSE=3.34, range=35.30)""}, ""plateau_r2_start"": {""pts"": 14, ""max"": 15, ""note"": ""R\u00b2(first 40%)=0.937""}, ""densification_r2"": {""pts"": 15, ""max"": 15, ""note"": ""R\u00b2=0.967""}, ""yield_accuracy"": {""pts"": 25, ""max"": 25, ""note"": ""elastic tail undershoots data by 7.5% of elastic range""}, ""junction_continuity"": {""pts"": 14, ""max"": 15, ""note"": ""gap=0.6%""}, ""plateau_r2_full_penalty"": {""pts"": 0, ""max"": 0, ""note"": ""R\u00b2(full)=0.977""}, ""elastic_modulus_penalty"": {""pts"": 0, ""max"": 0, ""note"": ""E=569.7 bar ok""}, ""bp1_accuracy_penalty"": {""pts"": 0, ""max"": 0, ""note"": ""plateau spans 40% of remaining stress \u2014 ok | GAM slope stable in early plateau (drop=27%) \u2014 ok""}, ""changepoint_curvature_penalty"": {""pts"": 0, ""max"": 0, ""note"": ""d2_norm=1.51, linear_stretch=17%""}, ""slope_ratio_penalty"": {""pts"": 0, ""max"": 0, ""note"": ""plateau/elastic slope ratio=0.34 \u2014 good separation""}, ""_score_final"": {""pts"": 95, ""max"": 100, ""note"": ""no catastrophic applied""}}",49.99194436951291,0.1285172906599692,65,10,17.5,0.0,6,True,15,1800,Primospire,NMP,none,none,0.0,
"2026-09-12
05:35:05",17p5-0add-10deg-cosolv-none-bathSolv-none-0wt-15s-N2-1800s | rep 2,sample 54,145.59723093333025,541.8397319409622,44.96400154984183,222.2040874190376,607.2103283809902,0.1033077019070147,0.0,0.099246779101813,0.231785305923986,,,True,86.0,"{""elastic_r2"": {""pts"": 28, ""max"": 30, ""note"": ""NRMSE-score=0.940 (RMSE=2.76, range=46.12)""}, ""plateau_r2_start"": {""pts"": 14, ""max"": 15, ""note"": ""R\u00b2(first 40%)=0.904""}, ""densification_r2"": {""pts"": 14, ""max"": 15, ""note"": ""R\u00b2=0.958""}, ""yield_accuracy"": {""pts"": 25, ""max"": 25, ""note"": ""elastic tail undershoots data by 3.8% of elastic range""}, ""junction_continuity"": {""pts"": 10, ""max"": 15, ""note"": ""gap=5.3%""}, ""plateau_r2_full_penalty"": {""pts"": 0, ""max"": 0, ""note"": ""R\u00b2(full)=0.973""}, ""elastic_modulus_penalty"": {""pts"": 0, ""max"": 0, ""note"": ""E=541.8 bar ok""}, ""bp1_accuracy_penalty"": {""pts"": -5, ""max"": 0, ""note"": ""plateau spans 42% of remaining stress \u2014 ok | GAM slope drops 43% in early plateau \u2014 bp1 suspect""}, ""changepoint_curvature_penalty"": {""pts"": 0, ""max"": 0, ""note"": ""d2_norm=2.70, linear_stretch=13%""}, ""slope_ratio_penalty"": {""pts"": 0, ""max"": 0, ""note"": ""plateau/elastic slope ratio=0.41 \u2014 good separation""}, ""_score_final"": {""pts"": 86, ""max"": 100, ""note"": ""no catastrophic applied""}}",47.40649411509791,0.1285172906599692,65,10,17.5,0.0,6,True,15,1800,Primospire,NMP,none,none,0.0,
"2026-09-12
05:35:05",17p5-0add-10deg-cosolv-none-bathSolv-none-0wt-15s-N2-1800s | rep 4,sample 56,149.2108144125886,1076.234557334078,37.82426807625363,193.28933597848777,625.5641399994652,0.1009697378378583,0.0,0.0955335838550348,0.2366016278273159,0.3801315288056496,,True,87.0,"{""elastic_r2"": {""pts"": 26, ""max"": 30, ""note"": ""NRMSE-score=0.873 (RMSE=4.87, range=38.37)""}, ""plateau_r2_start"": {""pts"": 14, ""max"": 15, ""note"": ""R\u00b2(first 40%)=0.926""}, ""densification_r2"": {""pts"": 14, ""max"": 15, ""note"": ""R\u00b2=0.951""}, ""yield_accuracy"": {""pts"": 25, ""max"": 25, ""note"": ""elastic tail undershoots data by 4.5% of elastic range""}, ""junction_continuity"": {""pts"": 13, ""max"": 15, ""note"": ""gap=1.5%""}, ""plateau_r2_full_penalty"": {""pts"": 0, ""max"": 0, ""note"": ""R\u00b2(full)=0.972""}, ""elastic_modulus_penalty"": {""pts"": 0, ""max"": 0, ""note"": ""E=1076.2 bar ok""}, ""bp1_accuracy_penalty"": {""pts"": -5, ""max"": 0, ""note"": ""plateau spans 42% of remaining stress \u2014 ok | GAM slope drops 65% in early plateau \u2014 bp1 suspect""}, ""changepoint_curvature_penalty"": {""pts"": 0, ""max"": 0, ""note"": ""d2_norm=5.01, linear_stretch=30%""}, ""slope_ratio_penalty"": {""pts"": 0, ""max"": 0, ""note"": ""plateau/elastic slope ratio=0.18 \u2014 good separation""}, ""_score_final"": {""pts"": 87, ""max"": 100, ""note"": ""no catastrophic applied""}}",47.02097011810835,0.1285172906599692,65,10,17.5,0.0,6,True,15,1800,Primospire,NMP,none,none,0.0,
"2026-09-14
16:55:35",17p5-0add-10deg-cosolv-none-bathSolv-none-0wt-45s-N2-1550s | rep 1,sample 5,93.45809713929911,433.6134730003644,35.516620181290946,187.71725347406613,264.0655402469437,0.2532223864164127,0.0,0.1620491710571967,0.4539665043905452,,,False,29.0,"{""elastic_r2"": {""pts"": 28, ""max"": 30, ""note"": ""NRMSE-score=0.919 (RMSE=3.08, range=38.01)""}, ""plateau_r2_start"": {""pts"": 0, ""max"": 15, ""note"": ""insufficient data""}, ""densification_r2"": {""pts"": 0, ""max"": 15, ""note"": ""insufficient data""}, ""yield_accuracy"": {""pts"": 25, ""max"": 25, ""note"": ""elastic tail undershoots data by 2.5% of elastic range""}, ""junction_continuity"": {""pts"": 11, ""max"": 15, ""note"": ""gap=4.1%""}, ""elastic_modulus_penalty"": {""pts"": 0, ""max"": 0, ""note"": ""E=433.6 bar ok""}, ""bp1_accuracy_penalty"": {""pts"": -35, ""max"": 0, ""note"": ""plateau spans 126% of remaining stress \u2014 elastic peak likely wrong | GAM slope drops 55% in early plateau \u2014 bp1 suspect""}, ""slope_ratio_penalty"": {""pts"": 0, ""max"": 0, ""note"": ""plateau/elastic slope ratio=0.43 \u2014 good separation""}, ""_score_final"": {""pts"": 29, ""max"": 100, ""note"": ""no catastrophic applied""}}",46.254737442112045,-1.913530136760284,75,10,17.5,0.0,14,True,45,1550,Primospire,NMP,none,none,0.0,
"2026-09-14
16:55:35",17p5-0add-10deg-cosolv-none-bathSolv-none-0wt-45s-N2-1550s | rep 3,sample 7,95.19715338280228,210.20242168397448,138.1483000284085,-661.4911578061352,-0.1228612848575162,0.2103213510561233,0.0,-1.2930189984791012,-1.1043389092695726,,,True,73.0,"{""elastic_r2"": {""pts"": 28, ""max"": 30, ""note"": ""NRMSE-score=0.934 (RMSE=9.58, range=146.01)""}, ""plateau_r2_start"": {""pts"": 11, ""max"": 15, ""note"": ""R\u00b2(first 40%)=0.752""}, ""densification_r2"": {""pts"": 0, ""max"": 15, ""note"": ""R\u00b2=-5.304""}, ""yield_accuracy"": {""pts"": 25, ""max"": 25, ""note"": ""elastic tail overshoots data by 0.7% of elastic range""}, ""junction_continuity"": {""pts"": 9, ""max"": 15, ""note"": ""gap=6.1%""}, ""plateau_r2_full_penalty"": {""pts"": 0, ""max"": 0, ""note"": ""R\u00b2(full)=0.588""}, ""elastic_modulus_penalty"": {""pts"": 0, ""max"": 0, ""note"": ""E=210.2 bar ok""}, ""bp1_accuracy_penalty"": {""pts"": 0, ""max"": 0, ""note"": ""plateau spans -1216% of remaining stress \u2014 ok | GAM slope drops 425% in early plateau, but plateau geometry ok \u2014 no penalty""}, ""changepoint_curvature_penalty"": {""pts"": 0, ""max"": 0, ""note"": ""d2_norm=1.00, linear_stretch=100%""}, ""slope_ratio_penalty"": {""pts"": 0, ""max"": 0, ""note"": ""plateau/elastic slope ratio=-3.15 \u2014 good separation""}, ""_score_final"": {""pts"": 73, ""max"": 100, ""note"": ""no catastrophic applied""}}",45.71019164507434,-1.913530136760284,75,10,17.5,0.0,14,True,45,1550,Primospire,NMP,none,none,0.0,
"2026-09-14
16:55:35",17p5-0add-10deg-cosolv-none-bathSolv-none-0wt-45s-N2-1550s | rep 4,sample 8,100.79600394288634,715.067732682729,51.2798561494958,153.83008832352584,-120.22512013315492,0.179463667046916,0.0,-1.8741078279904304,-1.6869582167324508,,,False,22.0,"{""elastic_r2"": {""pts"": 27, ""max"": 30, ""note"": ""NRMSE-score=0.901 (RMSE=4.75, range=47.93)""}, ""plateau_r2_start"": {""pts"": 12, ""max"": 15, ""note"": ""R\u00b2(first 40%)=0.794""}, ""densification_r2"": {""pts"": 0, ""max"": 15, ""note"": ""R\u00b2=-832420.854""}, ""yield_accuracy"": {""pts"": 25, ""max"": 25, ""note"": ""elastic tail undershoots data by 0.6% of elastic range""}, ""junction_continuity"": {""pts"": 14, ""max"": 15, ""note"": ""gap=1.4%""}, ""plateau_r2_full_penalty"": {""pts"": 0, ""max"": 0, ""note"": ""R\u00b2(full)=0.902""}, ""elastic_modulus_penalty"": {""pts"": 0, ""max"": 0, ""note"": ""E=715.1 bar ok""}, ""bp1_accuracy_penalty"": {""pts"": -35, ""max"": 0, ""note"": ""plateau spans 77% of remaining stress \u2014 elastic peak likely wrong | GAM slope drops 64% in early plateau \u2014 bp1 suspect""}, ""changepoint_curvature_penalty"": {""pts"": 0, ""max"": 0, ""note"": ""d2_norm=0.00, linear_stretch=0%""}, ""slope_ratio_penalty"": {""pts"": 0, ""max"": 0, ""note"": ""plateau/elastic slope ratio=0.22 \u2014 good separation""}, ""catastrophic_slope_ordering"": {""pts"": 0, ""max"": 0, ""note"": ""densif=-120.2 <= plateau=153.8""}, ""_score_final"": {""pts"": 22, ""max"": 100, ""note"": ""after catastrophic halving""}}",43.43866334901191,-1.913530136760284,75,10,17.5,0.0,14,True,45,1550,Primospire,NMP,none,none,0.0,
"2026-09-14
16:55:35",17p5-0add-10deg-cosolv-none-bathSolv-none-0wt-45s-N2-1550s | rep 2,sample 6,103.8557970299108,420.40191731850194,51.38985854312708,156.95741307461876,286.4298852856545,0.2290494147574163,0.0,0.0605573229155927,0.2868080761488646,0.5957722319744967,,False,62.0,"{""elastic_r2"": {""pts"": 28, ""max"": 30, ""note"": ""NRMSE-score=0.931 (RMSE=3.52, range=51.15)""}, ""plateau_r2_start"": {""pts"": 13, ""max"": 15, ""note"": ""R\u00b2(first 40%)=0.867""}, ""densification_r2"": {""pts"": 14, ""max"": 15, ""note"": ""R\u00b2=0.946""}, ""yield_accuracy"": {""pts"": 25, ""max"": 25, ""note"": ""elastic tail undershoots data by 3.2% of elastic range""}, ""junction_continuity"": {""pts"": 12, ""max"": 15, ""note"": ""gap=2.6%""}, ""plateau_r2_full_penalty"": {""pts"": 0, ""max"": 0, ""note"": ""R\u00b2(full)=0.919""}, ""elastic_modulus_penalty"": {""pts"": 0, ""max"": 0, ""note"": ""E=420.4 bar ok""}, ""bp1_accuracy_penalty"": {""pts"": -30, ""max"": 0, ""note"": ""plateau spans 68% of remaining stress \u2014 elastic peak likely wrong | GAM slope stable in early plateau (drop=36%) \u2014 ok""}, ""changepoint_curvature_penalty"": {""pts"": 0, ""max"": 0, ""note"": ""d2_norm=1.95, linear_stretch=47%""}, ""slope_ratio_penalty"": {""pts"": 0, ""max"": 0, ""note"": ""plateau/elastic slope ratio=0.37 \u2014 good separation""}, ""_score_final"": {""pts"": 62, ""max"": 100, ""note"": ""no catastrophic applied""}}",46.69899392711761,-1.913530136760284,75,10,17.5,0.0,14,True,45,1550,Primospire,NMP,none,none,0.0,
"2026-09-14
19:03:07",19-0add-15deg-cosolv-none-bathSolv-none-0wt-30s-N2-1600s | rep 2,sample 14,131.73184687473434,550.4322667905285,56.46395312089828,263.48782851501056,545.7134720887292,0.1115770765770566,0.0,0.092668426154656,0.1920347012956422,0.3667859251647927,,True,96.0,"{""elastic_r2"": {""pts"": 29, ""max"": 30, ""note"": ""NRMSE-score=0.956 (RMSE=2.53, range=57.18)""}, ""plateau_r2_start"": {""pts"": 14, ""max"": 15, ""note"": ""R\u00b2(first 40%)=0.912""}, ""densification_r2"": {""pts"": 15, ""max"": 15, ""note"": ""R\u00b2=0.968""}, ""yield_accuracy"": {""pts"": 25, ""max"": 25, ""note"": ""elastic tail undershoots data by 2.5% of elastic range""}, ""junction_continuity"": {""pts"": 13, ""max"": 15, ""note"": ""gap=1.5%""}, ""plateau_r2_full_penalty"": {""pts"": 0, ""max"": 0, ""note"": ""R\u00b2(full)=0.988""}, ""elastic_modulus_penalty"": {""pts"": 0, ""max"": 0, ""note"": ""E=550.4 bar ok""}, ""bp1_accuracy_penalty"": {""pts"": 0, ""max"": 0, ""note"": ""plateau spans 50% of remaining stress \u2014 ok | GAM slope stable in early plateau (drop=19%) \u2014 ok""}, ""changepoint_curvature_penalty"": {""pts"": 0, ""max"": 0, ""note"": ""d2_norm=3.27, linear_stretch=47%""}, ""slope_ratio_penalty"": {""pts"": 0, ""max"": 0, ""note"": ""plateau/elastic slope ratio=0.48 \u2014 good separation""}, ""_score_final"": {""pts"": 96, ""max"": 100, ""note"": ""no catastrophic applied""}}",49.90860345157813,0.1256407472230554,65,15,19.0,0.0,2,True,30,1600,Primospire,NMP,none,none,0.0,
"2026-09-14
19:03:07",19-0add-15deg-cosolv-none-bathSolv-none-0wt-30s-N2-1600s | rep 1,sample 13,126.13783444767436,783.9763742953875,47.66087394871661,258.8322458326919,592.5587316355314,0.1193361222433672,0.0178270300806353,0.0808823447736152,0.1951206195560466,0.3573593434184107,,False,60.0,"{""elastic_r2"": {""pts"": 27, ""max"": 30, ""note"": ""NRMSE-score=0.914 (RMSE=4.11, range=47.87)""}, ""plateau_r2_start"": {""pts"": 14, ""max"": 15, ""note"": ""R\u00b2(first 40%)=0.940""}, ""densification_r2"": {""pts"": 14, ""max"": 15, ""note"": ""R\u00b2=0.960""}, ""yield_accuracy"": {""pts"": 25, ""max"": 25, ""note"": ""elastic tail undershoots data by 2.0% of elastic range""}, ""junction_continuity"": {""pts"": 15, ""max"": 15, ""note"": ""gap=0.3%""}, ""plateau_r2_full_penalty"": {""pts"": 0, ""max"": 0, ""note"": ""R\u00b2(full)=0.985""}, ""elastic_modulus_penalty"": {""pts"": 0, ""max"": 0, ""note"": ""E=784.0 bar ok""}, ""bp1_accuracy_penalty"": {""pts"": -35, ""max"": 0, ""note"": ""plateau spans 52% of remaining stress \u2014 elastic peak likely wrong | GAM slope drops 41% in early plateau \u2014 bp1 suspect""}, ""changepoint_curvature_penalty"": {""pts"": 0, ""max"": 0, ""note"": ""d2_norm=1.18, linear_stretch=20%""}, ""slope_ratio_penalty"": {""pts"": 0, ""max"": 0, ""note"": ""plateau/elastic slope ratio=0.33 \u2014 good separation""}, ""_score_final"": {""pts"": 60, ""max"": 100, ""note"": ""no catastrophic applied""}}",48.51942394784084,0.1256407472230554,65,15,19.0,0.0,2,True,30,1600,Primospire,NMP,none,none,0.0,
"2026-09-14
19:03:07",19-0add-15deg-cosolv-none-bathSolv-none-0wt-30s-N2-1600s | rep 3,sample 15,129.5749146537081,431.76510452725455,66.70286355621637,279.46618890174994,461.43011547466045,0.1199668711460264,0.0453088528202512,0.1264751149954098,0.2194046370211047,0.3889107766901581,,True,86.0,"{""elastic_r2"": {""pts"": 28, ""max"": 30, ""note"": ""NRMSE-score=0.927 (RMSE=5.00, range=68.35)""}, ""plateau_r2_start"": {""pts"": 13, ""max"": 15, ""note"": ""R\u00b2(first 40%)=0.858""}, ""densification_r2"": {""pts"": 14, ""max"": 15, ""note"": ""R\u00b2=0.957""}, ""yield_accuracy"": {""pts"": 25, ""max"": 25, ""note"": ""elastic tail undershoots data by 4.2% of elastic range""}, ""junction_continuity"": {""pts"": 14, ""max"": 15, ""note"": ""gap=0.7%""}, ""plateau_r2_full_penalty"": {""pts"": 0, ""max"": 0, ""note"": ""R\u00b2(full)=0.976""}, ""elastic_modulus_penalty"": {""pts"": 0, ""max"": 0, ""note"": ""E=431.8 bar ok""}, ""bp1_accuracy_penalty"": {""pts"": 0, ""max"": 0, ""note"": ""plateau spans 32% of remaining stress \u2014 ok | GAM slope stable in early plateau (drop=6%) \u2014 ok""}, ""changepoint_curvature_penalty"": {""pts"": -1, ""max"": 0, ""note"": ""d2_norm=0.77, linear_stretch=23%""}, ""slope_ratio_penalty"": {""pts"": -7, ""max"": 0, ""note"": ""plateau/elastic slope ratio=0.65 \u2014 nearly parallel (-7 pts)""}, ""_score_final"": {""pts"": 86, ""max"": 100, ""note"": ""no catastrophic applied""}}",52.476955974266176,0.1256407472230554,65,15,19.0,0.0,2,True,30,1600,Primospire,NMP,none,none,0.0,
"2026-09-14
19:03:07",19-0add-15deg-cosolv-none-bathSolv-none-0wt-30s-N2-1600s | rep 4,sample 16,133.73911121379774,576.1443054328972,63.07493510570242,267.48065076528303,548.2876029672613,0.1221013696279782,0.0616899857881346,0.1434495540965308,0.2403160645501214,,,False,64.0,"{""elastic_r2"": {""pts"": 29, ""max"": 30, ""note"": ""NRMSE-score=0.959 (RMSE=2.36, range=57.01)""}, ""plateau_r2_start"": {""pts"": 13, ""max"": 15, ""note"": ""R\u00b2(first 40%)=0.889""}, ""densification_r2"": {""pts"": 14, ""max"": 15, ""note"": ""R\u00b2=0.965""}, ""yield_accuracy"": {""pts"": 25, ""max"": 25, ""note"": ""elastic tail undershoots data by 1.3% of elastic range""}, ""junction_continuity"": {""pts"": 13, ""max"": 15, ""note"": ""gap=2.2%""}, ""plateau_r2_full_penalty"": {""pts"": 0, ""max"": 0, ""note"": ""R\u00b2(full)=0.989""}, ""elastic_modulus_penalty"": {""pts"": 0, ""max"": 0, ""note"": ""E=576.1 bar ok""}, ""bp1_accuracy_penalty"": {""pts"": -30, ""max"": 0, ""note"": ""plateau spans 53% of remaining stress \u2014 elastic peak likely wrong | GAM slope stable in early plateau (drop=9%) \u2014 ok""}, ""changepoint_curvature_penalty"": {""pts"": 0, ""max"": 0, ""note"": ""d2_norm=1.29, linear_stretch=30%""}, ""slope_ratio_penalty"": {""pts"": 0, ""max"": 0, ""note"": ""plateau/elastic slope ratio=0.46 \u2014 good separation""}, ""_score_final"": {""pts"": 64, ""max"": 100, ""note"": ""no catastrophic applied""}}",51.47540982455287,0.1256407472230554,65,15,19.0,0.0,2,True,30,1600,Primospire,NMP,none,none,0.0,
"2026-09-14
21:12:19",17p5-0add-10deg-cosolv-none-bathSolv-none-0wt-15s-N2-1800s_run2 | rep 4,sample 24,136.85422420541863,573.100397336981,55.0907409320958,,,0.1296766255835801,0.0,0.0971649052454906,0.2225983034309383,,,False,0.0,,48.654119581427146,0.0984352509390168,65,10,17.5,0.0,6,True,15,1800,Primospire,NMP,none,none,0.0,
"2026-09-14
21:12:19",17p5-0add-10deg-cosolv-none-bathSolv-none-0wt-15s-N2-1800s_run2 | rep 3,sample 23,134.77188109880353,695.5256509049354,51.03319120339032,260.4760418191496,491.0647373851966,0.1289207215538966,0.0250324216737767,0.0885411203519149,0.2207147403683655,,,False,57.0,"{""elastic_r2"": {""pts"": 27, ""max"": 30, ""note"": ""NRMSE-score=0.915 (RMSE=4.25, range=49.79)""}, ""plateau_r2_start"": {""pts"": 13, ""max"": 15, ""note"": ""R\u00b2(first 40%)=0.857""}, ""densification_r2"": {""pts"": 14, ""max"": 15, ""note"": ""R\u00b2=0.956""}, ""yield_accuracy"": {""pts"": 25, ""max"": 25, ""note"": ""elastic tail undershoots data by 2.5% of elastic range""}, ""junction_continuity"": {""pts"": 13, ""max"": 15, ""note"": ""gap=2.0%""}, ""plateau_r2_full_penalty"": {""pts"": 0, ""max"": 0, ""note"": ""R\u00b2(full)=0.930""}, ""elastic_modulus_penalty"": {""pts"": 0, ""max"": 0, ""note"": ""E=695.5 bar ok""}, ""bp1_accuracy_penalty"": {""pts"": -35, ""max"": 0, ""note"": ""plateau spans 62% of remaining stress \u2014 elastic peak likely wrong | GAM slope drops 47% in early plateau \u2014 bp1 suspect""}, ""changepoint_curvature_penalty"": {""pts"": 0, ""max"": 0, ""note"": ""d2_norm=3.87, linear_stretch=17%""}, ""slope_ratio_penalty"": {""pts"": 0, ""max"": 0, ""note"": ""plateau/elastic slope ratio=0.37 \u2014 good separation""}, ""_score_final"": {""pts"": 57, ""max"": 100, ""note"": ""no catastrophic applied""}}",49.31523746538308,0.0984352509390168,65,10,17.5,0.0,6,True,15,1800,Primospire,NMP,none,none,0.0,
"2026-09-14
21:12:19",17p5-0add-10deg-cosolv-none-bathSolv-none-0wt-15s-N2-1800s_run2 | rep 1,sample 21,136.21980295481728,997.0172445938692,44.70341822562513,261.6819012368484,510.1634909956341,0.141656359821429,0.0,0.0774031187344717,0.2177900208579972,,,False,62.0,"{""elastic_r2"": {""pts"": 27, ""max"": 30, ""note"": ""NRMSE-score=0.900 (RMSE=4.42, range=44.28)""}, ""plateau_r2_start"": {""pts"": 14, ""max"": 15, ""note"": ""R\u00b2(first 40%)=0.909""}, ""densification_r2"": {""pts"": 14, ""max"": 15, ""note"": ""R\u00b2=0.930""}, ""yield_accuracy"": {""pts"": 25, ""max"": 25, ""note"": ""elastic tail undershoots data by 5.6% of elastic range""}, ""junction_continuity"": {""pts"": 12, ""max"": 15, ""note"": ""gap=2.6%""}, ""plateau_r2_full_penalty"": {""pts"": 0, ""max"": 0, ""note"": ""R\u00b2(full)=0.938""}, ""elastic_modulus_penalty"": {""pts"": 0, ""max"": 0, ""note"": ""E=997.0 bar ok""}, ""bp1_accuracy_penalty"": {""pts"": -30, ""max"": 0, ""note"": ""plateau spans 72% of remaining stress \u2014 elastic peak likely wrong | GAM slope stable in early plateau (drop=36%) \u2014 ok""}, ""changepoint_curvature_penalty"": {""pts"": 0, ""max"": 0, ""note"": ""d2_norm=6.11, linear_stretch=67%""}, ""slope_ratio_penalty"": {""pts"": 0, ""max"": 0, ""note"": ""plateau/elastic slope ratio=0.26 \u2014 good separation""}, ""_score_final"": {""pts"": 62, ""max"": 100, ""note"": ""no catastrophic applied""}}",47.95502913526526,0.0984352509390168,65,10,17.5,0.0,6,True,15,1800,Primospire,NMP,none,none,0.0,
"2026-09-14
21:12:19",17p5-0add-10deg-cosolv-none-bathSolv-none-0wt-15s-N2-1800s_run2 | rep 2,sample 22,140.94377035294667,474.7204003779564,56.19932403483422,201.17480552831205,464.2924523791252,0.1464663793228028,0.0452053131807526,0.1239709205228252,0.2583789063804097,0.450321653519839,,True,96.0,"{""elastic_r2"": {""pts"": 28, ""max"": 30, ""note"": ""NRMSE-score=0.939 (RMSE=3.46, range=56.89)""}, ""plateau_r2_start"": {""pts"": 13, ""max"": 15, ""note"": ""R\u00b2(first 40%)=0.894""}, ""densification_r2"": {""pts"": 15, ""max"": 15, ""note"": ""R\u00b2=0.978""}, ""yield_accuracy"": {""pts"": 25, ""max"": 25, ""note"": ""elastic tail undershoots data by 3.0% of elastic range""}, ""junction_continuity"": {""pts"": 15, ""max"": 15, ""note"": ""gap=0.0%""}, ""plateau_r2_full_penalty"": {""pts"": 0, ""max"": 0, ""note"": ""R\u00b2(full)=0.979""}, ""elastic_modulus_penalty"": {""pts"": 0, ""max"": 0, ""note"": ""E=474.7 bar ok""}, ""bp1_accuracy_penalty"": {""pts"": 0, ""max"": 0, ""note"": ""plateau spans 42% of remaining stress \u2014 ok | GAM slope stable in early plateau (drop=29%) \u2014 ok""}, ""changepoint_curvature_penalty"": {""pts"": 0, ""max"": 0, ""note"": ""d2_norm=1.12, linear_stretch=10%""}, ""slope_ratio_penalty"": {""pts"": 0, ""max"": 0, ""note"": ""plateau/elastic slope ratio=0.42 \u2014 good separation""}, ""_score_final"": {""pts"": 96, ""max"": 100, ""note"": ""no catastrophic applied""}}",50.60055074802883,0.0984352509390168,65,10,17.5,0.0,6,True,15,1800,Primospire,NMP,none,none,0.0,
"2026-09-14
23:08:32",17-0add-5deg-cosolv-none-bathSolv-none-0wt-0s-N2-1200s | rep 2,sample 30,147.003859314999,527.3457883594348,43.38845843266764,211.9327574349849,680.0021144012347,0.1083035003962635,0.0255435704316197,0.1177531519757018,0.2572885811241753,0.3895217261426811,,True,88.0,"{""elastic_r2"": {""pts"": 28, ""max"": 30, ""note"": ""NRMSE-score=0.928 (RMSE=3.16, range=44.13)""}, ""plateau_r2_start"": {""pts"": 14, ""max"": 15, ""note"": ""R\u00b2(first 40%)=0.949""}, ""densification_r2"": {""pts"": 14, ""max"": 15, ""note"": ""R\u00b2=0.956""}, ""yield_accuracy"": {""pts"": 25, ""max"": 25, ""note"": ""elastic tail undershoots data by 3.7% of elastic range""}, ""junction_continuity"": {""pts"": 12, ""max"": 15, ""note"": ""gap=3.0%""}, ""plateau_r2_full_penalty"": {""pts"": 0, ""max"": 0, ""note"": ""R\u00b2(full)=0.973""}, ""elastic_modulus_penalty"": {""pts"": 0, ""max"": 0, ""note"": ""E=527.3 bar ok""}, ""bp1_accuracy_penalty"": {""pts"": -5, ""max"": 0, ""note"": ""plateau spans 42% of remaining stress \u2014 ok | GAM slope drops 41% in early plateau \u2014 bp1 suspect""}, ""changepoint_curvature_penalty"": {""pts"": 0, ""max"": 0, ""note"": ""d2_norm=4.22, linear_stretch=13%""}, ""slope_ratio_penalty"": {""pts"": 0, ""max"": 0, ""note"": ""plateau/elastic slope ratio=0.40 \u2014 good separation""}, ""_score_final"": {""pts"": 88, ""max"": 100, ""note"": ""no catastrophic applied""}}",49.14436916849524,0.0696856785064948,35,5,17.0,0.0,8,True,0,1200,Primospire,NMP,none,none,0.0,
"2026-09-14
23:08:32",17-0add-5deg-cosolv-none-bathSolv-none-0wt-0s-N2-1200s | rep 4,sample 32,140.9023544000816,701.4008246767585,35.62654379523789,179.0631537346107,589.1067662878257,0.1057052738655404,0.0,0.1286911686606812,0.2674454722388691,0.4062000151630821,,True,91.0,"{""elastic_r2"": {""pts"": 28, ""max"": 30, ""note"": ""NRMSE-score=0.924 (RMSE=2.72, range=35.62)""}, ""plateau_r2_start"": {""pts"": 14, ""max"": 15, ""note"": ""R\u00b2(first 40%)=0.956""}, ""densification_r2"": {""pts"": 14, ""max"": 15, ""note"": ""R\u00b2=0.963""}, ""yield_accuracy"": {""pts"": 25, ""max"": 25, ""note"": ""elastic tail undershoots data by 3.3% of elastic range""}, ""junction_continuity"": {""pts"": 15, ""max"": 15, ""note"": ""gap=0.1%""}, ""plateau_r2_full_penalty"": {""pts"": 0, ""max"": 0, ""note"": ""R\u00b2(full)=0.965""}, ""elastic_modulus_penalty"": {""pts"": 0, ""max"": 0, ""note"": ""E=701.4 bar ok""}, ""bp1_accuracy_penalty"": {""pts"": -5, ""max"": 0, ""note"": ""plateau spans 38% of remaining stress \u2014 ok | GAM slope drops 44% in early plateau \u2014 bp1 suspect""}, ""changepoint_curvature_penalty"": {""pts"": 0, ""max"": 0, ""note"": ""d2_norm=1.54, linear_stretch=23%""}, ""slope_ratio_penalty"": {""pts"": 0, ""max"": 0, ""note"": ""plateau/elastic slope ratio=0.26 \u2014 good separation""}, ""_score_final"": {""pts"": 91, ""max"": 100, ""note"": ""no catastrophic applied""}}",48.86840278158857,0.0696856785064948,35,5,17.0,0.0,8,True,0,1200,Primospire,NMP,none,none,0.0,
"2026-09-14
23:08:32",17-0add-5deg-cosolv-none-bathSolv-none-0wt-0s-N2-1200s | rep 3,sample 31,147.58643749185046,487.6928318671336,37.86821905638635,-207.73142695026004,585.8021307276216,0.1054379794130131,0.0407527395391276,0.1513886665059771,0.2873378191996382,0.4207907395264225,,False,60.0,"{""elastic_r2"": {""pts"": 27, ""max"": 30, ""note"": ""NRMSE-score=0.916 (RMSE=3.23, range=38.49)""}, ""plateau_r2_start"": {""pts"": 0, ""max"": 15, ""note"": ""R\u00b2(first 40%)=-18.408""}, ""densification_r2"": {""pts"": 7, ""max"": 15, ""note"": ""R\u00b2=0.486""}, ""yield_accuracy"": {""pts"": 25, ""max"": 25, ""note"": ""elastic tail undershoots data by 5.4% of elastic range""}, ""junction_continuity"": {""pts"": 14, ""max"": 15, ""note"": ""gap=0.6%""}, ""plateau_r2_full_penalty"": {""pts"": -10, ""max"": 0, ""note"": ""R\u00b2(full)=-17.529""}, ""elastic_modulus_penalty"": {""pts"": 0, ""max"": 0, ""note"": ""E=487.7 bar ok""}, ""bp1_accuracy_penalty"": {""pts"": 0, ""max"": 0, ""note"": ""plateau spans -20% of remaining stress \u2014 ok | GAM slope stable in early plateau (drop=32%) \u2014 ok""}, ""changepoint_curvature_penalty"": {""pts"": -3, ""max"": 0, ""note"": ""d2_norm=0.00, linear_stretch=30%""}, ""slope_ratio_penalty"": {""pts"": 0, ""max"": 0, ""note"": ""plateau/elastic slope ratio=-0.43 \u2014 good separation""}, ""_score_final"": {""pts"": 60, ""max"": 100, ""note"": ""no catastrophic applied""}}",50.24678449359005,0.0696856785064948,35,5,17.0,0.0,8,True,0,1200,Primospire,NMP,none,none,0.0,
"2026-09-14
23:08:32",17-0add-5deg-cosolv-none-bathSolv-none-0wt-0s-N2-1200s | rep 1,sample 29,149.4435287499298,479.157502263918,43.41548192453814,229.44753374029017,648.263242807919,0.1045931481115524,0.0150838459526188,0.1243900091210028,0.2529345314957593,0.3809986404564658,,True,94.0,"{""elastic_r2"": {""pts"": 28, ""max"": 30, ""note"": ""NRMSE-score=0.943 (RMSE=2.42, range=42.63)""}, ""plateau_r2_start"": {""pts"": 14, ""max"": 15, ""note"": ""R\u00b2(first 40%)=0.927""}, ""densification_r2"": {""pts"": 14, ""max"": 15, ""note"": ""R\u00b2=0.959""}, ""yield_accuracy"": {""pts"": 25, ""max"": 25, ""note"": ""elastic tail undershoots data by 2.2% of elastic range""}, ""junction_continuity"": {""pts"": 14, ""max"": 15, ""note"": ""gap=0.7%""}, ""plateau_r2_full_penalty"": {""pts"": 0, ""max"": 0, ""note"": ""R\u00b2(full)=0.978""}, ""elastic_modulus_penalty"": {""pts"": 0, ""max"": 0, ""note"": ""E=479.2 bar ok""}, ""bp1_accuracy_penalty"": {""pts"": 0, ""max"": 0, ""note"": ""plateau spans 42% of remaining stress \u2014 ok | GAM slope stable in early plateau (drop=31%) \u2014 ok""}, ""changepoint_curvature_penalty"": {""pts"": -1, ""max"": 0, ""note"": ""d2_norm=0.77, linear_stretch=27%""}, ""slope_ratio_penalty"": {""pts"": 0, ""max"": 0, ""note"": ""plateau/elastic slope ratio=0.48 \u2014 good separation""}, ""_score_final"": {""pts"": 94, ""max"": 100, ""note"": ""no catastrophic applied""}}",49.961935208291074,0.0696856785064948,35,5,17.0,0.0,8,True,0,1200,Primospire,NMP,none,none,0.0,
"2026-09-15
01:15:32",18-0add-5deg-cosolv-none-bathSolv-none-0wt-270s-N2-1700s | rep 2,sample 38,158.9204064034915,719.2872975343718,46.98643434875525,237.73696812848144,497.4226054998936,0.1170218846359453,0.0,0.0800409079994002,0.2083052499340032,0.3901900100736861,,False,60.0,"{""elastic_r2"": {""pts"": 28, ""max"": 30, ""note"": ""NRMSE-score=0.950 (RMSE=2.41, range=47.98)""}, ""plateau_r2_start"": {""pts"": 14, ""max"": 15, ""note"": ""R\u00b2(first 40%)=0.949""}, ""densification_r2"": {""pts"": 14, ""max"": 15, ""note"": ""R\u00b2=0.966""}, ""yield_accuracy"": {""pts"": 25, ""max"": 25, ""note"": ""elastic tail undershoots data by 0.3% of elastic range""}, ""junction_continuity"": {""pts"": 14, ""max"": 15, ""note"": ""gap=0.6%""}, ""plateau_r2_full_penalty"": {""pts"": 0, ""max"": 0, ""note"": ""R\u00b2(full)=0.989""}, ""elastic_modulus_penalty"": {""pts"": 0, ""max"": 0, ""note"": ""E=719.3 bar ok""}, ""bp1_accuracy_penalty"": {""pts"": -35, ""max"": 0, ""note"": ""plateau spans 54% of remaining stress \u2014 elastic peak likely wrong | GAM slope drops 51% in early plateau \u2014 bp1 suspect""}, ""changepoint_curvature_penalty"": {""pts"": 0, ""max"": 0, ""note"": ""d2_norm=2.09, linear_stretch=37%""}, ""slope_ratio_penalty"": {""pts"": 0, ""max"": 0, ""note"": ""plateau/elastic slope ratio=0.33 \u2014 good separation""}, ""_score_final"": {""pts"": 60, ""max"": 100, ""note"": ""no catastrophic applied""}}",44.98774605177331,0.0866162254514723,25,5,18.0,0.0,17,True,270,1700,Primospire,NMP,none,none,0.0,
"2026-09-15
01:15:32",18-0add-5deg-cosolv-none-bathSolv-none-0wt-270s-N2-1700s | rep 3,sample 39,160.2524004766494,817.5990412476416,30.804793792979076,403.08025903104783,522.7075654140333,0.1076768900650818,0.0,0.0879221486388591,0.2102555296070341,0.3677111067148594,,False,27.0,"{""elastic_r2"": {""pts"": 27, ""max"": 30, ""note"": ""NRMSE-score=0.909 (RMSE=2.95, range=32.38)""}, ""plateau_r2_start"": {""pts"": 0, ""max"": 15, ""note"": ""insufficient data""}, ""densification_r2"": {""pts"": 0, ""max"": 15, ""note"": ""insufficient data""}, ""yield_accuracy"": {""pts"": 25, ""max"": 25, ""note"": ""elastic tail undershoots data by 4.3% of elastic range""}, ""junction_continuity"": {""pts"": 10, ""max"": 15, ""note"": ""gap=4.6%""}, ""elastic_modulus_penalty"": {""pts"": 0, ""max"": 0, ""note"": ""E=817.6 bar ok""}, ""bp1_accuracy_penalty"": {""pts"": -35, ""max"": 0, ""note"": ""plateau spans 141% of remaining stress \u2014 elastic peak likely wrong | GAM slope drops 47% in early plateau \u2014 bp1 suspect""}, ""slope_ratio_penalty"": {""pts"": 0, ""max"": 0, ""note"": ""plateau/elastic slope ratio=0.49 \u2014 good separation""}, ""_score_final"": {""pts"": 27, ""max"": 100, ""note"": ""no catastrophic applied""}}",47.15228109598824,0.0866162254514723,25,5,18.0,0.0,17,True,270,1700,Primospire,NMP,none,none,0.0,
"2026-09-15
01:15:32",18-0add-5deg-cosolv-none-bathSolv-none-0wt-270s-N2-1700s | rep 1,sample 37,156.23057049805678,919.0883806920004,32.4030350462287,,,0.1172858564915072,0.0,0.0784273359127895,0.212217765324515,,,False,0.0,,46.304505306794624,0.0866162254514723,25,5,18.0,0.0,17,True,270,1700,Primospire,NMP,none,none,0.0,
"2026-09-15
01:15:32",18-0add-5deg-cosolv-none-bathSolv-none-0wt-270s-N2-1700s | rep 4,sample 40,154.35728298748407,1391.797220010396,42.36644967479508,402.40708413354696,482.6379757940988,0.1233775228161777,0.0,0.0451842657087958,0.1807655330535786,,,False,26.0,"{""elastic_r2"": {""pts"": 25, ""max"": 30, ""note"": ""NRMSE-score=0.839 (RMSE=6.50, range=40.43)""}, ""plateau_r2_start"": {""pts"": 0, ""max"": 15, ""note"": ""insufficient data""}, ""densification_r2"": {""pts"": 0, ""max"": 15, ""note"": ""insufficient data""}, ""yield_accuracy"": {""pts"": 25, ""max"": 25, ""note"": ""elastic tail undershoots data by 5.3% of elastic range""}, ""junction_continuity"": {""pts"": 6, ""max"": 15, ""note"": ""gap=8.6%""}, ""elastic_modulus_penalty"": {""pts"": 0, ""max"": 0, ""note"": ""E=1391.8 bar ok""}, ""bp1_accuracy_penalty"": {""pts"": -30, ""max"": 0, ""note"": ""plateau spans 145% of remaining stress \u2014 elastic peak likely wrong | GAM slope stable in early plateau (drop=-28%) \u2014 ok""}, ""slope_ratio_penalty"": {""pts"": 0, ""max"": 0, ""note"": ""plateau/elastic slope ratio=0.29 \u2014 good separation""}, ""_score_final"": {""pts"": 26, ""max"": 100, ""note"": ""no catastrophic applied""}}",45.41269261794591,0.0866162254514723,25,5,18.0,0.0,17,True,270,1700,Primospire,NMP,none,none,0.0,
"2026-09-15
03:25:06",18p5-0add-5deg-cosolv-none-bathSolv-none-0wt-330s-NoN2-1800s | rep 3,sample 47,140.1319979865077,555.0238340725672,51.05986045308785,272.984734571698,564.8858104784283,0.11973221445235172,0.0,0.10198116301235771,0.21264608949659003,0.3957898563597265,,False,62.0,"{""elastic_r2"": {""pts"": 29, ""max"": 30, ""note"": ""NRMSE-score=0.953 (RMSE=2.41, range=50.80)""}, ""plateau_r2_start"": {""pts"": 14, ""max"": 15, ""note"": ""R\u00b2(first 40%)=0.958""}, ""densification_r2"": {""pts"": 14, ""max"": 15, ""note"": ""R\u00b2=0.958""}, ""yield_accuracy"": {""pts"": 25, ""max"": 25, ""note"": ""elastic tail undershoots data by 0.9% of elastic range""}, ""junction_continuity"": {""pts"": 15, ""max"": 15, ""note"": ""gap=0.1%""}, ""plateau_r2_full_penalty"": {""pts"": 0, ""max"": 0, ""note"": ""R\u00b2(full)=0.986""}, ""elastic_modulus_penalty"": {""pts"": 0, ""max"": 0, ""note"": ""E=555.0 bar ok""}, ""bp1_accuracy_penalty"": {""pts"": -35, ""max"": 0, ""note"": ""plateau spans 60% of remaining stress \u2014 elastic peak likely wrong | GAM slope drops 44% in early plateau \u2014 bp1 suspect""}, ""changepoint_curvature_penalty"": {""pts"": 0, ""max"": 0, ""note"": ""d2_norm=2.22, linear_stretch=20%""}, ""slope_ratio_penalty"": {""pts"": 0, ""max"": 0, ""note"": ""plateau/elastic slope ratio=0.49 \u2014 good separation""}, ""_score_final"": {""pts"": 62, ""max"": 100, ""note"": ""no catastrophic applied""}}",48.25891626619077,0.1417725462684115,25,5,18.5,0.0,19,False,330,1800,Primospire,NMP,none,none,0.0,
"2026-09-15
03:25:06",18p5-0add-5deg-cosolv-none-bathSolv-none-0wt-330s-NoN2-1800s | rep 1,sample 45,131.04424071509607,667.126655495392,45.073760613122616,249.4377580197253,455.93585962574497,0.12513995757425445,0.0,0.07250292303112982,0.1913293554387382,,,True,94.0,"{""elastic_r2"": {""pts"": 25, ""max"": 30, ""note"": ""NRMSE-score=0.834 (RMSE=7.32, range=44.25)""}, ""plateau_r2_start"": {""pts"": 14, ""max"": 15, ""note"": ""R\u00b2(first 40%)=0.949""}, ""densification_r2"": {""pts"": 15, ""max"": 15, ""note"": ""R\u00b2=0.971""}, ""yield_accuracy"": {""pts"": 25, ""max"": 25, ""note"": ""elastic tail undershoots data by 3.5% of elastic range""}, ""junction_continuity"": {""pts"": 15, ""max"": 15, ""note"": ""gap=0.2%""}, ""plateau_r2_full_penalty"": {""pts"": 0, ""max"": 0, ""note"": ""R\u00b2(full)=0.989""}, ""elastic_modulus_penalty"": {""pts"": 0, ""max"": 0, ""note"": ""E=667.1 bar ok""}, ""bp1_accuracy_penalty"": {""pts"": 0, ""max"": 0, ""note"": ""plateau spans 49% of remaining stress \u2014 ok | GAM slope stable in early plateau (drop=-4%) \u2014 ok""}, ""changepoint_curvature_penalty"": {""pts"": 0, ""max"": 0, ""note"": ""d2_norm=2.28, linear_stretch=30%""}, ""slope_ratio_penalty"": {""pts"": 0, ""max"": 0, ""note"": ""plateau/elastic slope ratio=0.37 \u2014 good separation""}, ""_score_final"": {""pts"": 94, ""max"": 100, ""note"": ""no catastrophic applied""}}",48.65444399221001,0.1417725462684115,25,5,18.5,0.0,19,False,330,1800,Primospire,NMP,none,none,0.0,
"2026-09-15
03:25:06",18p5-0add-5deg-cosolv-none-bathSolv-none-0wt-330s-NoN2-1800s | rep 2,sample 46,143.02762674818806,405.45123756914074,52.26465567045778,335.4588152484635,436.39127823426827,0.1153197879176513,0.03901052592042254,0.15312724839835778,0.2570559651478721,,,False,49.0,"{""elastic_r2"": {""pts"": 29, ""max"": 30, ""note"": ""NRMSE-score=0.966 (RMSE=1.70, range=49.78)""}, ""plateau_r2_start"": {""pts"": 13, ""max"": 15, ""note"": ""R\u00b2(first 40%)=0.869""}, ""densification_r2"": {""pts"": 13, ""max"": 15, ""note"": ""R\u00b2=0.877""}, ""yield_accuracy"": {""pts"": 25, ""max"": 25, ""note"": ""elastic tail undershoots data by 1.5% of elastic range""}, ""junction_continuity"": {""pts"": 14, ""max"": 15, ""note"": ""gap=0.6%""}, ""plateau_r2_full_penalty"": {""pts"": 0, ""max"": 0, ""note"": ""R\u00b2(full)=0.907""}, ""elastic_modulus_penalty"": {""pts"": 0, ""max"": 0, ""note"": ""E=405.5 bar ok""}, ""bp1_accuracy_penalty"": {""pts"": -30, ""max"": 0, ""note"": ""plateau spans 74% of remaining stress \u2014 elastic peak likely wrong | GAM slope stable in early plateau (drop=24%) \u2014 ok""}, ""changepoint_curvature_penalty"": {""pts"": 0, ""max"": 0, ""note"": ""d2_norm=7.85, linear_stretch=33%""}, ""slope_ratio_penalty"": {""pts"": -15, ""max"": 0, ""note"": ""plateau/elastic slope ratio=0.83 \u2014 nearly parallel (-15 pts)""}, ""_score_final"": {""pts"": 49, ""max"": 100, ""note"": ""no catastrophic applied""}}",51.33696305095316,0.1417725462684115,25,5,18.5,0.0,19,False,330,1800,Primospire,NMP,none,none,0.0,
"2026-09-15
03:25:06",18p5-0add-5deg-cosolv-none-bathSolv-none-0wt-330s-NoN2-1800s | rep 4,sample 48,141.6390841005562,466.1764664156014,59.10067672141066,,,0.12057143509468848,0.030966012930313314,0.1178837261359178,0.22611317698501698,0.40777348750872056,,False,0.0,,48.07125821834859,0.1417725462684115,25,5,18.5,0.0,19,False,330,1800,Primospire,NMP,none,none,0.0,
