Time (sec),S:Load (lbs),S:HL1 (DIM),S:LVDT (in),S:Position (in),Ch:Position (mm),Ch:Load (N),Ch:Stress (MPa),Ch:Strain (mm/mm),Ch:HL1 (DIM),Set Point (),Cycles ()
4370.900391,-0.353378,-1011.808167,-0.014310,-0.314962,-8.000045,-1.571905,-0.080077,-80.000450,-1011.808167,3694.098389,0.000000
4371.000000,-0.346680,-1011.808167,-0.014310,-0.314962,-8.000045,-1.542108,-0.078559,-80.000450,-1011.808167,3694.182861,0.000000
4371.100098,-0.359711,-1011.808167,-0.014310,-0.314962,-8.000045,-1.600073,-0.081512,-80.000450,-1011.808167,3694.267822,0.000000
4371.200195,-0.351517,-1011.808167,-0.014310,-0.314962,-8.000045,-1.563625,-0.079655,-80.000450,-1011.808167,3694.352295,0.000000
4371.300293,-0.355621,-1011.808167,-0.014310,-0.314962,-8.000045,-1.581883,-0.080585,-80.000450,-1011.808167,3694.437256,0.000000
4371.400391,-0.354507,-1011.808167,-0.014310,-0.314962,-8.000045,-1.576928,-0.080333,-80.000450,-1011.808167,3694.522217,0.000000
4371.500000,-0.357101,-1011.808167,-0.014310,-0.314962,-8.000045,-1.588467,-0.080920,-80.000450,-1011.808167,3694.606689,0.000000
4371.600098,-0.350403,-1011.808167,-0.014310,-0.314962,-8.000045,-1.558670,-0.079402,-80.000450,-1011.808167,3694.691162,0.000000
4371.700195,-0.356735,-1011.808167,-0.014310,-0.314962,-8.000045,-1.586838,-0.080837,-80.000450,-1011.808167,3694.775879,0.000000
4371.800293,-0.345200,-1011.808167,-0.014310,-0.314962,-8.000045,-1.535524,-0.078223,-80.000450,-1011.808167,3694.860840,0.000000
4371.900391,-0.352646,-1011.808167,-0.014310,-0.314962,-8.000045,-1.568647,-0.079911,-80.000450,-1011.808167,3694.945312,0.000000
4372.000000,-0.347061,-1011.808167,-0.014310,-0.314962,-8.000045,-1.543805,-0.078645,-80.000450,-1011.808167,3695.030273,0.000000
4372.100098,-0.348175,-1011.808167,-0.014310,-0.314962,-8.000045,-1.548760,-0.078898,-80.000450,-1011.808167,3695.114746,0.000000
4372.200195,-0.355988,-1011.808167,-0.014310,-0.314962,-8.000045,-1.583512,-0.080668,-80.000450,-1011.808167,3695.199707,0.000000
4372.300293,-0.351517,-1011.808167,-0.014310,-0.314962,-8.000045,-1.563625,-0.079655,-80.000450,-1011.808167,3695.284180,0.000000
4372.400391,-0.363815,-1011.808167,-0.014310,-0.314962,-8.000045,-1.618331,-0.082442,-80.000450,-1011.808167,3695.368896,0.000000
4372.500000,-0.351151,-1011.808167,-0.014310,-0.314962,-8.000045,-1.561996,-0.079572,-80.000450,-1011.808167,3695.453857,0.000000
4372.600098,-0.353378,-1011.808167,-0.014310,-0.314962,-8.000045,-1.571905,-0.080077,-80.000450,-1011.808167,3695.538330,0.000000
4372.700195,-0.349289,-1011.808167,-0.014310,-0.314962,-8.000045,-1.553715,-0.079150,-80.000450,-1011.808167,3695.623291,0.000000
4372.800293,-0.345932,-1011.808167,-0.014310,-0.314962,-8.000045,-1.538782,-0.078389,-80.000450,-1011.808167,3695.707764,0.000000
4372.900391,-0.341095,-1011.808167,-0.014310,-0.314962,-8.000045,-1.517266,-0.077293,-80.000450,-1011.808167,3695.792480,0.000000
4373.000000,-0.354507,-1011.808167,-0.014310,-0.314962,-8.000045,-1.576928,-0.080333,-80.000450,-1011.808167,3695.877441,0.000000
4373.100098,-0.344070,-1011.808167,-0.014310,-0.314962,-8.000045,-1.530502,-0.077967,-80.000450,-1011.808167,3695.961914,0.000000
4373.200195,-0.354126,-1011.808167,-0.014310,-0.314962,-8.000045,-1.575231,-0.080246,-80.000450,-1011.808167,3696.046387,0.000000
4373.300293,-0.350037,-1011.808167,-0.014310,-0.314962,-8.000045,-1.557041,-0.079319,-80.000450,-1011.808167,3696.131348,0.000000
4373.400391,-0.352264,-1011.808167,-0.014310,-0.314962,-8.000045,-1.566950,-0.079824,-80.000450,-1011.808167,3696.216309,0.000000
4373.500000,-0.347061,-1011.808167,-0.014310,-0.314962,-8.000045,-1.543805,-0.078645,-80.000450,-1011.808167,3696.300781,0.000000
4373.600098,-0.356735,-1011.808167,-0.014310,-0.314962,-8.000045,-1.586838,-0.080837,-80.000450,-1011.808167,3696.385498,0.000000
4373.700195,-0.356735,-1011.808167,-0.014310,-0.314962,-8.000045,-1.586838,-0.080837,-80.000450,-1011.808167,3696.469971,0.000000
4373.800293,-0.351898,-1011.808167,-0.014310,-0.314962,-8.000045,-1.565321,-0.079741,-80.000450,-1011.808167,3696.554443,0.000000
4373.900391,-0.351517,-1011.808167,-0.014310,-0.314962,-8.000045,-1.563625,-0.079655,-80.000450,-1011.808167,3696.639893,0.000000
4374.000000,-0.357101,-1011.808167,-0.014310,-0.314962,-8.000045,-1.588467,-0.080920,-80.000450,-1011.808167,3696.724365,0.000000
4374.100098,-0.347794,-1011.808167,-0.014310,-0.314962,-8.000045,-1.547063,-0.078811,-80.000450,-1011.808167,3696.808838,0.000000
4374.200195,-0.347427,-1011.808167,-0.014310,-0.314962,-8.000045,-1.545434,-0.078728,-80.000450,-1011.808167,3696.893555,0.000000
4374.300293,-0.348175,-1011.808167,-0.014310,-0.314962,-8.000045,-1.548760,-0.078898,-80.000450,-1011.808167,3696.978516,0.000000
4374.400391,-0.350037,-1011.808167,-0.014310,-0.314962,-8.000045,-1.557041,-0.079319,-80.000450,-1011.808167,3697.062988,0.000000
4374.500000,-0.352264,-1011.808167,-0.014310,-0.314962,-8.000045,-1.566950,-0.079824,-80.000450,-1011.808167,3697.147949,0.000000
4374.600098,-0.342590,-1011.808167,-0.014310,-0.314962,-8.000045,-1.523918,-0.077632,-80.000450,-1011.808167,3697.232422,0.000000
4374.700195,-0.353378,-1011.808167,-0.014310,-0.314962,-8.000045,-1.571905,-0.080077,-80.000450,-1011.808167,3697.317383,0.000000
4374.800293,-0.351151,-1011.808167,-0.014310,-0.314962,-8.000045,-1.561996,-0.079572,-80.000450,-1011.808167,3697.401855,0.000000
4374.900391,-0.361572,-1011.808167,-0.014310,-0.314962,-8.000045,-1.608354,-0.081933,-80.000450,-1011.808167,3697.486572,0.000000
4375.000000,-0.354874,-1011.808167,-0.014310,-0.314962,-8.000045,-1.578557,-0.080416,-80.000450,-1011.808167,3697.571045,0.000000
4375.100098,-0.358963,-1011.808167,-0.014310,-0.314962,-8.000045,-1.596747,-0.081342,-80.000450,-1011.808167,3697.656006,0.000000
4375.200195,-0.353760,-1011.808167,-0.014310,-0.314962,-8.000045,-1.573602,-0.080163,-80.000450,-1011.808167,3697.740967,0.000000
4375.300293,-0.355621,-1011.808167,-0.014310,-0.314962,-8.000045,-1.581883,-0.080585,-80.000450,-1011.808167,3697.825439,0.000000
4375.400391,-0.354874,-1011.808167,-0.014310,-0.314962,-8.000045,-1.578557,-0.080416,-80.000450,-1011.808167,3697.910156,0.000000
4375.500000,-0.355988,-1011.808167,-0.014310,-0.314962,-8.000045,-1.583512,-0.080668,-80.000450,-1011.808167,3697.994873,0.000000
4375.600098,-0.353760,-1011.808167,-0.014310,-0.314962,-8.000045,-1.573602,-0.080163,-80.000450,-1011.808167,3698.079590,0.000000
4375.700195,-0.349289,-1011.808167,-0.014310,-0.314962,-8.000045,-1.553715,-0.079150,-80.000450,-1011.808167,3698.164062,0.000000
4375.800293,-0.357483,-1011.808167,-0.014310,-0.314962,-8.000045,-1.590163,-0.081007,-80.000450,-1011.808167,3698.249023,0.000000
4375.900391,-0.350037,-1011.808167,-0.014310,-0.314962,-8.000045,-1.557041,-0.079319,-80.000450,-1011.808167,3698.333496,0.000000
4376.000000,-0.361572,-1011.808167,-0.014310,-0.314962,-8.000045,-1.608354,-0.081933,-80.000450,-1011.808167,3698.418457,0.000000
4376.100098,-0.354507,-1011.808167,-0.014310,-0.314962,-8.000045,-1.576928,-0.080333,-80.000450,-1011.808167,3698.503174,0.000000
4376.200195,-0.350037,-1011.808167,-0.014310,-0.314962,-8.000045,-1.557041,-0.079319,-80.000450,-1011.808167,3698.587646,0.000000
4376.300293,-0.343704,-1011.808167,-0.014310,-0.314962,-8.000045,-1.528873,-0.077884,-80.000450,-1011.808167,3698.672363,0.000000
4376.400391,-0.346680,-1011.808167,-0.014310,-0.314962,-8.000045,-1.542108,-0.078559,-80.000450,-1011.808167,3698.757568,0.000000
4376.500000,-0.349289,-1011.808167,-0.014310,-0.314962,-8.000045,-1.553715,-0.079150,-80.000450,-1011.808167,3698.842041,0.000000
4376.600098,-0.354874,-1011.808167,-0.014310,-0.314962,-8.000045,-1.578557,-0.080416,-80.000450,-1011.808167,3698.926514,0.000000
4376.700195,-0.353012,-1011.808167,-0.014310,-0.314962,-8.000045,-1.570276,-0.079994,-80.000450,-1011.808167,3699.011475,0.000000
4376.800293,-0.351151,-1011.808167,-0.014310,-0.314962,-8.000045,-1.561996,-0.079572,-80.000450,-1011.808167,3699.096191,0.000000
4376.900391,-0.357849,-1011.808167,-0.014310,-0.314962,-8.000045,-1.591792,-0.081090,-80.000450,-1011.808167,3699.180664,0.000000
4377.000000,-0.349289,-1011.808167,-0.014310,-0.314962,-8.000045,-1.553715,-0.079150,-80.000450,-1011.808167,3699.265625,0.000000
4377.100098,-0.357101,-1011.808167,-0.014310,-0.314962,-8.000045,-1.588467,-0.080920,-80.000450,-1011.808167,3699.350098,0.000000
4377.200195,-0.351898,-1011.808167,-0.014310,-0.314962,-8.000045,-1.565321,-0.079741,-80.000450,-1011.808167,3699.434570,0.000000
4377.300293,-0.354507,-1011.808167,-0.014310,-0.314962,-8.000045,-1.576928,-0.080333,-80.000450,-1011.808167,3699.519531,0.000000
4377.400391,-0.353378,-1011.808167,-0.014310,-0.314962,-8.000045,-1.571905,-0.080077,-80.000450,-1011.808167,3699.604248,0.000000
4377.500000,-0.355988,-1011.808167,-0.014310,-0.314962,-8.000045,-1.583512,-0.080668,-80.000450,-1011.808167,3699.688965,0.000000
4377.600098,-0.358597,-1011.808167,-0.014310,-0.314962,-8.000045,-1.595118,-0.081259,-80.000450,-1011.808167,3699.773682,0.000000
4377.700195,-0.361954,-1011.808167,-0.014310,-0.314962,-8.000045,-1.610051,-0.082020,-80.000450,-1011.808167,3699.858643,0.000000
4377.800293,-0.356735,-1011.808167,-0.014310,-0.314962,-8.000045,-1.586838,-0.080837,-80.000450,-1011.808167,3699.943115,0.000000
4377.900391,-0.342590,-1011.808167,-0.014310,-0.314962,-8.000045,-1.523918,-0.077632,-80.000450,-1011.808167,3700.028076,0.000000
4378.000000,-0.352646,-1011.808167,-0.014310,-0.314962,-8.000045,-1.568647,-0.079911,-80.000450,-1011.808167,3700.112549,0.000000
4378.100098,-0.360092,-1011.808167,-0.014310,-0.314962,-8.000045,-1.601770,-0.081598,-80.000450,-1011.808167,3700.197021,0.000000
4378.200195,-0.348175,-1011.808167,-0.014310,-0.314962,-8.000045,-1.548760,-0.078898,-80.000450,-1011.808167,3700.281738,0.000000
4378.300293,-0.359344,-1011.808167,-0.014310,-0.314962,-8.000045,-1.598444,-0.081429,-80.000450,-1011.808167,3700.366699,0.000000
4378.400391,-0.356735,-1011.808167,-0.014310,-0.314962,-8.000045,-1.586838,-0.080837,-80.000450,-1011.808167,3700.451172,0.000000
4378.500000,-0.347794,-1011.808167,-0.014310,-0.314962,-8.000045,-1.547063,-0.078811,-80.000450,-1011.808167,3700.536133,0.000000
4378.600098,-0.353378,-1011.808167,-0.014310,-0.314962,-8.000045,-1.571905,-0.080077,-80.000450,-1011.808167,3700.620850,0.000000
4378.700195,-0.344818,-1011.808167,-0.014310,-0.314962,-8.000045,-1.533828,-0.078137,-80.000450,-1011.808167,3700.705566,0.000000
4378.800293,-0.346680,-1011.808167,-0.014310,-0.314962,-8.000045,-1.542108,-0.078559,-80.000450,-1011.808167,3700.790039,0.000000
4378.900391,-0.347427,-1011.808167,-0.014310,-0.314962,-8.000045,-1.545434,-0.078728,-80.000450,-1011.808167,3700.874756,0.000000
4379.000000,-0.353378,-1011.808167,-0.014310,-0.314962,-8.000045,-1.571905,-0.080077,-80.000450,-1011.808167,3700.959717,0.000000
4379.100098,-0.339981,-1011.808167,-0.014310,-0.314962,-8.000045,-1.512311,-0.077041,-80.000450,-1011.808167,3701.044189,0.000000
4379.200195,-0.352264,-1011.808167,-0.014310,-0.314962,-8.000045,-1.566950,-0.079824,-80.000450,-1011.808167,3701.129150,0.000000
4379.300293,-0.354507,-1011.808167,-0.014310,-0.314962,-8.000045,-1.576928,-0.080333,-80.000450,-1011.808167,3701.213623,0.000000
4379.400391,-0.347427,-1011.808167,-0.014310,-0.314962,-8.000045,-1.545434,-0.078728,-80.000450,-1011.808167,3701.298340,0.000000
4379.500000,-0.343338,-1011.808167,-0.014310,-0.314962,-8.000045,-1.527244,-0.077802,-80.000450,-1011.808167,3701.383301,0.000000
4379.600098,-0.350403,-1011.808167,-0.014310,-0.314962,-8.000045,-1.558670,-0.079402,-80.000450,-1011.808167,3701.467773,0.000000
4379.700195,-0.351517,-1011.808167,-0.014310,-0.314962,-8.000045,-1.563625,-0.079655,-80.000450,-1011.808167,3701.552246,0.000000
4379.800293,-0.346313,-1011.808167,-0.014310,-0.314962,-8.000045,-1.540479,-0.078476,-80.000450,-1011.808167,3701.637207,0.000000
4379.900391,-0.355988,-1011.808167,-0.014310,-0.314962,-8.000045,-1.583512,-0.080668,-80.000450,-1011.808167,3701.722168,0.000000
4380.000000,-0.353012,-1011.808167,-0.014310,-0.314962,-8.000045,-1.570276,-0.079994,-80.000450,-1011.808167,3701.806641,0.000000
4380.100098,-0.341843,-1011.808167,-0.014310,-0.314962,-8.000045,-1.520592,-0.077463,-80.000450,-1011.808167,3701.891357,0.000000
4380.200195,-0.353760,-1011.808167,-0.014310,-0.314962,-8.000045,-1.573602,-0.080163,-80.000450,-1011.808167,3701.975830,0.000000
4380.300293,-0.356369,-1011.808167,-0.014310,-0.314962,-8.000045,-1.585209,-0.080754,-80.000450,-1011.808167,3702.060791,0.000000
4380.400391,-0.363434,-1011.808167,-0.014310,-0.314962,-8.000045,-1.616634,-0.082355,-80.000450,-1011.808167,3702.145264,0.000000
4380.500000,-0.350037,-1011.808167,-0.014310,-0.314962,-8.000045,-1.557041,-0.079319,-80.000450,-1011.808167,3702.230225,0.000000
4380.600098,-0.351517,-1011.808167,-0.014310,-0.314962,-8.000045,-1.563625,-0.079655,-80.000450,-1011.808167,3702.314697,0.000000
4380.700195,-0.354874,-1011.808167,-0.014310,-0.314962,-8.000045,-1.578557,-0.080416,-80.000450,-1011.808167,3702.399414,0.000000
4380.800293,-0.350403,-1011.808167,-0.014310,-0.314962,-8.000045,-1.558670,-0.079402,-80.000450,-1011.808167,3702.484375,0.000000
4380.900391,-0.347061,-1011.808167,-0.014310,-0.314962,-8.000045,-1.543805,-0.078645,-80.000450,-1011.808167,3702.568848,0.000000
4381.000000,-0.348541,-1011.808167,-0.014310,-0.314962,-8.000045,-1.550389,-0.078981,-80.000450,-1011.808167,3702.653809,0.000000
4381.100098,-0.349289,-1011.808167,-0.014310,-0.314962,-8.000045,-1.553715,-0.079150,-80.000450,-1011.808167,3702.738770,0.000000
4381.200195,-0.349655,-1011.808167,-0.014310,-0.314962,-8.000045,-1.555344,-0.079233,-80.000450,-1011.808167,3702.823242,0.000000
4381.300293,-0.361206,-1011.808167,-0.014310,-0.314962,-8.000045,-1.606725,-0.081850,-80.000450,-1011.808167,3702.907715,0.000000
4381.400391,-0.353012,-1011.808167,-0.014310,-0.314962,-8.000045,-1.570276,-0.079994,-80.000450,-1011.808167,3702.992432,0.000000
4381.500000,-0.358597,-1011.808167,-0.014310,-0.314962,-8.000045,-1.595118,-0.081259,-80.000450,-1011.808167,3703.076904,0.000000
4381.600098,-0.346313,-1011.808167,-0.014310,-0.314962,-8.000045,-1.540479,-0.078476,-80.000450,-1011.808167,3703.161865,0.000000
4381.700195,-0.348923,-1011.808167,-0.014310,-0.314962,-8.000045,-1.552086,-0.079067,-80.000450,-1011.808167,3703.246826,0.000000
4381.800293,-0.351517,-1011.808167,-0.014310,-0.314962,-8.000045,-1.563625,-0.079655,-80.000450,-1011.808167,3703.331299,0.000000
4381.900391,-0.343704,-1011.808167,-0.014310,-0.314962,-8.000045,-1.528873,-0.077884,-80.000450,-1011.808167,3703.415771,0.000000
4382.000000,-0.348541,-1011.808167,-0.014310,-0.314962,-8.000045,-1.550389,-0.078981,-80.000450,-1011.808167,3703.500977,0.000000
4382.100098,-0.347061,-1011.808167,-0.014310,-0.314962,-8.000045,-1.543805,-0.078645,-80.000450,-1011.808167,3703.585449,0.000000
4382.200195,-0.358231,-1011.808167,-0.014310,-0.314962,-8.000045,-1.593489,-0.081176,-80.000450,-1011.808167,3703.669922,0.000000
4382.300293,-0.363434,-1011.808167,-0.014310,-0.314962,-8.000045,-1.616634,-0.082355,-80.000450,-1011.808167,3703.754883,0.000000
4382.400391,-0.345566,-1011.808167,-0.014310,-0.314962,-8.000045,-1.537153,-0.078306,-80.000450,-1011.808167,3703.839355,0.000000
4382.500000,-0.357849,-1011.808167,-0.014310,-0.314962,-8.000045,-1.591792,-0.081090,-80.000450,-1011.808167,3703.924316,0.000000
4382.600098,-0.351898,-1011.808167,-0.014310,-0.314962,-8.000045,-1.565321,-0.079741,-80.000450,-1011.808167,3704.009033,0.000000
4382.700195,-0.357483,-1011.808167,-0.014310,-0.314962,-8.000045,-1.590163,-0.081007,-80.000450,-1011.808167,3704.093506,0.000000
4382.800293,-0.355621,-1011.808167,-0.014310,-0.314962,-8.000045,-1.581883,-0.080585,-80.000450,-1011.808167,3704.178467,0.000000
4382.900391,-0.357483,-1011.808167,-0.014310,-0.314962,-8.000045,-1.590163,-0.081007,-80.000450,-1011.808167,3704.262939,0.000000
4383.000000,-0.360825,-1011.808167,-0.014310,-0.314962,-8.000045,-1.605028,-0.081764,-80.000450,-1011.808167,3704.347900,0.000000
4383.100098,-0.359344,-1011.808167,-0.014310,-0.314962,-8.000045,-1.598444,-0.081429,-80.000450,-1011.808167,3704.432373,0.000000
4383.200195,-0.359711,-1011.808167,-0.014310,-0.314962,-8.000045,-1.600073,-0.081512,-80.000450,-1011.808167,3704.517334,0.000000
4383.300293,-0.358597,-1011.808167,-0.014310,-0.314962,-8.000045,-1.595118,-0.081259,-80.000450,-1011.808167,3704.602051,0.000000
4383.400391,-0.358597,-1011.808167,-0.014310,-0.314962,-8.000045,-1.595118,-0.081259,-80.000450,-1011.808167,3704.686523,0.000000
4383.500000,-0.359344,-1011.808167,-0.014310,-0.314962,-8.000045,-1.598444,-0.081429,-80.000450,-1011.808167,3704.771484,0.000000
4383.600098,-0.362320,-1011.808167,-0.014310,-0.314962,-8.000045,-1.611680,-0.082103,-80.000450,-1011.808167,3704.855957,0.000000
4383.700195,-0.358963,-1011.808167,-0.014310,-0.314962,-8.000045,-1.596747,-0.081342,-80.000450,-1011.808167,3704.940918,0.000000
4383.800293,-0.358231,-1011.808167,-0.014310,-0.314962,-8.000045,-1.593489,-0.081176,-80.000450,-1011.808167,3705.025391,0.000000
4383.900391,-0.350037,-1011.808167,-0.014310,-0.314962,-8.000045,-1.557041,-0.079319,-80.000450,-1011.808167,3705.110107,0.000000
4384.000000,-0.357483,-1011.808167,-0.014310,-0.314962,-8.000045,-1.590163,-0.081007,-80.000450,-1011.808167,3705.194824,0.000000
4384.100098,-0.358597,-1011.808167,-0.014310,-0.314962,-8.000045,-1.595118,-0.081259,-80.000450,-1011.808167,3705.279541,0.000000
4384.200195,-0.353378,-1011.808167,-0.014310,-0.314962,-8.000045,-1.571905,-0.080077,-80.000450,-1011.808167,3705.364502,0.000000
4384.300293,-0.351898,-1011.808167,-0.014310,-0.314962,-8.000045,-1.565321,-0.079741,-80.000450,-1011.808167,3705.448975,0.000000
4384.400391,-0.351151,-1011.808167,-0.014310,-0.314962,-8.000045,-1.561996,-0.079572,-80.000450,-1011.808167,3705.533447,0.000000
4384.500000,-0.356369,-1011.808167,-0.014310,-0.314962,-8.000045,-1.585209,-0.080754,-80.000450,-1011.808167,3705.618408,0.000000
4384.600098,-0.354507,-1011.808167,-0.014310,-0.314962,-8.000045,-1.576928,-0.080333,-80.000450,-1011.808167,3705.703125,0.000000
4384.700195,-0.353378,-1011.808167,-0.014310,-0.314962,-8.000045,-1.571905,-0.080077,-80.000450,-1011.808167,3705.787598,0.000000
4384.800293,-0.350037,-1011.808167,-0.014310,-0.314962,-8.000045,-1.557041,-0.079319,-80.000450,-1011.808167,3705.872559,0.000000
4384.900391,-0.360458,-1011.808167,-0.014310,-0.314962,-8.000045,-1.603399,-0.081681,-80.000450,-1011.808167,3705.957031,0.000000
4385.000000,-0.357483,-1011.808167,-0.014310,-0.314962,-8.000045,-1.590163,-0.081007,-80.000450,-1011.808167,3706.041992,0.000000
4385.100098,-0.357849,-1011.808167,-0.014310,-0.314962,-8.000045,-1.591792,-0.081090,-80.000450,-1011.808167,3706.126709,0.000000
4385.200195,-0.360092,-1011.808167,-0.014310,-0.314962,-8.000045,-1.601770,-0.081598,-80.000450,-1011.808167,3706.211426,0.000000
4385.300293,-0.352264,-1011.808167,-0.014310,-0.314962,-8.000045,-1.566950,-0.079824,-80.000450,-1011.808167,3706.295898,0.000000
4385.400391,-0.364182,-1011.808167,-0.014310,-0.314962,-8.000045,-1.619960,-0.082525,-80.000450,-1011.808167,3706.380615,0.000000
4385.500000,-0.358597,-1011.808167,-0.014310,-0.314962,-8.000045,-1.595118,-0.081259,-80.000450,-1011.808167,3706.465576,0.000000
4385.600098,-0.357849,-1011.808167,-0.014310,-0.314962,-8.000045,-1.591792,-0.081090,-80.000450,-1011.808167,3706.550049,0.000000
4385.700195,-0.357483,-1011.808167,-0.014310,-0.314962,-8.000045,-1.590163,-0.081007,-80.000450,-1011.808167,3706.635010,0.000000
4385.800293,-0.355621,-1011.808167,-0.014310,-0.314962,-8.000045,-1.581883,-0.080585,-80.000450,-1011.808167,3706.719482,0.000000
4385.900391,-0.355240,-1011.808167,-0.014310,-0.314962,-8.000045,-1.580186,-0.080499,-80.000450,-1011.808167,3706.804199,0.000000
4386.000000,-0.353760,-1011.808167,-0.014310,-0.314962,-8.000045,-1.573602,-0.080163,-80.000450,-1011.808167,3706.889160,0.000000
4386.100098,-0.351151,-1011.808167,-0.014310,-0.314962,-8.000045,-1.561996,-0.079572,-80.000450,-1011.808167,3706.973633,0.000000
4386.200195,-0.357101,-1011.808167,-0.014310,-0.314962,-8.000045,-1.588467,-0.080920,-80.000450,-1011.808167,3707.058105,0.000000
4386.300293,-0.350037,-1011.808167,-0.014310,-0.314962,-8.000045,-1.557041,-0.079319,-80.000450,-1011.808167,3707.143066,0.000000
4386.400391,-0.354507,-1011.808167,-0.014310,-0.314962,-8.000045,-1.576928,-0.080333,-80.000450,-1011.808167,3707.228027,0.000000
4386.500000,-0.363434,-1011.808167,-0.014310,-0.314962,-8.000045,-1.616634,-0.082355,-80.000450,-1011.808167,3707.312500,0.000000
4386.600098,-0.359344,-1011.808167,-0.014310,-0.314962,-8.000045,-1.598444,-0.081429,-80.000450,-1011.808167,3707.397217,0.000000
4386.700195,-0.368652,-1011.808167,-0.014310,-0.314962,-8.000045,-1.639848,-0.083538,-80.000450,-1011.808167,3707.481689,0.000000
4386.800293,-0.363434,-1011.808167,-0.014310,-0.314962,-8.000045,-1.616634,-0.082355,-80.000450,-1011.808167,3707.566650,0.000000
4386.900391,-0.354507,-1011.808167,-0.014310,-0.314962,-8.000045,-1.576928,-0.080333,-80.000450,-1011.808167,3707.651123,0.000000
4387.000000,-0.355621,-1011.808167,-0.014310,-0.314962,-8.000045,-1.581883,-0.080585,-80.000450,-1011.808167,3707.736084,0.000000
4387.100098,-0.351151,-1011.808167,-0.014310,-0.314962,-8.000045,-1.561996,-0.079572,-80.000450,-1011.808167,3707.820801,0.000000
4387.200195,-0.362320,-1011.808167,-0.014310,-0.314962,-8.000045,-1.611680,-0.082103,-80.000450,-1011.808167,3707.905518,0.000000
4387.300293,-0.356735,-1011.808167,-0.014310,-0.314962,-8.000045,-1.586838,-0.080837,-80.000450,-1011.808167,3707.990234,0.000000
4387.400391,-0.355988,-1011.808167,-0.014310,-0.314962,-8.000045,-1.583512,-0.080668,-80.000450,-1011.808167,3708.074707,0.000000
4387.500000,-0.355621,-1011.808167,-0.014310,-0.314962,-8.000045,-1.581883,-0.080585,-80.000450,-1011.808167,3708.159180,0.000000
4387.600098,-0.359711,-1011.808167,-0.014310,-0.314962,-8.000045,-1.600073,-0.081512,-80.000450,-1011.808167,3708.244629,0.000000
4387.700195,-0.355621,-1011.808167,-0.014310,-0.314962,-8.000045,-1.581883,-0.080585,-80.000450,-1011.808167,3708.329102,0.000000
4387.800293,-0.349655,-1011.808167,-0.014310,-0.314962,-8.000045,-1.555344,-0.079233,-80.000450,-1011.808167,3708.413574,0.000000
4387.900391,-0.354507,-1011.808167,-0.014310,-0.314962,-8.000045,-1.576928,-0.080333,-80.000450,-1011.808167,3708.498291,0.000000
4388.000000,-0.349289,-1011.808167,-0.014310,-0.314962,-8.000045,-1.553715,-0.079150,-80.000450,-1011.808167,3708.583252,0.000000
4388.100098,-0.359344,-1011.808167,-0.014310,-0.314962,-8.000045,-1.598444,-0.081429,-80.000450,-1011.808167,3708.667725,0.000000
4388.200195,-0.355621,-1011.808167,-0.014310,-0.314962,-8.000045,-1.581883,-0.080585,-80.000450,-1011.808167,3708.752686,0.000000
4388.300293,-0.345200,-1011.808167,-0.014310,-0.314962,-8.000045,-1.535524,-0.078223,-80.000450,-1011.808167,3708.837158,0.000000
4388.400391,-0.352264,-1011.808167,-0.014310,-0.314962,-8.000045,-1.566950,-0.079824,-80.000450,-1011.808167,3708.921631,0.000000
4388.500000,-0.348541,-1011.808167,-0.014310,-0.314962,-8.000045,-1.550389,-0.078981,-80.000450,-1011.808167,3709.006836,0.000000
4388.600098,-0.355240,-1011.808167,-0.014310,-0.314962,-8.000045,-1.580186,-0.080499,-80.000450,-1011.808167,3709.091309,0.000000
4388.700195,-0.355621,-1011.808167,-0.014310,-0.314962,-8.000045,-1.581883,-0.080585,-80.000450,-1011.808167,3709.175781,0.000000
4388.800293,-0.342590,-1011.808167,-0.014310,-0.314962,-8.000045,-1.523918,-0.077632,-80.000450,-1011.808167,3709.260742,0.000000
4388.900391,-0.339233,-1011.808167,-0.014310,-0.314962,-8.000045,-1.508986,-0.076871,-80.000450,-1011.808167,3709.345703,0.000000
4389.000000,-0.357101,-1011.808167,-0.014310,-0.314962,-8.000045,-1.588467,-0.080920,-80.000450,-1011.808167,3709.430176,0.000000
4389.100098,-0.349289,-1011.808167,-0.014310,-0.314962,-8.000045,-1.553715,-0.079150,-80.000450,-1011.808167,3709.514893,0.000000
4389.200195,-0.350784,-1011.808167,-0.014310,-0.314962,-8.000045,-1.560367,-0.079489,-80.000450,-1011.808167,3709.599365,0.000000
4389.300293,-0.347427,-1011.808167,-0.014310,-0.314962,-8.000045,-1.545434,-0.078728,-80.000450,-1011.808167,3709.684082,0.000000
4389.400391,-0.350784,-1011.808167,-0.014310,-0.314962,-8.000045,-1.560367,-0.079489,-80.000450,-1011.808167,3709.768799,0.000000
4389.500000,-0.352264,-1011.808167,-0.014310,-0.314962,-8.000045,-1.566950,-0.079824,-80.000450,-1011.808167,3709.853760,0.000000
4389.600098,-0.353760,-1011.808167,-0.014310,-0.314962,-8.000045,-1.573602,-0.080163,-80.000450,-1011.808167,3709.938232,0.000000
4389.700195,-0.356735,-1011.808167,-0.014310,-0.314962,-8.000045,-1.586838,-0.080837,-80.000450,-1011.808167,3710.023193,0.000000
4389.800293,-0.356735,-1011.808167,-0.014310,-0.314962,-8.000045,-1.586838,-0.080837,-80.000450,-1011.808167,3710.107910,0.000000
4389.900391,-0.363068,-1011.808167,-0.014310,-0.314962,-8.000045,-1.615005,-0.082272,-80.000450,-1011.808167,3710.192383,0.000000
4390.000000,-0.354874,-1011.808167,-0.014310,-0.314962,-8.000045,-1.578557,-0.080416,-80.000450,-1011.808167,3710.276855,0.000000
4390.100098,-0.356369,-1011.808167,-0.014310,-0.314962,-8.000045,-1.585209,-0.080754,-80.000450,-1011.808167,3710.361816,0.000000
4390.200195,-0.350784,-1011.808167,-0.014310,-0.314962,-8.000045,-1.560367,-0.079489,-80.000450,-1011.808167,3710.446777,0.000000
4390.300293,-0.352264,-1011.808167,-0.014310,-0.314962,-8.000045,-1.566950,-0.079824,-80.000450,-1011.808167,3710.531250,0.000000
4390.400391,-0.364563,-1011.808167,-0.014310,-0.314962,-8.000045,-1.621657,-0.082611,-80.000450,-1011.808167,3710.615967,0.000000
4390.500000,-0.348175,-1011.808167,-0.014310,-0.314962,-8.000045,-1.548760,-0.078898,-80.000450,-1011.808167,3710.700684,0.000000
4390.600098,-0.357101,-1011.808167,-0.014310,-0.314962,-8.000045,-1.588467,-0.080920,-80.000450,-1011.808167,3710.785400,0.000000
4390.700195,-0.352264,-1011.808167,-0.014310,-0.314962,-8.000045,-1.566950,-0.079824,-80.000450,-1011.808167,3710.870361,0.000000
4390.800293,-0.366043,-1011.808167,-0.014310,-0.314962,-8.000045,-1.628241,-0.082947,-80.000450,-1011.808167,3710.954834,0.000000
4390.900391,-0.357849,-1011.808167,-0.014310,-0.314962,-8.000045,-1.591792,-0.081090,-80.000450,-1011.808167,3711.039307,0.000000
4391.000000,-0.358231,-1011.808167,-0.014310,-0.314962,-8.000045,-1.593489,-0.081176,-80.000450,-1011.808167,3711.124268,0.000000
4391.100098,-0.351151,-1011.808167,-0.014310,-0.314962,-8.000045,-1.561996,-0.079572,-80.000450,-1011.808167,3711.208984,0.000000
4391.200195,-0.361954,-1011.808167,-0.014310,-0.314962,-8.000045,-1.610051,-0.082020,-80.000450,-1011.808167,3711.293457,0.000000
4391.300293,-0.349289,-1011.808167,-0.014310,-0.314962,-8.000045,-1.553715,-0.079150,-80.000450,-1011.808167,3711.378418,0.000000
4391.400391,-0.354126,-1011.808167,-0.014310,-0.314962,-8.000045,-1.575231,-0.080246,-80.000450,-1011.808167,3711.463379,0.000000
4391.500000,-0.360825,-1011.808167,-0.014310,-0.314962,-8.000045,-1.605028,-0.081764,-80.000450,-1011.808167,3711.547852,0.000000
4391.600098,-0.359344,-1011.808167,-0.014310,-0.314962,-8.000045,-1.598444,-0.081429,-80.000450,-1011.808167,3711.632812,0.000000
4391.700195,-0.360092,-1011.808167,-0.014310,-0.314962,-8.000045,-1.601770,-0.081598,-80.000450,-1011.808167,3711.717285,0.000000
4391.800293,-0.355621,-1011.808167,-0.014310,-0.314962,-8.000045,-1.581883,-0.080585,-80.000450,-1011.808167,3711.801758,0.000000
4391.900391,-0.362701,-1011.808167,-0.014310,-0.314962,-8.000045,-1.613376,-0.082189,-80.000450,-1011.808167,3711.886475,0.000000
4392.000000,-0.356735,-1011.808167,-0.014310,-0.314962,-8.000045,-1.586838,-0.080837,-80.000450,-1011.808167,3711.971436,0.000000
4392.100098,-0.355240,-1011.808167,-0.014310,-0.314962,-8.000045,-1.580186,-0.080499,-80.000450,-1011.808167,3712.055908,0.000000
4392.200195,-0.360092,-1011.808167,-0.014310,-0.314962,-8.000045,-1.601770,-0.081598,-80.000450,-1011.808167,3712.140869,0.000000
4392.300293,-0.348923,-1011.808167,-0.014310,-0.314962,-8.000045,-1.552086,-0.079067,-80.000450,-1011.808167,3712.225586,0.000000
4392.400391,-0.347427,-1011.808167,-0.014310,-0.314962,-8.000045,-1.545434,-0.078728,-80.000450,-1011.808167,3712.310059,0.000000
4392.500000,-0.355240,-1011.808167,-0.014310,-0.314962,-8.000045,-1.580186,-0.080499,-80.000450,-1011.808167,3712.394775,0.000000
4392.600098,-0.367538,-1011.808167,-0.014310,-0.314962,-8.000045,-1.634893,-0.083285,-80.000450,-1011.808167,3712.479492,0.000000
4392.700195,-0.358597,-1011.808167,-0.014310,-0.314962,-8.000045,-1.595118,-0.081259,-80.000450,-1011.808167,3712.563965,0.000000
4392.800293,-0.356369,-1011.808167,-0.014310,-0.314962,-8.000045,-1.585209,-0.080754,-80.000450,-1011.808167,3712.648926,0.000000
4392.900391,-0.344070,-1011.808167,-0.014310,-0.314962,-8.000045,-1.530502,-0.077967,-80.000450,-1011.808167,3712.733887,0.000000
4393.000000,-0.363434,-1011.808167,-0.014310,-0.314962,-8.000045,-1.616634,-0.082355,-80.000450,-1011.808167,3712.818359,0.000000
4393.100098,-0.352646,-1011.808167,-0.014310,-0.314962,-8.000045,-1.568647,-0.079911,-80.000450,-1011.808167,3712.902832,0.000000
4393.200195,-0.356735,-1011.808167,-0.014310,-0.314962,-8.000045,-1.586838,-0.080837,-80.000450,-1011.808167,3712.988037,0.000000
4393.300293,-0.354874,-1011.808167,-0.014310,-0.314962,-8.000045,-1.578557,-0.080416,-80.000450,-1011.808167,3713.072510,0.000000
4393.400391,-0.351517,-1011.808167,-0.014310,-0.314962,-8.000045,-1.563625,-0.079655,-80.000450,-1011.808167,3713.156982,0.000000
4393.500000,-0.361572,-1011.808167,-0.014310,-0.314962,-8.000045,-1.608354,-0.081933,-80.000450,-1011.808167,3713.241943,0.000000
4393.600098,-0.370148,-1011.808167,-0.014310,-0.314962,-8.000045,-1.646499,-0.083877,-80.000450,-1011.808167,3713.326660,0.000000
4393.700195,-0.348541,-1011.808167,-0.014310,-0.314962,-8.000045,-1.550389,-0.078981,-80.000450,-1011.808167,3713.411377,0.000000
4393.800293,-0.353378,-1011.808167,-0.014310,-0.314962,-8.000045,-1.571905,-0.080077,-80.000450,-1011.808167,3713.496094,0.000000
4393.900391,-0.363434,-1011.808167,-0.014310,-0.314962,-8.000045,-1.616634,-0.082355,-80.000450,-1011.808167,3713.580566,0.000000
4394.000000,-0.339233,-1011.808167,-0.014310,-0.314962,-8.000045,-1.508986,-0.076871,-80.000450,-1011.808167,3713.665527,0.000000
4394.100098,-0.351151,-1011.808167,-0.014310,-0.314962,-8.000045,-1.561996,-0.079572,-80.000450,-1011.808167,3713.750488,0.000000
4394.200195,-0.348541,-1011.808167,-0.014310,-0.314962,-8.000045,-1.550389,-0.078981,-80.000450,-1011.808167,3713.834961,0.000000
4394.300293,-0.361572,-1011.808167,-0.014310,-0.314962,-8.000045,-1.608354,-0.081933,-80.000450,-1011.808167,3713.919434,0.000000
4394.400391,-0.351898,-1011.808167,-0.014310,-0.314962,-8.000045,-1.565321,-0.079741,-80.000450,-1011.808167,3714.004150,0.000000
4394.500000,-0.360092,-1011.808167,-0.014310,-0.314962,-8.000045,-1.601770,-0.081598,-80.000450,-1011.808167,3714.089111,0.000000
4394.600098,-0.356369,-1011.808167,-0.014310,-0.314962,-8.000045,-1.585209,-0.080754,-80.000450,-1011.808167,3714.173584,0.000000
4394.700195,-0.351517,-1011.808167,-0.014310,-0.314962,-8.000045,-1.563625,-0.079655,-80.000450,-1011.808167,3714.258545,0.000000
4394.800293,-0.355621,-1011.808167,-0.014310,-0.314962,-8.000045,-1.581883,-0.080585,-80.000450,-1011.808167,3714.343018,0.000000
4394.900391,-0.355621,-1011.808167,-0.014310,-0.314962,-8.000045,-1.581883,-0.080585,-80.000450,-1011.808167,3714.427979,0.000000
4395.000000,-0.352646,-1011.808167,-0.014310,-0.314962,-8.000045,-1.568647,-0.079911,-80.000450,-1011.808167,3714.512451,0.000000
4395.100098,-0.341461,-1011.808167,-0.014310,-0.314962,-8.000045,-1.518895,-0.077376,-80.000450,-1011.808167,3714.597168,0.000000
4395.200195,-0.357849,-1011.808167,-0.014310,-0.314962,-8.000045,-1.591792,-0.081090,-80.000450,-1011.808167,3714.681641,0.000000
4395.300293,-0.352646,-1011.808167,-0.014310,-0.314962,-8.000045,-1.568647,-0.079911,-80.000450,-1011.808167,3714.766602,0.000000
4395.400391,-0.355988,-1011.808167,-0.014310,-0.314962,-8.000045,-1.583512,-0.080668,-80.000450,-1011.808167,3714.851562,0.000000
4395.500000,-0.351898,-1011.808167,-0.014310,-0.314962,-8.000045,-1.565321,-0.079741,-80.000450,-1011.808167,3714.936035,0.000000
4395.600098,-0.358597,-1011.808167,-0.014310,-0.314962,-8.000045,-1.595118,-0.081259,-80.000450,-1011.808167,3715.020508,0.000000
4395.700195,-0.358963,-1011.808167,-0.014310,-0.314962,-8.000045,-1.596747,-0.081342,-80.000450,-1011.808167,3715.105713,0.000000
4395.800293,-0.348923,-1011.808167,-0.014310,-0.314962,-8.000045,-1.552086,-0.079067,-80.000450,-1011.808167,3715.190186,0.000000
4395.900391,-0.359344,-1011.808167,-0.014310,-0.314962,-8.000045,-1.598444,-0.081429,-80.000450,-1011.808167,3715.274658,0.000000
4396.000000,-0.351898,-1011.808167,-0.014310,-0.314962,-8.000045,-1.565321,-0.079741,-80.000450,-1011.808167,3715.359619,0.000000
4396.100098,-0.354874,-1011.808167,-0.014310,-0.314962,-8.000045,-1.578557,-0.080416,-80.000450,-1011.808167,3715.444092,0.000000
4396.200195,-0.357101,-1011.808167,-0.014310,-0.314962,-8.000045,-1.588467,-0.080920,-80.000450,-1011.808167,3715.529053,0.000000
4396.300293,-0.356735,-1011.808167,-0.014310,-0.314962,-8.000045,-1.586838,-0.080837,-80.000450,-1011.808167,3715.613770,0.000000
4396.400391,-0.347794,-1011.808167,-0.014310,-0.314962,-8.000045,-1.547063,-0.078811,-80.000450,-1011.808167,3715.698242,0.000000
4396.500000,-0.364563,-1011.808167,-0.014310,-0.314962,-8.000045,-1.621657,-0.082611,-80.000450,-1011.808167,3715.782715,0.000000
4396.600098,-0.344452,-1011.808167,-0.014310,-0.314962,-8.000045,-1.532199,-0.078054,-80.000450,-1011.808167,3715.868164,0.000000
4396.700195,-0.347061,-1011.808167,-0.014310,-0.314962,-8.000045,-1.543805,-0.078645,-80.000450,-1011.808167,3715.952637,0.000000
4396.800293,-0.360825,-1011.808167,-0.014310,-0.314962,-8.000045,-1.605028,-0.081764,-80.000450,-1011.808167,3716.037109,0.000000
4396.900391,-0.350403,-1011.808167,-0.014310,-0.314962,-8.000045,-1.558670,-0.079402,-80.000450,-1011.808167,3716.122070,0.000000
4397.000000,-0.361206,-1011.808167,-0.014310,-0.314962,-8.000045,-1.606725,-0.081850,-80.000450,-1011.808167,3716.206543,0.000000
4397.100098,-0.361206,-1011.808167,-0.014310,-0.314962,-8.000045,-1.606725,-0.081850,-80.000450,-1011.808167,3716.291260,0.000000
4397.200195,-0.359711,-1011.808167,-0.014310,-0.314962,-8.000045,-1.600073,-0.081512,-80.000450,-1011.808167,3716.376221,0.000000
4397.300293,-0.348175,-1011.808167,-0.014310,-0.314962,-8.000045,-1.548760,-0.078898,-80.000450,-1011.808167,3716.460693,0.000000
4397.400391,-0.354874,-1011.808167,-0.014310,-0.314962,-8.000045,-1.578557,-0.080416,-80.000450,-1011.808167,3716.545166,0.000000
4397.500000,-0.353012,-1011.808167,-0.014310,-0.314962,-8.000045,-1.570276,-0.079994,-80.000450,-1011.808167,3716.630127,0.000000
4397.600098,-0.347794,-1011.808167,-0.014310,-0.314962,-8.000045,-1.547063,-0.078811,-80.000450,-1011.808167,3716.714844,0.000000
4397.700195,-0.357483,-1011.808167,-0.014310,-0.314962,-8.000045,-1.590163,-0.081007,-80.000450,-1011.808167,3716.799316,0.000000
4397.800293,-0.343338,-1011.808167,-0.014310,-0.314962,-8.000045,-1.527244,-0.077802,-80.000450,-1011.808167,3716.884277,0.000000
4397.900391,-0.358597,-1011.808167,-0.014310,-0.314962,-8.000045,-1.595118,-0.081259,-80.000450,-1011.808167,3716.968750,0.000000
4398.000000,-0.358231,-1011.808167,-0.014310,-0.314962,-8.000045,-1.593489,-0.081176,-80.000450,-1011.808167,3717.053711,0.000000
4398.100098,-0.354126,-1011.808167,-0.014310,-0.314962,-8.000045,-1.575231,-0.080246,-80.000450,-1011.808167,3717.138184,0.000000
4398.200195,-0.354874,-1011.808167,-0.014310,-0.314962,-8.000045,-1.578557,-0.080416,-80.000450,-1011.808167,3717.223145,0.000000
4398.300293,-0.350037,-1011.808167,-0.014310,-0.314962,-8.000045,-1.557041,-0.079319,-80.000450,-1011.808167,3717.307861,0.000000
4398.400391,-0.348923,-1011.808167,-0.014310,-0.314962,-8.000045,-1.552086,-0.079067,-80.000450,-1011.808167,3717.392334,0.000000
4398.500000,-0.357849,-1011.808167,-0.014310,-0.314962,-8.000045,-1.591792,-0.081090,-80.000450,-1011.808167,3717.477295,0.000000
4398.600098,-0.360092,-1011.808167,-0.014310,-0.314962,-8.000045,-1.601770,-0.081598,-80.000450,-1011.808167,3717.561768,0.000000
4398.700195,-0.361206,-1011.808167,-0.014310,-0.314962,-8.000045,-1.606725,-0.081850,-80.000450,-1011.808167,3717.646729,0.000000
4398.800293,-0.357101,-1011.808167,-0.014310,-0.314962,-8.000045,-1.588467,-0.080920,-80.000450,-1011.808167,3717.731445,0.000000
4398.900391,-0.363434,-1011.808167,-0.014310,-0.314962,-8.000045,-1.616634,-0.082355,-80.000450,-1011.808167,3717.815918,0.000000
4399.000000,-0.361206,-1011.808167,-0.014310,-0.314962,-8.000045,-1.606725,-0.081850,-80.000450,-1011.808167,3717.900635,0.000000
4399.100098,-0.354126,-1011.808167,-0.014310,-0.314962,-8.000045,-1.575231,-0.080246,-80.000450,-1011.808167,3717.985352,0.000000
4399.200195,-0.339981,-1011.808167,-0.014310,-0.314962,-8.000045,-1.512311,-0.077041,-80.000450,-1011.808167,3718.070312,0.000000
4399.300293,-0.353378,-1011.808167,-0.014310,-0.314962,-8.000045,-1.571905,-0.080077,-80.000450,-1011.808167,3718.154785,0.000000
4399.400391,-0.358963,-1011.808167,-0.014310,-0.314962,-8.000045,-1.596747,-0.081342,-80.000450,-1011.808167,3718.239746,0.000000
4399.500000,-0.364929,-1011.808167,-0.014310,-0.314962,-8.000045,-1.623286,-0.082694,-80.000450,-1011.808167,3718.324219,0.000000
4399.600098,-0.356369,-1011.808167,-0.014310,-0.314962,-8.000045,-1.585209,-0.080754,-80.000450,-1011.808167,3718.408691,0.000000
4399.700195,-0.356735,-1011.808167,-0.014310,-0.314962,-8.000045,-1.586838,-0.080837,-80.000450,-1011.808167,3718.493896,0.000000
4399.800293,-0.353012,-1011.808167,-0.014310,-0.314962,-8.000045,-1.570276,-0.079994,-80.000450,-1011.808167,3718.578369,0.000000
4399.900391,-0.357101,-1011.808167,-0.014310,-0.314962,-8.000045,-1.588467,-0.080920,-80.000450,-1011.808167,3718.662842,0.000000
4400.000000,-0.357101,-1011.808167,-0.014310,-0.314962,-8.000045,-1.588467,-0.080920,-80.000450,-1011.808167,3718.747803,0.000000
4400.100098,-0.355988,-1011.808167,-0.014310,-0.314962,-8.000045,-1.583512,-0.080668,-80.000450,-1011.808167,3718.832520,0.000000
4400.200195,-0.359344,-1011.808167,-0.014310,-0.314962,-8.000045,-1.598444,-0.081429,-80.000450,-1011.808167,3718.917236,0.000000
4400.300293,-0.356369,-1011.808167,-0.014310,-0.314962,-8.000045,-1.585209,-0.080754,-80.000450,-1011.808167,3719.001953,0.000000
4400.400391,-0.346680,-1011.808167,-0.014310,-0.314962,-8.000045,-1.542108,-0.078559,-80.000450,-1011.808167,3719.086426,0.000000
4400.500000,-0.357849,-1011.808167,-0.014310,-0.314962,-8.000045,-1.591792,-0.081090,-80.000450,-1011.808167,3719.171387,0.000000
4400.600098,-0.351898,-1011.808167,-0.014310,-0.314962,-8.000045,-1.565321,-0.079741,-80.000450,-1011.808167,3719.255859,0.000000
4400.700195,-0.352264,-1011.808167,-0.014310,-0.314962,-8.000045,-1.566950,-0.079824,-80.000450,-1011.808167,3719.340820,0.000000
4400.800293,-0.358597,-1011.808167,-0.014310,-0.314962,-8.000045,-1.595118,-0.081259,-80.000450,-1011.808167,3719.425293,0.000000
4400.900391,-0.344818,-1011.808167,-0.014310,-0.314962,-8.000045,-1.533828,-0.078137,-80.000450,-1011.808167,3719.510010,0.000000
4401.000000,-0.351898,-1011.808167,-0.014310,-0.314962,-8.000045,-1.565321,-0.079741,-80.000450,-1011.808167,3719.594971,0.000000
4401.100098,-0.358963,-1011.808167,-0.014310,-0.314962,-8.000045,-1.596747,-0.081342,-80.000450,-1011.808167,3719.679443,0.000000
4401.200195,-0.351517,-1011.808167,-0.014310,-0.314962,-8.000045,-1.563625,-0.079655,-80.000450,-1011.808167,3719.764404,0.000000
4401.300293,-0.349289,-1011.808167,-0.014310,-0.314962,-8.000045,-1.553715,-0.079150,-80.000450,-1011.808167,3719.848877,0.000000
4401.400391,-0.358963,-1011.808167,-0.014310,-0.314962,-8.000045,-1.596747,-0.081342,-80.000450,-1011.808167,3719.933838,0.000000
4401.500000,-0.350784,-1011.808167,-0.014310,-0.314962,-8.000045,-1.560367,-0.079489,-80.000450,-1011.808167,3720.018311,0.000000
4401.600098,-0.351151,-1011.808167,-0.014310,-0.314962,-8.000045,-1.561996,-0.079572,-80.000450,-1011.808167,3720.103027,0.000000
4401.700195,-0.349655,-1011.808167,-0.014310,-0.314962,-8.000045,-1.555344,-0.079233,-80.000450,-1011.808167,3720.187500,0.000000
4401.800293,-0.352646,-1011.808167,-0.014310,-0.314962,-8.000045,-1.568647,-0.079911,-80.000450,-1011.808167,3720.272461,0.000000
4401.900391,-0.345932,-1011.808167,-0.014310,-0.314962,-8.000045,-1.538782,-0.078389,-80.000450,-1011.808167,3720.357422,0.000000
4402.000000,-0.353378,-1011.808167,-0.014310,-0.314962,-8.000045,-1.571905,-0.080077,-80.000450,-1011.808167,3720.441895,0.000000
4402.100098,-0.360092,-1011.808167,-0.014310,-0.314962,-8.000045,-1.601770,-0.081598,-80.000450,-1011.808167,3720.526367,0.000000
4402.200195,-0.344818,-1011.808167,-0.014310,-0.314962,-8.000045,-1.533828,-0.078137,-80.000450,-1011.808167,3720.611572,0.000000
4402.300293,-0.353760,-1011.808167,-0.014310,-0.314962,-8.000045,-1.573602,-0.080163,-80.000450,-1011.808167,3720.696045,0.000000
4402.400391,-0.361954,-1011.808167,-0.014310,-0.314962,-8.000045,-1.610051,-0.082020,-80.000450,-1011.808167,3720.780518,0.000000
4402.500000,-0.355988,-1011.808167,-0.014310,-0.314962,-8.000045,-1.583512,-0.080668,-80.000450,-1011.808167,3720.865479,0.000000
4402.600098,-0.355621,-1011.808167,-0.014310,-0.314962,-8.000045,-1.581883,-0.080585,-80.000450,-1011.808167,3720.950439,0.000000
4402.700195,-0.358597,-1011.808167,-0.014310,-0.314962,-8.000045,-1.595118,-0.081259,-80.000450,-1011.808167,3721.034912,0.000000
4402.800293,-0.361206,-1011.808167,-0.014310,-0.314962,-8.000045,-1.606725,-0.081850,-80.000450,-1011.808167,3721.119629,0.000000
4402.900391,-0.354507,-1011.808167,-0.014310,-0.314962,-8.000045,-1.576928,-0.080333,-80.000450,-1011.808167,3721.204102,0.000000
4403.000000,-0.349289,-1011.808167,-0.014310,-0.314962,-8.000045,-1.553715,-0.079150,-80.000450,-1011.808167,3721.288574,0.000000
4403.100098,-0.354507,-1011.808167,-0.014310,-0.314962,-8.000045,-1.576928,-0.080333,-80.000450,-1011.808167,3721.373535,0.000000
4403.200195,-0.348541,-1011.808167,-0.014310,-0.314962,-8.000045,-1.550389,-0.078981,-80.000450,-1011.808167,3721.458496,0.000000
4403.300293,-0.347427,-1011.808167,-0.014310,-0.314962,-8.000045,-1.545434,-0.078728,-80.000450,-1011.808167,3721.542969,0.000000
4403.400391,-0.345932,-1011.808167,-0.014310,-0.314962,-8.000045,-1.538782,-0.078389,-80.000450,-1011.808167,3721.627930,0.000000
4403.500000,-0.356735,-1011.808167,-0.014310,-0.314962,-8.000045,-1.586838,-0.080837,-80.000450,-1011.808167,3721.712646,0.000000
4403.600098,-0.351898,-1011.808167,-0.014310,-0.314962,-8.000045,-1.565321,-0.079741,-80.000450,-1011.808167,3721.797119,0.000000
4403.700195,-0.344818,-1011.808167,-0.014310,-0.314962,-8.000045,-1.533828,-0.078137,-80.000450,-1011.808167,3721.881592,0.000000
4403.800293,-0.347794,-1011.808167,-0.014310,-0.314962,-8.000045,-1.547063,-0.078811,-80.000450,-1011.808167,3721.966553,0.000000
4403.900391,-0.348541,-1011.808167,-0.014310,-0.314962,-8.000045,-1.550389,-0.078981,-80.000450,-1011.808167,3722.051025,0.000000
4404.000000,-0.356735,-1011.808167,-0.014310,-0.314962,-8.000045,-1.586838,-0.080837,-80.000450,-1011.808167,3722.135986,0.000000
4404.100098,-0.349289,-1011.808167,-0.014310,-0.314962,-8.000045,-1.553715,-0.079150,-80.000450,-1011.808167,3722.220703,0.000000
4404.200195,-0.359344,-1011.808167,-0.014310,-0.314962,-8.000045,-1.598444,-0.081429,-80.000450,-1011.808167,3722.305176,0.000000
4404.300293,-0.358231,-1011.808167,-0.014310,-0.314962,-8.000045,-1.593489,-0.081176,-80.000450,-1011.808167,3722.390137,0.000000
4404.400391,-0.344818,-1011.808167,-0.014310,-0.314962,-8.000045,-1.533828,-0.078137,-80.000450,-1011.808167,3722.475098,0.000000
4404.500000,-0.347061,-1011.808167,-0.014310,-0.314962,-8.000045,-1.543805,-0.078645,-80.000450,-1011.808167,3722.559570,0.000000
4404.600098,-0.355621,-1011.808167,-0.014310,-0.314962,-8.000045,-1.581883,-0.080585,-80.000450,-1011.808167,3722.644043,0.000000
4404.700195,-0.356369,-1011.808167,-0.014310,-0.314962,-8.000045,-1.585209,-0.080754,-80.000450,-1011.808167,3722.729004,0.000000
4404.800293,-0.353378,-1011.808167,-0.014310,-0.314962,-8.000045,-1.571905,-0.080077,-80.000450,-1011.808167,3722.813721,0.000000
4404.900391,-0.355240,-1011.808167,-0.014310,-0.314962,-8.000045,-1.580186,-0.080499,-80.000450,-1011.808167,3722.898193,0.000000
4405.000000,-0.356369,-1011.808167,-0.014310,-0.314962,-8.000045,-1.585209,-0.080754,-80.000450,-1011.808167,3722.983154,0.000000
4405.100098,-0.357101,-1011.808167,-0.014310,-0.314962,-8.000045,-1.588467,-0.080920,-80.000450,-1011.808167,3723.067627,0.000000
4405.200195,-0.351898,-1011.808167,-0.014310,-0.314962,-8.000045,-1.565321,-0.079741,-80.000450,-1011.808167,3723.152588,0.000000
4405.300293,-0.357483,-1011.808167,-0.014310,-0.314962,-8.000045,-1.590163,-0.081007,-80.000450,-1011.808167,3723.237305,0.000000
4405.400391,-0.354507,-1011.808167,-0.014310,-0.314962,-8.000045,-1.576928,-0.080333,-80.000450,-1011.808167,3723.322021,0.000000
4405.500000,-0.349289,-1011.808167,-0.014310,-0.314962,-8.000045,-1.553715,-0.079150,-80.000450,-1011.808167,3723.406494,0.000000
4405.600098,-0.349289,-1011.808167,-0.014310,-0.314962,-8.000045,-1.553715,-0.079150,-80.000450,-1011.808167,3723.491211,0.000000
4405.700195,-0.354507,-1011.808167,-0.014310,-0.314962,-8.000045,-1.576928,-0.080333,-80.000450,-1011.808167,3723.576172,0.000000
4405.800293,-0.351151,-1011.808167,-0.014310,-0.314962,-8.000045,-1.561996,-0.079572,-80.000450,-1011.808167,3723.660645,0.000000
4405.900391,-0.358597,-1011.808167,-0.014310,-0.314962,-8.000045,-1.595118,-0.081259,-80.000450,-1011.808167,3723.745605,0.000000
4406.000000,-0.352264,-1011.808167,-0.014310,-0.314962,-8.000045,-1.566950,-0.079824,-80.000450,-1011.808167,3723.830078,0.000000
4406.100098,-0.350037,-1011.808167,-0.014310,-0.314962,-8.000045,-1.557041,-0.079319,-80.000450,-1011.808167,3723.914795,0.000000
4406.200195,-0.356735,-1011.808167,-0.014310,-0.314962,-8.000045,-1.586838,-0.080837,-80.000450,-1011.808167,3723.999268,0.000000
4406.300293,-0.356369,-1011.808167,-0.014310,-0.314962,-8.000045,-1.585209,-0.080754,-80.000450,-1011.808167,3724.084229,0.000000
4406.400391,-0.355621,-1011.808167,-0.014310,-0.314962,-8.000045,-1.581883,-0.080585,-80.000450,-1011.808167,3724.168701,0.000000
4406.500000,-0.344818,-1011.808167,-0.014310,-0.314962,-8.000045,-1.533828,-0.078137,-80.000450,-1011.808167,3724.253662,0.000000
4406.600098,-0.351517,-1011.808167,-0.014310,-0.314962,-8.000045,-1.563625,-0.079655,-80.000450,-1011.808167,3724.338623,0.000000
4406.700195,-0.359711,-1011.808167,-0.014310,-0.314962,-8.000045,-1.600073,-0.081512,-80.000450,-1011.808167,3724.423096,0.000000
4406.800293,-0.352264,-1011.808167,-0.014310,-0.314962,-8.000045,-1.566950,-0.079824,-80.000450,-1011.808167,3724.507812,0.000000
4406.900391,-0.351151,-1011.808167,-0.014310,-0.314962,-8.000045,-1.561996,-0.079572,-80.000450,-1011.808167,3724.592773,0.000000
4407.000000,-0.352264,-1011.808167,-0.014310,-0.314962,-8.000045,-1.566950,-0.079824,-80.000450,-1011.808167,3724.677246,0.000000
4407.100098,-0.349289,-1011.808167,-0.014310,-0.314962,-8.000045,-1.553715,-0.079150,-80.000450,-1011.808167,3724.761719,0.000000
4407.200195,-0.362320,-1011.808167,-0.014310,-0.314962,-8.000045,-1.611680,-0.082103,-80.000450,-1011.808167,3724.846680,0.000000
4407.300293,-0.356369,-1011.808167,-0.014310,-0.314962,-8.000045,-1.585209,-0.080754,-80.000450,-1011.808167,3724.931152,0.000000
4407.400391,-0.353378,-1011.808167,-0.014310,-0.314962,-8.000045,-1.571905,-0.080077,-80.000450,-1011.808167,3725.015869,0.000000
4407.500000,-0.347427,-1011.808167,-0.014310,-0.314962,-8.000045,-1.545434,-0.078728,-80.000450,-1011.808167,3725.100830,0.000000
4407.600098,-0.342957,-1011.808167,-0.014310,-0.314962,-8.000045,-1.525547,-0.077715,-80.000450,-1011.808167,3725.185303,0.000000
4407.700195,-0.355988,-1011.808167,-0.014310,-0.314962,-8.000045,-1.583512,-0.080668,-80.000450,-1011.808167,3725.269775,0.000000
4407.800293,-0.348541,-1011.808167,-0.014310,-0.314962,-8.000045,-1.550389,-0.078981,-80.000450,-1011.808167,3725.355225,0.000000
4407.900391,-0.350403,-1011.808167,-0.014310,-0.314962,-8.000045,-1.558670,-0.079402,-80.000450,-1011.808167,3725.439697,0.000000
4408.000000,-0.359344,-1011.808167,-0.014310,-0.314962,-8.000045,-1.598444,-0.081429,-80.000450,-1011.808167,3725.524170,0.000000
4408.100098,-0.355240,-1011.808167,-0.014310,-0.314962,-8.000045,-1.580186,-0.080499,-80.000450,-1011.808167,3725.608887,0.000000
4408.200195,-0.345566,-1011.808167,-0.014310,-0.314962,-8.000045,-1.537153,-0.078306,-80.000450,-1011.808167,3725.693359,0.000000
4408.300293,-0.354126,-1011.808167,-0.014310,-0.314962,-8.000045,-1.575231,-0.080246,-80.000450,-1011.808167,3725.778320,0.000000
4408.400391,-0.348175,-1011.808167,-0.014310,-0.314962,-8.000045,-1.548760,-0.078898,-80.000450,-1011.808167,3725.863281,0.000000
4408.500000,-0.355988,-1011.808167,-0.014310,-0.314962,-8.000045,-1.583512,-0.080668,-80.000450,-1011.808167,3725.947754,0.000000
4408.600098,-0.350403,-1011.808167,-0.014310,-0.314962,-8.000045,-1.558670,-0.079402,-80.000450,-1011.808167,3726.032471,0.000000
4408.700195,-0.351898,-1011.808167,-0.014310,-0.314962,-8.000045,-1.565321,-0.079741,-80.000450,-1011.808167,3726.117187,0.000000
4408.800293,-0.359344,-1011.808167,-0.014310,-0.314962,-8.000045,-1.598444,-0.081429,-80.000450,-1011.808167,3726.201904,0.000000
4408.900391,-0.360825,-1011.808167,-0.014310,-0.314962,-8.000045,-1.605028,-0.081764,-80.000450,-1011.808167,3726.286377,0.000000
4409.000000,-0.360825,-1011.808167,-0.014310,-0.314962,-8.000045,-1.605028,-0.081764,-80.000450,-1011.808167,3726.371338,0.000000
4409.100098,-0.353012,-1011.808167,-0.014310,-0.314962,-8.000045,-1.570276,-0.079994,-80.000450,-1011.808167,3726.456299,0.000000
4409.200195,-0.358597,-1011.808167,-0.014310,-0.314962,-8.000045,-1.595118,-0.081259,-80.000450,-1011.808167,3726.540771,0.000000
4409.300293,-0.355988,-1011.808167,-0.014310,-0.314962,-8.000045,-1.583512,-0.080668,-80.000450,-1011.808167,3726.625488,0.000000
4409.400391,-0.355988,-1011.808167,-0.014310,-0.314962,-8.000045,-1.583512,-0.080668,-80.000450,-1011.808167,3726.709961,0.000000
4409.500000,-0.360825,-1011.808167,-0.014310,-0.314962,-8.000045,-1.605028,-0.081764,-80.000450,-1011.808167,3726.794922,0.000000
4409.600098,-0.356369,-1011.808167,-0.014310,-0.314962,-8.000045,-1.585209,-0.080754,-80.000450,-1011.808167,3726.879395,0.000000
4409.700195,-0.351898,-1011.808167,-0.014310,-0.314962,-8.000045,-1.565321,-0.079741,-80.000450,-1011.808167,3726.964355,0.000000
4409.800293,-0.361572,-1011.808167,-0.014310,-0.314962,-8.000045,-1.608354,-0.081933,-80.000450,-1011.808167,3727.048828,0.000000
4409.900391,-0.346680,-1011.808167,-0.014310,-0.314962,-8.000045,-1.542108,-0.078559,-80.000450,-1011.808167,3727.133789,0.000000
4410.000000,-0.357483,-1011.808167,-0.014310,-0.314962,-8.000045,-1.590163,-0.081007,-80.000450,-1011.808167,3727.218506,0.000000
4410.100098,-0.357483,-1011.808167,-0.014310,-0.314962,-8.000045,-1.590163,-0.081007,-80.000450,-1011.808167,3727.302979,0.000000
4410.200195,-0.355988,-1011.808167,-0.014310,-0.314962,-8.000045,-1.583512,-0.080668,-80.000450,-1011.808167,3727.387451,0.000000
4410.300293,-0.355988,-1011.808167,-0.014310,-0.314962,-8.000045,-1.583512,-0.080668,-80.000450,-1011.808167,3727.472412,0.000000
4410.400391,-0.359344,-1011.808167,-0.014310,-0.314962,-8.000045,-1.598444,-0.081429,-80.000450,-1011.808167,3727.557373,0.000000
4410.500000,-0.354507,-1011.808167,-0.014310,-0.314962,-8.000045,-1.576928,-0.080333,-80.000450,-1011.808167,3727.641846,0.000000
4410.600098,-0.355621,-1011.808167,-0.014310,-0.314962,-8.000045,-1.581883,-0.080585,-80.000450,-1011.808167,3727.726562,0.000000
4410.700195,-0.359711,-1011.808167,-0.014310,-0.314962,-8.000045,-1.600073,-0.081512,-80.000450,-1011.808167,3727.811279,0.000000
4410.800293,-0.352646,-1011.808167,-0.014310,-0.314962,-8.000045,-1.568647,-0.079911,-80.000450,-1011.808167,3727.895996,0.000000
4410.900391,-0.360092,-1011.808167,-0.014310,-0.314962,-8.000045,-1.601770,-0.081598,-80.000450,-1011.808167,3727.980957,0.000000
4411.000000,-0.357849,-1011.808167,-0.014310,-0.314962,-8.000045,-1.591792,-0.081090,-80.000450,-1011.808167,3728.065430,0.000000
4411.100098,-0.357849,-1011.808167,-0.014310,-0.314962,-8.000045,-1.591792,-0.081090,-80.000450,-1011.808167,3728.149902,0.000000
4411.200195,-0.357483,-1011.808167,-0.014310,-0.314962,-8.000045,-1.590163,-0.081007,-80.000450,-1011.808167,3728.234863,0.000000
4411.300293,-0.355240,-1011.808167,-0.014310,-0.314962,-8.000045,-1.580186,-0.080499,-80.000450,-1011.808167,3728.319580,0.000000
4411.400391,-0.354507,-1011.808167,-0.014310,-0.314962,-8.000045,-1.576928,-0.080333,-80.000450,-1011.808167,3728.404053,0.000000
4411.500000,-0.353760,-1011.808167,-0.014310,-0.314962,-8.000045,-1.573602,-0.080163,-80.000450,-1011.808167,3728.489014,0.000000
4411.600098,-0.357101,-1011.808167,-0.014310,-0.314962,-8.000045,-1.588467,-0.080920,-80.000450,-1011.808167,3728.573486,0.000000
4411.700195,-0.353378,-1011.808167,-0.014310,-0.314962,-8.000045,-1.571905,-0.080077,-80.000450,-1011.808167,3728.658447,0.000000
4411.800293,-0.352264,-1011.808167,-0.014310,-0.314962,-8.000045,-1.566950,-0.079824,-80.000450,-1011.808167,3728.743164,0.000000
4411.900391,-0.350037,-1011.808167,-0.014310,-0.314962,-8.000045,-1.557041,-0.079319,-80.000450,-1011.808167,3728.827881,0.000000
4412.000000,-0.347061,-1011.808167,-0.014310,-0.314962,-8.000045,-1.543805,-0.078645,-80.000450,-1011.808167,3728.912354,0.000000
4412.100098,-0.351151,-1011.808167,-0.014310,-0.314962,-8.000045,-1.561996,-0.079572,-80.000450,-1011.808167,3728.997070,0.000000
4412.200195,-0.357483,-1011.808167,-0.014310,-0.314962,-8.000045,-1.590163,-0.081007,-80.000450,-1011.808167,3729.082031,0.000000
4412.300293,-0.355988,-1011.808167,-0.014310,-0.314962,-8.000045,-1.583512,-0.080668,-80.000450,-1011.808167,3729.166504,0.000000
4412.400391,-0.347061,-1011.808167,-0.014310,-0.314962,-8.000045,-1.543805,-0.078645,-80.000450,-1011.808167,3729.251465,0.000000
4412.500000,-0.364182,-1011.808167,-0.014310,-0.314962,-8.000045,-1.619960,-0.082525,-80.000450,-1011.808167,3729.335937,0.000000
4412.600098,-0.354126,-1011.808167,-0.014310,-0.314962,-8.000045,-1.575231,-0.080246,-80.000450,-1011.808167,3729.420654,0.000000
4412.700195,-0.360092,-1011.808167,-0.014310,-0.314962,-8.000045,-1.601770,-0.081598,-80.000450,-1011.808167,3729.505127,0.000000
4412.800293,-0.338867,-1011.808167,-0.014310,-0.314962,-8.000045,-1.507357,-0.076788,-80.000450,-1011.808167,3729.590088,0.000000
4412.900391,-0.347427,-1011.808167,-0.014310,-0.314962,-8.000045,-1.545434,-0.078728,-80.000450,-1011.808167,3729.675049,0.000000
4413.000000,-0.359344,-1011.808167,-0.014310,-0.314962,-8.000045,-1.598444,-0.081429,-80.000450,-1011.808167,3729.759521,0.000000
4413.100098,-0.358231,-1011.808167,-0.014310,-0.314962,-8.000045,-1.593489,-0.081176,-80.000450,-1011.808167,3729.844482,0.000000
4413.200195,-0.357101,-1011.808167,-0.014310,-0.314962,-8.000045,-1.588467,-0.080920,-80.000450,-1011.808167,3729.928955,0.000000
4413.300293,-0.352264,-1011.808167,-0.014310,-0.314962,-8.000045,-1.566950,-0.079824,-80.000450,-1011.808167,3730.013428,0.000000
4413.400391,-0.362701,-1011.808167,-0.014310,-0.314962,-8.000045,-1.613376,-0.082189,-80.000450,-1011.808167,3730.098633,0.000000
4413.500000,-0.344818,-1011.808167,-0.014310,-0.314962,-8.000045,-1.533828,-0.078137,-80.000450,-1011.808167,3730.183105,0.000000
4413.600098,-0.351898,-1011.808167,-0.014310,-0.314962,-8.000045,-1.565321,-0.079741,-80.000450,-1011.808167,3730.267578,0.000000
4413.700195,-0.361954,-1011.808167,-0.014310,-0.314962,-8.000045,-1.610051,-0.082020,-80.000450,-1011.808167,3730.352539,0.000000
4413.800293,-0.348923,-1011.808167,-0.014310,-0.314962,-8.000045,-1.552086,-0.079067,-80.000450,-1011.808167,3730.437256,0.000000
4413.900391,-0.353012,-1011.808167,-0.014310,-0.314962,-8.000045,-1.570276,-0.079994,-80.000450,-1011.808167,3730.521729,0.000000
4414.000000,-0.355240,-1011.808167,-0.014310,-0.314962,-8.000045,-1.580186,-0.080499,-80.000450,-1011.808167,3730.606689,0.000000
4414.100098,-0.361572,-1011.808167,-0.014310,-0.314962,-8.000045,-1.608354,-0.081933,-80.000450,-1011.808167,3730.691162,0.000000
4414.200195,-0.360092,-1011.808167,-0.014310,-0.314962,-8.000045,-1.601770,-0.081598,-80.000450,-1011.808167,3730.775635,0.000000
4414.300293,-0.363434,-1011.808167,-0.014310,-0.314962,-8.000045,-1.616634,-0.082355,-80.000450,-1011.808167,3730.860596,0.000000
4414.400391,-0.357483,-1011.808167,-0.014310,-0.314962,-8.000045,-1.590163,-0.081007,-80.000450,-1011.808167,3730.945557,0.000000
4414.500000,-0.347427,-1011.808167,-0.014310,-0.314962,-8.000045,-1.545434,-0.078728,-80.000450,-1011.808167,3731.030029,0.000000
4414.600098,-0.353378,-1011.808167,-0.014310,-0.314962,-8.000045,-1.571905,-0.080077,-80.000450,-1011.808167,3731.114746,0.000000
4414.700195,-0.350784,-1011.808167,-0.014310,-0.314962,-8.000045,-1.560367,-0.079489,-80.000450,-1011.808167,3731.199707,0.000000
4414.800293,-0.361954,-1011.808167,-0.014310,-0.314962,-8.000045,-1.610051,-0.082020,-80.000450,-1011.808167,3731.284180,0.000000
4414.900391,-0.359344,-1011.808167,-0.014310,-0.314962,-8.000045,-1.598444,-0.081429,-80.000450,-1011.808167,3731.369141,0.000000
4415.000000,-0.354874,-1011.808167,-0.014310,-0.314962,-8.000045,-1.578557,-0.080416,-80.000450,-1011.808167,3731.453613,0.000000
4415.100098,-0.350784,-1011.808167,-0.014310,-0.314962,-8.000045,-1.560367,-0.079489,-80.000450,-1011.808167,3731.538086,0.000000
4415.200195,-0.357849,-1011.808167,-0.014310,-0.314962,-8.000045,-1.591792,-0.081090,-80.000450,-1011.808167,3731.623047,0.000000
4415.300293,-0.351151,-1011.808167,-0.014310,-0.314962,-8.000045,-1.561996,-0.079572,-80.000450,-1011.808167,3731.707764,0.000000
4415.400391,-0.351898,-1011.808167,-0.014310,-0.314962,-8.000045,-1.565321,-0.079741,-80.000450,-1011.808167,3731.792236,0.000000
4415.500000,-0.357849,-1011.808167,-0.014310,-0.314962,-8.000045,-1.591792,-0.081090,-80.000450,-1011.808167,3731.877197,0.000000
4415.600098,-0.361206,-1011.808167,-0.014310,-0.314962,-8.000045,-1.606725,-0.081850,-80.000450,-1011.808167,3731.962158,0.000000
4415.700195,-0.361954,-1011.808167,-0.014310,-0.314962,-8.000045,-1.610051,-0.082020,-80.000450,-1011.808167,3732.046631,0.000000
4415.800293,-0.354874,-1011.808167,-0.014310,-0.314962,-8.000045,-1.578557,-0.080416,-80.000450,-1011.808167,3732.131104,0.000000
4415.900391,-0.353760,-1011.808167,-0.014310,-0.314962,-8.000045,-1.573602,-0.080163,-80.000450,-1011.808167,3732.215820,0.000000
4416.000000,-0.351898,-1011.808167,-0.014310,-0.314962,-8.000045,-1.565321,-0.079741,-80.000450,-1011.808167,3732.300781,0.000000
4416.100098,-0.355621,-1011.808167,-0.014310,-0.314962,-8.000045,-1.581883,-0.080585,-80.000450,-1011.808167,3732.385254,0.000000
4416.200195,-0.356369,-1011.808167,-0.014310,-0.314962,-8.000045,-1.585209,-0.080754,-80.000450,-1011.808167,3732.470215,0.000000
4416.300293,-0.360825,-1011.808167,-0.014310,-0.314962,-8.000045,-1.605028,-0.081764,-80.000450,-1011.808167,3732.554687,0.000000
4416.400391,-0.366043,-1011.808167,-0.014310,-0.314962,-8.000045,-1.628241,-0.082947,-80.000450,-1011.808167,3732.639648,0.000000
4416.500000,-0.358231,-1011.808167,-0.014310,-0.314962,-8.000045,-1.593489,-0.081176,-80.000450,-1011.808167,3732.724365,0.000000
4416.600098,-0.358231,-1011.808167,-0.014310,-0.314962,-8.000045,-1.593489,-0.081176,-80.000450,-1011.808167,3732.808838,0.000000
4416.700195,-0.351151,-1011.808167,-0.014310,-0.314962,-8.000045,-1.561996,-0.079572,-80.000450,-1011.808167,3732.893311,0.000000
4416.800293,-0.351517,-1011.808167,-0.014310,-0.314962,-8.000045,-1.563625,-0.079655,-80.000450,-1011.808167,3732.978271,0.000000
4416.900391,-0.353760,-1011.808167,-0.014310,-0.314962,-8.000045,-1.573602,-0.080163,-80.000450,-1011.808167,3733.063232,0.000000
4417.000000,-0.352264,-1011.808167,-0.014310,-0.314962,-8.000045,-1.566950,-0.079824,-80.000450,-1011.808167,3733.147705,0.000000
4417.100098,-0.357849,-1011.808167,-0.014310,-0.314962,-8.000045,-1.591792,-0.081090,-80.000450,-1011.808167,3733.232422,0.000000
4417.200195,-0.356369,-1011.808167,-0.014310,-0.314962,-8.000045,-1.585209,-0.080754,-80.000450,-1011.808167,3733.317383,0.000000
4417.300293,-0.358597,-1011.808167,-0.014310,-0.314962,-8.000045,-1.595118,-0.081259,-80.000450,-1011.808167,3733.401855,0.000000
4417.400391,-0.355240,-1011.808167,-0.014310,-0.314962,-8.000045,-1.580186,-0.080499,-80.000450,-1011.808167,3733.486816,0.000000
4417.500000,-0.344818,-1011.808167,-0.014310,-0.314962,-8.000045,-1.533828,-0.078137,-80.000450,-1011.808167,3733.571289,0.000000
4417.600098,-0.367538,-1011.808167,-0.014310,-0.314962,-8.000045,-1.634893,-0.083285,-80.000450,-1011.808167,3733.655762,0.000000
4417.700195,-0.350784,-1011.808167,-0.014310,-0.314962,-8.000045,-1.560367,-0.079489,-80.000450,-1011.808167,3733.740723,0.000000
4417.800293,-0.359711,-1011.808167,-0.014310,-0.314962,-8.000045,-1.600073,-0.081512,-80.000450,-1011.808167,3733.825439,0.000000
4417.900391,-0.363815,-1011.808167,-0.014310,-0.314962,-8.000045,-1.618331,-0.082442,-80.000450,-1011.808167,3733.909912,0.000000
4418.000000,-0.361572,-1011.808167,-0.014310,-0.314962,-8.000045,-1.608354,-0.081933,-80.000450,-1011.808167,3733.994873,0.000000
4418.100098,-0.368652,-1011.808167,-0.014310,-0.314962,-8.000045,-1.639848,-0.083538,-80.000450,-1011.808167,3734.079834,0.000000
4418.200195,-0.362701,-1011.808167,-0.014310,-0.314962,-8.000045,-1.613376,-0.082189,-80.000450,-1011.808167,3734.164307,0.000000
4418.300293,-0.363434,-1011.808167,-0.014310,-0.314962,-8.000045,-1.616634,-0.082355,-80.000450,-1011.808167,3734.248779,0.000000
4418.400391,-0.347061,-1011.808167,-0.014310,-0.314962,-8.000045,-1.543805,-0.078645,-80.000450,-1011.808167,3734.333740,0.000000
4418.500000,-0.364182,-1011.808167,-0.014310,-0.314962,-8.000045,-1.619960,-0.082525,-80.000450,-1011.808167,3734.418213,0.000000
4418.600098,-0.355988,-1011.808167,-0.014310,-0.314962,-8.000045,-1.583512,-0.080668,-80.000450,-1011.808167,3734.502930,0.000000
4418.700195,-0.348175,-1011.808167,-0.014310,-0.314962,-8.000045,-1.548760,-0.078898,-80.000450,-1011.808167,3734.587891,0.000000
4418.800293,-0.363434,-1011.808167,-0.014310,-0.314962,-8.000045,-1.616634,-0.082355,-80.000450,-1011.808167,3734.672363,0.000000
4418.900391,-0.357483,-1011.808167,-0.014310,-0.314962,-8.000045,-1.590163,-0.081007,-80.000450,-1011.808167,3734.756836,0.000000
4419.000000,-0.353012,-1011.808167,-0.014310,-0.314962,-8.000045,-1.570276,-0.079994,-80.000450,-1011.808167,3734.842041,0.000000
4419.100098,-0.363068,-1011.808167,-0.014310,-0.314962,-8.000045,-1.615005,-0.082272,-80.000450,-1011.808167,3734.926514,0.000000
4419.200195,-0.359344,-1011.808167,-0.014310,-0.314962,-8.000045,-1.598444,-0.081429,-80.000450,-1011.808167,3735.011230,0.000000
4419.300293,-0.360825,-1011.808167,-0.014310,-0.314962,-8.000045,-1.605028,-0.081764,-80.000450,-1011.808167,3735.095947,0.000000
4419.400391,-0.353012,-1011.808167,-0.014310,-0.314962,-8.000045,-1.570276,-0.079994,-80.000450,-1011.808167,3735.180908,0.000000
4419.500000,-0.355240,-1011.808167,-0.014310,-0.314962,-8.000045,-1.580186,-0.080499,-80.000450,-1011.808167,3735.265381,0.000000
4419.600098,-0.359344,-1011.808167,-0.014310,-0.314962,-8.000045,-1.598444,-0.081429,-80.000450,-1011.808167,3735.350342,0.000000
4419.700195,-0.369400,-1011.808167,-0.014310,-0.314962,-8.000045,-1.643173,-0.083707,-80.000450,-1011.808167,3735.434814,0.000000
4419.800293,-0.355988,-1011.808167,-0.014310,-0.314962,-8.000045,-1.583512,-0.080668,-80.000450,-1011.808167,3735.519531,0.000000
4419.900391,-0.355621,-1011.808167,-0.014310,-0.314962,-8.000045,-1.581883,-0.080585,-80.000450,-1011.808167,3735.604492,0.000000
4420.000000,-0.353012,-1011.808167,-0.014310,-0.314962,-8.000045,-1.570276,-0.079994,-80.000450,-1011.808167,3735.688965,0.000000
4420.100098,-0.362701,-1011.808167,-0.014310,-0.314962,-8.000045,-1.613376,-0.082189,-80.000450,-1011.808167,3735.773437,0.000000
4420.200195,-0.362701,-1011.808167,-0.014310,-0.314962,-8.000045,-1.613376,-0.082189,-80.000450,-1011.808167,3735.858398,0.000000
4420.300293,-0.358963,-1011.808167,-0.014310,-0.314962,-8.000045,-1.596747,-0.081342,-80.000450,-1011.808167,3735.943115,0.000000
4420.400391,-0.355988,-1011.808167,-0.014310,-0.314962,-8.000045,-1.583512,-0.080668,-80.000450,-1011.808167,3736.027832,0.000000
4420.500000,-0.355621,-1011.808167,-0.014310,-0.314962,-8.000045,-1.581883,-0.080585,-80.000450,-1011.808167,3736.112549,0.000000
4420.600098,-0.355240,-1011.808167,-0.014310,-0.314962,-8.000045,-1.580186,-0.080499,-80.000450,-1011.808167,3736.197021,0.000000
4420.700195,-0.352646,-1011.808167,-0.014310,-0.314962,-8.000045,-1.568647,-0.079911,-80.000450,-1011.808167,3736.281982,0.000000
4420.800293,-0.358231,-1011.808167,-0.014310,-0.314962,-8.000045,-1.593489,-0.081176,-80.000450,-1011.808167,3736.366455,0.000000
4420.900391,-0.358231,-1011.808167,-0.014310,-0.314962,-8.000045,-1.593489,-0.081176,-80.000450,-1011.808167,3736.451416,0.000000
4421.000000,-0.357849,-1011.808167,-0.014310,-0.314962,-8.000045,-1.591792,-0.081090,-80.000450,-1011.808167,3736.535889,0.000000
4421.100098,-0.367538,-1011.808167,-0.014310,-0.314962,-8.000045,-1.634893,-0.083285,-80.000450,-1011.808167,3736.620605,0.000000
4421.200195,-0.358231,-1011.808167,-0.014310,-0.314962,-8.000045,-1.593489,-0.081176,-80.000450,-1011.808167,3736.705566,0.000000
4421.300293,-0.361206,-1011.808167,-0.014310,-0.314962,-8.000045,-1.606725,-0.081850,-80.000450,-1011.808167,3736.790039,0.000000
4421.400391,-0.362320,-1011.808167,-0.014310,-0.314962,-8.000045,-1.611680,-0.082103,-80.000450,-1011.808167,3736.874512,0.000000
4421.500000,-0.353760,-1011.808167,-0.014310,-0.314962,-8.000045,-1.573602,-0.080163,-80.000450,-1011.808167,3736.959717,0.000000
4421.600098,-0.360458,-1011.808167,-0.014310,-0.314962,-8.000045,-1.603399,-0.081681,-80.000450,-1011.808167,3737.044434,0.000000
4421.700195,-0.355621,-1011.808167,-0.014310,-0.314962,-8.000045,-1.581883,-0.080585,-80.000450,-1011.808167,3737.128906,0.000000
4421.800293,-0.354507,-1011.808167,-0.014310,-0.314962,-8.000045,-1.576928,-0.080333,-80.000450,-1011.808167,3737.213623,0.000000
4421.900391,-0.354126,-1011.808167,-0.014310,-0.314962,-8.000045,-1.575231,-0.080246,-80.000450,-1011.808167,3737.298096,0.000000
4422.000000,-0.360092,-1011.808167,-0.014310,-0.314962,-8.000045,-1.601770,-0.081598,-80.000450,-1011.808167,3737.383057,0.000000
4422.100098,-0.355621,-1011.808167,-0.014310,-0.314962,-8.000045,-1.581883,-0.080585,-80.000450,-1011.808167,3737.468018,0.000000
4422.200195,-0.364182,-1011.808167,-0.014310,-0.314962,-8.000045,-1.619960,-0.082525,-80.000450,-1011.808167,3737.552490,0.000000
4422.300293,-0.361206,-1011.808167,-0.014310,-0.314962,-8.000045,-1.606725,-0.081850,-80.000450,-1011.808167,3737.636963,0.000000
4422.400391,-0.365677,-1011.808167,-0.014310,-0.314962,-8.000045,-1.626612,-0.082864,-80.000450,-1011.808167,3737.722168,0.000000
4422.500000,-0.357101,-1011.808167,-0.014310,-0.314962,-8.000045,-1.588467,-0.080920,-80.000450,-1011.808167,3737.806641,0.000000
4422.600098,-0.353760,-1011.808167,-0.014310,-0.314962,-8.000045,-1.573602,-0.080163,-80.000450,-1011.808167,3737.891113,0.000000
4422.700195,-0.354507,-1011.808167,-0.014310,-0.314962,-8.000045,-1.576928,-0.080333,-80.000450,-1011.808167,3737.976074,0.000000
4422.800293,-0.347427,-1011.808167,-0.014310,-0.314962,-8.000045,-1.545434,-0.078728,-80.000450,-1011.808167,3738.060547,0.000000
4422.900391,-0.358231,-1011.808167,-0.014310,-0.314962,-8.000045,-1.593489,-0.081176,-80.000450,-1011.808167,3738.145508,0.000000
4423.000000,-0.352646,-1011.808167,-0.014310,-0.314962,-8.000045,-1.568647,-0.079911,-80.000450,-1011.808167,3738.230225,0.000000
4423.100098,-0.354126,-1011.808167,-0.014310,-0.314962,-8.000045,-1.575231,-0.080246,-80.000450,-1011.808167,3738.314697,0.000000
4423.200195,-0.356369,-1011.808167,-0.014310,-0.314962,-8.000045,-1.585209,-0.080754,-80.000450,-1011.808167,3738.399170,0.000000
4423.300293,-0.351151,-1011.808167,-0.014310,-0.314962,-8.000045,-1.561996,-0.079572,-80.000450,-1011.808167,3738.484131,0.000000
4423.400391,-0.360092,-1011.808167,-0.014310,-0.314962,-8.000045,-1.601770,-0.081598,-80.000450,-1011.808167,3738.569092,0.000000
4423.500000,-0.353760,-1011.808167,-0.014310,-0.314962,-8.000045,-1.573602,-0.080163,-80.000450,-1011.808167,3738.653564,0.000000
4423.600098,-0.352264,-1011.808167,-0.014310,-0.314962,-8.000045,-1.566950,-0.079824,-80.000450,-1011.808167,3738.738281,0.000000
4423.700195,-0.361954,-1011.808167,-0.014310,-0.314962,-8.000045,-1.610051,-0.082020,-80.000450,-1011.808167,3738.822998,0.000000
4423.800293,-0.345932,-1011.808167,-0.014310,-0.314962,-8.000045,-1.538782,-0.078389,-80.000450,-1011.808167,3738.907715,0.000000
4423.900391,-0.355621,-1011.808167,-0.014310,-0.314962,-8.000045,-1.581883,-0.080585,-80.000450,-1011.808167,3738.992187,0.000000
4424.000000,-0.356369,-1011.808167,-0.014310,-0.314962,-8.000045,-1.585209,-0.080754,-80.000450,-1011.808167,3739.077148,0.000000
4424.100098,-0.354126,-1011.808167,-0.014310,-0.314962,-8.000045,-1.575231,-0.080246,-80.000450,-1011.808167,3739.162109,0.000000
4424.200195,-0.357483,-1011.808167,-0.014310,-0.314962,-8.000045,-1.590163,-0.081007,-80.000450,-1011.808167,3739.246582,0.000000
4424.300293,-0.350403,-1011.808167,-0.014310,-0.314962,-8.000045,-1.558670,-0.079402,-80.000450,-1011.808167,3739.331299,0.000000
4424.400391,-0.353760,-1011.808167,-0.014310,-0.314962,-8.000045,-1.573602,-0.080163,-80.000450,-1011.808167,3739.415771,0.000000
4424.500000,-0.351517,-1011.808167,-0.014310,-0.314962,-8.000045,-1.563625,-0.079655,-80.000450,-1011.808167,3739.500732,0.000000
4424.600098,-0.359711,-1011.808167,-0.014310,-0.314962,-8.000045,-1.600073,-0.081512,-80.000450,-1011.808167,3739.585693,0.000000
4424.700195,-0.351517,-1011.808167,-0.014310,-0.314962,-8.000045,-1.563625,-0.079655,-80.000450,-1011.808167,3739.670166,0.000000
4424.800293,-0.357849,-1011.808167,-0.014310,-0.314962,-8.000045,-1.591792,-0.081090,-80.000450,-1011.808167,3739.754639,0.000000
4424.900391,-0.353378,-1011.808167,-0.014310,-0.314962,-8.000045,-1.571905,-0.080077,-80.000450,-1011.808167,3739.839600,0.000000
4425.000000,-0.351151,-1011.808167,-0.014310,-0.314962,-8.000045,-1.561996,-0.079572,-80.000450,-1011.808167,3739.924316,0.000000
4425.100098,-0.357101,-1011.808167,-0.014310,-0.314962,-8.000045,-1.588467,-0.080920,-80.000450,-1011.808167,3740.008789,0.000000
4425.200195,-0.365677,-1011.808167,-0.014310,-0.314962,-8.000045,-1.626612,-0.082864,-80.000450,-1011.808167,3740.093750,0.000000
4425.300293,-0.362701,-1011.808167,-0.014310,-0.314962,-8.000045,-1.613376,-0.082189,-80.000450,-1011.808167,3740.178223,0.000000
4425.400391,-0.357483,-1011.808167,-0.014310,-0.314962,-8.000045,-1.590163,-0.081007,-80.000450,-1011.808167,3740.262695,0.000000
4425.500000,-0.358597,-1011.808167,-0.014310,-0.314962,-8.000045,-1.595118,-0.081259,-80.000450,-1011.808167,3740.347900,0.000000
4425.600098,-0.361206,-1011.808167,-0.014310,-0.314962,-8.000045,-1.606725,-0.081850,-80.000450,-1011.808167,3740.432373,0.000000
4425.700195,-0.353012,-1011.808167,-0.014310,-0.314962,-8.000045,-1.570276,-0.079994,-80.000450,-1011.808167,3740.517090,0.000000
4425.800293,-0.346680,-1011.808167,-0.014310,-0.314962,-8.000045,-1.542108,-0.078559,-80.000450,-1011.808167,3740.601807,0.000000
4425.900391,-0.351898,-1011.808167,-0.014310,-0.314962,-8.000045,-1.565321,-0.079741,-80.000450,-1011.808167,3740.686768,0.000000
4426.000000,-0.355988,-1011.808167,-0.014310,-0.314962,-8.000045,-1.583512,-0.080668,-80.000450,-1011.808167,3740.771240,0.000000
4426.100098,-0.350037,-1011.808167,-0.014310,-0.314962,-8.000045,-1.557041,-0.079319,-80.000450,-1011.808167,3740.856201,0.000000
4426.200195,-0.350037,-1011.808167,-0.014310,-0.314962,-8.000045,-1.557041,-0.079319,-80.000450,-1011.808167,3740.940674,0.000000
4426.300293,-0.359344,-1011.808167,-0.014310,-0.314962,-8.000045,-1.598444,-0.081429,-80.000450,-1011.808167,3741.025391,0.000000
4426.400391,-0.366425,-1011.808167,-0.014310,-0.314962,-8.000045,-1.629938,-0.083033,-80.000450,-1011.808167,3741.109863,0.000000
4426.500000,-0.365295,-1011.808167,-0.014310,-0.314962,-8.000045,-1.624915,-0.082777,-80.000450,-1011.808167,3741.194824,0.000000
4426.600098,-0.364182,-1011.808167,-0.014310,-0.314962,-8.000045,-1.619960,-0.082525,-80.000450,-1011.808167,3741.279297,0.000000
4426.700195,-0.350037,-1011.808167,-0.014310,-0.314962,-8.000045,-1.557041,-0.079319,-80.000450,-1011.808167,3741.364258,0.000000
4426.800293,-0.354507,-1011.808167,-0.014310,-0.314962,-8.000045,-1.576928,-0.080333,-80.000450,-1011.808167,3741.448975,0.000000
4426.900391,-0.351517,-1011.808167,-0.014310,-0.314962,-8.000045,-1.563625,-0.079655,-80.000450,-1011.808167,3741.533691,0.000000
4427.000000,-0.355621,-1011.808167,-0.014310,-0.314962,-8.000045,-1.581883,-0.080585,-80.000450,-1011.808167,3741.618164,0.000000
4427.100098,-0.362701,-1011.808167,-0.014310,-0.314962,-8.000045,-1.613376,-0.082189,-80.000450,-1011.808167,3741.702881,0.000000
4427.200195,-0.351517,-1011.808167,-0.014310,-0.314962,-8.000045,-1.563625,-0.079655,-80.000450,-1011.808167,3741.787842,0.000000
4427.300293,-0.349289,-1011.808167,-0.014310,-0.314962,-8.000045,-1.553715,-0.079150,-80.000450,-1011.808167,3741.872314,0.000000
4427.400391,-0.356735,-1011.808167,-0.014310,-0.314962,-8.000045,-1.586838,-0.080837,-80.000450,-1011.808167,3741.957275,0.000000
4427.500000,-0.361572,-1011.808167,-0.014310,-0.314962,-8.000045,-1.608354,-0.081933,-80.000450,-1011.808167,3742.041748,0.000000
4427.600098,-0.355988,-1011.808167,-0.014310,-0.314962,-8.000045,-1.583512,-0.080668,-80.000450,-1011.808167,3742.126465,0.000000
4427.700195,-0.361572,-1011.808167,-0.014310,-0.314962,-8.000045,-1.608354,-0.081933,-80.000450,-1011.808167,3742.211426,0.000000
4427.800293,-0.362701,-1011.808167,-0.014310,-0.314962,-8.000045,-1.613376,-0.082189,-80.000450,-1011.808167,3742.295898,0.000000
4427.900391,-0.354507,-1011.808167,-0.014310,-0.314962,-8.000045,-1.576928,-0.080333,-80.000450,-1011.808167,3742.380371,0.000000
4428.000000,-0.356735,-1011.808167,-0.014310,-0.314962,-8.000045,-1.586838,-0.080837,-80.000450,-1011.808167,3742.465576,0.000000
4428.100098,-0.349655,-1011.808167,-0.014310,-0.314962,-8.000045,-1.555344,-0.079233,-80.000450,-1011.808167,3742.550293,0.000000
4428.200195,-0.354507,-1011.808167,-0.014310,-0.314962,-8.000045,-1.576928,-0.080333,-80.000450,-1011.808167,3742.634766,0.000000
4428.300293,-0.354126,-1011.808167,-0.014310,-0.314962,-8.000045,-1.575231,-0.080246,-80.000450,-1011.808167,3742.719482,0.000000
4428.400391,-0.360092,-1011.808167,-0.014310,-0.314962,-8.000045,-1.601770,-0.081598,-80.000450,-1011.808167,3742.804443,0.000000
4428.500000,-0.360458,-1011.808167,-0.014310,-0.314962,-8.000045,-1.603399,-0.081681,-80.000450,-1011.808167,3742.888916,0.000000
4428.600098,-0.357101,-1011.808167,-0.014310,-0.314962,-8.000045,-1.588467,-0.080920,-80.000450,-1011.808167,3742.973877,0.000000
4428.700195,-0.350784,-1011.808167,-0.014310,-0.314962,-8.000045,-1.560367,-0.079489,-80.000450,-1011.808167,3743.058350,0.000000
4428.800293,-0.346313,-1011.808167,-0.014310,-0.314962,-8.000045,-1.540479,-0.078476,-80.000450,-1011.808167,3743.142822,0.000000
4428.900391,-0.362701,-1011.808167,-0.014310,-0.314962,-8.000045,-1.613376,-0.082189,-80.000450,-1011.808167,3743.227783,0.000000
4429.000000,-0.349655,-1011.808167,-0.014310,-0.314962,-8.000045,-1.555344,-0.079233,-80.000450,-1011.808167,3743.312500,0.000000
4429.100098,-0.354126,-1011.808167,-0.014310,-0.314962,-8.000045,-1.575231,-0.080246,-80.000450,-1011.808167,3743.396973,0.000000
4429.200195,-0.354874,-1011.808167,-0.014310,-0.314962,-8.000045,-1.578557,-0.080416,-80.000450,-1011.808167,3743.481934,0.000000
4429.300293,-0.349655,-1011.808167,-0.014310,-0.314962,-8.000045,-1.555344,-0.079233,-80.000450,-1011.808167,3743.566895,0.000000
4429.400391,-0.339600,-1011.808167,-0.014310,-0.314962,-8.000045,-1.510615,-0.076954,-80.000450,-1011.808167,3743.651367,0.000000
4429.500000,-0.353378,-1011.808167,-0.014310,-0.314962,-8.000045,-1.571905,-0.080077,-80.000450,-1011.808167,3743.735840,0.000000
4429.600098,-0.350037,-1011.808167,-0.014310,-0.314962,-8.000045,-1.557041,-0.079319,-80.000450,-1011.808167,3743.820557,0.000000
4429.700195,-0.351898,-1011.808167,-0.014310,-0.314962,-8.000045,-1.565321,-0.079741,-80.000450,-1011.808167,3743.905029,0.000000
4429.800293,-0.363068,-1011.808167,-0.014310,-0.314962,-8.000045,-1.615005,-0.082272,-80.000450,-1011.808167,3743.989990,0.000000
4429.900391,-0.355621,-1011.808167,-0.014310,-0.314962,-8.000045,-1.581883,-0.080585,-80.000450,-1011.808167,3744.074951,0.000000
4430.000000,-0.347794,-1011.808167,-0.014310,-0.314962,-8.000045,-1.547063,-0.078811,-80.000450,-1011.808167,3744.159424,0.000000
4430.100098,-0.353012,-1011.808167,-0.014310,-0.314962,-8.000045,-1.570276,-0.079994,-80.000450,-1011.808167,3744.244385,0.000000
4430.200195,-0.354874,-1011.808167,-0.014310,-0.314962,-8.000045,-1.578557,-0.080416,-80.000450,-1011.808167,3744.329102,0.000000
4430.300293,-0.358963,-1011.808167,-0.014310,-0.314962,-8.000045,-1.596747,-0.081342,-80.000450,-1011.808167,3744.413574,0.000000
4430.400391,-0.344070,-1011.808167,-0.014310,-0.314962,-8.000045,-1.530502,-0.077967,-80.000450,-1011.808167,3744.498047,0.000000
4430.500000,-0.356369,-1011.808167,-0.014310,-0.314962,-8.000045,-1.585209,-0.080754,-80.000450,-1011.808167,3744.583008,0.000000
4430.600098,-0.351151,-1011.808167,-0.014310,-0.314962,-8.000045,-1.561996,-0.079572,-80.000450,-1011.808167,3744.667969,0.000000
4430.700195,-0.344818,-1011.808167,-0.014310,-0.314962,-8.000045,-1.533828,-0.078137,-80.000450,-1011.808167,3744.752441,0.000000
4430.800293,-0.357849,-1011.808167,-0.014310,-0.314962,-8.000045,-1.591792,-0.081090,-80.000450,-1011.808167,3744.837158,0.000000
4430.900391,-0.349655,-1011.808167,-0.014310,-0.314962,-8.000045,-1.555344,-0.079233,-80.000450,-1011.808167,3744.921631,0.000000
4431.000000,-0.351898,-1011.808167,-0.014310,-0.314962,-8.000045,-1.565321,-0.079741,-80.000450,-1011.808167,3745.006592,0.000000
4431.100098,-0.362320,-1011.808167,-0.014310,-0.314962,-8.000045,-1.611680,-0.082103,-80.000450,-1011.808167,3745.091553,0.000000
4431.200195,-0.355240,-1011.808167,-0.014310,-0.314962,-8.000045,-1.580186,-0.080499,-80.000450,-1011.808167,3745.176025,0.000000
4431.300293,-0.348541,-1011.808167,-0.014310,-0.314962,-8.000045,-1.550389,-0.078981,-80.000450,-1011.808167,3745.260498,0.000000
4431.400391,-0.354874,-1011.808167,-0.014310,-0.314962,-8.000045,-1.578557,-0.080416,-80.000450,-1011.808167,3745.345459,0.000000
4431.500000,-0.353378,-1011.808167,-0.014310,-0.314962,-8.000045,-1.571905,-0.080077,-80.000450,-1011.808167,3745.430176,0.000000
4431.600098,-0.351517,-1011.808167,-0.014310,-0.314962,-8.000045,-1.563625,-0.079655,-80.000450,-1011.808167,3745.514648,0.000000
4431.700195,-0.351151,-1011.808167,-0.014310,-0.314962,-8.000045,-1.561996,-0.079572,-80.000450,-1011.808167,3745.599609,0.000000
4431.800293,-0.357483,-1011.808167,-0.014310,-0.314962,-8.000045,-1.590163,-0.081007,-80.000450,-1011.808167,3745.684082,0.000000
4431.900391,-0.361206,-1011.808167,-0.014310,-0.314962,-8.000045,-1.606725,-0.081850,-80.000450,-1011.808167,3745.769043,0.000000
4432.000000,-0.355621,-1011.808167,-0.014310,-0.314962,-8.000045,-1.581883,-0.080585,-80.000450,-1011.808167,3745.853516,0.000000
4432.100098,-0.357101,-1011.808167,-0.014310,-0.314962,-8.000045,-1.588467,-0.080920,-80.000450,-1011.808167,3745.938232,0.000000
4432.200195,-0.356369,-1011.808167,-0.014310,-0.314962,-8.000045,-1.585209,-0.080754,-80.000450,-1011.808167,3746.022949,0.000000
4432.300293,-0.360458,-1011.808167,-0.014310,-0.314962,-8.000045,-1.603399,-0.081681,-80.000450,-1011.808167,3746.107666,0.000000
4432.400391,-0.350037,-1011.808167,-0.014310,-0.314962,-8.000045,-1.557041,-0.079319,-80.000450,-1011.808167,3746.192627,0.000000
4432.500000,-0.348175,-1011.808167,-0.014310,-0.314962,-8.000045,-1.548760,-0.078898,-80.000450,-1011.808167,3746.277100,0.000000
4432.600098,-0.338120,-1011.808167,-0.014310,-0.314962,-8.000045,-1.504031,-0.076619,-80.000450,-1011.808167,3746.362061,0.000000
4432.700195,-0.353760,-1011.808167,-0.014310,-0.314962,-8.000045,-1.573602,-0.080163,-80.000450,-1011.808167,3746.446777,0.000000
4432.800293,-0.358231,-1011.808167,-0.014310,-0.314962,-8.000045,-1.593489,-0.081176,-80.000450,-1011.808167,3746.531250,0.000000
4432.900391,-0.364182,-1011.808167,-0.014310,-0.314962,-8.000045,-1.619960,-0.082525,-80.000450,-1011.808167,3746.615723,0.000000
4433.000000,-0.357101,-1011.808167,-0.014310,-0.314962,-8.000045,-1.588467,-0.080920,-80.000450,-1011.808167,3746.700684,0.000000
4433.100098,-0.350784,-1011.808167,-0.014310,-0.314962,-8.000045,-1.560367,-0.079489,-80.000450,-1011.808167,3746.785156,0.000000
4433.200195,-0.362320,-1011.808167,-0.014310,-0.314962,-8.000045,-1.611680,-0.082103,-80.000450,-1011.808167,3746.870117,0.000000
4433.300293,-0.360092,-1011.808167,-0.014310,-0.314962,-8.000045,-1.601770,-0.081598,-80.000450,-1011.808167,3746.954834,0.000000
4433.400391,-0.348541,-1011.808167,-0.014310,-0.314962,-8.000045,-1.550389,-0.078981,-80.000450,-1011.808167,3747.039551,0.000000
4433.500000,-0.353012,-1011.808167,-0.014310,-0.314962,-8.000045,-1.570276,-0.079994,-80.000450,-1011.808167,3747.124023,0.000000
4433.600098,-0.353760,-1011.808167,-0.014310,-0.314962,-8.000045,-1.573602,-0.080163,-80.000450,-1011.808167,3747.209229,0.000000
4433.700195,-0.354507,-1011.808167,-0.014310,-0.314962,-8.000045,-1.576928,-0.080333,-80.000450,-1011.808167,3747.293701,0.000000
4433.800293,-0.356735,-1011.808167,-0.014310,-0.314962,-8.000045,-1.586838,-0.080837,-80.000450,-1011.808167,3747.378174,0.000000
4433.900391,-0.348923,-1011.808167,-0.014310,-0.314962,-8.000045,-1.552086,-0.079067,-80.000450,-1011.808167,3747.463135,0.000000
4434.000000,-0.360458,-1011.808167,-0.014310,-0.314962,-8.000045,-1.603399,-0.081681,-80.000450,-1011.808167,3747.547607,0.000000
4434.100098,-0.346313,-1011.808167,-0.014310,-0.314962,-8.000045,-1.540479,-0.078476,-80.000450,-1011.808167,3747.632324,0.000000
4434.200195,-0.351898,-1011.808167,-0.014310,-0.314962,-8.000045,-1.565321,-0.079741,-80.000450,-1011.808167,3747.717285,0.000000
4434.300293,-0.356735,-1011.808167,-0.014310,-0.314962,-8.000045,-1.586838,-0.080837,-80.000450,-1011.808167,3747.801758,0.000000
4434.400391,-0.364563,-1011.808167,-0.014310,-0.314962,-8.000045,-1.621657,-0.082611,-80.000450,-1011.808167,3747.886719,0.000000
4434.500000,-0.355988,-1011.808167,-0.014310,-0.314962,-8.000045,-1.583512,-0.080668,-80.000450,-1011.808167,3747.971191,0.000000
4434.600098,-0.352646,-1011.808167,-0.014310,-0.314962,-8.000045,-1.568647,-0.079911,-80.000450,-1011.808167,3748.056152,0.000000
4434.700195,-0.352264,-1011.808167,-0.014310,-0.314962,-8.000045,-1.566950,-0.079824,-80.000450,-1011.808167,3748.140625,0.000000
4434.800293,-0.366791,-1011.808167,-0.014310,-0.314962,-8.000045,-1.631567,-0.083116,-80.000450,-1011.808167,3748.225342,0.000000
4434.900391,-0.360458,-1011.808167,-0.014310,-0.314962,-8.000045,-1.603399,-0.081681,-80.000450,-1011.808167,3748.310303,0.000000
4435.000000,-0.350784,-1011.808167,-0.014310,-0.314962,-8.000045,-1.560367,-0.079489,-80.000450,-1011.808167,3748.394775,0.000000
4435.100098,-0.348541,-1011.808167,-0.014310,-0.314962,-8.000045,-1.550389,-0.078981,-80.000450,-1011.808167,3748.479736,0.000000
4435.200195,-0.359344,-1011.808167,-0.014310,-0.314962,-8.000045,-1.598444,-0.081429,-80.000450,-1011.808167,3748.564209,0.000000
4435.300293,-0.358231,-1011.808167,-0.014310,-0.314962,-8.000045,-1.593489,-0.081176,-80.000450,-1011.808167,3748.648926,0.000000
4435.400391,-0.352264,-1011.808167,-0.014310,-0.314962,-8.000045,-1.566950,-0.079824,-80.000450,-1011.808167,3748.733643,0.000000
4435.500000,-0.354507,-1011.808167,-0.014310,-0.314962,-8.000045,-1.576928,-0.080333,-80.000450,-1011.808167,3748.818359,0.000000
4435.600098,-0.363068,-1011.808167,-0.014310,-0.314962,-8.000045,-1.615005,-0.082272,-80.000450,-1011.808167,3748.902832,0.000000
4435.700195,-0.358963,-1011.808167,-0.014310,-0.314962,-8.000045,-1.596747,-0.081342,-80.000450,-1011.808167,3748.987793,0.000000
4435.800293,-0.357101,-1011.808167,-0.014310,-0.314962,-8.000045,-1.588467,-0.080920,-80.000450,-1011.808167,3749.072754,0.000000
4435.900391,-0.358231,-1011.808167,-0.014310,-0.314962,-8.000045,-1.593489,-0.081176,-80.000450,-1011.808167,3749.157227,0.000000
4436.000000,-0.359344,-1011.808167,-0.014310,-0.314962,-8.000045,-1.598444,-0.081429,-80.000450,-1011.808167,3749.241699,0.000000
4436.100098,-0.351517,-1011.808167,-0.014310,-0.314962,-8.000045,-1.563625,-0.079655,-80.000450,-1011.808167,3749.326416,0.000000
4436.200195,-0.360458,-1011.808167,-0.014310,-0.314962,-8.000045,-1.603399,-0.081681,-80.000450,-1011.808167,3749.411377,0.000000
4436.300293,-0.357483,-1011.808167,-0.014310,-0.314962,-8.000045,-1.590163,-0.081007,-80.000450,-1011.808167,3749.495850,0.000000
4436.400391,-0.356735,-1011.808167,-0.014310,-0.314962,-8.000045,-1.586838,-0.080837,-80.000450,-1011.808167,3749.580811,0.000000
4436.500000,-0.355621,-1011.808167,-0.014310,-0.314962,-8.000045,-1.581883,-0.080585,-80.000450,-1011.808167,3749.665283,0.000000
4436.600098,-0.354874,-1011.808167,-0.014310,-0.314962,-8.000045,-1.578557,-0.080416,-80.000450,-1011.808167,3749.750244,0.000000
4436.700195,-0.353760,-1011.808167,-0.014310,-0.314962,-8.000045,-1.573602,-0.080163,-80.000450,-1011.808167,3749.834961,0.000000
4436.800293,-0.364182,-1011.808167,-0.014310,-0.314962,-8.000045,-1.619960,-0.082525,-80.000450,-1011.808167,3749.919434,0.000000
4436.900391,-0.354874,-1011.808167,-0.014310,-0.314962,-8.000045,-1.578557,-0.080416,-80.000450,-1011.808167,3750.003906,0.000000
4437.000000,-0.358963,-1011.808167,-0.014310,-0.314962,-8.000045,-1.596747,-0.081342,-80.000450,-1011.808167,3750.088867,0.000000
4437.100098,-0.352646,-1011.808167,-0.014310,-0.314962,-8.000045,-1.568647,-0.079911,-80.000450,-1011.808167,3750.173828,0.000000
4437.200195,-0.360825,-1011.808167,-0.014310,-0.314962,-8.000045,-1.605028,-0.081764,-80.000450,-1011.808167,3750.258301,0.000000
4437.300293,-0.355988,-1011.808167,-0.014310,-0.314962,-8.000045,-1.583512,-0.080668,-80.000450,-1011.808167,3750.343018,0.000000
4437.400391,-0.367538,-1011.808167,-0.014310,-0.314962,-8.000045,-1.634893,-0.083285,-80.000450,-1011.808167,3750.427490,0.000000
4437.500000,-0.362701,-1011.808167,-0.014310,-0.314962,-8.000045,-1.613376,-0.082189,-80.000450,-1011.808167,3750.512451,0.000000
4437.600098,-0.352646,-1011.808167,-0.014310,-0.314962,-8.000045,-1.568647,-0.079911,-80.000450,-1011.808167,3750.596924,0.000000
4437.700195,-0.354126,-1011.808167,-0.014310,-0.314962,-8.000045,-1.575231,-0.080246,-80.000450,-1011.808167,3750.681885,0.000000
4437.800293,-0.360825,-1011.808167,-0.014310,-0.314962,-8.000045,-1.605028,-0.081764,-80.000450,-1011.808167,3750.766357,0.000000
4437.900391,-0.361572,-1011.808167,-0.014310,-0.314962,-8.000045,-1.608354,-0.081933,-80.000450,-1011.808167,3750.851318,0.000000
4438.000000,-0.354126,-1011.808167,-0.014310,-0.314962,-8.000045,-1.575231,-0.080246,-80.000450,-1011.808167,3750.936035,0.000000
4438.100098,-0.361206,-1011.808167,-0.014310,-0.314962,-8.000045,-1.606725,-0.081850,-80.000450,-1011.808167,3751.020508,0.000000
4438.200195,-0.360825,-1011.808167,-0.014310,-0.314962,-8.000045,-1.605028,-0.081764,-80.000450,-1011.808167,3751.105469,0.000000
4438.300293,-0.363434,-1011.808167,-0.014310,-0.314962,-8.000045,-1.616634,-0.082355,-80.000450,-1011.808167,3751.189941,0.000000
4438.400391,-0.354507,-1011.808167,-0.014310,-0.314962,-8.000045,-1.576928,-0.080333,-80.000450,-1011.808167,3751.274902,0.000000
4438.500000,-0.353378,-1011.808167,-0.014310,-0.314962,-8.000045,-1.571905,-0.080077,-80.000450,-1011.808167,3751.359375,0.000000
4438.600098,-0.363815,-1011.808167,-0.014310,-0.314962,-8.000045,-1.618331,-0.082442,-80.000450,-1011.808167,3751.444336,0.000000
4438.700195,-0.355621,-1011.808167,-0.014310,-0.314962,-8.000045,-1.581883,-0.080585,-80.000450,-1011.808167,3751.529053,0.000000
4438.800293,-0.352264,-1011.808167,-0.014310,-0.314962,-8.000045,-1.566950,-0.079824,-80.000450,-1011.808167,3751.613525,0.000000
4438.900391,-0.355621,-1011.808167,-0.014310,-0.314962,-8.000045,-1.581883,-0.080585,-80.000450,-1011.808167,3751.698486,0.000000
4439.000000,-0.355621,-1011.808167,-0.014310,-0.314962,-8.000045,-1.581883,-0.080585,-80.000450,-1011.808167,3751.782959,0.000000
4439.100098,-0.355621,-1011.808167,-0.014310,-0.314962,-8.000045,-1.581883,-0.080585,-80.000450,-1011.808167,3751.867432,0.000000
4439.200195,-0.355240,-1011.808167,-0.014310,-0.314962,-8.000045,-1.580186,-0.080499,-80.000450,-1011.808167,3751.952637,0.000000
4439.300293,-0.351151,-1011.808167,-0.014310,-0.314962,-8.000045,-1.561996,-0.079572,-80.000450,-1011.808167,3752.037109,0.000000
4439.400391,-0.353378,-1011.808167,-0.014310,-0.314962,-8.000045,-1.571905,-0.080077,-80.000450,-1011.808167,3752.121582,0.000000
4439.500000,-0.357849,-1011.808167,-0.014310,-0.314962,-8.000045,-1.591792,-0.081090,-80.000450,-1011.808167,3752.206543,0.000000
4439.600098,-0.347794,-1011.808167,-0.014310,-0.314962,-8.000045,-1.547063,-0.078811,-80.000450,-1011.808167,3752.291504,0.000000
4439.700195,-0.354874,-1011.808167,-0.014310,-0.314962,-8.000045,-1.578557,-0.080416,-80.000450,-1011.808167,3752.375977,0.000000
4439.800293,-0.351898,-1011.808167,-0.014310,-0.314962,-8.000045,-1.565321,-0.079741,-80.000450,-1011.808167,3752.460937,0.000000
4439.900391,-0.357101,-1011.808167,-0.014310,-0.314962,-8.000045,-1.588467,-0.080920,-80.000450,-1011.808167,3752.545410,0.000000
4440.000000,-0.355240,-1011.808167,-0.014310,-0.314962,-8.000045,-1.580186,-0.080499,-80.000450,-1011.808167,3752.629883,0.000000
4440.100098,-0.368286,-1011.808167,-0.014310,-0.314962,-8.000045,-1.638219,-0.083455,-80.000450,-1011.808167,3752.714600,0.000000
4440.200195,-0.357849,-1011.808167,-0.014310,-0.314962,-8.000045,-1.591792,-0.081090,-80.000450,-1011.808167,3752.799561,0.000000
4440.300293,-0.354507,-1011.808167,-0.014310,-0.314962,-8.000045,-1.576928,-0.080333,-80.000450,-1011.808167,3752.884033,0.000000
4440.400391,-0.357101,-1011.808167,-0.014310,-0.314962,-8.000045,-1.588467,-0.080920,-80.000450,-1011.808167,3752.968994,0.000000
4440.500000,-0.358963,-1011.808167,-0.014310,-0.314962,-8.000045,-1.596747,-0.081342,-80.000450,-1011.808167,3753.053711,0.000000
4440.600098,-0.354126,-1011.808167,-0.014310,-0.314962,-8.000045,-1.575231,-0.080246,-80.000450,-1011.808167,3753.138184,0.000000
4440.700195,-0.360092,-1011.808167,-0.014310,-0.314962,-8.000045,-1.601770,-0.081598,-80.000450,-1011.808167,3753.223145,0.000000
4440.800293,-0.348923,-1011.808167,-0.014310,-0.314962,-8.000045,-1.552086,-0.079067,-80.000450,-1011.808167,3753.307617,0.000000
4440.900391,-0.348923,-1011.808167,-0.014310,-0.314962,-8.000045,-1.552086,-0.079067,-80.000450,-1011.808167,3753.392090,0.000000
4441.000000,-0.358231,-1011.808167,-0.014310,-0.314962,-8.000045,-1.593489,-0.081176,-80.000450,-1011.808167,3753.477051,0.000000
4441.100098,-0.356369,-1011.808167,-0.014310,-0.314962,-8.000045,-1.585209,-0.080754,-80.000450,-1011.808167,3753.562012,0.000000
4441.200195,-0.354507,-1011.808167,-0.014310,-0.314962,-8.000045,-1.576928,-0.080333,-80.000450,-1011.808167,3753.646484,0.000000
4441.300293,-0.353012,-1011.808167,-0.014310,-0.314962,-8.000045,-1.570276,-0.079994,-80.000450,-1011.808167,3753.731201,0.000000
4441.400391,-0.351517,-1011.808167,-0.014310,-0.314962,-8.000045,-1.563625,-0.079655,-80.000450,-1011.808167,3753.816162,0.000000
4441.500000,-0.364563,-1011.808167,-0.014310,-0.314962,-8.000045,-1.621657,-0.082611,-80.000450,-1011.808167,3753.900635,0.000000
4441.600098,-0.355621,-1011.808167,-0.014310,-0.314962,-8.000045,-1.581883,-0.080585,-80.000450,-1011.808167,3753.985107,0.000000
4441.700195,-0.349655,-1011.808167,-0.014310,-0.314962,-8.000045,-1.555344,-0.079233,-80.000450,-1011.808167,3754.070068,0.000000
4441.800293,-0.346680,-1011.808167,-0.014310,-0.314962,-8.000045,-1.542108,-0.078559,-80.000450,-1011.808167,3754.154785,0.000000
4441.900391,-0.360092,-1011.808167,-0.014310,-0.314962,-8.000045,-1.601770,-0.081598,-80.000450,-1011.808167,3754.239502,0.000000
4442.000000,-0.357483,-1011.808167,-0.014310,-0.314962,-8.000045,-1.590163,-0.081007,-80.000450,-1011.808167,3754.324219,0.000000
4442.100098,-0.358597,-1011.808167,-0.014310,-0.314962,-8.000045,-1.595118,-0.081259,-80.000450,-1011.808167,3754.408691,0.000000
4442.200195,-0.356369,-1011.808167,-0.014310,-0.314962,-8.000045,-1.585209,-0.080754,-80.000450,-1011.808167,3754.493652,0.000000
4442.300293,-0.348541,-1011.808167,-0.014310,-0.314962,-8.000045,-1.550389,-0.078981,-80.000450,-1011.808167,3754.578613,0.000000
4442.400391,-0.349655,-1011.808167,-0.014310,-0.314962,-8.000045,-1.555344,-0.079233,-80.000450,-1011.808167,3754.663086,0.000000
4442.500000,-0.357483,-1011.808167,-0.014310,-0.314962,-8.000045,-1.590163,-0.081007,-80.000450,-1011.808167,3754.747559,0.000000
4442.600098,-0.356369,-1011.808167,-0.014310,-0.314962,-8.000045,-1.585209,-0.080754,-80.000450,-1011.808167,3754.832275,0.000000
4442.700195,-0.353012,-1011.808167,-0.014310,-0.314962,-8.000045,-1.570276,-0.079994,-80.000450,-1011.808167,3754.917236,0.000000
4442.800293,-0.360092,-1011.808167,-0.014310,-0.314962,-8.000045,-1.601770,-0.081598,-80.000450,-1011.808167,3755.001709,0.000000
4442.900391,-0.356369,-1011.808167,-0.014310,-0.314962,-8.000045,-1.585209,-0.080754,-80.000450,-1011.808167,3755.086670,0.000000
4443.000000,-0.358963,-1011.808167,-0.014310,-0.314962,-8.000045,-1.596747,-0.081342,-80.000450,-1011.808167,3755.171387,0.000000
4443.100098,-0.354507,-1011.808167,-0.014310,-0.314962,-8.000045,-1.576928,-0.080333,-80.000450,-1011.808167,3755.256104,0.000000
4443.200195,-0.356735,-1011.808167,-0.014310,-0.314962,-8.000045,-1.586838,-0.080837,-80.000450,-1011.808167,3755.340820,0.000000
4443.300293,-0.347427,-1011.808167,-0.014310,-0.314962,-8.000045,-1.545434,-0.078728,-80.000450,-1011.808167,3755.425293,0.000000
4443.400391,-0.349289,-1011.808167,-0.014310,-0.314962,-8.000045,-1.553715,-0.079150,-80.000450,-1011.808167,3755.509766,0.000000
4443.500000,-0.345200,-1011.808167,-0.014310,-0.314962,-8.000045,-1.535524,-0.078223,-80.000450,-1011.808167,3755.594727,0.000000
4443.600098,-0.354126,-1011.808167,-0.014310,-0.314962,-8.000045,-1.575231,-0.080246,-80.000450,-1011.808167,3755.679687,0.000000
4443.700195,-0.351151,-1011.808167,-0.014310,-0.314962,-8.000045,-1.561996,-0.079572,-80.000450,-1011.808167,3755.764160,0.000000
4443.800293,-0.358963,-1011.808167,-0.014310,-0.314962,-8.000045,-1.596747,-0.081342,-80.000450,-1011.808167,3755.848877,0.000000
4443.900391,-0.358231,-1011.808167,-0.014310,-0.314962,-8.000045,-1.593489,-0.081176,-80.000450,-1011.808167,3755.933838,0.000000
4444.000000,-0.358963,-1011.808167,-0.014310,-0.314962,-8.000045,-1.596747,-0.081342,-80.000450,-1011.808167,3756.018311,0.000000
4444.100098,-0.351151,-1011.808167,-0.014310,-0.314962,-8.000045,-1.561996,-0.079572,-80.000450,-1011.808167,3756.102783,0.000000
4444.200195,-0.353378,-1011.808167,-0.014310,-0.314962,-8.000045,-1.571905,-0.080077,-80.000450,-1011.808167,3756.187744,0.000000
4444.300293,-0.358597,-1011.808167,-0.014310,-0.314962,-8.000045,-1.595118,-0.081259,-80.000450,-1011.808167,3756.272217,0.000000
4444.400391,-0.357483,-1011.808167,-0.014310,-0.314962,-8.000045,-1.590163,-0.081007,-80.000450,-1011.808167,3756.357178,0.000000
4444.500000,-0.347427,-1011.808167,-0.014310,-0.314962,-8.000045,-1.545434,-0.078728,-80.000450,-1011.808167,3756.441895,0.000000
4444.600098,-0.352264,-1011.808167,-0.014310,-0.314962,-8.000045,-1.566950,-0.079824,-80.000450,-1011.808167,3756.526367,0.000000
4444.700195,-0.357483,-1011.808167,-0.014310,-0.314962,-8.000045,-1.590163,-0.081007,-80.000450,-1011.808167,3756.610840,0.000000
4444.800293,-0.357101,-1011.808167,-0.014310,-0.314962,-8.000045,-1.588467,-0.080920,-80.000450,-1011.808167,3756.696289,0.000000
4444.900391,-0.358597,-1011.808167,-0.014310,-0.314962,-8.000045,-1.595118,-0.081259,-80.000450,-1011.808167,3756.780762,0.000000
4445.000000,-0.355988,-1011.808167,-0.014310,-0.314962,-8.000045,-1.583512,-0.080668,-80.000450,-1011.808167,3756.865234,0.000000
4445.100098,-0.355621,-1011.808167,-0.014310,-0.314962,-8.000045,-1.581883,-0.080585,-80.000450,-1011.808167,3756.950195,0.000000
4445.200195,-0.357483,-1011.808167,-0.014310,-0.314962,-8.000045,-1.590163,-0.081007,-80.000450,-1011.808167,3757.034912,0.000000
4445.300293,-0.348175,-1011.808167,-0.014310,-0.314962,-8.000045,-1.548760,-0.078898,-80.000450,-1011.808167,3757.119385,0.000000
4445.400391,-0.353012,-1011.808167,-0.014310,-0.314962,-8.000045,-1.570276,-0.079994,-80.000450,-1011.808167,3757.204346,0.000000
4445.500000,-0.358231,-1011.808167,-0.014310,-0.314962,-8.000045,-1.593489,-0.081176,-80.000450,-1011.808167,3757.288818,0.000000
4445.600098,-0.347427,-1011.808167,-0.014310,-0.314962,-8.000045,-1.545434,-0.078728,-80.000450,-1011.808167,3757.373779,0.000000
4445.700195,-0.356369,-1011.808167,-0.014310,-0.314962,-8.000045,-1.585209,-0.080754,-80.000450,-1011.808167,3757.458252,0.000000
4445.800293,-0.355240,-1011.808167,-0.014310,-0.314962,-8.000045,-1.580186,-0.080499,-80.000450,-1011.808167,3757.542969,0.000000
4445.900391,-0.358597,-1011.808167,-0.014310,-0.314962,-8.000045,-1.595118,-0.081259,-80.000450,-1011.808167,3757.627441,0.000000
4446.000000,-0.356369,-1011.808167,-0.014310,-0.314962,-8.000045,-1.585209,-0.080754,-80.000450,-1011.808167,3757.712402,0.000000
4446.100098,-0.358231,-1011.808167,-0.014310,-0.314962,-8.000045,-1.593489,-0.081176,-80.000450,-1011.808167,3757.797363,0.000000
4446.200195,-0.348541,-1011.808167,-0.014310,-0.314962,-8.000045,-1.550389,-0.078981,-80.000450,-1011.808167,3757.881836,0.000000
4446.300293,-0.362320,-1011.808167,-0.014310,-0.314962,-8.000045,-1.611680,-0.082103,-80.000450,-1011.808167,3757.966797,0.000000
4446.400391,-0.355621,-1011.808167,-0.014310,-0.314962,-8.000045,-1.581883,-0.080585,-80.000450,-1011.808167,3758.051270,0.000000
4446.500000,-0.353012,-1011.808167,-0.014310,-0.314962,-8.000045,-1.570276,-0.079994,-80.000450,-1011.808167,3758.135986,0.000000
4446.600098,-0.355621,-1011.808167,-0.014310,-0.314962,-8.000045,-1.581883,-0.080585,-80.000450,-1011.808167,3758.220459,0.000000
4446.700195,-0.348175,-1011.808167,-0.014310,-0.314962,-8.000045,-1.548760,-0.078898,-80.000450,-1011.808167,3758.305420,0.000000
4446.800293,-0.360092,-1011.808167,-0.014310,-0.314962,-8.000045,-1.601770,-0.081598,-80.000450,-1011.808167,3758.389893,0.000000
4446.900391,-0.355240,-1011.808167,-0.014310,-0.314962,-8.000045,-1.580186,-0.080499,-80.000450,-1011.808167,3758.474854,0.000000
4447.000000,-0.354874,-1011.808167,-0.014310,-0.314962,-8.000045,-1.578557,-0.080416,-80.000450,-1011.808167,3758.559570,0.000000
4447.100098,-0.352264,-1011.808167,-0.014310,-0.314962,-8.000045,-1.566950,-0.079824,-80.000450,-1011.808167,3758.644043,0.000000
4447.200195,-0.350784,-1011.808167,-0.014310,-0.314962,-8.000045,-1.560367,-0.079489,-80.000450,-1011.808167,3758.728760,0.000000
4447.300293,-0.352646,-1011.808167,-0.014310,-0.314962,-8.000045,-1.568647,-0.079911,-80.000450,-1011.808167,3758.813965,0.000000
4447.400391,-0.356735,-1011.808167,-0.014310,-0.314962,-8.000045,-1.586838,-0.080837,-80.000450,-1011.808167,3758.898437,0.000000
4447.500000,-0.354507,-1011.808167,-0.014310,-0.314962,-8.000045,-1.576928,-0.080333,-80.000450,-1011.808167,3758.982910,0.000000
4447.600098,-0.360092,-1011.808167,-0.014310,-0.314962,-8.000045,-1.601770,-0.081598,-80.000450,-1011.808167,3759.067871,0.000000
4447.700195,-0.360825,-1011.808167,-0.014310,-0.314962,-8.000045,-1.605028,-0.081764,-80.000450,-1011.808167,3759.152344,0.000000
4447.800293,-0.350784,-1011.808167,-0.014310,-0.314962,-8.000045,-1.560367,-0.079489,-80.000450,-1011.808167,3759.237061,0.000000
4447.900391,-0.351898,-1011.808167,-0.014310,-0.314962,-8.000045,-1.565321,-0.079741,-80.000450,-1011.808167,3759.322021,0.000000
4448.000000,-0.358231,-1011.808167,-0.014310,-0.314962,-8.000045,-1.593489,-0.081176,-80.000450,-1011.808167,3759.406494,0.000000
4448.100098,-0.355240,-1011.808167,-0.014310,-0.314962,-8.000045,-1.580186,-0.080499,-80.000450,-1011.808167,3759.490967,0.000000
4448.200195,-0.350403,-1011.808167,-0.014310,-0.314962,-8.000045,-1.558670,-0.079402,-80.000450,-1011.808167,3759.575928,0.000000
4448.300293,-0.359344,-1011.808167,-0.014310,-0.314962,-8.000045,-1.598444,-0.081429,-80.000450,-1011.808167,3759.660889,0.000000
4448.400391,-0.361206,-1011.808167,-0.014310,-0.314962,-8.000045,-1.606725,-0.081850,-80.000450,-1011.808167,3759.745361,0.000000
4448.500000,-0.359344,-1011.808167,-0.014310,-0.314962,-8.000045,-1.598444,-0.081429,-80.000450,-1011.808167,3759.830078,0.000000
4448.600098,-0.360458,-1011.808167,-0.014310,-0.314962,-8.000045,-1.603399,-0.081681,-80.000450,-1011.808167,3759.914551,0.000000
4448.700195,-0.358963,-1011.808167,-0.014310,-0.314962,-8.000045,-1.596747,-0.081342,-80.000450,-1011.808167,3759.999512,0.000000
4448.800293,-0.359711,-1011.808167,-0.014310,-0.314962,-8.000045,-1.600073,-0.081512,-80.000450,-1011.808167,3760.084473,0.000000
4448.900391,-0.355988,-1011.808167,-0.014310,-0.314962,-8.000045,-1.583512,-0.080668,-80.000450,-1011.808167,3760.168945,0.000000
4449.000000,-0.348175,-1011.808167,-0.014310,-0.314962,-8.000045,-1.548760,-0.078898,-80.000450,-1011.808167,3760.253418,0.000000
4449.100098,-0.358231,-1011.808167,-0.014310,-0.314962,-8.000045,-1.593489,-0.081176,-80.000450,-1011.808167,3760.338135,0.000000
4449.200195,-0.357483,-1011.808167,-0.014310,-0.314962,-8.000045,-1.590163,-0.081007,-80.000450,-1011.808167,3760.423096,0.000000
4449.300293,-0.356369,-1011.808167,-0.014310,-0.314962,-8.000045,-1.585209,-0.080754,-80.000450,-1011.808167,3760.507568,0.000000
4449.400391,-0.353760,-1011.808167,-0.014310,-0.314962,-8.000045,-1.573602,-0.080163,-80.000450,-1011.808167,3760.592529,0.000000
4449.500000,-0.345932,-1011.808167,-0.014310,-0.314962,-8.000045,-1.538782,-0.078389,-80.000450,-1011.808167,3760.677002,0.000000
4449.600098,-0.358231,-1011.808167,-0.014310,-0.314962,-8.000045,-1.593489,-0.081176,-80.000450,-1011.808167,3760.761963,0.000000
4449.700195,-0.353012,-1011.808167,-0.014310,-0.314962,-8.000045,-1.570276,-0.079994,-80.000450,-1011.808167,3760.846436,0.000000
4449.800293,-0.352264,-1011.808167,-0.014310,-0.314962,-8.000045,-1.566950,-0.079824,-80.000450,-1011.808167,3760.931152,0.000000
4449.900391,-0.361206,-1011.808167,-0.014310,-0.314962,-8.000045,-1.606725,-0.081850,-80.000450,-1011.808167,3761.016113,0.000000
4450.000000,-0.354874,-1011.808167,-0.014310,-0.314962,-8.000045,-1.578557,-0.080416,-80.000450,-1011.808167,3761.100586,0.000000
4450.100098,-0.352264,-1011.808167,-0.014310,-0.314962,-8.000045,-1.566950,-0.079824,-80.000450,-1011.808167,3761.185547,0.000000
4450.200195,-0.357101,-1011.808167,-0.014310,-0.314962,-8.000045,-1.588467,-0.080920,-80.000450,-1011.808167,3761.270020,0.000000
4450.300293,-0.357849,-1011.808167,-0.014310,-0.314962,-8.000045,-1.591792,-0.081090,-80.000450,-1011.808167,3761.354492,0.000000
4450.400391,-0.352646,-1011.808167,-0.014310,-0.314962,-8.000045,-1.568647,-0.079911,-80.000450,-1011.808167,3761.439697,0.000000
4450.500000,-0.355621,-1011.808167,-0.014310,-0.314962,-8.000045,-1.581883,-0.080585,-80.000450,-1011.808167,3761.524170,0.000000
4450.600098,-0.363434,-1011.808167,-0.014310,-0.314962,-8.000045,-1.616634,-0.082355,-80.000450,-1011.808167,3761.608643,0.000000
4450.700195,-0.345566,-1011.808167,-0.014310,-0.314962,-8.000045,-1.537153,-0.078306,-80.000450,-1011.808167,3761.693604,0.000000
4450.800293,-0.348541,-1011.808167,-0.014310,-0.314962,-8.000045,-1.550389,-0.078981,-80.000450,-1011.808167,3761.778564,0.000000
4450.900391,-0.354507,-1011.808167,-0.014310,-0.314962,-8.000045,-1.576928,-0.080333,-80.000450,-1011.808167,3761.863037,0.000000
4451.000000,-0.349289,-1011.808167,-0.014310,-0.314962,-8.000045,-1.553715,-0.079150,-80.000450,-1011.808167,3761.947754,0.000000
4451.100098,-0.353378,-1011.808167,-0.014310,-0.314962,-8.000045,-1.571905,-0.080077,-80.000450,-1011.808167,3762.032227,0.000000
4451.200195,-0.350403,-1011.808167,-0.014310,-0.314962,-8.000045,-1.558670,-0.079402,-80.000450,-1011.808167,3762.116699,0.000000
4451.300293,-0.350784,-1011.808167,-0.014310,-0.314962,-8.000045,-1.560367,-0.079489,-80.000450,-1011.808167,3762.202148,0.000000
4451.400391,-0.358597,-1011.808167,-0.014310,-0.314962,-8.000045,-1.595118,-0.081259,-80.000450,-1011.808167,3762.286621,0.000000
4451.500000,-0.352264,-1011.808167,-0.014310,-0.314962,-8.000045,-1.566950,-0.079824,-80.000450,-1011.808167,3762.371094,0.000000
4451.600098,-0.352264,-1011.808167,-0.014310,-0.314962,-8.000045,-1.566950,-0.079824,-80.000450,-1011.808167,3762.456055,0.000000
4451.700195,-0.357849,-1011.808167,-0.014310,-0.314962,-8.000045,-1.591792,-0.081090,-80.000450,-1011.808167,3762.540771,0.000000
4451.800293,-0.350037,-1011.808167,-0.014310,-0.314962,-8.000045,-1.557041,-0.079319,-80.000450,-1011.808167,3762.625244,0.000000
4451.900391,-0.358231,-1011.808167,-0.014310,-0.314962,-8.000045,-1.593489,-0.081176,-80.000450,-1011.808167,3762.710205,0.000000
4452.000000,-0.347427,-1011.808167,-0.014310,-0.314962,-8.000045,-1.545434,-0.078728,-80.000450,-1011.808167,3762.794678,0.000000
4452.100098,-0.348923,-1011.808167,-0.014310,-0.314962,-8.000045,-1.552086,-0.079067,-80.000450,-1011.808167,3762.879639,0.000000
4452.200195,-0.351151,-1011.808167,-0.014310,-0.314962,-8.000045,-1.561996,-0.079572,-80.000450,-1011.808167,3762.964111,0.000000
4452.300293,-0.343338,-1011.808167,-0.014310,-0.314962,-8.000045,-1.527244,-0.077802,-80.000450,-1011.808167,3763.048828,0.000000
4452.400391,-0.342590,-1011.808167,-0.014310,-0.314962,-8.000045,-1.523918,-0.077632,-80.000450,-1011.808167,3763.133545,0.000000
4452.500000,-0.358231,-1011.808167,-0.014310,-0.314962,-8.000045,-1.593489,-0.081176,-80.000450,-1011.808167,3763.218262,0.000000
4452.600098,-0.354507,-1011.808167,-0.014310,-0.314962,-8.000045,-1.576928,-0.080333,-80.000450,-1011.808167,3763.303223,0.000000
4452.700195,-0.354507,-1011.808167,-0.014310,-0.314962,-8.000045,-1.576928,-0.080333,-80.000450,-1011.808167,3763.387695,0.000000
4452.800293,-0.351898,-1011.808167,-0.014310,-0.314962,-8.000045,-1.565321,-0.079741,-80.000450,-1011.808167,3763.472168,0.000000
4452.900391,-0.346680,-1011.808167,-0.014310,-0.314962,-8.000045,-1.542108,-0.078559,-80.000450,-1011.808167,3763.557129,0.000000
4453.000000,-0.354874,-1011.808167,-0.014310,-0.314962,-8.000045,-1.578557,-0.080416,-80.000450,-1011.808167,3763.641846,0.000000
4453.100098,-0.360092,-1011.808167,-0.014310,-0.314962,-8.000045,-1.601770,-0.081598,-80.000450,-1011.808167,3763.726318,0.000000
4453.200195,-0.355988,-1011.808167,-0.014310,-0.314962,-8.000045,-1.583512,-0.080668,-80.000450,-1011.808167,3763.811279,0.000000
4453.300293,-0.353012,-1011.808167,-0.014310,-0.314962,-8.000045,-1.570276,-0.079994,-80.000450,-1011.808167,3763.895752,0.000000
4453.400391,-0.366425,-1011.808167,-0.014310,-0.314962,-8.000045,-1.629938,-0.083033,-80.000450,-1011.808167,3763.980713,0.000000
4453.500000,-0.358231,-1011.808167,-0.014310,-0.314962,-8.000045,-1.593489,-0.081176,-80.000450,-1011.808167,3764.065430,0.000000
4453.600098,-0.351517,-1011.808167,-0.014310,-0.314962,-8.000045,-1.563625,-0.079655,-80.000450,-1011.808167,3764.150146,0.000000
4453.700195,-0.350037,-1011.808167,-0.014310,-0.314962,-8.000045,-1.557041,-0.079319,-80.000450,-1011.808167,3764.234619,0.000000
4453.800293,-0.356369,-1011.808167,-0.014310,-0.314962,-8.000045,-1.585209,-0.080754,-80.000450,-1011.808167,3764.319824,0.000000
4453.900391,-0.345932,-1011.808167,-0.014310,-0.314962,-8.000045,-1.538782,-0.078389,-80.000450,-1011.808167,3764.404297,0.000000
4454.000000,-0.351517,-1011.808167,-0.014310,-0.314962,-8.000045,-1.563625,-0.079655,-80.000450,-1011.808167,3764.488770,0.000000
4454.100098,-0.339600,-1011.808167,-0.014310,-0.314962,-8.000045,-1.510615,-0.076954,-80.000450,-1011.808167,3764.573730,0.000000
4454.200195,-0.352264,-1011.808167,-0.014310,-0.314962,-8.000045,-1.566950,-0.079824,-80.000450,-1011.808167,3764.658447,0.000000
4454.300293,-0.358963,-1011.808167,-0.014310,-0.314962,-8.000045,-1.596747,-0.081342,-80.000450,-1011.808167,3764.742920,0.000000
4454.400391,-0.351898,-1011.808167,-0.014310,-0.314962,-8.000045,-1.565321,-0.079741,-80.000450,-1011.808167,3764.827881,0.000000
4454.500000,-0.354874,-1011.808167,-0.014310,-0.314962,-8.000045,-1.578557,-0.080416,-80.000450,-1011.808167,3764.912354,0.000000
4454.600098,-0.354874,-1011.808167,-0.014310,-0.314962,-8.000045,-1.578557,-0.080416,-80.000450,-1011.808167,3764.996826,0.000000
4454.700195,-0.364563,-1011.808167,-0.014310,-0.314962,-8.000045,-1.621657,-0.082611,-80.000450,-1011.808167,3765.081787,0.000000
4454.800293,-0.356369,-1011.808167,-0.014310,-0.314962,-8.000045,-1.585209,-0.080754,-80.000450,-1011.808167,3765.166748,0.000000
4454.900391,-0.357849,-1011.808167,-0.014310,-0.314962,-8.000045,-1.591792,-0.081090,-80.000450,-1011.808167,3765.251221,0.000000
4455.000000,-0.351151,-1011.808167,-0.014310,-0.314962,-8.000045,-1.561996,-0.079572,-80.000450,-1011.808167,3765.335937,0.000000
4455.100098,-0.358963,-1011.808167,-0.014310,-0.314962,-8.000045,-1.596747,-0.081342,-80.000450,-1011.808167,3765.420898,0.000000
4455.200195,-0.347061,-1011.808167,-0.014310,-0.314962,-8.000045,-1.543805,-0.078645,-80.000450,-1011.808167,3765.505371,0.000000
4455.300293,-0.351898,-1011.808167,-0.014310,-0.314962,-8.000045,-1.565321,-0.079741,-80.000450,-1011.808167,3765.589844,0.000000
4455.400391,-0.364563,-1011.808167,-0.014310,-0.314962,-8.000045,-1.621657,-0.082611,-80.000450,-1011.808167,3765.674805,0.000000
4455.500000,-0.357101,-1011.808167,-0.014310,-0.314962,-8.000045,-1.588467,-0.080920,-80.000450,-1011.808167,3765.759277,0.000000
4455.600098,-0.357849,-1011.808167,-0.014310,-0.314962,-8.000045,-1.591792,-0.081090,-80.000450,-1011.808167,3765.843994,0.000000
4455.700195,-0.359711,-1011.808167,-0.014310,-0.314962,-8.000045,-1.600073,-0.081512,-80.000450,-1011.808167,3765.928955,0.000000
4455.800293,-0.351898,-1011.808167,-0.014310,-0.314962,-8.000045,-1.565321,-0.079741,-80.000450,-1011.808167,3766.013428,0.000000
4455.900391,-0.359344,-1011.808167,-0.014310,-0.314962,-8.000045,-1.598444,-0.081429,-80.000450,-1011.808167,3766.098389,0.000000
4456.000000,-0.355988,-1011.808167,-0.014310,-0.314962,-8.000045,-1.583512,-0.080668,-80.000450,-1011.808167,3766.183350,0.000000
4456.100098,-0.351151,-1011.808167,-0.014310,-0.314962,-8.000045,-1.561996,-0.079572,-80.000450,-1011.808167,3766.267822,0.000000
4456.200195,-0.351898,-1011.808167,-0.014310,-0.314962,-8.000045,-1.565321,-0.079741,-80.000450,-1011.808167,3766.352295,0.000000
4456.300293,-0.346313,-1011.808167,-0.014310,-0.314962,-8.000045,-1.540479,-0.078476,-80.000450,-1011.808167,3766.437012,0.000000
4456.400391,-0.355240,-1011.808167,-0.014310,-0.314962,-8.000045,-1.580186,-0.080499,-80.000450,-1011.808167,3766.521973,0.000000
4456.500000,-0.347427,-1011.808167,-0.014310,-0.314962,-8.000045,-1.545434,-0.078728,-80.000450,-1011.808167,3766.606445,0.000000
4456.600098,-0.363815,-1011.808167,-0.014310,-0.314962,-8.000045,-1.618331,-0.082442,-80.000450,-1011.808167,3766.691406,0.000000
4456.700195,-0.348923,-1011.808167,-0.014310,-0.314962,-8.000045,-1.552086,-0.079067,-80.000450,-1011.808167,3766.775879,0.000000
4456.800293,-0.360092,-1011.808167,-0.014310,-0.314962,-8.000045,-1.601770,-0.081598,-80.000450,-1011.808167,3766.860596,0.000000
4456.900391,-0.358963,-1011.808167,-0.014310,-0.314962,-8.000045,-1.596747,-0.081342,-80.000450,-1011.808167,3766.945557,0.000000
4457.000000,-0.355240,-1011.808167,-0.014310,-0.314962,-8.000045,-1.580186,-0.080499,-80.000450,-1011.808167,3767.030029,0.000000
4457.100098,-0.353378,-1011.808167,-0.014310,-0.314962,-8.000045,-1.571905,-0.080077,-80.000450,-1011.808167,3767.114502,0.000000
4457.200195,-0.356369,-1011.808167,-0.014310,-0.314962,-8.000045,-1.585209,-0.080754,-80.000450,-1011.808167,3767.199463,0.000000
4457.300293,-0.357483,-1011.808167,-0.014310,-0.314962,-8.000045,-1.590163,-0.081007,-80.000450,-1011.808167,3767.284424,0.000000
4457.400391,-0.355240,-1011.808167,-0.014310,-0.314962,-8.000045,-1.580186,-0.080499,-80.000450,-1011.808167,3767.368896,0.000000
4457.500000,-0.353378,-1011.808167,-0.014310,-0.314962,-8.000045,-1.571905,-0.080077,-80.000450,-1011.808167,3767.453613,0.000000
4457.600098,-0.344818,-1011.808167,-0.014310,-0.314962,-8.000045,-1.533828,-0.078137,-80.000450,-1011.808167,3767.538086,0.000000
4457.700195,-0.355621,-1011.808167,-0.014310,-0.314962,-8.000045,-1.581883,-0.080585,-80.000450,-1011.808167,3767.623047,0.000000
4457.800293,-0.349289,-1011.808167,-0.014310,-0.314962,-8.000045,-1.553715,-0.079150,-80.000450,-1011.808167,3767.707520,0.000000
4457.900391,-0.356369,-1011.808167,-0.014310,-0.314962,-8.000045,-1.585209,-0.080754,-80.000450,-1011.808167,3767.792480,0.000000
4458.000000,-0.353378,-1011.808167,-0.014310,-0.314962,-8.000045,-1.571905,-0.080077,-80.000450,-1011.808167,3767.876953,0.000000
4458.100098,-0.354507,-1011.808167,-0.014310,-0.314962,-8.000045,-1.576928,-0.080333,-80.000450,-1011.808167,3767.961914,0.000000
4458.200195,-0.362320,-1011.808167,-0.014310,-0.314962,-8.000045,-1.611680,-0.082103,-80.000450,-1011.808167,3768.046631,0.000000
4458.300293,-0.352264,-1011.808167,-0.014310,-0.314962,-8.000045,-1.566950,-0.079824,-80.000450,-1011.808167,3768.131104,0.000000
4458.400391,-0.364182,-1011.808167,-0.014310,-0.314962,-8.000045,-1.619960,-0.082525,-80.000450,-1011.808167,3768.216064,0.000000
4458.500000,-0.355988,-1011.808167,-0.014310,-0.314962,-8.000045,-1.583512,-0.080668,-80.000450,-1011.808167,3768.301025,0.000000
4458.600098,-0.353760,-1011.808167,-0.014310,-0.314962,-8.000045,-1.573602,-0.080163,-80.000450,-1011.808167,3768.385498,0.000000
4458.700195,-0.352264,-1011.808167,-0.014310,-0.314962,-8.000045,-1.566950,-0.079824,-80.000450,-1011.808167,3768.469971,0.000000
4458.800293,-0.346680,-1011.808167,-0.014310,-0.314962,-8.000045,-1.542108,-0.078559,-80.000450,-1011.808167,3768.554687,0.000000
4458.900391,-0.350784,-1011.808167,-0.014310,-0.314962,-8.000045,-1.560367,-0.079489,-80.000450,-1011.808167,3768.639404,0.000000
4459.000000,-0.361572,-1011.808167,-0.014310,-0.314962,-8.000045,-1.608354,-0.081933,-80.000450,-1011.808167,3768.724121,0.000000
4459.100098,-0.358597,-1011.808167,-0.014310,-0.314962,-8.000045,-1.595118,-0.081259,-80.000450,-1011.808167,3768.809082,0.000000
4459.200195,-0.352264,-1011.808167,-0.014310,-0.314962,-8.000045,-1.566950,-0.079824,-80.000450,-1011.808167,3768.893555,0.000000
4459.300293,-0.357483,-1011.808167,-0.014310,-0.314962,-8.000045,-1.590163,-0.081007,-80.000450,-1011.808167,3768.978027,0.000000
4459.400391,-0.355240,-1011.808167,-0.014310,-0.314962,-8.000045,-1.580186,-0.080499,-80.000450,-1011.808167,3769.063232,0.000000
4459.500000,-0.358231,-1011.808167,-0.014310,-0.314962,-8.000045,-1.593489,-0.081176,-80.000450,-1011.808167,3769.147705,0.000000
4459.600098,-0.358963,-1011.808167,-0.014310,-0.314962,-8.000045,-1.596747,-0.081342,-80.000450,-1011.808167,3769.232178,0.000000
4459.700195,-0.358597,-1011.808167,-0.014310,-0.314962,-8.000045,-1.595118,-0.081259,-80.000450,-1011.808167,3769.317139,0.000000
4459.800293,-0.352646,-1011.808167,-0.014310,-0.314962,-8.000045,-1.568647,-0.079911,-80.000450,-1011.808167,3769.401611,0.000000
4459.900391,-0.349655,-1011.808167,-0.014310,-0.314962,-8.000045,-1.555344,-0.079233,-80.000450,-1011.808167,3769.486572,0.000000
4460.000000,-0.357101,-1011.808167,-0.014310,-0.314962,-8.000045,-1.588467,-0.080920,-80.000450,-1011.808167,3769.571289,0.000000
4460.100098,-0.348541,-1011.808167,-0.014310,-0.314962,-8.000045,-1.550389,-0.078981,-80.000450,-1011.808167,3769.656006,0.000000
4460.200195,-0.353378,-1011.808167,-0.014310,-0.314962,-8.000045,-1.571905,-0.080077,-80.000450,-1011.808167,3769.740723,0.000000
4460.300293,-0.352264,-1011.808167,-0.014310,-0.314962,-8.000045,-1.566950,-0.079824,-80.000450,-1011.808167,3769.825195,0.000000
4460.400391,-0.355621,-1011.808167,-0.014310,-0.314962,-8.000045,-1.581883,-0.080585,-80.000450,-1011.808167,3769.910156,0.000000
4460.500000,-0.350784,-1011.808167,-0.014310,-0.314962,-8.000045,-1.560367,-0.079489,-80.000450,-1011.808167,3769.994629,0.000000
4460.600098,-0.355988,-1011.808167,-0.014310,-0.314962,-8.000045,-1.583512,-0.080668,-80.000450,-1011.808167,3770.079590,0.000000
4460.700195,-0.361206,-1011.808167,-0.014310,-0.314962,-8.000045,-1.606725,-0.081850,-80.000450,-1011.808167,3770.164307,0.000000
4460.800293,-0.355240,-1011.808167,-0.014310,-0.314962,-8.000045,-1.580186,-0.080499,-80.000450,-1011.808167,3770.248779,0.000000
4460.900391,-0.360092,-1011.808167,-0.014310,-0.314962,-8.000045,-1.601770,-0.081598,-80.000450,-1011.808167,3770.333252,0.000000
4461.000000,-0.354126,-1011.808167,-0.014310,-0.314962,-8.000045,-1.575231,-0.080246,-80.000450,-1011.808167,3770.418213,0.000000
4461.100098,-0.349655,-1011.808167,-0.014310,-0.314962,-8.000045,-1.555344,-0.079233,-80.000450,-1011.808167,3770.503174,0.000000
4461.200195,-0.353378,-1011.808167,-0.014310,-0.314962,-8.000045,-1.571905,-0.080077,-80.000450,-1011.808167,3770.587646,0.000000
4461.300293,-0.351151,-1011.808167,-0.014310,-0.314962,-8.000045,-1.561996,-0.079572,-80.000450,-1011.808167,3770.672607,0.000000
4461.400391,-0.347794,-1011.808167,-0.014310,-0.314962,-8.000045,-1.547063,-0.078811,-80.000450,-1011.808167,3770.757080,0.000000
4461.500000,-0.353760,-1011.808167,-0.014310,-0.314962,-8.000045,-1.573602,-0.080163,-80.000450,-1011.808167,3770.841797,0.000000
4461.600098,-0.351151,-1011.808167,-0.014310,-0.314962,-8.000045,-1.561996,-0.079572,-80.000450,-1011.808167,3770.926758,0.000000
4461.700195,-0.348541,-1011.808167,-0.014310,-0.314962,-8.000045,-1.550389,-0.078981,-80.000450,-1011.808167,3771.011230,0.000000
4461.800293,-0.357483,-1011.808167,-0.014310,-0.314962,-8.000045,-1.590163,-0.081007,-80.000450,-1011.808167,3771.095703,0.000000
4461.900391,-0.343704,-1011.808167,-0.014310,-0.314962,-8.000045,-1.528873,-0.077884,-80.000450,-1011.808167,3771.180664,0.000000
4462.000000,-0.347061,-1011.808167,-0.014310,-0.314962,-8.000045,-1.543805,-0.078645,-80.000450,-1011.808167,3771.265381,0.000000
4462.100098,-0.346680,-1011.808167,-0.014310,-0.314962,-8.000045,-1.542108,-0.078559,-80.000450,-1011.808167,3771.350098,0.000000
4462.200195,-0.353760,-1011.808167,-0.014310,-0.314962,-8.000045,-1.573602,-0.080163,-80.000450,-1011.808167,3771.434814,0.000000
4462.300293,-0.339981,-1011.808167,-0.014310,-0.314962,-8.000045,-1.512311,-0.077041,-80.000450,-1011.808167,3771.519287,0.000000
4462.400391,-0.358231,-1011.808167,-0.014310,-0.314962,-8.000045,-1.593489,-0.081176,-80.000450,-1011.808167,3771.604248,0.000000
4462.500000,-0.351898,-1011.808167,-0.014310,-0.314962,-8.000045,-1.565321,-0.079741,-80.000450,-1011.808167,3771.689209,0.000000
4462.600098,-0.357849,-1011.808167,-0.014310,-0.314962,-8.000045,-1.591792,-0.081090,-80.000450,-1011.808167,3771.773682,0.000000
4462.700195,-0.353012,-1011.808167,-0.014310,-0.314962,-8.000045,-1.570276,-0.079994,-80.000450,-1011.808167,3771.858154,0.000000
4462.800293,-0.353378,-1011.808167,-0.014310,-0.314962,-8.000045,-1.571905,-0.080077,-80.000450,-1011.808167,3771.942871,0.000000
4462.900391,-0.353760,-1011.808167,-0.014310,-0.314962,-8.000045,-1.573602,-0.080163,-80.000450,-1011.808167,3772.027832,0.000000
4463.000000,-0.354126,-1011.808167,-0.014310,-0.314962,-8.000045,-1.575231,-0.080246,-80.000450,-1011.808167,3772.112305,0.000000
4463.100098,-0.359344,-1011.808167,-0.014310,-0.314962,-8.000045,-1.598444,-0.081429,-80.000450,-1011.808167,3772.197266,0.000000
4463.200195,-0.354874,-1011.808167,-0.014310,-0.314962,-8.000045,-1.578557,-0.080416,-80.000450,-1011.808167,3772.281738,0.000000
4463.300293,-0.344070,-1011.808167,-0.014310,-0.314962,-8.000045,-1.530502,-0.077967,-80.000450,-1011.808167,3772.366699,0.000000
4463.400391,-0.339981,-1011.808167,-0.014310,-0.314962,-8.000045,-1.512311,-0.077041,-80.000450,-1011.808167,3772.451172,0.000000
4463.500000,-0.348541,-1011.808167,-0.014310,-0.314962,-8.000045,-1.550389,-0.078981,-80.000450,-1011.808167,3772.535889,0.000000
4463.600098,-0.347794,-1011.808167,-0.014310,-0.314962,-8.000045,-1.547063,-0.078811,-80.000450,-1011.808167,3772.620361,0.000000
4463.700195,-0.342209,-1011.808167,-0.014310,-0.314962,-8.000045,-1.522221,-0.077546,-80.000450,-1011.808167,3772.705322,0.000000
4463.800293,-0.351898,-1011.808167,-0.014310,-0.314962,-8.000045,-1.565321,-0.079741,-80.000450,-1011.808167,3772.790283,0.000000
4463.900391,-0.349289,-1011.808167,-0.014310,-0.314962,-8.000045,-1.553715,-0.079150,-80.000450,-1011.808167,3772.874756,0.000000
4464.000000,-0.351517,-1011.808167,-0.014310,-0.314962,-8.000045,-1.563625,-0.079655,-80.000450,-1011.808167,3772.959473,0.000000
4464.100098,-0.352264,-1011.808167,-0.014310,-0.314962,-8.000045,-1.566950,-0.079824,-80.000450,-1011.808167,3773.043945,0.000000
4464.200195,-0.361206,-1011.808167,-0.014310,-0.314962,-8.000045,-1.606725,-0.081850,-80.000450,-1011.808167,3773.128906,0.000000
4464.300293,-0.351898,-1011.808167,-0.014310,-0.314962,-8.000045,-1.565321,-0.079741,-80.000450,-1011.808167,3773.213379,0.000000
4464.400391,-0.354874,-1011.808167,-0.014310,-0.314962,-8.000045,-1.578557,-0.080416,-80.000450,-1011.808167,3773.298340,0.000000
4464.500000,-0.353012,-1011.808167,-0.014310,-0.314962,-8.000045,-1.570276,-0.079994,-80.000450,-1011.808167,3773.383301,0.000000
4464.600098,-0.358597,-1011.808167,-0.014310,-0.314962,-8.000045,-1.595118,-0.081259,-80.000450,-1011.808167,3773.467773,0.000000
4464.700195,-0.355988,-1011.808167,-0.014310,-0.314962,-8.000045,-1.583512,-0.080668,-80.000450,-1011.808167,3773.552490,0.000000
4464.800293,-0.354126,-1011.808167,-0.014310,-0.314962,-8.000045,-1.575231,-0.080246,-80.000450,-1011.808167,3773.636963,0.000000
4464.900391,-0.354507,-1011.808167,-0.014310,-0.314962,-8.000045,-1.576928,-0.080333,-80.000450,-1011.808167,3773.721436,0.000000
4465.000000,-0.355988,-1011.808167,-0.014310,-0.314962,-8.000045,-1.583512,-0.080668,-80.000450,-1011.808167,3773.806885,0.000000
4465.100098,-0.364563,-1011.808167,-0.014310,-0.314962,-8.000045,-1.621657,-0.082611,-80.000450,-1011.808167,3773.891357,0.000000
4465.200195,-0.357483,-1011.808167,-0.014310,-0.314962,-8.000045,-1.590163,-0.081007,-80.000450,-1011.808167,3773.975830,0.000000
4465.300293,-0.339981,-1011.808167,-0.014310,-0.314962,-8.000045,-1.512311,-0.077041,-80.000450,-1011.808167,3774.060547,0.000000
4465.400391,-0.352264,-1011.808167,-0.014310,-0.314962,-8.000045,-1.566950,-0.079824,-80.000450,-1011.808167,3774.145508,0.000000
4465.500000,-0.349655,-1011.808167,-0.014310,-0.314962,-8.000045,-1.555344,-0.079233,-80.000450,-1011.808167,3774.229980,0.000000
4465.600098,-0.357849,-1011.808167,-0.014310,-0.314962,-8.000045,-1.591792,-0.081090,-80.000450,-1011.808167,3774.314941,0.000000
4465.700195,-0.349655,-1011.808167,-0.014310,-0.314962,-8.000045,-1.555344,-0.079233,-80.000450,-1011.808167,3774.399414,0.000000
4465.800293,-0.350037,-1011.808167,-0.014310,-0.314962,-8.000045,-1.557041,-0.079319,-80.000450,-1011.808167,3774.483887,0.000000
4465.900391,-0.356369,-1011.808167,-0.014310,-0.314962,-8.000045,-1.585209,-0.080754,-80.000450,-1011.808167,3774.568848,0.000000
4466.000000,-0.354874,-1011.808167,-0.014310,-0.314962,-8.000045,-1.578557,-0.080416,-80.000450,-1011.808167,3774.653564,0.000000
4466.100098,-0.350037,-1011.808167,-0.014310,-0.314962,-8.000045,-1.557041,-0.079319,-80.000450,-1011.808167,3774.738037,0.000000
4466.200195,-0.350037,-1011.808167,-0.014310,-0.314962,-8.000045,-1.557041,-0.079319,-80.000450,-1011.808167,3774.822998,0.000000
4466.300293,-0.353378,-1011.808167,-0.014310,-0.314962,-8.000045,-1.571905,-0.080077,-80.000450,-1011.808167,3774.907959,0.000000
4466.400391,-0.350403,-1011.808167,-0.014310,-0.314962,-8.000045,-1.558670,-0.079402,-80.000450,-1011.808167,3774.992432,0.000000
4466.500000,-0.354874,-1011.808167,-0.014310,-0.314962,-8.000045,-1.578557,-0.080416,-80.000450,-1011.808167,3775.077148,0.000000
4466.600098,-0.348175,-1011.808167,-0.014310,-0.314962,-8.000045,-1.548760,-0.078898,-80.000450,-1011.808167,3775.161865,0.000000
4466.700195,-0.363434,-1011.808167,-0.014310,-0.314962,-8.000045,-1.616634,-0.082355,-80.000450,-1011.808167,3775.246338,0.000000
4466.800293,-0.350037,-1011.808167,-0.014310,-0.314962,-8.000045,-1.557041,-0.079319,-80.000450,-1011.808167,3775.331055,0.000000
4466.900391,-0.348541,-1011.808167,-0.014310,-0.314962,-8.000045,-1.550389,-0.078981,-80.000450,-1011.808167,3775.416016,0.000000
4467.000000,-0.357849,-1011.808167,-0.014310,-0.314962,-8.000045,-1.591792,-0.081090,-80.000450,-1011.808167,3775.500488,0.000000
4467.100098,-0.349289,-1011.808167,-0.014310,-0.314962,-8.000045,-1.553715,-0.079150,-80.000450,-1011.808167,3775.585449,0.000000
4467.200195,-0.354507,-1011.808167,-0.014310,-0.314962,-8.000045,-1.576928,-0.080333,-80.000450,-1011.808167,3775.670166,0.000000
4467.300293,-0.346680,-1011.808167,-0.014310,-0.314962,-8.000045,-1.542108,-0.078559,-80.000450,-1011.808167,3775.754639,0.000000
4467.400391,-0.359711,-1011.808167,-0.014310,-0.314962,-8.000045,-1.600073,-0.081512,-80.000450,-1011.808167,3775.839355,0.000000
4467.500000,-0.354126,-1011.808167,-0.014310,-0.314962,-8.000045,-1.575231,-0.080246,-80.000450,-1011.808167,3775.924072,0.000000
4467.600098,-0.354874,-1011.808167,-0.014310,-0.314962,-8.000045,-1.578557,-0.080416,-80.000450,-1011.808167,3776.009033,0.000000
4467.700195,-0.352646,-1011.808167,-0.014310,-0.314962,-8.000045,-1.568647,-0.079911,-80.000450,-1011.808167,3776.093506,0.000000
4467.800293,-0.360458,-1011.808167,-0.014310,-0.314962,-8.000045,-1.603399,-0.081681,-80.000450,-1011.808167,3776.178467,0.000000
4467.900391,-0.357849,-1011.808167,-0.014310,-0.314962,-8.000045,-1.591792,-0.081090,-80.000450,-1011.808167,3776.262939,0.000000
4468.000000,-0.367538,-1011.808167,-0.014310,-0.314962,-8.000045,-1.634893,-0.083285,-80.000450,-1011.808167,3776.347656,0.000000
4468.100098,-0.361572,-1011.808167,-0.014310,-0.314962,-8.000045,-1.608354,-0.081933,-80.000450,-1011.808167,3776.432617,0.000000
4468.200195,-0.358597,-1011.808167,-0.014310,-0.314962,-8.000045,-1.595118,-0.081259,-80.000450,-1011.808167,3776.517090,0.000000
4468.300293,-0.357849,-1011.808167,-0.014310,-0.314962,-8.000045,-1.591792,-0.081090,-80.000450,-1011.808167,3776.601562,0.000000
4468.400391,-0.356735,-1011.808167,-0.014310,-0.314962,-8.000045,-1.586838,-0.080837,-80.000450,-1011.808167,3776.686523,0.000000
4468.500000,-0.353378,-1011.808167,-0.014310,-0.314962,-8.000045,-1.571905,-0.080077,-80.000450,-1011.808167,3776.771240,0.000000
4468.600098,-0.351151,-1011.808167,-0.014310,-0.314962,-8.000045,-1.561996,-0.079572,-80.000450,-1011.808167,3776.855957,0.000000
4468.700195,-0.348175,-1011.808167,-0.014310,-0.314962,-8.000045,-1.548760,-0.078898,-80.000450,-1011.808167,3776.940674,0.000000
4468.800293,-0.361954,-1011.808167,-0.014310,-0.314962,-8.000045,-1.610051,-0.082020,-80.000450,-1011.808167,3777.025635,0.000000
4468.900391,-0.367905,-1011.808167,-0.014310,-0.314962,-8.000045,-1.636522,-0.083368,-80.000450,-1011.808167,3777.110107,0.000000
4469.000000,-0.347061,-1011.808167,-0.014310,-0.314962,-8.000045,-1.543805,-0.078645,-80.000450,-1011.808167,3777.194580,0.000000
4469.100098,-0.353378,-1011.808167,-0.014310,-0.314962,-8.000045,-1.571905,-0.080077,-80.000450,-1011.808167,3777.279541,0.000000
4469.200195,-0.355621,-1011.808167,-0.014310,-0.314962,-8.000045,-1.581883,-0.080585,-80.000450,-1011.808167,3777.364014,0.000000
4469.300293,-0.345566,-1011.808167,-0.014310,-0.314962,-8.000045,-1.537153,-0.078306,-80.000450,-1011.808167,3777.448730,0.000000
4469.400391,-0.355240,-1011.808167,-0.014310,-0.314962,-8.000045,-1.580186,-0.080499,-80.000450,-1011.808167,3777.533691,0.000000
4469.500000,-0.345200,-1011.808167,-0.014310,-0.314962,-8.000045,-1.535524,-0.078223,-80.000450,-1011.808167,3777.618164,0.000000
4469.600098,-0.361206,-1011.808167,-0.014310,-0.314962,-8.000045,-1.606725,-0.081850,-80.000450,-1011.808167,3777.703125,0.000000
4469.700195,-0.353012,-1011.808167,-0.014310,-0.314962,-8.000045,-1.570276,-0.079994,-80.000450,-1011.808167,3777.787842,0.000000
4469.800293,-0.354507,-1011.808167,-0.014310,-0.314962,-8.000045,-1.576928,-0.080333,-80.000450,-1011.808167,3777.872559,0.000000
4469.900391,-0.360458,-1011.808167,-0.014310,-0.314962,-8.000045,-1.603399,-0.081681,-80.000450,-1011.808167,3777.957031,0.000000
4470.000000,-0.353378,-1011.808167,-0.014310,-0.314962,-8.000045,-1.571905,-0.080077,-80.000450,-1011.808167,3778.041748,0.000000
4470.100098,-0.343338,-1011.808167,-0.014310,-0.314962,-8.000045,-1.527244,-0.077802,-80.000450,-1011.808167,3778.126221,0.000000
4470.200195,-0.358231,-1011.808167,-0.014310,-0.314962,-8.000045,-1.593489,-0.081176,-80.000450,-1011.808167,3778.211182,0.000000
4470.300293,-0.360092,-1011.808167,-0.014310,-0.314962,-8.000045,-1.601770,-0.081598,-80.000450,-1011.808167,3778.296143,0.000000
4470.400391,-0.361954,-1011.808167,-0.014310,-0.314962,-8.000045,-1.610051,-0.082020,-80.000450,-1011.808167,3778.380615,0.000000
4470.500000,-0.356735,-1011.808167,-0.014310,-0.314962,-8.000045,-1.586838,-0.080837,-80.000450,-1011.808167,3778.465088,0.000000
4470.600098,-0.357483,-1011.808167,-0.014310,-0.314962,-8.000045,-1.590163,-0.081007,-80.000450,-1011.808167,3778.550293,0.000000
4470.700195,-0.356735,-1011.808167,-0.014310,-0.314962,-8.000045,-1.586838,-0.080837,-80.000450,-1011.808167,3778.634766,0.000000
4470.800293,-0.351151,-1011.808167,-0.014310,-0.314962,-8.000045,-1.561996,-0.079572,-80.000450,-1011.808167,3778.719238,0.000000
4470.900391,-0.360092,-1011.808167,-0.014310,-0.314962,-8.000045,-1.601770,-0.081598,-80.000450,-1011.808167,3778.804199,0.000000
4471.000000,-0.362701,-1011.808167,-0.014310,-0.314962,-8.000045,-1.613376,-0.082189,-80.000450,-1011.808167,3778.889160,0.000000
4471.100098,-0.355621,-1011.808167,-0.014310,-0.314962,-8.000045,-1.581883,-0.080585,-80.000450,-1011.808167,3778.973633,0.000000
4471.200195,-0.354507,-1011.808167,-0.014310,-0.314962,-8.000045,-1.576928,-0.080333,-80.000450,-1011.808167,3779.058350,0.000000
4471.300293,-0.358231,-1011.808167,-0.014310,-0.314962,-8.000045,-1.593489,-0.081176,-80.000450,-1011.808167,3779.142822,0.000000
4471.400391,-0.357849,-1011.808167,-0.014310,-0.314962,-8.000045,-1.591792,-0.081090,-80.000450,-1011.808167,3779.227783,0.000000
4471.500000,-0.352264,-1011.808167,-0.014310,-0.314962,-8.000045,-1.566950,-0.079824,-80.000450,-1011.808167,3779.312256,0.000000
4471.600098,-0.355240,-1011.808167,-0.014310,-0.314962,-8.000045,-1.580186,-0.080499,-80.000450,-1011.808167,3779.397217,0.000000
4471.700195,-0.345566,-1011.808167,-0.014310,-0.314962,-8.000045,-1.537153,-0.078306,-80.000450,-1011.808167,3779.481689,0.000000
4471.800293,-0.350037,-1011.808167,-0.014310,-0.314962,-8.000045,-1.557041,-0.079319,-80.000450,-1011.808167,3779.566650,0.000000
4471.900391,-0.362701,-1011.808167,-0.014310,-0.314962,-8.000045,-1.613376,-0.082189,-80.000450,-1011.808167,3779.651367,0.000000
4472.000000,-0.350784,-1011.808167,-0.014310,-0.314962,-8.000045,-1.560367,-0.079489,-80.000450,-1011.808167,3779.735840,0.000000
4472.100098,-0.363068,-1011.808167,-0.014310,-0.314962,-8.000045,-1.615005,-0.082272,-80.000450,-1011.808167,3779.820801,0.000000
4472.200195,-0.361572,-1011.808167,-0.014310,-0.314962,-8.000045,-1.608354,-0.081933,-80.000450,-1011.808167,3779.905273,0.000000
4472.300293,-0.357849,-1011.808167,-0.014310,-0.314962,-8.000045,-1.591792,-0.081090,-80.000450,-1011.808167,3779.990234,0.000000
4472.400391,-0.358231,-1011.808167,-0.014310,-0.314962,-8.000045,-1.593489,-0.081176,-80.000450,-1011.808167,3780.074707,0.000000
4472.500000,-0.368286,-1011.808167,-0.014310,-0.314962,-8.000045,-1.638219,-0.083455,-80.000450,-1011.808167,3780.159424,0.000000
4472.600098,-0.352264,-1011.808167,-0.014310,-0.314962,-8.000045,-1.566950,-0.079824,-80.000450,-1011.808167,3780.243896,0.000000
4472.700195,-0.360825,-1011.808167,-0.014310,-0.314962,-8.000045,-1.605028,-0.081764,-80.000450,-1011.808167,3780.328857,0.000000
4472.800293,-0.357101,-1011.808167,-0.014310,-0.314962,-8.000045,-1.588467,-0.080920,-80.000450,-1011.808167,3780.413818,0.000000
4472.900391,-0.358231,-1011.808167,-0.014310,-0.314962,-8.000045,-1.593489,-0.081176,-80.000450,-1011.808167,3780.498291,0.000000
4473.000000,-0.357483,-1011.808167,-0.014310,-0.314962,-8.000045,-1.590163,-0.081007,-80.000450,-1011.808167,3780.582764,0.000000
4473.100098,-0.355240,-1011.808167,-0.014310,-0.314962,-8.000045,-1.580186,-0.080499,-80.000450,-1011.808167,3780.667969,0.000000
4473.200195,-0.349655,-1011.808167,-0.014310,-0.314962,-8.000045,-1.555344,-0.079233,-80.000450,-1011.808167,3780.752441,0.000000
4473.300293,-0.348175,-1011.808167,-0.014310,-0.314962,-8.000045,-1.548760,-0.078898,-80.000450,-1011.808167,3780.836914,0.000000
4473.400391,-0.349655,-1011.808167,-0.014310,-0.314962,-8.000045,-1.555344,-0.079233,-80.000450,-1011.808167,3780.921875,0.000000
4473.500000,-0.358963,-1011.808167,-0.014310,-0.314962,-8.000045,-1.596747,-0.081342,-80.000450,-1011.808167,3781.006348,0.000000
4473.600098,-0.346313,-1011.808167,-0.014310,-0.314962,-8.000045,-1.540479,-0.078476,-80.000450,-1011.808167,3781.091309,0.000000
4473.700195,-0.356369,-1011.808167,-0.014310,-0.314962,-8.000045,-1.585209,-0.080754,-80.000450,-1011.808167,3781.176025,0.000000
4473.800293,-0.353760,-1011.808167,-0.014310,-0.314962,-8.000045,-1.573602,-0.080163,-80.000450,-1011.808167,3781.260498,0.000000
4473.900391,-0.343704,-1011.808167,-0.014310,-0.314962,-8.000045,-1.528873,-0.077884,-80.000450,-1011.808167,3781.345215,0.000000
4474.000000,-0.361572,-1011.808167,-0.014310,-0.314962,-8.000045,-1.608354,-0.081933,-80.000450,-1011.808167,3781.429932,0.000000
4474.100098,-0.360825,-1011.808167,-0.014310,-0.314962,-8.000045,-1.605028,-0.081764,-80.000450,-1011.808167,3781.514893,0.000000
4474.200195,-0.350784,-1011.808167,-0.014310,-0.314962,-8.000045,-1.560367,-0.079489,-80.000450,-1011.808167,3781.599365,0.000000
4474.300293,-0.361206,-1011.808167,-0.014310,-0.314962,-8.000045,-1.606725,-0.081850,-80.000450,-1011.808167,3781.684326,0.000000
4474.400391,-0.361954,-1011.808167,-0.014310,-0.314962,-8.000045,-1.610051,-0.082020,-80.000450,-1011.808167,3781.768799,0.000000
4474.500000,-0.356735,-1011.808167,-0.014310,-0.314962,-8.000045,-1.586838,-0.080837,-80.000450,-1011.808167,3781.853516,0.000000
4474.600098,-0.364929,-1011.808167,-0.014310,-0.314962,-8.000045,-1.623286,-0.082694,-80.000450,-1011.808167,3781.938477,0.000000
4474.700195,-0.357849,-1011.808167,-0.014310,-0.314962,-8.000045,-1.591792,-0.081090,-80.000450,-1011.808167,3782.022949,0.000000
4474.800293,-0.356735,-1011.808167,-0.014310,-0.314962,-8.000045,-1.586838,-0.080837,-80.000450,-1011.808167,3782.107422,0.000000
4474.900391,-0.364929,-1011.808167,-0.014310,-0.314962,-8.000045,-1.623286,-0.082694,-80.000450,-1011.808167,3782.192383,0.000000
4475.000000,-0.353012,-1011.808167,-0.014310,-0.314962,-8.000045,-1.570276,-0.079994,-80.000450,-1011.808167,3782.277100,0.000000
4475.100098,-0.356735,-1011.808167,-0.014310,-0.314962,-8.000045,-1.586838,-0.080837,-80.000450,-1011.808167,3782.361816,0.000000
4475.200195,-0.363068,-1011.808167,-0.014310,-0.314962,-8.000045,-1.615005,-0.082272,-80.000450,-1011.808167,3782.446533,0.000000
4475.300293,-0.351898,-1011.808167,-0.014310,-0.314962,-8.000045,-1.565321,-0.079741,-80.000450,-1011.808167,3782.531006,0.000000
4475.400391,-0.360092,-1011.808167,-0.014310,-0.314962,-8.000045,-1.601770,-0.081598,-80.000450,-1011.808167,3782.615967,0.000000
4475.500000,-0.361572,-1011.808167,-0.014310,-0.314962,-8.000045,-1.608354,-0.081933,-80.000450,-1011.808167,3782.700439,0.000000
4475.600098,-0.361954,-1011.808167,-0.014310,-0.314962,-8.000045,-1.610051,-0.082020,-80.000450,-1011.808167,3782.785400,0.000000
4475.700195,-0.356735,-1011.808167,-0.014310,-0.314962,-8.000045,-1.586838,-0.080837,-80.000450,-1011.808167,3782.870117,0.000000
4475.800293,-0.350403,-1011.808167,-0.014310,-0.314962,-8.000045,-1.558670,-0.079402,-80.000450,-1011.808167,3782.954590,0.000000
4475.900391,-0.355240,-1011.808167,-0.014310,-0.314962,-8.000045,-1.580186,-0.080499,-80.000450,-1011.808167,3783.039551,0.000000
4476.000000,-0.354507,-1011.808167,-0.014310,-0.314962,-8.000045,-1.576928,-0.080333,-80.000450,-1011.808167,3783.124023,0.000000
4476.100098,-0.351898,-1011.808167,-0.014310,-0.314962,-8.000045,-1.565321,-0.079741,-80.000450,-1011.808167,3783.208496,0.000000
4476.200195,-0.358231,-1011.808167,-0.014310,-0.314962,-8.000045,-1.593489,-0.081176,-80.000450,-1011.808167,3783.293701,0.000000
4476.300293,-0.345932,-1011.808167,-0.014310,-0.314962,-8.000045,-1.538782,-0.078389,-80.000450,-1011.808167,3783.378418,0.000000
4476.400391,-0.361206,-1011.808167,-0.014310,-0.314962,-8.000045,-1.606725,-0.081850,-80.000450,-1011.808167,3783.462891,0.000000
4476.500000,-0.356735,-1011.808167,-0.014310,-0.314962,-8.000045,-1.586838,-0.080837,-80.000450,-1011.808167,3783.547607,0.000000
4476.600098,-0.365295,-1011.808167,-0.014310,-0.314962,-8.000045,-1.624915,-0.082777,-80.000450,-1011.808167,3783.632568,0.000000
4476.700195,-0.350403,-1011.808167,-0.014310,-0.314962,-8.000045,-1.558670,-0.079402,-80.000450,-1011.808167,3783.717041,0.000000
4476.800293,-0.349289,-1011.808167,-0.014310,-0.314962,-8.000045,-1.553715,-0.079150,-80.000450,-1011.808167,3783.802002,0.000000
4476.900391,-0.359344,-1011.808167,-0.014310,-0.314962,-8.000045,-1.598444,-0.081429,-80.000450,-1011.808167,3783.886475,0.000000
4477.000000,-0.351517,-1011.808167,-0.014310,-0.314962,-8.000045,-1.563625,-0.079655,-80.000450,-1011.808167,3783.970947,0.000000
4477.100098,-0.353012,-1011.808167,-0.014310,-0.314962,-8.000045,-1.570276,-0.079994,-80.000450,-1011.808167,3784.056152,0.000000
4477.200195,-0.355240,-1011.808167,-0.014310,-0.314962,-8.000045,-1.580186,-0.080499,-80.000450,-1011.808167,3784.140625,0.000000
4477.300293,-0.355988,-1011.808167,-0.014310,-0.314962,-8.000045,-1.583512,-0.080668,-80.000450,-1011.808167,3784.225098,0.000000
4477.400391,-0.355240,-1011.808167,-0.014310,-0.314962,-8.000045,-1.580186,-0.080499,-80.000450,-1011.808167,3784.310059,0.000000
4477.500000,-0.364929,-1011.808167,-0.014310,-0.314962,-8.000045,-1.623286,-0.082694,-80.000450,-1011.808167,3784.395020,0.000000
4477.600098,-0.355240,-1011.808167,-0.014310,-0.314962,-8.000045,-1.580186,-0.080499,-80.000450,-1011.808167,3784.479492,0.000000
4477.700195,-0.352646,-1011.808167,-0.014310,-0.314962,-8.000045,-1.568647,-0.079911,-80.000450,-1011.808167,3784.564209,0.000000
4477.800293,-0.358231,-1011.808167,-0.014310,-0.314962,-8.000045,-1.593489,-0.081176,-80.000450,-1011.808167,3784.648682,0.000000
4477.900391,-0.357849,-1011.808167,-0.014310,-0.314962,-8.000045,-1.591792,-0.081090,-80.000450,-1011.808167,3784.733643,0.000000
4478.000000,-0.356735,-1011.808167,-0.014310,-0.314962,-8.000045,-1.586838,-0.080837,-80.000450,-1011.808167,3784.818115,0.000000
4478.100098,-0.361206,-1011.808167,-0.014310,-0.314962,-8.000045,-1.606725,-0.081850,-80.000450,-1011.808167,3784.903076,0.000000
4478.200195,-0.361954,-1011.808167,-0.014310,-0.314962,-8.000045,-1.610051,-0.082020,-80.000450,-1011.808167,3784.987549,0.000000
4478.300293,-0.347794,-1011.808167,-0.014310,-0.314962,-8.000045,-1.547063,-0.078811,-80.000450,-1011.808167,3785.072510,0.000000
4478.400391,-0.369766,-1011.808167,-0.014310,-0.314962,-8.000045,-1.644802,-0.083790,-80.000450,-1011.808167,3785.157227,0.000000
4478.500000,-0.350037,-1011.808167,-0.014310,-0.314962,-8.000045,-1.557041,-0.079319,-80.000450,-1011.808167,3785.241699,0.000000
4478.600098,-0.361954,-1011.808167,-0.014310,-0.314962,-8.000045,-1.610051,-0.082020,-80.000450,-1011.808167,3785.326172,0.000000
4478.700195,-0.362701,-1011.808167,-0.014310,-0.314962,-8.000045,-1.613376,-0.082189,-80.000450,-1011.808167,3785.411133,0.000000
4478.800293,-0.363068,-1011.808167,-0.014310,-0.314962,-8.000045,-1.615005,-0.082272,-80.000450,-1011.808167,3785.496094,0.000000
4478.900391,-0.367905,-1011.808167,-0.014310,-0.314962,-8.000045,-1.636522,-0.083368,-80.000450,-1011.808167,3785.580566,0.000000
4479.000000,-0.353760,-1011.808167,-0.014310,-0.314962,-8.000045,-1.573602,-0.080163,-80.000450,-1011.808167,3785.665283,0.000000
4479.100098,-0.350037,-1011.808167,-0.014310,-0.314962,-8.000045,-1.557041,-0.079319,-80.000450,-1011.808167,3785.749756,0.000000
4479.200195,-0.354874,-1011.808167,-0.014310,-0.314962,-8.000045,-1.578557,-0.080416,-80.000450,-1011.808167,3785.834717,0.000000
4479.300293,-0.360092,-1011.808167,-0.014310,-0.314962,-8.000045,-1.601770,-0.081598,-80.000450,-1011.808167,3785.919678,0.000000
4479.400391,-0.352264,-1011.808167,-0.014310,-0.314962,-8.000045,-1.566950,-0.079824,-80.000450,-1011.808167,3786.004150,0.000000
4479.500000,-0.357101,-1011.808167,-0.014310,-0.314962,-8.000045,-1.588467,-0.080920,-80.000450,-1011.808167,3786.088623,0.000000
4479.600098,-0.351898,-1011.808167,-0.014310,-0.314962,-8.000045,-1.565321,-0.079741,-80.000450,-1011.808167,3786.173584,0.000000
4479.700195,-0.353012,-1011.808167,-0.014310,-0.314962,-8.000045,-1.570276,-0.079994,-80.000450,-1011.808167,3786.258301,0.000000
4479.800293,-0.362701,-1011.808167,-0.014310,-0.314962,-8.000045,-1.613376,-0.082189,-80.000450,-1011.808167,3786.342773,0.000000
4479.900391,-0.355621,-1011.808167,-0.014310,-0.314962,-8.000045,-1.581883,-0.080585,-80.000450,-1011.808167,3786.427734,0.000000
4480.000000,-0.355240,-1011.808167,-0.014310,-0.314962,-8.000045,-1.580186,-0.080499,-80.000450,-1011.808167,3786.512695,0.000000
4480.100098,-0.357483,-1011.808167,-0.014310,-0.314962,-8.000045,-1.590163,-0.081007,-80.000450,-1011.808167,3786.597168,0.000000
4480.200195,-0.359711,-1011.808167,-0.014310,-0.314962,-8.000045,-1.600073,-0.081512,-80.000450,-1011.808167,3786.681885,0.000000
4480.300293,-0.352264,-1011.808167,-0.014310,-0.314962,-8.000045,-1.566950,-0.079824,-80.000450,-1011.808167,3786.766357,0.000000
4480.400391,-0.346313,-1011.808167,-0.014310,-0.314962,-8.000045,-1.540479,-0.078476,-80.000450,-1011.808167,3786.851074,0.000000
4480.500000,-0.351517,-1011.808167,-0.014310,-0.314962,-8.000045,-1.563625,-0.079655,-80.000450,-1011.808167,3786.935791,0.000000
4480.600098,-0.348923,-1011.808167,-0.014310,-0.314962,-8.000045,-1.552086,-0.079067,-80.000450,-1011.808167,3787.020752,0.000000
4480.700195,-0.359711,-1011.808167,-0.014310,-0.314962,-8.000045,-1.600073,-0.081512,-80.000450,-1011.808167,3787.105225,0.000000
4480.800293,-0.358597,-1011.808167,-0.014310,-0.314962,-8.000045,-1.595118,-0.081259,-80.000450,-1011.808167,3787.190186,0.000000
4480.900391,-0.353760,-1011.808167,-0.014310,-0.314962,-8.000045,-1.573602,-0.080163,-80.000450,-1011.808167,3787.274902,0.000000
4481.000000,-0.362701,-1011.808167,-0.014310,-0.314962,-8.000045,-1.613376,-0.082189,-80.000450,-1011.808167,3787.359375,0.000000
4481.100098,-0.354507,-1011.808167,-0.014310,-0.314962,-8.000045,-1.576928,-0.080333,-80.000450,-1011.808167,3787.443848,0.000000
4481.200195,-0.361572,-1011.808167,-0.014310,-0.314962,-8.000045,-1.608354,-0.081933,-80.000450,-1011.808167,3787.528809,0.000000
4481.300293,-0.360092,-1011.808167,-0.014310,-0.314962,-8.000045,-1.601770,-0.081598,-80.000450,-1011.808167,3787.613281,0.000000
4481.400391,-0.354126,-1011.808167,-0.014310,-0.314962,-8.000045,-1.575231,-0.080246,-80.000450,-1011.808167,3787.698242,0.000000
4481.500000,-0.350403,-1011.808167,-0.014310,-0.314962,-8.000045,-1.558670,-0.079402,-80.000450,-1011.808167,3787.783203,0.000000
4481.600098,-0.360092,-1011.808167,-0.014310,-0.314962,-8.000045,-1.601770,-0.081598,-80.000450,-1011.808167,3787.867676,0.000000
4481.700195,-0.353378,-1011.808167,-0.014310,-0.314962,-8.000045,-1.571905,-0.080077,-80.000450,-1011.808167,3787.952393,0.000000
4481.800293,-0.354874,-1011.808167,-0.014310,-0.314962,-8.000045,-1.578557,-0.080416,-80.000450,-1011.808167,3788.037354,0.000000
4481.900391,-0.361206,-1011.808167,-0.014310,-0.314962,-8.000045,-1.606725,-0.081850,-80.000450,-1011.808167,3788.121826,0.000000
4482.000000,-0.357101,-1011.808167,-0.014310,-0.314962,-8.000045,-1.588467,-0.080920,-80.000450,-1011.808167,3788.206299,0.000000
4482.100098,-0.360092,-1011.808167,-0.014310,-0.314962,-8.000045,-1.601770,-0.081598,-80.000450,-1011.808167,3788.291260,0.000000
4482.200195,-0.353012,-1011.808167,-0.014310,-0.314962,-8.000045,-1.570276,-0.079994,-80.000450,-1011.808167,3788.375977,0.000000
4482.300293,-0.363434,-1011.808167,-0.014310,-0.314962,-8.000045,-1.616634,-0.082355,-80.000450,-1011.808167,3788.460449,0.000000
4482.400391,-0.355988,-1011.808167,-0.014310,-0.314962,-8.000045,-1.583512,-0.080668,-80.000450,-1011.808167,3788.545410,0.000000
4482.500000,-0.353378,-1011.808167,-0.014310,-0.314962,-8.000045,-1.571905,-0.080077,-80.000450,-1011.808167,3788.629883,0.000000
4482.600098,-0.351151,-1011.808167,-0.014310,-0.314962,-8.000045,-1.561996,-0.079572,-80.000450,-1011.808167,3788.714844,0.000000
4482.700195,-0.358963,-1011.808167,-0.014310,-0.314962,-8.000045,-1.596747,-0.081342,-80.000450,-1011.808167,3788.799805,0.000000
4482.800293,-0.366043,-1011.808167,-0.014310,-0.314962,-8.000045,-1.628241,-0.082947,-80.000450,-1011.808167,3788.884277,0.000000
4482.900391,-0.357483,-1011.808167,-0.014310,-0.314962,-8.000045,-1.590163,-0.081007,-80.000450,-1011.808167,3788.968750,0.000000
4483.000000,-0.353012,-1011.808167,-0.014310,-0.314962,-8.000045,-1.570276,-0.079994,-80.000450,-1011.808167,3789.053467,0.000000
4483.100098,-0.356369,-1011.808167,-0.014310,-0.314962,-8.000045,-1.585209,-0.080754,-80.000450,-1011.808167,3789.138428,0.000000
4483.200195,-0.357483,-1011.808167,-0.014310,-0.314962,-8.000045,-1.590163,-0.081007,-80.000450,-1011.808167,3789.222900,0.000000
4483.300293,-0.350403,-1011.808167,-0.014310,-0.314962,-8.000045,-1.558670,-0.079402,-80.000450,-1011.808167,3789.307861,0.000000
4483.400391,-0.359711,-1011.808167,-0.014310,-0.314962,-8.000045,-1.600073,-0.081512,-80.000450,-1011.808167,3789.392334,0.000000
4483.500000,-0.355240,-1011.808167,-0.014310,-0.314962,-8.000045,-1.580186,-0.080499,-80.000450,-1011.808167,3789.477051,0.000000
4483.600098,-0.367905,-1011.808167,-0.014310,-0.314962,-8.000045,-1.636522,-0.083368,-80.000450,-1011.808167,3789.561768,0.000000
4483.700195,-0.367905,-1011.808167,-0.014310,-0.314962,-8.000045,-1.636522,-0.083368,-80.000450,-1011.808167,3789.646484,0.000000
4483.800293,-0.361572,-1011.808167,-0.014310,-0.314962,-8.000045,-1.608354,-0.081933,-80.000450,-1011.808167,3789.730957,0.000000
4483.900391,-0.362701,-1011.808167,-0.014310,-0.314962,-8.000045,-1.613376,-0.082189,-80.000450,-1011.808167,3789.815918,0.000000
4484.000000,-0.362320,-1011.808167,-0.014310,-0.314962,-8.000045,-1.611680,-0.082103,-80.000450,-1011.808167,3789.900879,0.000000
4484.100098,-0.357849,-1011.808167,-0.014310,-0.314962,-8.000045,-1.591792,-0.081090,-80.000450,-1011.808167,3789.985352,0.000000
4484.200195,-0.355240,-1011.808167,-0.014310,-0.314962,-8.000045,-1.580186,-0.080499,-80.000450,-1011.808167,3790.069824,0.000000
4484.300293,-0.356369,-1011.808167,-0.014310,-0.314962,-8.000045,-1.585209,-0.080754,-80.000450,-1011.808167,3790.155029,0.000000
4484.400391,-0.355621,-1011.808167,-0.014310,-0.314962,-8.000045,-1.581883,-0.080585,-80.000450,-1011.808167,3790.239502,0.000000
4484.500000,-0.356735,-1011.808167,-0.014310,-0.314962,-8.000045,-1.586838,-0.080837,-80.000450,-1011.808167,3790.323975,0.000000
4484.600098,-0.356735,-1011.808167,-0.014310,-0.314962,-8.000045,-1.586838,-0.080837,-80.000450,-1011.808167,3790.408936,0.000000
4484.700195,-0.355240,-1011.808167,-0.014310,-0.314962,-8.000045,-1.580186,-0.080499,-80.000450,-1011.808167,3790.493408,0.000000
4484.800293,-0.350784,-1011.808167,-0.014310,-0.314962,-8.000045,-1.560367,-0.079489,-80.000450,-1011.808167,3790.578369,0.000000
4484.900391,-0.356369,-1011.808167,-0.014310,-0.314962,-8.000045,-1.585209,-0.080754,-80.000450,-1011.808167,3790.663086,0.000000
4485.000000,-0.361572,-1011.808167,-0.014310,-0.314962,-8.000045,-1.608354,-0.081933,-80.000450,-1011.808167,3790.747559,0.000000
4485.100098,-0.352264,-1011.808167,-0.014310,-0.314962,-8.000045,-1.566950,-0.079824,-80.000450,-1011.808167,3790.832031,0.000000
4485.200195,-0.356735,-1011.808167,-0.014310,-0.314962,-8.000045,-1.586838,-0.080837,-80.000450,-1011.808167,3790.917480,0.000000
4485.300293,-0.356369,-1011.808167,-0.014310,-0.314962,-8.000045,-1.585209,-0.080754,-80.000450,-1011.808167,3791.001953,0.000000
4485.400391,-0.357101,-1011.808167,-0.014310,-0.314962,-8.000045,-1.588467,-0.080920,-80.000450,-1011.808167,3791.086426,0.000000
4485.500000,-0.372375,-1011.808167,-0.014310,-0.314962,-8.000045,-1.656409,-0.084381,-80.000450,-1011.808167,3791.171143,0.000000
4485.600098,-0.358597,-1011.808167,-0.014310,-0.314962,-8.000045,-1.595118,-0.081259,-80.000450,-1011.808167,3791.255859,0.000000
4485.700195,-0.365295,-1011.808167,-0.014310,-0.314962,-8.000045,-1.624915,-0.082777,-80.000450,-1011.808167,3791.340576,0.000000
4485.800293,-0.356369,-1011.808167,-0.014310,-0.314962,-8.000045,-1.585209,-0.080754,-80.000450,-1011.808167,3791.425537,0.000000
4485.900391,-0.364182,-1011.808167,-0.014310,-0.314962,-8.000045,-1.619960,-0.082525,-80.000450,-1011.808167,3791.510010,0.000000
4486.000000,-0.364929,-1011.808167,-0.014310,-0.314962,-8.000045,-1.623286,-0.082694,-80.000450,-1011.808167,3791.594971,0.000000
4486.100098,-0.353760,-1011.808167,-0.014310,-0.314962,-8.000045,-1.573602,-0.080163,-80.000450,-1011.808167,3791.679443,0.000000
4486.200195,-0.364182,-1011.808167,-0.014310,-0.314962,-8.000045,-1.619960,-0.082525,-80.000450,-1011.808167,3791.764160,0.000000
4486.300293,-0.354874,-1011.808167,-0.014310,-0.314962,-8.000045,-1.578557,-0.080416,-80.000450,-1011.808167,3791.848633,0.000000
4486.400391,-0.351517,-1011.808167,-0.014310,-0.314962,-8.000045,-1.563625,-0.079655,-80.000450,-1011.808167,3791.933594,0.000000
4486.500000,-0.358231,-1011.808167,-0.014310,-0.314962,-8.000045,-1.593489,-0.081176,-80.000450,-1011.808167,3792.018555,0.000000
4486.600098,-0.359711,-1011.808167,-0.014310,-0.314962,-8.000045,-1.600073,-0.081512,-80.000450,-1011.808167,3792.103027,0.000000
4486.700195,-0.360092,-1011.808167,-0.014310,-0.314962,-8.000045,-1.601770,-0.081598,-80.000450,-1011.808167,3792.187500,0.000000
4486.800293,-0.359711,-1011.808167,-0.014310,-0.314962,-8.000045,-1.600073,-0.081512,-80.000450,-1011.808167,3792.272461,0.000000
4486.900391,-0.352264,-1011.808167,-0.014310,-0.314962,-8.000045,-1.566950,-0.079824,-80.000450,-1011.808167,3792.357178,0.000000
4487.000000,-0.361954,-1011.808167,-0.014310,-0.314962,-8.000045,-1.610051,-0.082020,-80.000450,-1011.808167,3792.441650,0.000000
4487.100098,-0.361572,-1011.808167,-0.014310,-0.314962,-8.000045,-1.608354,-0.081933,-80.000450,-1011.808167,3792.526611,0.000000
4487.200195,-0.357101,-1011.808167,-0.014310,-0.314962,-8.000045,-1.588467,-0.080920,-80.000450,-1011.808167,3792.611084,0.000000
4487.300293,-0.368652,-1011.808167,-0.014310,-0.314962,-8.000045,-1.639848,-0.083538,-80.000450,-1011.808167,3792.696045,0.000000
4487.400391,-0.366791,-1011.808167,-0.014310,-0.314962,-8.000045,-1.631567,-0.083116,-80.000450,-1011.808167,3792.780762,0.000000
4487.500000,-0.354507,-1011.808167,-0.014310,-0.314962,-8.000045,-1.576928,-0.080333,-80.000450,-1011.808167,3792.865234,0.000000
4487.600098,-0.365295,-1011.808167,-0.014310,-0.314962,-8.000045,-1.624915,-0.082777,-80.000450,-1011.808167,3792.949707,0.000000
4487.700195,-0.367538,-1011.808167,-0.014310,-0.314962,-8.000045,-1.634893,-0.083285,-80.000450,-1011.808167,3793.034668,0.000000
4487.800293,-0.360825,-1011.808167,-0.014310,-0.314962,-8.000045,-1.605028,-0.081764,-80.000450,-1011.808167,3793.119629,0.000000
4487.900391,-0.355988,-1011.808167,-0.014310,-0.314962,-8.000045,-1.583512,-0.080668,-80.000450,-1011.808167,3793.204102,0.000000
4488.000000,-0.356735,-1011.808167,-0.014310,-0.314962,-8.000045,-1.586838,-0.080837,-80.000450,-1011.808167,3793.289062,0.000000
4488.100098,-0.359344,-1011.808167,-0.014310,-0.314962,-8.000045,-1.598444,-0.081429,-80.000450,-1011.808167,3793.373535,0.000000
4488.200195,-0.364929,-1011.808167,-0.014310,-0.314962,-8.000045,-1.623286,-0.082694,-80.000450,-1011.808167,3793.458252,0.000000
4488.300293,-0.350037,-1011.808167,-0.014310,-0.314962,-8.000045,-1.557041,-0.079319,-80.000450,-1011.808167,3793.543213,0.000000
4488.400391,-0.356735,-1011.808167,-0.014310,-0.314962,-8.000045,-1.586838,-0.080837,-80.000450,-1011.808167,3793.627686,0.000000
4488.500000,-0.355240,-1011.808167,-0.014310,-0.314962,-8.000045,-1.580186,-0.080499,-80.000450,-1011.808167,3793.712158,0.000000
4488.600098,-0.359711,-1011.808167,-0.014310,-0.314962,-8.000045,-1.600073,-0.081512,-80.000450,-1011.808167,3793.797119,0.000000
4488.700195,-0.348923,-1011.808167,-0.014310,-0.314962,-8.000045,-1.552086,-0.079067,-80.000450,-1011.808167,3793.881836,0.000000
4488.800293,-0.369400,-1011.808167,-0.014310,-0.314962,-8.000045,-1.643173,-0.083707,-80.000450,-1011.808167,3793.966309,0.000000
4488.900391,-0.360458,-1011.808167,-0.014310,-0.314962,-8.000045,-1.603399,-0.081681,-80.000450,-1011.808167,3794.051270,0.000000
4489.000000,-0.354126,-1011.808167,-0.014310,-0.314962,-8.000045,-1.575231,-0.080246,-80.000450,-1011.808167,3794.135742,0.000000
4489.100098,-0.364563,-1011.808167,-0.014310,-0.314962,-8.000045,-1.621657,-0.082611,-80.000450,-1011.808167,3794.220703,0.000000
4489.200195,-0.352646,-1011.808167,-0.014310,-0.314962,-8.000045,-1.568647,-0.079911,-80.000450,-1011.808167,3794.305176,0.000000
4489.300293,-0.357101,-1011.808167,-0.014310,-0.314962,-8.000045,-1.588467,-0.080920,-80.000450,-1011.808167,3794.390137,0.000000
4489.400391,-0.367905,-1011.808167,-0.014310,-0.314962,-8.000045,-1.636522,-0.083368,-80.000450,-1011.808167,3794.474609,0.000000
4489.500000,-0.364182,-1011.808167,-0.014310,-0.314962,-8.000045,-1.619960,-0.082525,-80.000450,-1011.808167,3794.559326,0.000000
4489.600098,-0.358963,-1011.808167,-0.014310,-0.314962,-8.000045,-1.596747,-0.081342,-80.000450,-1011.808167,3794.644287,0.000000
4489.700195,-0.354507,-1011.808167,-0.014310,-0.314962,-8.000045,-1.576928,-0.080333,-80.000450,-1011.808167,3794.728760,0.000000
4489.800293,-0.356735,-1011.808167,-0.014310,-0.314962,-8.000045,-1.586838,-0.080837,-80.000450,-1011.808167,3794.813721,0.000000
4489.900391,-0.357101,-1011.808167,-0.014310,-0.314962,-8.000045,-1.588467,-0.080920,-80.000450,-1011.808167,3794.898193,0.000000
4490.000000,-0.355988,-1011.808167,-0.014310,-0.314962,-8.000045,-1.583512,-0.080668,-80.000450,-1011.808167,3794.982910,0.000000
4490.100098,-0.358597,-1011.808167,-0.014310,-0.314962,-8.000045,-1.595118,-0.081259,-80.000450,-1011.808167,3795.067627,0.000000
4490.200195,-0.358963,-1011.808167,-0.014310,-0.314962,-8.000045,-1.596747,-0.081342,-80.000450,-1011.808167,3795.152344,0.000000
4490.300293,-0.359711,-1011.808167,-0.014310,-0.314962,-8.000045,-1.600073,-0.081512,-80.000450,-1011.808167,3795.237305,0.000000
4490.400391,-0.354507,-1011.808167,-0.014310,-0.314962,-8.000045,-1.576928,-0.080333,-80.000450,-1011.808167,3795.321777,0.000000
4490.500000,-0.370880,-1011.808167,-0.014310,-0.314962,-8.000045,-1.649757,-0.084043,-80.000450,-1011.808167,3795.406738,0.000000
4490.600098,-0.358231,-1011.808167,-0.014310,-0.314962,-8.000045,-1.593489,-0.081176,-80.000450,-1011.808167,3795.491211,0.000000
4490.700195,-0.358231,-1011.808167,-0.014310,-0.314962,-8.000045,-1.593489,-0.081176,-80.000450,-1011.808167,3795.575684,0.000000
4490.800293,-0.361206,-1011.808167,-0.014310,-0.314962,-8.000045,-1.606725,-0.081850,-80.000450,-1011.808167,3795.660889,0.000000
4490.900391,-0.357483,-1011.808167,-0.014310,-0.314962,-8.000045,-1.590163,-0.081007,-80.000450,-1011.808167,3795.745361,0.000000
4491.000000,-0.367538,-1011.808167,-0.014310,-0.314962,-8.000045,-1.634893,-0.083285,-80.000450,-1011.808167,3795.829834,0.000000
4491.100098,-0.353012,-1011.808167,-0.014310,-0.314962,-8.000045,-1.570276,-0.079994,-80.000450,-1011.808167,3795.914795,0.000000
4491.200195,-0.364929,-1011.808167,-0.014310,-0.314962,-8.000045,-1.623286,-0.082694,-80.000450,-1011.808167,3795.999756,0.000000
4491.300293,-0.354874,-1011.808167,-0.014310,-0.314962,-8.000045,-1.578557,-0.080416,-80.000450,-1011.808167,3796.084229,0.000000
4491.400391,-0.353760,-1011.808167,-0.014310,-0.314962,-8.000045,-1.573602,-0.080163,-80.000450,-1011.808167,3796.168945,0.000000
4491.500000,-0.356735,-1011.808167,-0.014310,-0.314962,-8.000045,-1.586838,-0.080837,-80.000450,-1011.808167,3796.253418,0.000000
4491.600098,-0.359711,-1011.808167,-0.014310,-0.314962,-8.000045,-1.600073,-0.081512,-80.000450,-1011.808167,3796.337891,0.000000
4491.700195,-0.355621,-1011.808167,-0.014310,-0.314962,-8.000045,-1.581883,-0.080585,-80.000450,-1011.808167,3796.422852,0.000000
4491.800293,-0.357483,-1011.808167,-0.014310,-0.314962,-8.000045,-1.590163,-0.081007,-80.000450,-1011.808167,3796.507812,0.000000
4491.900391,-0.349655,-1011.808167,-0.014310,-0.314962,-8.000045,-1.555344,-0.079233,-80.000450,-1011.808167,3796.592285,0.000000
4492.000000,-0.354874,-1011.808167,-0.014310,-0.314962,-8.000045,-1.578557,-0.080416,-80.000450,-1011.808167,3796.677002,0.000000
4492.100098,-0.350037,-1011.808167,-0.014310,-0.314962,-8.000045,-1.557041,-0.079319,-80.000450,-1011.808167,3796.761963,0.000000
4492.200195,-0.370514,-1011.808167,-0.014310,-0.314962,-8.000045,-1.648128,-0.083960,-80.000450,-1011.808167,3796.846436,0.000000
4492.300293,-0.352264,-1011.808167,-0.014310,-0.314962,-8.000045,-1.566950,-0.079824,-80.000450,-1011.808167,3796.930908,0.000000
4492.400391,-0.360458,-1011.808167,-0.014310,-0.314962,-8.000045,-1.603399,-0.081681,-80.000450,-1011.808167,3797.015869,0.000000
4492.500000,-0.360092,-1011.808167,-0.014310,-0.314962,-8.000045,-1.601770,-0.081598,-80.000450,-1011.808167,3797.100342,0.000000
4492.600098,-0.352264,-1011.808167,-0.014310,-0.314962,-8.000045,-1.566950,-0.079824,-80.000450,-1011.808167,3797.185303,0.000000
4492.700195,-0.357483,-1011.808167,-0.014310,-0.314962,-8.000045,-1.590163,-0.081007,-80.000450,-1011.808167,3797.270020,0.000000
4492.800293,-0.358231,-1011.808167,-0.014310,-0.314962,-8.000045,-1.593489,-0.081176,-80.000450,-1011.808167,3797.354492,0.000000
4492.900391,-0.365295,-1011.808167,-0.014310,-0.314962,-8.000045,-1.624915,-0.082777,-80.000450,-1011.808167,3797.439453,0.000000
4493.000000,-0.361206,-1011.808167,-0.014310,-0.314962,-8.000045,-1.606725,-0.081850,-80.000450,-1011.808167,3797.524414,0.000000
4493.100098,-0.370148,-1011.808167,-0.014310,-0.314962,-8.000045,-1.646499,-0.083877,-80.000450,-1011.808167,3797.608887,0.000000
4493.200195,-0.360458,-1011.808167,-0.014310,-0.314962,-8.000045,-1.603399,-0.081681,-80.000450,-1011.808167,3797.693359,0.000000
4493.300293,-0.361572,-1011.808167,-0.014310,-0.314962,-8.000045,-1.608354,-0.081933,-80.000450,-1011.808167,3797.778320,0.000000
4493.400391,-0.354874,-1011.808167,-0.014310,-0.314962,-8.000045,-1.578557,-0.080416,-80.000450,-1011.808167,3797.863037,0.000000
4493.500000,-0.357849,-1011.808167,-0.014310,-0.314962,-8.000045,-1.591792,-0.081090,-80.000450,-1011.808167,3797.947510,0.000000
4493.600098,-0.363434,-1011.808167,-0.014310,-0.314962,-8.000045,-1.616634,-0.082355,-80.000450,-1011.808167,3798.032471,0.000000
4493.700195,-0.360458,-1011.808167,-0.014310,-0.314962,-8.000045,-1.603399,-0.081681,-80.000450,-1011.808167,3798.116943,0.000000
4493.800293,-0.353378,-1011.808167,-0.014310,-0.314962,-8.000045,-1.571905,-0.080077,-80.000450,-1011.808167,3798.201904,0.000000
4493.900391,-0.356735,-1011.808167,-0.014310,-0.314962,-8.000045,-1.586838,-0.080837,-80.000450,-1011.808167,3798.286621,0.000000
4494.000000,-0.361954,-1011.808167,-0.014310,-0.314962,-8.000045,-1.610051,-0.082020,-80.000450,-1011.808167,3798.371094,0.000000
4494.100098,-0.363815,-1011.808167,-0.014310,-0.314962,-8.000045,-1.618331,-0.082442,-80.000450,-1011.808167,3798.455566,0.000000
4494.200195,-0.362320,-1011.808167,-0.014310,-0.314962,-8.000045,-1.611680,-0.082103,-80.000450,-1011.808167,3798.540527,0.000000
4494.300293,-0.351517,-1011.808167,-0.014310,-0.314962,-8.000045,-1.563625,-0.079655,-80.000450,-1011.808167,3798.625488,0.000000
4494.400391,-0.358231,-1011.808167,-0.014310,-0.314962,-8.000045,-1.593489,-0.081176,-80.000450,-1011.808167,3798.709961,0.000000
4494.500000,-0.364929,-1011.808167,-0.014310,-0.314962,-8.000045,-1.623286,-0.082694,-80.000450,-1011.808167,3798.794922,0.000000
4494.600098,-0.361572,-1011.808167,-0.014310,-0.314962,-8.000045,-1.608354,-0.081933,-80.000450,-1011.808167,3798.879639,0.000000
4494.700195,-0.366043,-1011.808167,-0.014310,-0.314962,-8.000045,-1.628241,-0.082947,-80.000450,-1011.808167,3798.964111,0.000000
4494.800293,-0.352264,-1011.808167,-0.014310,-0.314962,-8.000045,-1.566950,-0.079824,-80.000450,-1011.808167,3799.048584,0.000000
4494.900391,-0.351898,-1011.808167,-0.014310,-0.314962,-8.000045,-1.565321,-0.079741,-80.000450,-1011.808167,3799.133545,0.000000
4495.000000,-0.354507,-1011.808167,-0.014310,-0.314962,-8.000045,-1.576928,-0.080333,-80.000450,-1011.808167,3799.218018,0.000000
4495.100098,-0.361954,-1011.808167,-0.014310,-0.314962,-8.000045,-1.610051,-0.082020,-80.000450,-1011.808167,3799.302979,0.000000
4495.200195,-0.368286,-1011.808167,-0.014310,-0.314962,-8.000045,-1.638219,-0.083455,-80.000450,-1011.808167,3799.387695,0.000000
4495.300293,-0.363434,-1011.808167,-0.014310,-0.314962,-8.000045,-1.616634,-0.082355,-80.000450,-1011.808167,3799.472412,0.000000
4495.400391,-0.360825,-1011.808167,-0.014310,-0.314962,-8.000045,-1.605028,-0.081764,-80.000450,-1011.808167,3799.557129,0.000000
4495.500000,-0.356369,-1011.808167,-0.014310,-0.314962,-8.000045,-1.585209,-0.080754,-80.000450,-1011.808167,3799.642090,0.000000
4495.600098,-0.360092,-1011.808167,-0.014310,-0.314962,-8.000045,-1.601770,-0.081598,-80.000450,-1011.808167,3799.726562,0.000000
4495.700195,-0.350037,-1011.808167,-0.014310,-0.314962,-8.000045,-1.557041,-0.079319,-80.000450,-1011.808167,3799.811035,0.000000
4495.800293,-0.363434,-1011.808167,-0.014310,-0.314962,-8.000045,-1.616634,-0.082355,-80.000450,-1011.808167,3799.895996,0.000000
4495.900391,-0.355988,-1011.808167,-0.014310,-0.314962,-8.000045,-1.583512,-0.080668,-80.000450,-1011.808167,3799.980469,0.000000
4496.000000,-0.358963,-1011.808167,-0.014310,-0.314962,-8.000045,-1.596747,-0.081342,-80.000450,-1011.808167,3800.065186,0.000000
4496.100098,-0.351517,-1011.808167,-0.014310,-0.314962,-8.000045,-1.563625,-0.079655,-80.000450,-1011.808167,3800.150146,0.000000
4496.200195,-0.351151,-1011.808167,-0.014310,-0.314962,-8.000045,-1.561996,-0.079572,-80.000450,-1011.808167,3800.234619,0.000000
4496.300293,-0.362320,-1011.808167,-0.014310,-0.314962,-8.000045,-1.611680,-0.082103,-80.000450,-1011.808167,3800.319092,0.000000
4496.400391,-0.346680,-1011.808167,-0.014310,-0.314962,-8.000045,-1.542108,-0.078559,-80.000450,-1011.808167,3800.404297,0.000000
4496.500000,-0.367157,-1011.808167,-0.014310,-0.314962,-8.000045,-1.633196,-0.083199,-80.000450,-1011.808167,3800.489014,0.000000
4496.600098,-0.354874,-1011.808167,-0.014310,-0.314962,-8.000045,-1.578557,-0.080416,-80.000450,-1011.808167,3800.573486,0.000000
4496.700195,-0.369019,-1011.808167,-0.014310,-0.314962,-8.000045,-1.641477,-0.083621,-80.000450,-1011.808167,3800.658203,0.000000
4496.800293,-0.355621,-1011.808167,-0.014310,-0.314962,-8.000045,-1.581883,-0.080585,-80.000450,-1011.808167,3800.743164,0.000000
4496.900391,-0.355621,-1011.808167,-0.014310,-0.314962,-8.000045,-1.581883,-0.080585,-80.000450,-1011.808167,3800.827637,0.000000
4497.000000,-0.352646,-1011.808167,-0.014310,-0.314962,-8.000045,-1.568647,-0.079911,-80.000450,-1011.808167,3800.912598,0.000000
4497.100098,-0.358597,-1011.808167,-0.014310,-0.314962,-8.000045,-1.595118,-0.081259,-80.000450,-1011.808167,3800.997070,0.000000
4497.200195,-0.358597,-1011.808167,-0.014310,-0.314962,-8.000045,-1.595118,-0.081259,-80.000450,-1011.808167,3801.081787,0.000000
4497.300293,-0.370880,-1011.808167,-0.014310,-0.314962,-8.000045,-1.649757,-0.084043,-80.000450,-1011.808167,3801.166260,0.000000
4497.400391,-0.367157,-1011.808167,-0.014310,-0.314962,-8.000045,-1.633196,-0.083199,-80.000450,-1011.808167,3801.251221,0.000000
4497.500000,-0.357849,-1011.808167,-0.014310,-0.314962,-8.000045,-1.591792,-0.081090,-80.000450,-1011.808167,3801.335693,0.000000
4497.600098,-0.354507,-1011.808167,-0.014310,-0.314962,-8.000045,-1.576928,-0.080333,-80.000450,-1011.808167,3801.420654,0.000000
4497.700195,-0.366425,-1011.808167,-0.014310,-0.314962,-8.000045,-1.629938,-0.083033,-80.000450,-1011.808167,3801.505615,0.000000
4497.800293,-0.350784,-1011.808167,-0.014310,-0.314962,-8.000045,-1.560367,-0.079489,-80.000450,-1011.808167,3801.590088,0.000000
4497.900391,-0.358231,-1011.808167,-0.014310,-0.314962,-8.000045,-1.593489,-0.081176,-80.000450,-1011.808167,3801.674805,0.000000
4498.000000,-0.357101,-1011.808167,-0.014310,-0.314962,-8.000045,-1.588467,-0.080920,-80.000450,-1011.808167,3801.759277,0.000000
4498.100098,-0.361206,-1011.808167,-0.014310,-0.314962,-8.000045,-1.606725,-0.081850,-80.000450,-1011.808167,3801.844238,0.000000
4498.200195,-0.357483,-1011.808167,-0.014310,-0.314962,-8.000045,-1.590163,-0.081007,-80.000450,-1011.808167,3801.928711,0.000000
4498.300293,-0.363068,-1011.808167,-0.014310,-0.314962,-8.000045,-1.615005,-0.082272,-80.000450,-1011.808167,3802.013672,0.000000
4498.400391,-0.360825,-1011.808167,-0.014310,-0.314962,-8.000045,-1.605028,-0.081764,-80.000450,-1011.808167,3802.098145,0.000000
4498.500000,-0.359344,-1011.808167,-0.014310,-0.314962,-8.000045,-1.598444,-0.081429,-80.000450,-1011.808167,3802.182861,0.000000
4498.600098,-0.358597,-1011.808167,-0.014310,-0.314962,-8.000045,-1.595118,-0.081259,-80.000450,-1011.808167,3802.267822,0.000000
4498.700195,-0.363434,-1011.808167,-0.014310,-0.314962,-8.000045,-1.616634,-0.082355,-80.000450,-1011.808167,3802.352295,0.000000
4498.800293,-0.362320,-1011.808167,-0.014310,-0.314962,-8.000045,-1.611680,-0.082103,-80.000450,-1011.808167,3802.436768,0.000000
4498.900391,-0.361206,-1011.808167,-0.014310,-0.314962,-8.000045,-1.606725,-0.081850,-80.000450,-1011.808167,3802.522217,0.000000
4499.000000,-0.362320,-1011.808167,-0.014310,-0.314962,-8.000045,-1.611680,-0.082103,-80.000450,-1011.808167,3802.606689,0.000000
4499.100098,-0.352646,-1011.808167,-0.014310,-0.314962,-8.000045,-1.568647,-0.079911,-80.000450,-1011.808167,3802.691162,0.000000
4499.200195,-0.354507,-1011.808167,-0.014310,-0.314962,-8.000045,-1.576928,-0.080333,-80.000450,-1011.808167,3802.775879,0.000000
4499.300293,-0.361206,-1011.808167,-0.014310,-0.314962,-8.000045,-1.606725,-0.081850,-80.000450,-1011.808167,3802.860352,0.000000
4499.400391,-0.361572,-1011.808167,-0.014310,-0.314962,-8.000045,-1.608354,-0.081933,-80.000450,-1011.808167,3802.945312,0.000000
4499.500000,-0.354874,-1011.808167,-0.014310,-0.314962,-8.000045,-1.578557,-0.080416,-80.000450,-1011.808167,3803.030273,0.000000
4499.600098,-0.355621,-1011.808167,-0.014310,-0.314962,-8.000045,-1.581883,-0.080585,-80.000450,-1011.808167,3803.114746,0.000000
4499.700195,-0.359711,-1011.808167,-0.014310,-0.314962,-8.000045,-1.600073,-0.081512,-80.000450,-1011.808167,3803.199219,0.000000
4499.800293,-0.359711,-1011.808167,-0.014310,-0.314962,-8.000045,-1.600073,-0.081512,-80.000450,-1011.808167,3803.284180,0.000000
4499.900391,-0.363815,-1011.808167,-0.014310,-0.314962,-8.000045,-1.618331,-0.082442,-80.000450,-1011.808167,3803.368896,0.000000
4500.000000,-0.355988,-1011.808167,-0.014310,-0.314962,-8.000045,-1.583512,-0.080668,-80.000450,-1011.808167,3803.453369,0.000000
4500.100098,-0.361572,-1011.808167,-0.014310,-0.314962,-8.000045,-1.608354,-0.081933,-80.000450,-1011.808167,3803.538330,0.000000
4500.200195,-0.356369,-1011.808167,-0.014310,-0.314962,-8.000045,-1.585209,-0.080754,-80.000450,-1011.808167,3803.622803,0.000000
4500.300293,-0.357483,-1011.808167,-0.014310,-0.314962,-8.000045,-1.590163,-0.081007,-80.000450,-1011.808167,3803.707764,0.000000
4500.400391,-0.356735,-1011.808167,-0.014310,-0.314962,-8.000045,-1.586838,-0.080837,-80.000450,-1011.808167,3803.792480,0.000000
4500.500000,-0.358963,-1011.808167,-0.014310,-0.314962,-8.000045,-1.596747,-0.081342,-80.000450,-1011.808167,3803.876953,0.000000
4500.600098,-0.358963,-1011.808167,-0.014310,-0.314962,-8.000045,-1.596747,-0.081342,-80.000450,-1011.808167,3803.961670,0.000000
4500.700195,-0.361954,-1011.808167,-0.014310,-0.314962,-8.000045,-1.610051,-0.082020,-80.000450,-1011.808167,3804.046387,0.000000
4500.800293,-0.357101,-1011.808167,-0.014310,-0.314962,-8.000045,-1.588467,-0.080920,-80.000450,-1011.808167,3804.131348,0.000000
4500.900391,-0.359344,-1011.808167,-0.014310,-0.314962,-8.000045,-1.598444,-0.081429,-80.000450,-1011.808167,3804.215820,0.000000
4501.000000,-0.351898,-1011.808167,-0.014310,-0.314962,-8.000045,-1.565321,-0.079741,-80.000450,-1011.808167,3804.300781,0.000000
4501.100098,-0.345566,-1011.808167,-0.014310,-0.314962,-8.000045,-1.537153,-0.078306,-80.000450,-1011.808167,3804.385254,0.000000
4501.200195,-0.363434,-1011.808167,-0.014310,-0.314962,-8.000045,-1.616634,-0.082355,-80.000450,-1011.808167,3804.469971,0.000000
4501.300293,-0.356369,-1011.808167,-0.014310,-0.314962,-8.000045,-1.585209,-0.080754,-80.000450,-1011.808167,3804.554443,0.000000
4501.400391,-0.360458,-1011.808167,-0.014310,-0.314962,-8.000045,-1.603399,-0.081681,-80.000450,-1011.808167,3804.639404,0.000000
4501.500000,-0.357101,-1011.808167,-0.014310,-0.314962,-8.000045,-1.588467,-0.080920,-80.000450,-1011.808167,3804.724365,0.000000
4501.600098,-0.366791,-1011.808167,-0.014310,-0.314962,-8.000045,-1.631567,-0.083116,-80.000450,-1011.808167,3804.808838,0.000000
4501.700195,-0.352264,-1011.808167,-0.014310,-0.314962,-8.000045,-1.566950,-0.079824,-80.000450,-1011.808167,3804.893555,0.000000
4501.800293,-0.365295,-1011.808167,-0.014310,-0.314962,-8.000045,-1.624915,-0.082777,-80.000450,-1011.808167,3804.978271,0.000000
4501.900391,-0.355621,-1011.808167,-0.014310,-0.314962,-8.000045,-1.581883,-0.080585,-80.000450,-1011.808167,3805.062744,0.000000
4502.000000,-0.360458,-1011.808167,-0.014310,-0.314962,-8.000045,-1.603399,-0.081681,-80.000450,-1011.808167,3805.147949,0.000000
4502.100098,-0.356369,-1011.808167,-0.014310,-0.314962,-8.000045,-1.585209,-0.080754,-80.000450,-1011.808167,3805.232422,0.000000
4502.200195,-0.358597,-1011.808167,-0.014310,-0.314962,-8.000045,-1.595118,-0.081259,-80.000450,-1011.808167,3805.316895,0.000000
4502.300293,-0.353378,-1011.808167,-0.014310,-0.314962,-8.000045,-1.571905,-0.080077,-80.000450,-1011.808167,3805.401855,0.000000
4502.400391,-0.357849,-1011.808167,-0.014310,-0.314962,-8.000045,-1.591792,-0.081090,-80.000450,-1011.808167,3805.486572,0.000000
4502.500000,-0.354874,-1011.808167,-0.014310,-0.314962,-8.000045,-1.578557,-0.080416,-80.000450,-1011.808167,3805.571045,0.000000
4502.600098,-0.353760,-1011.808167,-0.014310,-0.314962,-8.000045,-1.573602,-0.080163,-80.000450,-1011.808167,3805.656006,0.000000
4502.700195,-0.349655,-1011.808167,-0.014310,-0.314962,-8.000045,-1.555344,-0.079233,-80.000450,-1011.808167,3805.740479,0.000000
4502.800293,-0.350784,-1011.808167,-0.014310,-0.314962,-8.000045,-1.560367,-0.079489,-80.000450,-1011.808167,3805.824951,0.000000
4502.900391,-0.349289,-1011.808167,-0.014310,-0.314962,-8.000045,-1.553715,-0.079150,-80.000450,-1011.808167,3805.909912,0.000000
4503.000000,-0.348541,-1011.808167,-0.014310,-0.314962,-8.000045,-1.550389,-0.078981,-80.000450,-1011.808167,3805.994873,0.000000
4503.100098,-0.358231,-1011.808167,-0.014310,-0.314962,-8.000045,-1.593489,-0.081176,-80.000450,-1011.808167,3806.079346,0.000000
4503.200195,-0.362320,-1011.808167,-0.014310,-0.314962,-8.000045,-1.611680,-0.082103,-80.000450,-1011.808167,3806.164062,0.000000
4503.300293,-0.354507,-1011.808167,-0.014310,-0.314962,-8.000045,-1.576928,-0.080333,-80.000450,-1011.808167,3806.249023,0.000000
4503.400391,-0.361572,-1011.808167,-0.014310,-0.314962,-8.000045,-1.608354,-0.081933,-80.000450,-1011.808167,3806.333496,0.000000
4503.500000,-0.347427,-1011.808167,-0.014310,-0.314962,-8.000045,-1.545434,-0.078728,-80.000450,-1011.808167,3806.418457,0.000000
4503.600098,-0.343704,-1011.808167,-0.014310,-0.314962,-8.000045,-1.528873,-0.077884,-80.000450,-1011.808167,3806.502930,0.000000
4503.700195,-0.355240,-1011.808167,-0.014310,-0.314962,-8.000045,-1.580186,-0.080499,-80.000450,-1011.808167,3806.587646,0.000000
4503.800293,-0.349655,-1011.808167,-0.014310,-0.314962,-8.000045,-1.555344,-0.079233,-80.000450,-1011.808167,3806.672119,0.000000
4503.900391,-0.348923,-1011.808167,-0.014310,-0.314962,-8.000045,-1.552086,-0.079067,-80.000450,-1011.808167,3806.757080,0.000000
4504.000000,-0.359344,-1011.808167,-0.014310,-0.314962,-8.000045,-1.598444,-0.081429,-80.000450,-1011.808167,3806.841553,0.000000
4504.100098,-0.353012,-1011.808167,-0.014310,-0.314962,-8.000045,-1.570276,-0.079994,-80.000450,-1011.808167,3806.926514,0.000000
4504.200195,-0.352646,-1011.808167,-0.014310,-0.314962,-8.000045,-1.568647,-0.079911,-80.000450,-1011.808167,3807.011475,0.000000
4504.300293,-0.359711,-1011.808167,-0.014310,-0.314962,-8.000045,-1.600073,-0.081512,-80.000450,-1011.808167,3807.095947,0.000000
4504.400391,-0.365295,-1011.808167,-0.014310,-0.314962,-8.000045,-1.624915,-0.082777,-80.000450,-1011.808167,3807.180420,0.000000
4504.500000,-0.360825,-1011.808167,-0.014310,-0.314962,-8.000045,-1.605028,-0.081764,-80.000450,-1011.808167,3807.265137,0.000000
4504.600098,-0.357849,-1011.808167,-0.014310,-0.314962,-8.000045,-1.591792,-0.081090,-80.000450,-1011.808167,3807.350098,0.000000
4504.700195,-0.357101,-1011.808167,-0.014310,-0.314962,-8.000045,-1.588467,-0.080920,-80.000450,-1011.808167,3807.434570,0.000000
4504.800293,-0.355621,-1011.808167,-0.014310,-0.314962,-8.000045,-1.581883,-0.080585,-80.000450,-1011.808167,3807.519531,0.000000
4504.900391,-0.355988,-1011.808167,-0.014310,-0.314962,-8.000045,-1.583512,-0.080668,-80.000450,-1011.808167,3807.604004,0.000000
4505.000000,-0.358963,-1011.808167,-0.014310,-0.314962,-8.000045,-1.596747,-0.081342,-80.000450,-1011.808167,3807.688965,0.000000
4505.100098,-0.359344,-1011.808167,-0.014310,-0.314962,-8.000045,-1.598444,-0.081429,-80.000450,-1011.808167,3807.773682,0.000000
4505.200195,-0.355240,-1011.808167,-0.014310,-0.314962,-8.000045,-1.580186,-0.080499,-80.000450,-1011.808167,3807.858154,0.000000
4505.300293,-0.355988,-1011.808167,-0.014310,-0.314962,-8.000045,-1.583512,-0.080668,-80.000450,-1011.808167,3807.942627,0.000000
4505.400391,-0.360092,-1011.808167,-0.014310,-0.314962,-8.000045,-1.601770,-0.081598,-80.000450,-1011.808167,3808.027588,0.000000
4505.500000,-0.356369,-1011.808167,-0.014310,-0.314962,-8.000045,-1.585209,-0.080754,-80.000450,-1011.808167,3808.112549,0.000000
4505.600098,-0.353378,-1011.808167,-0.014310,-0.314962,-8.000045,-1.571905,-0.080077,-80.000450,-1011.808167,3808.197021,0.000000
4505.700195,-0.350037,-1011.808167,-0.014310,-0.314962,-8.000045,-1.557041,-0.079319,-80.000450,-1011.808167,3808.281738,0.000000
4505.800293,-0.354126,-1011.808167,-0.014310,-0.314962,-8.000045,-1.575231,-0.080246,-80.000450,-1011.808167,3808.366699,0.000000
4505.900391,-0.348175,-1011.808167,-0.014310,-0.314962,-8.000045,-1.548760,-0.078898,-80.000450,-1011.808167,3808.451172,0.000000
4506.000000,-0.345932,-1011.808167,-0.014310,-0.314962,-8.000045,-1.538782,-0.078389,-80.000450,-1011.808167,3808.536133,0.000000
4506.100098,-0.365295,-1011.808167,-0.014310,-0.314962,-8.000045,-1.624915,-0.082777,-80.000450,-1011.808167,3808.620605,0.000000
4506.200195,-0.350784,-1011.808167,-0.014310,-0.314962,-8.000045,-1.560367,-0.079489,-80.000450,-1011.808167,3808.705078,0.000000
4506.300293,-0.350037,-1011.808167,-0.014310,-0.314962,-8.000045,-1.557041,-0.079319,-80.000450,-1011.808167,3808.790039,0.000000
4506.400391,-0.359344,-1011.808167,-0.014310,-0.314962,-8.000045,-1.598444,-0.081429,-80.000450,-1011.808167,3808.874756,0.000000
4506.500000,-0.352646,-1011.808167,-0.014310,-0.314962,-8.000045,-1.568647,-0.079911,-80.000450,-1011.808167,3808.959229,0.000000
4506.600098,-0.353378,-1011.808167,-0.014310,-0.314962,-8.000045,-1.571905,-0.080077,-80.000450,-1011.808167,3809.044189,0.000000
4506.700195,-0.355621,-1011.808167,-0.014310,-0.314962,-8.000045,-1.581883,-0.080585,-80.000450,-1011.808167,3809.129150,0.000000
4506.800293,-0.355621,-1011.808167,-0.014310,-0.314962,-8.000045,-1.581883,-0.080585,-80.000450,-1011.808167,3809.213623,0.000000
4506.900391,-0.348175,-1011.808167,-0.014310,-0.314962,-8.000045,-1.548760,-0.078898,-80.000450,-1011.808167,3809.298096,0.000000
4507.000000,-0.358597,-1011.808167,-0.014310,-0.314962,-8.000045,-1.595118,-0.081259,-80.000450,-1011.808167,3809.382812,0.000000
4507.100098,-0.351898,-1011.808167,-0.014310,-0.314962,-8.000045,-1.565321,-0.079741,-80.000450,-1011.808167,3809.467529,0.000000
4507.200195,-0.351517,-1011.808167,-0.014310,-0.314962,-8.000045,-1.563625,-0.079655,-80.000450,-1011.808167,3809.552246,0.000000
4507.300293,-0.364182,-1011.808167,-0.014310,-0.314962,-8.000045,-1.619960,-0.082525,-80.000450,-1011.808167,3809.637207,0.000000
4507.400391,-0.355621,-1011.808167,-0.014310,-0.314962,-8.000045,-1.581883,-0.080585,-80.000450,-1011.808167,3809.721680,0.000000
4507.500000,-0.352264,-1011.808167,-0.014310,-0.314962,-8.000045,-1.566950,-0.079824,-80.000450,-1011.808167,3809.806641,0.000000
4507.600098,-0.358231,-1011.808167,-0.014310,-0.314962,-8.000045,-1.593489,-0.081176,-80.000450,-1011.808167,3809.891357,0.000000
4507.700195,-0.355621,-1011.808167,-0.014310,-0.314962,-8.000045,-1.581883,-0.080585,-80.000450,-1011.808167,3809.975830,0.000000
4507.800293,-0.356369,-1011.808167,-0.014310,-0.314962,-8.000045,-1.585209,-0.080754,-80.000450,-1011.808167,3810.060303,0.000000
4507.900391,-0.353012,-1011.808167,-0.014310,-0.314962,-8.000045,-1.570276,-0.079994,-80.000450,-1011.808167,3810.145264,0.000000
4508.000000,-0.355621,-1011.808167,-0.014310,-0.314962,-8.000045,-1.581883,-0.080585,-80.000450,-1011.808167,3810.230225,0.000000
4508.100098,-0.356369,-1011.808167,-0.014310,-0.314962,-8.000045,-1.585209,-0.080754,-80.000450,-1011.808167,3810.314697,0.000000
4508.200195,-0.362701,-1011.808167,-0.014310,-0.314962,-8.000045,-1.613376,-0.082189,-80.000450,-1011.808167,3810.399414,0.000000
4508.300293,-0.359711,-1011.808167,-0.014310,-0.314962,-8.000045,-1.600073,-0.081512,-80.000450,-1011.808167,3810.484131,0.000000
4508.400391,-0.355240,-1011.808167,-0.014310,-0.314962,-8.000045,-1.580186,-0.080499,-80.000450,-1011.808167,3810.568848,0.000000
4508.500000,-0.354126,-1011.808167,-0.014310,-0.314962,-8.000045,-1.575231,-0.080246,-80.000450,-1011.808167,3810.653809,0.000000
4508.600098,-0.348175,-1011.808167,-0.014310,-0.314962,-8.000045,-1.548760,-0.078898,-80.000450,-1011.808167,3810.738281,0.000000
4508.700195,-0.364182,-1011.808167,-0.014310,-0.314962,-8.000045,-1.619960,-0.082525,-80.000450,-1011.808167,3810.822754,0.000000
4508.800293,-0.360825,-1011.808167,-0.014310,-0.314962,-8.000045,-1.605028,-0.081764,-80.000450,-1011.808167,3810.907715,0.000000
4508.900391,-0.354126,-1011.808167,-0.014310,-0.314962,-8.000045,-1.575231,-0.080246,-80.000450,-1011.808167,3810.992432,0.000000
4509.000000,-0.366425,-1011.808167,-0.014310,-0.314962,-8.000045,-1.629938,-0.083033,-80.000450,-1011.808167,3811.076904,0.000000
4509.100098,-0.355621,-1011.808167,-0.014310,-0.314962,-8.000045,-1.581883,-0.080585,-80.000450,-1011.808167,3811.161865,0.000000
4509.200195,-0.351898,-1011.808167,-0.014310,-0.314962,-8.000045,-1.565321,-0.079741,-80.000450,-1011.808167,3811.246338,0.000000
4509.300293,-0.357483,-1011.808167,-0.014310,-0.314962,-8.000045,-1.590163,-0.081007,-80.000450,-1011.808167,3811.331299,0.000000
4509.400391,-0.351517,-1011.808167,-0.014310,-0.314962,-8.000045,-1.563625,-0.079655,-80.000450,-1011.808167,3811.415771,0.000000
4509.500000,-0.358963,-1011.808167,-0.014310,-0.314962,-8.000045,-1.596747,-0.081342,-80.000450,-1011.808167,3811.500732,0.000000
4509.600098,-0.357849,-1011.808167,-0.014310,-0.314962,-8.000045,-1.591792,-0.081090,-80.000450,-1011.808167,3811.585205,0.000000
4509.700195,-0.361572,-1011.808167,-0.014310,-0.314962,-8.000045,-1.608354,-0.081933,-80.000450,-1011.808167,3811.669922,0.000000
4509.800293,-0.361572,-1011.808167,-0.014310,-0.314962,-8.000045,-1.608354,-0.081933,-80.000450,-1011.808167,3811.754883,0.000000
4509.900391,-0.353378,-1011.808167,-0.014310,-0.314962,-8.000045,-1.571905,-0.080077,-80.000450,-1011.808167,3811.839355,0.000000
4510.000000,-0.363815,-1011.808167,-0.014310,-0.314962,-8.000045,-1.618331,-0.082442,-80.000450,-1011.808167,3811.923828,0.000000
4510.100098,-0.355621,-1011.808167,-0.014310,-0.314962,-8.000045,-1.581883,-0.080585,-80.000450,-1011.808167,3812.009033,0.000000
4510.200195,-0.363815,-1011.808167,-0.014310,-0.314962,-8.000045,-1.618331,-0.082442,-80.000450,-1011.808167,3812.093506,0.000000
4510.300293,-0.353760,-1011.808167,-0.014310,-0.314962,-8.000045,-1.573602,-0.080163,-80.000450,-1011.808167,3812.178223,0.000000
4510.400391,-0.350784,-1011.808167,-0.014310,-0.314962,-8.000045,-1.560367,-0.079489,-80.000450,-1011.808167,3812.262939,0.000000
4510.500000,-0.363068,-1011.808167,-0.014310,-0.314962,-8.000045,-1.615005,-0.082272,-80.000450,-1011.808167,3812.347412,0.000000
4510.600098,-0.358597,-1011.808167,-0.014310,-0.314962,-8.000045,-1.595118,-0.081259,-80.000450,-1011.808167,3812.432373,0.000000
4510.700195,-0.360458,-1011.808167,-0.014310,-0.314962,-8.000045,-1.603399,-0.081681,-80.000450,-1011.808167,3812.517334,0.000000
4510.800293,-0.351151,-1011.808167,-0.014310,-0.314962,-8.000045,-1.561996,-0.079572,-80.000450,-1011.808167,3812.601807,0.000000
4510.900391,-0.357849,-1011.808167,-0.014310,-0.314962,-8.000045,-1.591792,-0.081090,-80.000450,-1011.808167,3812.686279,0.000000
4511.000000,-0.359344,-1011.808167,-0.014310,-0.314962,-8.000045,-1.598444,-0.081429,-80.000450,-1011.808167,3812.771484,0.000000
4511.100098,-0.358597,-1011.808167,-0.014310,-0.314962,-8.000045,-1.595118,-0.081259,-80.000450,-1011.808167,3812.855957,0.000000
4511.200195,-0.357483,-1011.808167,-0.014310,-0.314962,-8.000045,-1.590163,-0.081007,-80.000450,-1011.808167,3812.940430,0.000000
4511.300293,-0.358963,-1011.808167,-0.014310,-0.314962,-8.000045,-1.596747,-0.081342,-80.000450,-1011.808167,3813.025391,0.000000
4511.400391,-0.359711,-1011.808167,-0.014310,-0.314962,-8.000045,-1.600073,-0.081512,-80.000450,-1011.808167,3813.109863,0.000000
4511.500000,-0.360092,-1011.808167,-0.014310,-0.314962,-8.000045,-1.601770,-0.081598,-80.000450,-1011.808167,3813.194824,0.000000
4511.600098,-0.363815,-1011.808167,-0.014310,-0.314962,-8.000045,-1.618331,-0.082442,-80.000450,-1011.808167,3813.279541,0.000000
4511.700195,-0.355240,-1011.808167,-0.014310,-0.314962,-8.000045,-1.580186,-0.080499,-80.000450,-1011.808167,3813.364014,0.000000
4511.800293,-0.359711,-1011.808167,-0.014310,-0.314962,-8.000045,-1.600073,-0.081512,-80.000450,-1011.808167,3813.448975,0.000000
4511.900391,-0.361572,-1011.808167,-0.014310,-0.314962,-8.000045,-1.608354,-0.081933,-80.000450,-1011.808167,3813.533447,0.000000
4512.000000,-0.353760,-1011.808167,-0.014310,-0.314962,-8.000045,-1.573602,-0.080163,-80.000450,-1011.808167,3813.618408,0.000000
4512.100098,-0.355621,-1011.808167,-0.014310,-0.314962,-8.000045,-1.581883,-0.080585,-80.000450,-1011.808167,3813.702881,0.000000
4512.200195,-0.364563,-1011.808167,-0.014310,-0.314962,-8.000045,-1.621657,-0.082611,-80.000450,-1011.808167,3813.787598,0.000000
4512.300293,-0.365677,-1011.808167,-0.014310,-0.314962,-8.000045,-1.626612,-0.082864,-80.000450,-1011.808167,3813.872559,0.000000
4512.400391,-0.353760,-1011.808167,-0.014310,-0.314962,-8.000045,-1.573602,-0.080163,-80.000450,-1011.808167,3813.957031,0.000000
4512.500000,-0.356369,-1011.808167,-0.014310,-0.314962,-8.000045,-1.585209,-0.080754,-80.000450,-1011.808167,3814.041504,0.000000
4512.600098,-0.359711,-1011.808167,-0.014310,-0.314962,-8.000045,-1.600073,-0.081512,-80.000450,-1011.808167,3814.126465,0.000000
4512.700195,-0.363068,-1011.808167,-0.014310,-0.314962,-8.000045,-1.615005,-0.082272,-80.000450,-1011.808167,3814.211426,0.000000
4512.800293,-0.356369,-1011.808167,-0.014310,-0.314962,-8.000045,-1.585209,-0.080754,-80.000450,-1011.808167,3814.295898,0.000000
4512.900391,-0.360092,-1011.808167,-0.014310,-0.314962,-8.000045,-1.601770,-0.081598,-80.000450,-1011.808167,3814.380615,0.000000
4513.000000,-0.368652,-1011.808167,-0.014310,-0.314962,-8.000045,-1.639848,-0.083538,-80.000450,-1011.808167,3814.465088,0.000000
4513.100098,-0.355988,-1011.808167,-0.014310,-0.314962,-8.000045,-1.583512,-0.080668,-80.000450,-1011.808167,3814.550049,0.000000
4513.200195,-0.354874,-1011.808167,-0.014310,-0.314962,-8.000045,-1.578557,-0.080416,-80.000450,-1011.808167,3814.635010,0.000000
4513.300293,-0.349289,-1011.808167,-0.014310,-0.314962,-8.000045,-1.553715,-0.079150,-80.000450,-1011.808167,3814.719482,0.000000
4513.400391,-0.363815,-1011.808167,-0.014310,-0.314962,-8.000045,-1.618331,-0.082442,-80.000450,-1011.808167,3814.803955,0.000000
4513.500000,-0.354126,-1011.808167,-0.014310,-0.314962,-8.000045,-1.575231,-0.080246,-80.000450,-1011.808167,3814.888672,0.000000
4513.600098,-0.362701,-1011.808167,-0.014310,-0.314962,-8.000045,-1.613376,-0.082189,-80.000450,-1011.808167,3814.973633,0.000000
4513.700195,-0.355988,-1011.808167,-0.014310,-0.314962,-8.000045,-1.583512,-0.080668,-80.000450,-1011.808167,3815.058105,0.000000
4513.800293,-0.361572,-1011.808167,-0.014310,-0.314962,-8.000045,-1.608354,-0.081933,-80.000450,-1011.808167,3815.143066,0.000000
4513.900391,-0.351517,-1011.808167,-0.014310,-0.314962,-8.000045,-1.563625,-0.079655,-80.000450,-1011.808167,3815.227539,0.000000
4514.000000,-0.366043,-1011.808167,-0.014310,-0.314962,-8.000045,-1.628241,-0.082947,-80.000450,-1011.808167,3815.312500,0.000000
4514.100098,-0.357483,-1011.808167,-0.014310,-0.314962,-8.000045,-1.590163,-0.081007,-80.000450,-1011.808167,3815.397217,0.000000
4514.200195,-0.364563,-1011.808167,-0.014310,-0.314962,-8.000045,-1.621657,-0.082611,-80.000450,-1011.808167,3815.481689,0.000000
4514.300293,-0.362320,-1011.808167,-0.014310,-0.314962,-8.000045,-1.611680,-0.082103,-80.000450,-1011.808167,3815.566162,0.000000
4514.400391,-0.355240,-1011.808167,-0.014310,-0.314962,-8.000045,-1.580186,-0.080499,-80.000450,-1011.808167,3815.651123,0.000000
4514.500000,-0.353760,-1011.808167,-0.014310,-0.314962,-8.000045,-1.573602,-0.080163,-80.000450,-1011.808167,3815.736084,0.000000
4514.600098,-0.350784,-1011.808167,-0.014310,-0.314962,-8.000045,-1.560367,-0.079489,-80.000450,-1011.808167,3815.820557,0.000000
4514.700195,-0.350037,-1011.808167,-0.014310,-0.314962,-8.000045,-1.557041,-0.079319,-80.000450,-1011.808167,3815.905518,0.000000
4514.800293,-0.362701,-1011.808167,-0.014310,-0.314962,-8.000045,-1.613376,-0.082189,-80.000450,-1011.808167,3815.989990,0.000000
4514.900391,-0.361206,-1011.808167,-0.014310,-0.314962,-8.000045,-1.606725,-0.081850,-80.000450,-1011.808167,3816.074707,0.000000
4515.000000,-0.358231,-1011.808167,-0.014310,-0.314962,-8.000045,-1.593489,-0.081176,-80.000450,-1011.808167,3816.159180,0.000000
4515.100098,-0.355621,-1011.808167,-0.014310,-0.314962,-8.000045,-1.581883,-0.080585,-80.000450,-1011.808167,3816.244141,0.000000
4515.200195,-0.361572,-1011.808167,-0.014310,-0.314962,-8.000045,-1.608354,-0.081933,-80.000450,-1011.808167,3816.328613,0.000000
4515.300293,-0.362320,-1011.808167,-0.014310,-0.314962,-8.000045,-1.611680,-0.082103,-80.000450,-1011.808167,3816.413574,0.000000
4515.400391,-0.360825,-1011.808167,-0.014310,-0.314962,-8.000045,-1.605028,-0.081764,-80.000450,-1011.808167,3816.498291,0.000000
4515.500000,-0.350784,-1011.808167,-0.014310,-0.314962,-8.000045,-1.560367,-0.079489,-80.000450,-1011.808167,3816.582764,0.000000
4515.600098,-0.360092,-1011.808167,-0.014310,-0.314962,-8.000045,-1.601770,-0.081598,-80.000450,-1011.808167,3816.667480,0.000000
4515.700195,-0.363815,-1011.808167,-0.014310,-0.314962,-8.000045,-1.618331,-0.082442,-80.000450,-1011.808167,3816.752197,0.000000
4515.800293,-0.358231,-1011.808167,-0.014310,-0.314962,-8.000045,-1.593489,-0.081176,-80.000450,-1011.808167,3816.837158,0.000000
4515.900391,-0.361572,-1011.808167,-0.014310,-0.314962,-8.000045,-1.608354,-0.081933,-80.000450,-1011.808167,3816.921631,0.000000
4516.000000,-0.363068,-1011.808167,-0.014310,-0.314962,-8.000045,-1.615005,-0.082272,-80.000450,-1011.808167,3817.006592,0.000000
4516.100098,-0.360825,-1011.808167,-0.014310,-0.314962,-8.000045,-1.605028,-0.081764,-80.000450,-1011.808167,3817.091309,0.000000
4516.200195,-0.355240,-1011.808167,-0.014310,-0.314962,-8.000045,-1.580186,-0.080499,-80.000450,-1011.808167,3817.175781,0.000000
4516.300293,-0.360825,-1011.808167,-0.014310,-0.314962,-8.000045,-1.605028,-0.081764,-80.000450,-1011.808167,3817.260742,0.000000
4516.400391,-0.356735,-1011.808167,-0.014310,-0.314962,-8.000045,-1.586838,-0.080837,-80.000450,-1011.808167,3817.345215,0.000000
4516.500000,-0.355988,-1011.808167,-0.014310,-0.314962,-8.000045,-1.583512,-0.080668,-80.000450,-1011.808167,3817.429687,0.000000
4516.600098,-0.362701,-1011.808167,-0.014310,-0.314962,-8.000045,-1.613376,-0.082189,-80.000450,-1011.808167,3817.514893,0.000000
4516.700195,-0.346313,-1011.808167,-0.014310,-0.314962,-8.000045,-1.540479,-0.078476,-80.000450,-1011.808167,3817.599365,0.000000
4516.800293,-0.353012,-1011.808167,-0.014310,-0.314962,-8.000045,-1.570276,-0.079994,-80.000450,-1011.808167,3817.684082,0.000000
4516.900391,-0.348923,-1011.808167,-0.014310,-0.314962,-8.000045,-1.552086,-0.079067,-80.000450,-1011.808167,3817.768799,0.000000
4517.000000,-0.359344,-1011.808167,-0.014310,-0.314962,-8.000045,-1.598444,-0.081429,-80.000450,-1011.808167,3817.853760,0.000000
4517.100098,-0.359711,-1011.808167,-0.014310,-0.314962,-8.000045,-1.600073,-0.081512,-80.000450,-1011.808167,3817.938232,0.000000
4517.200195,-0.365295,-1011.808167,-0.014310,-0.314962,-8.000045,-1.624915,-0.082777,-80.000450,-1011.808167,3818.023193,0.000000
4517.300293,-0.356369,-1011.808167,-0.014310,-0.314962,-8.000045,-1.585209,-0.080754,-80.000450,-1011.808167,3818.107666,0.000000
4517.400391,-0.350403,-1011.808167,-0.014310,-0.314962,-8.000045,-1.558670,-0.079402,-80.000450,-1011.808167,3818.192139,0.000000
4517.500000,-0.351898,-1011.808167,-0.014310,-0.314962,-8.000045,-1.565321,-0.079741,-80.000450,-1011.808167,3818.276855,0.000000
4517.600098,-0.359711,-1011.808167,-0.014310,-0.314962,-8.000045,-1.600073,-0.081512,-80.000450,-1011.808167,3818.361816,0.000000
4517.700195,-0.357101,-1011.808167,-0.014310,-0.314962,-8.000045,-1.588467,-0.080920,-80.000450,-1011.808167,3818.446289,0.000000
4517.800293,-0.360092,-1011.808167,-0.014310,-0.314962,-8.000045,-1.601770,-0.081598,-80.000450,-1011.808167,3818.531250,0.000000
4517.900391,-0.360092,-1011.808167,-0.014310,-0.314962,-8.000045,-1.601770,-0.081598,-80.000450,-1011.808167,3818.615967,0.000000
4518.000000,-0.358231,-1011.808167,-0.014310,-0.314962,-8.000045,-1.593489,-0.081176,-80.000450,-1011.808167,3818.700684,0.000000
4518.100098,-0.354126,-1011.808167,-0.014310,-0.314962,-8.000045,-1.575231,-0.080246,-80.000450,-1011.808167,3818.785156,0.000000
4518.200195,-0.356735,-1011.808167,-0.014310,-0.314962,-8.000045,-1.586838,-0.080837,-80.000450,-1011.808167,3818.869873,0.000000
4518.300293,-0.360092,-1011.808167,-0.014310,-0.314962,-8.000045,-1.601770,-0.081598,-80.000450,-1011.808167,3818.954346,0.000000
4518.400391,-0.361572,-1011.808167,-0.014310,-0.314962,-8.000045,-1.608354,-0.081933,-80.000450,-1011.808167,3819.039307,0.000000
4518.500000,-0.355988,-1011.808167,-0.014310,-0.314962,-8.000045,-1.583512,-0.080668,-80.000450,-1011.808167,3819.124268,0.000000
4518.600098,-0.358963,-1011.808167,-0.014310,-0.314962,-8.000045,-1.596747,-0.081342,-80.000450,-1011.808167,3819.208740,0.000000
4518.700195,-0.359344,-1011.808167,-0.014310,-0.314962,-8.000045,-1.598444,-0.081429,-80.000450,-1011.808167,3819.293457,0.000000
4518.800293,-0.357849,-1011.808167,-0.014310,-0.314962,-8.000045,-1.591792,-0.081090,-80.000450,-1011.808167,3819.378418,0.000000
4518.900391,-0.355621,-1011.808167,-0.014310,-0.314962,-8.000045,-1.581883,-0.080585,-80.000450,-1011.808167,3819.462891,0.000000
4519.000000,-0.359711,-1011.808167,-0.014310,-0.314962,-8.000045,-1.600073,-0.081512,-80.000450,-1011.808167,3819.547363,0.000000
4519.100098,-0.356735,-1011.808167,-0.014310,-0.314962,-8.000045,-1.586838,-0.080837,-80.000450,-1011.808167,3819.632324,0.000000
4519.200195,-0.354874,-1011.808167,-0.014310,-0.314962,-8.000045,-1.578557,-0.080416,-80.000450,-1011.808167,3819.717285,0.000000
4519.300293,-0.361206,-1011.808167,-0.014310,-0.314962,-8.000045,-1.606725,-0.081850,-80.000450,-1011.808167,3819.801758,0.000000
4519.400391,-0.363068,-1011.808167,-0.014310,-0.314962,-8.000045,-1.615005,-0.082272,-80.000450,-1011.808167,3819.886475,0.000000
4519.500000,-0.354507,-1011.808167,-0.014310,-0.314962,-8.000045,-1.576928,-0.080333,-80.000450,-1011.808167,3819.970947,0.000000
4519.600098,-0.351517,-1011.808167,-0.014310,-0.314962,-8.000045,-1.563625,-0.079655,-80.000450,-1011.808167,3820.055908,0.000000
4519.700195,-0.359344,-1011.808167,-0.014310,-0.314962,-8.000045,-1.598444,-0.081429,-80.000450,-1011.808167,3820.140869,0.000000
4519.800293,-0.356735,-1011.808167,-0.014310,-0.314962,-8.000045,-1.586838,-0.080837,-80.000450,-1011.808167,3820.225342,0.000000
4519.900391,-0.359344,-1011.808167,-0.014310,-0.314962,-8.000045,-1.598444,-0.081429,-80.000450,-1011.808167,3820.309814,0.000000
4520.000000,-0.359344,-1011.808167,-0.014310,-0.314962,-8.000045,-1.598444,-0.081429,-80.000450,-1011.808167,3820.394775,0.000000
4520.100098,-0.347794,-1011.808167,-0.014310,-0.314962,-8.000045,-1.547063,-0.078811,-80.000450,-1011.808167,3820.479492,0.000000
4520.200195,-0.345932,-1011.808167,-0.014310,-0.314962,-8.000045,-1.538782,-0.078389,-80.000450,-1011.808167,3820.563965,0.000000
4520.300293,-0.357849,-1011.808167,-0.014310,-0.314962,-8.000045,-1.591792,-0.081090,-80.000450,-1011.808167,3820.648926,0.000000
4520.400391,-0.354507,-1011.808167,-0.014310,-0.314962,-8.000045,-1.576928,-0.080333,-80.000450,-1011.808167,3820.733887,0.000000
4520.500000,-0.360458,-1011.808167,-0.014310,-0.314962,-8.000045,-1.603399,-0.081681,-80.000450,-1011.808167,3820.818359,0.000000
4520.600098,-0.363068,-1011.808167,-0.014310,-0.314962,-8.000045,-1.615005,-0.082272,-80.000450,-1011.808167,3820.902832,0.000000
4520.700195,-0.356369,-1011.808167,-0.014310,-0.314962,-8.000045,-1.585209,-0.080754,-80.000450,-1011.808167,3820.987549,0.000000
4520.800293,-0.363434,-1011.808167,-0.014310,-0.314962,-8.000045,-1.616634,-0.082355,-80.000450,-1011.808167,3821.072021,0.000000
4520.900391,-0.359711,-1011.808167,-0.014310,-0.314962,-8.000045,-1.600073,-0.081512,-80.000450,-1011.808167,3821.156982,0.000000
4521.000000,-0.357849,-1011.808167,-0.014310,-0.314962,-8.000045,-1.591792,-0.081090,-80.000450,-1011.808167,3821.241943,0.000000
4521.100098,-0.367157,-1011.808167,-0.014310,-0.314962,-8.000045,-1.633196,-0.083199,-80.000450,-1011.808167,3821.326416,0.000000
4521.200195,-0.349655,-1011.808167,-0.014310,-0.314962,-8.000045,-1.555344,-0.079233,-80.000450,-1011.808167,3821.411377,0.000000
4521.300293,-0.354874,-1011.808167,-0.014310,-0.314962,-8.000045,-1.578557,-0.080416,-80.000450,-1011.808167,3821.496094,0.000000
4521.400391,-0.361572,-1011.808167,-0.014310,-0.314962,-8.000045,-1.608354,-0.081933,-80.000450,-1011.808167,3821.580566,0.000000
4521.500000,-0.347061,-1011.808167,-0.014310,-0.314962,-8.000045,-1.543805,-0.078645,-80.000450,-1011.808167,3821.665039,0.000000
4521.600098,-0.354874,-1011.808167,-0.014310,-0.314962,-8.000045,-1.578557,-0.080416,-80.000450,-1011.808167,3821.750000,0.000000
4521.700195,-0.359344,-1011.808167,-0.014310,-0.314962,-8.000045,-1.598444,-0.081429,-80.000450,-1011.808167,3821.834473,0.000000
4521.800293,-0.359344,-1011.808167,-0.014310,-0.314962,-8.000045,-1.598444,-0.081429,-80.000450,-1011.808167,3821.919434,0.000000
4521.900391,-0.358963,-1011.808167,-0.014310,-0.314962,-8.000045,-1.596747,-0.081342,-80.000450,-1011.808167,3822.004150,0.000000
4522.000000,-0.364182,-1011.808167,-0.014310,-0.314962,-8.000045,-1.619960,-0.082525,-80.000450,-1011.808167,3822.088623,0.000000
4522.100098,-0.357849,-1011.808167,-0.014310,-0.314962,-8.000045,-1.591792,-0.081090,-80.000450,-1011.808167,3822.173340,0.000000
4522.200195,-0.364563,-1011.808167,-0.014310,-0.314962,-8.000045,-1.621657,-0.082611,-80.000450,-1011.808167,3822.258545,0.000000
4522.300293,-0.363815,-1011.808167,-0.014310,-0.314962,-8.000045,-1.618331,-0.082442,-80.000450,-1011.808167,3822.343018,0.000000
4522.400391,-0.344818,-1011.808167,-0.014310,-0.314962,-8.000045,-1.533828,-0.078137,-80.000450,-1011.808167,3822.427490,0.000000
4522.500000,-0.365677,-1011.808167,-0.014310,-0.314962,-8.000045,-1.626612,-0.082864,-80.000450,-1011.808167,3822.512451,0.000000
4522.600098,-0.357101,-1011.808167,-0.014310,-0.314962,-8.000045,-1.588467,-0.080920,-80.000450,-1011.808167,3822.597168,0.000000
4522.700195,-0.354507,-1011.808167,-0.014310,-0.314962,-8.000045,-1.576928,-0.080333,-80.000450,-1011.808167,3822.681641,0.000000
4522.800293,-0.354126,-1011.808167,-0.014310,-0.314962,-8.000045,-1.575231,-0.080246,-80.000450,-1011.808167,3822.766602,0.000000
4522.900391,-0.357101,-1011.808167,-0.014310,-0.314962,-8.000045,-1.588467,-0.080920,-80.000450,-1011.808167,3822.851074,0.000000
4523.000000,-0.356735,-1011.808167,-0.014310,-0.314962,-8.000045,-1.586838,-0.080837,-80.000450,-1011.808167,3822.936035,0.000000
4523.100098,-0.360825,-1011.808167,-0.014310,-0.314962,-8.000045,-1.605028,-0.081764,-80.000450,-1011.808167,3823.020508,0.000000
4523.200195,-0.353378,-1011.808167,-0.014310,-0.314962,-8.000045,-1.571905,-0.080077,-80.000450,-1011.808167,3823.105225,0.000000
4523.300293,-0.358963,-1011.808167,-0.014310,-0.314962,-8.000045,-1.596747,-0.081342,-80.000450,-1011.808167,3823.189941,0.000000
4523.400391,-0.360458,-1011.808167,-0.014310,-0.314962,-8.000045,-1.603399,-0.081681,-80.000450,-1011.808167,3823.274658,0.000000
4523.500000,-0.362701,-1011.808167,-0.014310,-0.314962,-8.000045,-1.613376,-0.082189,-80.000450,-1011.808167,3823.359619,0.000000
4523.600098,-0.360092,-1011.808167,-0.014310,-0.314962,-8.000045,-1.601770,-0.081598,-80.000450,-1011.808167,3823.444092,0.000000
4523.700195,-0.360458,-1011.808167,-0.014310,-0.314962,-8.000045,-1.603399,-0.081681,-80.000450,-1011.808167,3823.529053,0.000000
4523.800293,-0.354126,-1011.808167,-0.014310,-0.314962,-8.000045,-1.575231,-0.080246,-80.000450,-1011.808167,3823.613525,0.000000
4523.900391,-0.353378,-1011.808167,-0.014310,-0.314962,-8.000045,-1.571905,-0.080077,-80.000450,-1011.808167,3823.698242,0.000000
4524.000000,-0.361206,-1011.808167,-0.014310,-0.314962,-8.000045,-1.606725,-0.081850,-80.000450,-1011.808167,3823.782715,0.000000
4524.100098,-0.364563,-1011.808167,-0.014310,-0.314962,-8.000045,-1.621657,-0.082611,-80.000450,-1011.808167,3823.867676,0.000000
4524.200195,-0.354874,-1011.808167,-0.014310,-0.314962,-8.000045,-1.578557,-0.080416,-80.000450,-1011.808167,3823.952148,0.000000
4524.300293,-0.363815,-1011.808167,-0.014310,-0.314962,-8.000045,-1.618331,-0.082442,-80.000450,-1011.808167,3824.037109,0.000000
4524.400391,-0.358963,-1011.808167,-0.014310,-0.314962,-8.000045,-1.596747,-0.081342,-80.000450,-1011.808167,3824.122070,0.000000
4524.500000,-0.361572,-1011.808167,-0.014310,-0.314962,-8.000045,-1.608354,-0.081933,-80.000450,-1011.808167,3824.206543,0.000000
4524.600098,-0.361572,-1011.808167,-0.014310,-0.314962,-8.000045,-1.608354,-0.081933,-80.000450,-1011.808167,3824.291016,0.000000
4524.700195,-0.358597,-1011.808167,-0.014310,-0.314962,-8.000045,-1.595118,-0.081259,-80.000450,-1011.808167,3824.376221,0.000000
4524.800293,-0.355240,-1011.808167,-0.014310,-0.314962,-8.000045,-1.580186,-0.080499,-80.000450,-1011.808167,3824.460693,0.000000
4524.900391,-0.360458,-1011.808167,-0.014310,-0.314962,-8.000045,-1.603399,-0.081681,-80.000450,-1011.808167,3824.545166,0.000000
4525.000000,-0.365295,-1011.808167,-0.014310,-0.314962,-8.000045,-1.624915,-0.082777,-80.000450,-1011.808167,3824.630127,0.000000
4525.100098,-0.348923,-1011.808167,-0.014310,-0.314962,-8.000045,-1.552086,-0.079067,-80.000450,-1011.808167,3824.714600,0.000000
4525.200195,-0.354507,-1011.808167,-0.014310,-0.314962,-8.000045,-1.576928,-0.080333,-80.000450,-1011.808167,3824.799316,0.000000
4525.300293,-0.355621,-1011.808167,-0.014310,-0.314962,-8.000045,-1.581883,-0.080585,-80.000450,-1011.808167,3824.884277,0.000000
4525.400391,-0.358231,-1011.808167,-0.014310,-0.314962,-8.000045,-1.593489,-0.081176,-80.000450,-1011.808167,3824.968750,0.000000
4525.500000,-0.364929,-1011.808167,-0.014310,-0.314962,-8.000045,-1.623286,-0.082694,-80.000450,-1011.808167,3825.053223,0.000000
4525.600098,-0.351898,-1011.808167,-0.014310,-0.314962,-8.000045,-1.565321,-0.079741,-80.000450,-1011.808167,3825.138184,0.000000
4525.700195,-0.371262,-1011.808167,-0.014310,-0.314962,-8.000045,-1.651454,-0.084129,-80.000450,-1011.808167,3825.223145,0.000000
4525.800293,-0.357101,-1011.808167,-0.014310,-0.314962,-8.000045,-1.588467,-0.080920,-80.000450,-1011.808167,3825.307617,0.000000
4525.900391,-0.363434,-1011.808167,-0.014310,-0.314962,-8.000045,-1.616634,-0.082355,-80.000450,-1011.808167,3825.392334,0.000000
4526.000000,-0.358597,-1011.808167,-0.014310,-0.314962,-8.000045,-1.595118,-0.081259,-80.000450,-1011.808167,3825.476807,0.000000
4526.100098,-0.359344,-1011.808167,-0.014310,-0.314962,-8.000045,-1.598444,-0.081429,-80.000450,-1011.808167,3825.561768,0.000000
4526.200195,-0.362701,-1011.808167,-0.014310,-0.314962,-8.000045,-1.613376,-0.082189,-80.000450,-1011.808167,3825.646240,0.000000
4526.300293,-0.357483,-1011.808167,-0.014310,-0.314962,-8.000045,-1.590163,-0.081007,-80.000450,-1011.808167,3825.731201,0.000000
4526.400391,-0.362320,-1011.808167,-0.014310,-0.314962,-8.000045,-1.611680,-0.082103,-80.000450,-1011.808167,3825.815674,0.000000
4526.500000,-0.361572,-1011.808167,-0.014310,-0.314962,-8.000045,-1.608354,-0.081933,-80.000450,-1011.808167,3825.900635,0.000000
4526.600098,-0.360092,-1011.808167,-0.014310,-0.314962,-8.000045,-1.601770,-0.081598,-80.000450,-1011.808167,3825.985352,0.000000
4526.700195,-0.354126,-1011.808167,-0.014310,-0.314962,-8.000045,-1.575231,-0.080246,-80.000450,-1011.808167,3826.069824,0.000000
4526.800293,-0.358231,-1011.808167,-0.014310,-0.314962,-8.000045,-1.593489,-0.081176,-80.000450,-1011.808167,3826.154785,0.000000
4526.900391,-0.355240,-1011.808167,-0.014310,-0.314962,-8.000045,-1.580186,-0.080499,-80.000450,-1011.808167,3826.239258,0.000000
4527.000000,-0.357483,-1011.808167,-0.014310,-0.314962,-8.000045,-1.590163,-0.081007,-80.000450,-1011.808167,3826.324219,0.000000
4527.100098,-0.358231,-1011.808167,-0.014310,-0.314962,-8.000045,-1.593489,-0.081176,-80.000450,-1011.808167,3826.408691,0.000000
4527.200195,-0.355621,-1011.808167,-0.014310,-0.314962,-8.000045,-1.581883,-0.080585,-80.000450,-1011.808167,3826.493408,0.000000
4527.300293,-0.360458,-1011.808167,-0.014310,-0.314962,-8.000045,-1.603399,-0.081681,-80.000450,-1011.808167,3826.578369,0.000000
4527.400391,-0.363815,-1011.808167,-0.014310,-0.314962,-8.000045,-1.618331,-0.082442,-80.000450,-1011.808167,3826.662842,0.000000
4527.500000,-0.364929,-1011.808167,-0.014310,-0.314962,-8.000045,-1.623286,-0.082694,-80.000450,-1011.808167,3826.747803,0.000000
4527.600098,-0.363434,-1011.808167,-0.014310,-0.314962,-8.000045,-1.616634,-0.082355,-80.000450,-1011.808167,3826.832275,0.000000
4527.700195,-0.357849,-1011.808167,-0.014310,-0.314962,-8.000045,-1.591792,-0.081090,-80.000450,-1011.808167,3826.916748,0.000000
4527.800293,-0.361206,-1011.808167,-0.014310,-0.314962,-8.000045,-1.606725,-0.081850,-80.000450,-1011.808167,3827.001953,0.000000
4527.900391,-0.360092,-1011.808167,-0.014310,-0.314962,-8.000045,-1.601770,-0.081598,-80.000450,-1011.808167,3827.086426,0.000000
4528.000000,-0.350784,-1011.808167,-0.014310,-0.314962,-8.000045,-1.560367,-0.079489,-80.000450,-1011.808167,3827.170898,0.000000
4528.100098,-0.364563,-1011.808167,-0.014310,-0.314962,-8.000045,-1.621657,-0.082611,-80.000450,-1011.808167,3827.255859,0.000000
4528.200195,-0.359344,-1011.808167,-0.014310,-0.314962,-8.000045,-1.598444,-0.081429,-80.000450,-1011.808167,3827.340820,0.000000
4528.300293,-0.359711,-1011.808167,-0.014310,-0.314962,-8.000045,-1.600073,-0.081512,-80.000450,-1011.808167,3827.425293,0.000000
4528.400391,-0.352646,-1011.808167,-0.014310,-0.314962,-8.000045,-1.568647,-0.079911,-80.000450,-1011.808167,3827.510010,0.000000
4528.500000,-0.357101,-1011.808167,-0.014310,-0.314962,-8.000045,-1.588467,-0.080920,-80.000450,-1011.808167,3827.594727,0.000000
4528.600098,-0.355621,-1011.808167,-0.014310,-0.314962,-8.000045,-1.581883,-0.080585,-80.000450,-1011.808167,3827.679199,0.000000
4528.700195,-0.364929,-1011.808167,-0.014310,-0.314962,-8.000045,-1.623286,-0.082694,-80.000450,-1011.808167,3827.763916,0.000000
4528.800293,-0.350403,-1011.808167,-0.014310,-0.314962,-8.000045,-1.558670,-0.079402,-80.000450,-1011.808167,3827.848877,0.000000
4528.900391,-0.358231,-1011.808167,-0.014310,-0.314962,-8.000045,-1.593489,-0.081176,-80.000450,-1011.808167,3827.933350,0.000000
4529.000000,-0.347427,-1011.808167,-0.014310,-0.314962,-8.000045,-1.545434,-0.078728,-80.000450,-1011.808167,3828.018311,0.000000
4529.100098,-0.358963,-1011.808167,-0.014310,-0.314962,-8.000045,-1.596747,-0.081342,-80.000450,-1011.808167,3828.103027,0.000000
4529.200195,-0.346313,-1011.808167,-0.014310,-0.314962,-8.000045,-1.540479,-0.078476,-80.000450,-1011.808167,3828.187500,0.000000
4529.300293,-0.352646,-1011.808167,-0.014310,-0.314962,-8.000045,-1.568647,-0.079911,-80.000450,-1011.808167,3828.272461,0.000000
4529.400391,-0.360825,-1011.808167,-0.014310,-0.314962,-8.000045,-1.605028,-0.081764,-80.000450,-1011.808167,3828.356934,0.000000
4529.500000,-0.339981,-1011.808167,-0.014310,-0.314962,-8.000045,-1.512311,-0.077041,-80.000450,-1011.808167,3828.441895,0.000000
4529.600098,-0.358231,-1011.808167,-0.014310,-0.314962,-8.000045,-1.593489,-0.081176,-80.000450,-1011.808167,3828.526367,0.000000
4529.700195,-0.357101,-1011.808167,-0.014310,-0.314962,-8.000045,-1.588467,-0.080920,-80.000450,-1011.808167,3828.611328,0.000000
4529.800293,-0.358231,-1011.808167,-0.014310,-0.314962,-8.000045,-1.593489,-0.081176,-80.000450,-1011.808167,3828.695801,0.000000
4529.900391,-0.357849,-1011.808167,-0.014310,-0.314962,-8.000045,-1.591792,-0.081090,-80.000450,-1011.808167,3828.780518,0.000000
4530.000000,-0.356369,-1011.808167,-0.014310,-0.314962,-8.000045,-1.585209,-0.080754,-80.000450,-1011.808167,3828.865479,0.000000
4530.100098,-0.355240,-1011.808167,-0.014310,-0.314962,-8.000045,-1.580186,-0.080499,-80.000450,-1011.808167,3828.949951,0.000000
4530.200195,-0.361206,-1011.808167,-0.014310,-0.314962,-8.000045,-1.606725,-0.081850,-80.000450,-1011.808167,3829.034424,0.000000
4530.300293,-0.367905,-1011.808167,-0.014310,-0.314962,-8.000045,-1.636522,-0.083368,-80.000450,-1011.808167,3829.119385,0.000000
4530.400391,-0.353012,-1011.808167,-0.014310,-0.314962,-8.000045,-1.570276,-0.079994,-80.000450,-1011.808167,3829.204102,0.000000
4530.500000,-0.358963,-1011.808167,-0.014310,-0.314962,-8.000045,-1.596747,-0.081342,-80.000450,-1011.808167,3829.288574,0.000000
4530.600098,-0.358963,-1011.808167,-0.014310,-0.314962,-8.000045,-1.596747,-0.081342,-80.000450,-1011.808167,3829.373535,0.000000
4530.700195,-0.357483,-1011.808167,-0.014310,-0.314962,-8.000045,-1.590163,-0.081007,-80.000450,-1011.808167,3829.458008,0.000000
4530.800293,-0.361572,-1011.808167,-0.014310,-0.314962,-8.000045,-1.608354,-0.081933,-80.000450,-1011.808167,3829.542969,0.000000
4530.900391,-0.364929,-1011.808167,-0.014310,-0.314962,-8.000045,-1.623286,-0.082694,-80.000450,-1011.808167,3829.627930,0.000000
4531.000000,-0.355240,-1011.808167,-0.014310,-0.314962,-8.000045,-1.580186,-0.080499,-80.000450,-1011.808167,3829.712402,0.000000
4531.100098,-0.354507,-1011.808167,-0.014310,-0.314962,-8.000045,-1.576928,-0.080333,-80.000450,-1011.808167,3829.796875,0.000000
4531.200195,-0.358963,-1011.808167,-0.014310,-0.314962,-8.000045,-1.596747,-0.081342,-80.000450,-1011.808167,3829.881592,0.000000
4531.300293,-0.353378,-1011.808167,-0.014310,-0.314962,-8.000045,-1.571905,-0.080077,-80.000450,-1011.808167,3829.966553,0.000000
4531.400391,-0.354507,-1011.808167,-0.014310,-0.314962,-8.000045,-1.576928,-0.080333,-80.000450,-1011.808167,3830.051025,0.000000
4531.500000,-0.358597,-1011.808167,-0.014310,-0.314962,-8.000045,-1.595118,-0.081259,-80.000450,-1011.808167,3830.135986,0.000000
4531.600098,-0.366425,-1011.808167,-0.014310,-0.314962,-8.000045,-1.629938,-0.083033,-80.000450,-1011.808167,3830.220703,0.000000
4531.700195,-0.354126,-1011.808167,-0.014310,-0.314962,-8.000045,-1.575231,-0.080246,-80.000450,-1011.808167,3830.305176,0.000000
4531.800293,-0.363068,-1011.808167,-0.014310,-0.314962,-8.000045,-1.615005,-0.082272,-80.000450,-1011.808167,3830.390137,0.000000
4531.900391,-0.358597,-1011.808167,-0.014310,-0.314962,-8.000045,-1.595118,-0.081259,-80.000450,-1011.808167,3830.474609,0.000000
4532.000000,-0.359344,-1011.808167,-0.014310,-0.314962,-8.000045,-1.598444,-0.081429,-80.000450,-1011.808167,3830.559082,0.000000
4532.100098,-0.355240,-1011.808167,-0.014310,-0.314962,-8.000045,-1.580186,-0.080499,-80.000450,-1011.808167,3830.644043,0.000000
4532.200195,-0.349289,-1011.808167,-0.014310,-0.314962,-8.000045,-1.553715,-0.079150,-80.000450,-1011.808167,3830.729004,0.000000
4532.300293,-0.357101,-1011.808167,-0.014310,-0.314962,-8.000045,-1.588467,-0.080920,-80.000450,-1011.808167,3830.813477,0.000000
4532.400391,-0.361572,-1011.808167,-0.014310,-0.314962,-8.000045,-1.608354,-0.081933,-80.000450,-1011.808167,3830.898193,0.000000
4532.500000,-0.364182,-1011.808167,-0.014310,-0.314962,-8.000045,-1.619960,-0.082525,-80.000450,-1011.808167,3830.983154,0.000000
4532.600098,-0.355988,-1011.808167,-0.014310,-0.314962,-8.000045,-1.583512,-0.080668,-80.000450,-1011.808167,3831.067627,0.000000
4532.700195,-0.363068,-1011.808167,-0.014310,-0.314962,-8.000045,-1.615005,-0.082272,-80.000450,-1011.808167,3831.152100,0.000000
4532.800293,-0.360825,-1011.808167,-0.014310,-0.314962,-8.000045,-1.605028,-0.081764,-80.000450,-1011.808167,3831.237061,0.000000
4532.900391,-0.349655,-1011.808167,-0.014310,-0.314962,-8.000045,-1.555344,-0.079233,-80.000450,-1011.808167,3831.321533,0.000000
4533.000000,-0.363434,-1011.808167,-0.014310,-0.314962,-8.000045,-1.616634,-0.082355,-80.000450,-1011.808167,3831.406494,0.000000
4533.100098,-0.356369,-1011.808167,-0.014310,-0.314962,-8.000045,-1.585209,-0.080754,-80.000450,-1011.808167,3831.491211,0.000000
4533.200195,-0.354126,-1011.808167,-0.014310,-0.314962,-8.000045,-1.575231,-0.080246,-80.000450,-1011.808167,3831.575684,0.000000
4533.300293,-0.350037,-1011.808167,-0.014310,-0.314962,-8.000045,-1.557041,-0.079319,-80.000450,-1011.808167,3831.660645,0.000000
4533.400391,-0.358231,-1011.808167,-0.014310,-0.314962,-8.000045,-1.593489,-0.081176,-80.000450,-1011.808167,3831.745605,0.000000
4533.500000,-0.361206,-1011.808167,-0.014310,-0.314962,-8.000045,-1.606725,-0.081850,-80.000450,-1011.808167,3831.830078,0.000000
4533.600098,-0.360458,-1011.808167,-0.014310,-0.314962,-8.000045,-1.603399,-0.081681,-80.000450,-1011.808167,3831.914551,0.000000
4533.700195,-0.348175,-1011.808167,-0.014310,-0.314962,-8.000045,-1.548760,-0.078898,-80.000450,-1011.808167,3831.999268,0.000000
4533.800293,-0.353760,-1011.808167,-0.014310,-0.314962,-8.000045,-1.573602,-0.080163,-80.000450,-1011.808167,3832.084229,0.000000
4533.900391,-0.358231,-1011.808167,-0.014310,-0.314962,-8.000045,-1.593489,-0.081176,-80.000450,-1011.808167,3832.168701,0.000000
4534.000000,-0.355988,-1011.808167,-0.014310,-0.314962,-8.000045,-1.583512,-0.080668,-80.000450,-1011.808167,3832.253662,0.000000
4534.100098,-0.348923,-1011.808167,-0.014310,-0.314962,-8.000045,-1.552086,-0.079067,-80.000450,-1011.808167,3832.338135,0.000000
4534.200195,-0.353760,-1011.808167,-0.014310,-0.314962,-8.000045,-1.573602,-0.080163,-80.000450,-1011.808167,3832.423096,0.000000
4534.300293,-0.357849,-1011.808167,-0.014310,-0.314962,-8.000045,-1.591792,-0.081090,-80.000450,-1011.808167,3832.507812,0.000000
4534.400391,-0.357483,-1011.808167,-0.014310,-0.314962,-8.000045,-1.590163,-0.081007,-80.000450,-1011.808167,3832.592285,0.000000
4534.500000,-0.354874,-1011.808167,-0.014310,-0.314962,-8.000045,-1.578557,-0.080416,-80.000450,-1011.808167,3832.676758,0.000000
4534.600098,-0.360092,-1011.808167,-0.014310,-0.314962,-8.000045,-1.601770,-0.081598,-80.000450,-1011.808167,3832.761719,0.000000
4534.700195,-0.359344,-1011.808167,-0.014310,-0.314962,-8.000045,-1.598444,-0.081429,-80.000450,-1011.808167,3832.846680,0.000000
4534.800293,-0.349289,-1011.808167,-0.014310,-0.314962,-8.000045,-1.553715,-0.079150,-80.000450,-1011.808167,3832.931152,0.000000
4534.900391,-0.353760,-1011.808167,-0.014310,-0.314962,-8.000045,-1.573602,-0.080163,-80.000450,-1011.808167,3833.015869,0.000000
4535.000000,-0.361572,-1011.808167,-0.014310,-0.314962,-8.000045,-1.608354,-0.081933,-80.000450,-1011.808167,3833.100586,0.000000
4535.100098,-0.357101,-1011.808167,-0.014310,-0.314962,-8.000045,-1.588467,-0.080920,-80.000450,-1011.808167,3833.185303,0.000000
4535.200195,-0.355988,-1011.808167,-0.014310,-0.314962,-8.000045,-1.583512,-0.080668,-80.000450,-1011.808167,3833.269775,0.000000
4535.300293,-0.354126,-1011.808167,-0.014310,-0.314962,-8.000045,-1.575231,-0.080246,-80.000450,-1011.808167,3833.354736,0.000000
4535.400391,-0.358963,-1011.808167,-0.014310,-0.314962,-8.000045,-1.596747,-0.081342,-80.000450,-1011.808167,3833.439209,0.000000
4535.500000,-0.358597,-1011.808167,-0.014310,-0.314962,-8.000045,-1.595118,-0.081259,-80.000450,-1011.808167,3833.524170,0.000000
4535.600098,-0.359344,-1011.808167,-0.014310,-0.314962,-8.000045,-1.598444,-0.081429,-80.000450,-1011.808167,3833.608887,0.000000
4535.700195,-0.349655,-1011.808167,-0.014310,-0.314962,-8.000045,-1.555344,-0.079233,-80.000450,-1011.808167,3833.693359,0.000000
4535.800293,-0.362701,-1011.808167,-0.014310,-0.314962,-8.000045,-1.613376,-0.082189,-80.000450,-1011.808167,3833.777832,0.000000
4535.900391,-0.360825,-1011.808167,-0.014310,-0.314962,-8.000045,-1.605028,-0.081764,-80.000450,-1011.808167,3833.863281,0.000000
4536.000000,-0.360458,-1011.808167,-0.014310,-0.314962,-8.000045,-1.603399,-0.081681,-80.000450,-1011.808167,3833.947754,0.000000
4536.100098,-0.356735,-1011.808167,-0.014310,-0.314962,-8.000045,-1.586838,-0.080837,-80.000450,-1011.808167,3834.032227,0.000000
4536.200195,-0.359344,-1011.808167,-0.014310,-0.314962,-8.000045,-1.598444,-0.081429,-80.000450,-1011.808167,3834.117187,0.000000
4536.300293,-0.357483,-1011.808167,-0.014310,-0.314962,-8.000045,-1.590163,-0.081007,-80.000450,-1011.808167,3834.201660,0.000000
4536.400391,-0.362701,-1011.808167,-0.014310,-0.314962,-8.000045,-1.613376,-0.082189,-80.000450,-1011.808167,3834.286377,0.000000
4536.500000,-0.360092,-1011.808167,-0.014310,-0.314962,-8.000045,-1.601770,-0.081598,-80.000450,-1011.808167,3834.371338,0.000000
4536.600098,-0.351517,-1011.808167,-0.014310,-0.314962,-8.000045,-1.563625,-0.079655,-80.000450,-1011.808167,3834.455811,0.000000
4536.700195,-0.364182,-1011.808167,-0.014310,-0.314962,-8.000045,-1.619960,-0.082525,-80.000450,-1011.808167,3834.540283,0.000000
4536.800293,-0.346313,-1011.808167,-0.014310,-0.314962,-8.000045,-1.540479,-0.078476,-80.000450,-1011.808167,3834.625244,0.000000
4536.900391,-0.358963,-1011.808167,-0.014310,-0.314962,-8.000045,-1.596747,-0.081342,-80.000450,-1011.808167,3834.709961,0.000000
4537.000000,-0.351151,-1011.808167,-0.014310,-0.314962,-8.000045,-1.561996,-0.079572,-80.000450,-1011.808167,3834.794434,0.000000
4537.100098,-0.360825,-1011.808167,-0.014310,-0.314962,-8.000045,-1.605028,-0.081764,-80.000450,-1011.808167,3834.879395,0.000000
4537.200195,-0.360458,-1011.808167,-0.014310,-0.314962,-8.000045,-1.603399,-0.081681,-80.000450,-1011.808167,3834.963867,0.000000
4537.300293,-0.364563,-1011.808167,-0.014310,-0.314962,-8.000045,-1.621657,-0.082611,-80.000450,-1011.808167,3835.048828,0.000000
4537.400391,-0.360092,-1011.808167,-0.014310,-0.314962,-8.000045,-1.601770,-0.081598,-80.000450,-1011.808167,3835.133789,0.000000
4537.500000,-0.358963,-1011.808167,-0.014310,-0.314962,-8.000045,-1.596747,-0.081342,-80.000450,-1011.808167,3835.218262,0.000000
4537.600098,-0.358597,-1011.808167,-0.014310,-0.314962,-8.000045,-1.595118,-0.081259,-80.000450,-1011.808167,3835.302979,0.000000
4537.700195,-0.362320,-1011.808167,-0.014310,-0.314962,-8.000045,-1.611680,-0.082103,-80.000450,-1011.808167,3835.387451,0.000000
4537.800293,-0.363815,-1011.808167,-0.014310,-0.314962,-8.000045,-1.618331,-0.082442,-80.000450,-1011.808167,3835.472412,0.000000
4537.900391,-0.349655,-1011.808167,-0.014310,-0.314962,-8.000045,-1.555344,-0.079233,-80.000450,-1011.808167,3835.556885,0.000000
4538.000000,-0.369400,-1011.808167,-0.014310,-0.314962,-8.000045,-1.643173,-0.083707,-80.000450,-1011.808167,3835.641846,0.000000
4538.100098,-0.358231,-1011.808167,-0.014310,-0.314962,-8.000045,-1.593489,-0.081176,-80.000450,-1011.808167,3835.726562,0.000000
4538.200195,-0.358597,-1011.808167,-0.014310,-0.314962,-8.000045,-1.595118,-0.081259,-80.000450,-1011.808167,3835.811279,0.000000
4538.300293,-0.361206,-1011.808167,-0.014310,-0.314962,-8.000045,-1.606725,-0.081850,-80.000450,-1011.808167,3835.895752,0.000000
4538.400391,-0.355240,-1011.808167,-0.014310,-0.314962,-8.000045,-1.580186,-0.080499,-80.000450,-1011.808167,3835.980469,0.000000
4538.500000,-0.353012,-1011.808167,-0.014310,-0.314962,-8.000045,-1.570276,-0.079994,-80.000450,-1011.808167,3836.065430,0.000000
4538.600098,-0.354126,-1011.808167,-0.014310,-0.314962,-8.000045,-1.575231,-0.080246,-80.000450,-1011.808167,3836.149902,0.000000
4538.700195,-0.366425,-1011.808167,-0.014310,-0.314962,-8.000045,-1.629938,-0.083033,-80.000450,-1011.808167,3836.234863,0.000000
4538.800293,-0.355621,-1011.808167,-0.014310,-0.314962,-8.000045,-1.581883,-0.080585,-80.000450,-1011.808167,3836.319336,0.000000
4538.900391,-0.360825,-1011.808167,-0.014310,-0.314962,-8.000045,-1.605028,-0.081764,-80.000450,-1011.808167,3836.403809,0.000000
4539.000000,-0.363068,-1011.808167,-0.014310,-0.314962,-8.000045,-1.615005,-0.082272,-80.000450,-1011.808167,3836.489014,0.000000
4539.100098,-0.357849,-1011.808167,-0.014310,-0.314962,-8.000045,-1.591792,-0.081090,-80.000450,-1011.808167,3836.573486,0.000000
4539.200195,-0.361954,-1011.808167,-0.014310,-0.314962,-8.000045,-1.610051,-0.082020,-80.000450,-1011.808167,3836.657959,0.000000
4539.300293,-0.360458,-1011.808167,-0.014310,-0.314962,-8.000045,-1.603399,-0.081681,-80.000450,-1011.808167,3836.742920,0.000000
4539.400391,-0.368286,-1011.808167,-0.014310,-0.314962,-8.000045,-1.638219,-0.083455,-80.000450,-1011.808167,3836.827881,0.000000
4539.500000,-0.367157,-1011.808167,-0.014310,-0.314962,-8.000045,-1.633196,-0.083199,-80.000450,-1011.808167,3836.912354,0.000000
4539.600098,-0.364563,-1011.808167,-0.014310,-0.314962,-8.000045,-1.621657,-0.082611,-80.000450,-1011.808167,3836.997070,0.000000
4539.700195,-0.351517,-1011.808167,-0.014310,-0.314962,-8.000045,-1.563625,-0.079655,-80.000450,-1011.808167,3837.081543,0.000000
4539.800293,-0.360092,-1011.808167,-0.014310,-0.314962,-8.000045,-1.601770,-0.081598,-80.000450,-1011.808167,3837.166504,0.000000
4539.900391,-0.360825,-1011.808167,-0.014310,-0.314962,-8.000045,-1.605028,-0.081764,-80.000450,-1011.808167,3837.251465,0.000000
4540.000000,-0.352264,-1011.808167,-0.014310,-0.314962,-8.000045,-1.566950,-0.079824,-80.000450,-1011.808167,3837.335937,0.000000
4540.100098,-0.350784,-1011.808167,-0.014310,-0.314962,-8.000045,-1.560367,-0.079489,-80.000450,-1011.808167,3837.420410,0.000000
4540.200195,-0.354507,-1011.808167,-0.014310,-0.314962,-8.000045,-1.576928,-0.080333,-80.000450,-1011.808167,3837.505127,0.000000
4540.300293,-0.360092,-1011.808167,-0.014310,-0.314962,-8.000045,-1.601770,-0.081598,-80.000450,-1011.808167,3837.590088,0.000000
4540.400391,-0.357101,-1011.808167,-0.014310,-0.314962,-8.000045,-1.588467,-0.080920,-80.000450,-1011.808167,3837.674561,0.000000
4540.500000,-0.364563,-1011.808167,-0.014310,-0.314962,-8.000045,-1.621657,-0.082611,-80.000450,-1011.808167,3837.759521,0.000000
4540.600098,-0.365677,-1011.808167,-0.014310,-0.314962,-8.000045,-1.626612,-0.082864,-80.000450,-1011.808167,3837.843994,0.000000
4540.700195,-0.351898,-1011.808167,-0.014310,-0.314962,-8.000045,-1.565321,-0.079741,-80.000450,-1011.808167,3837.928955,0.000000
4540.800293,-0.361954,-1011.808167,-0.014310,-0.314962,-8.000045,-1.610051,-0.082020,-80.000450,-1011.808167,3838.013428,0.000000
4540.900391,-0.366043,-1011.808167,-0.014310,-0.314962,-8.000045,-1.628241,-0.082947,-80.000450,-1011.808167,3838.098145,0.000000
4541.000000,-0.364929,-1011.808167,-0.014310,-0.314962,-8.000045,-1.623286,-0.082694,-80.000450,-1011.808167,3838.182617,0.000000
4541.100098,-0.356735,-1011.808167,-0.014310,-0.314962,-8.000045,-1.586838,-0.080837,-80.000450,-1011.808167,3838.267578,0.000000
4541.200195,-0.359344,-1011.808167,-0.014310,-0.314962,-8.000045,-1.598444,-0.081429,-80.000450,-1011.808167,3838.352539,0.000000
4541.300293,-0.361572,-1011.808167,-0.014310,-0.314962,-8.000045,-1.608354,-0.081933,-80.000450,-1011.808167,3838.437012,0.000000
4541.400391,-0.359344,-1011.808167,-0.014310,-0.314962,-8.000045,-1.598444,-0.081429,-80.000450,-1011.808167,3838.521484,0.000000
4541.500000,-0.355240,-1011.808167,-0.014310,-0.314962,-8.000045,-1.580186,-0.080499,-80.000450,-1011.808167,3838.606445,0.000000
4541.600098,-0.361954,-1011.808167,-0.014310,-0.314962,-8.000045,-1.610051,-0.082020,-80.000450,-1011.808167,3838.691162,0.000000
4541.700195,-0.360458,-1011.808167,-0.014310,-0.314962,-8.000045,-1.603399,-0.081681,-80.000450,-1011.808167,3838.775635,0.000000
4541.800293,-0.354126,-1011.808167,-0.014310,-0.314962,-8.000045,-1.575231,-0.080246,-80.000450,-1011.808167,3838.860596,0.000000
4541.900391,-0.351898,-1011.808167,-0.014310,-0.314962,-8.000045,-1.565321,-0.079741,-80.000450,-1011.808167,3838.945557,0.000000
4542.000000,-0.364563,-1011.808167,-0.014310,-0.314962,-8.000045,-1.621657,-0.082611,-80.000450,-1011.808167,3839.030029,0.000000
4542.100098,-0.358963,-1011.808167,-0.014310,-0.314962,-8.000045,-1.596747,-0.081342,-80.000450,-1011.808167,3839.114746,0.000000
4542.200195,-0.357483,-1011.808167,-0.014310,-0.314962,-8.000045,-1.590163,-0.081007,-80.000450,-1011.808167,3839.199219,0.000000
4542.300293,-0.366791,-1011.808167,-0.014310,-0.314962,-8.000045,-1.631567,-0.083116,-80.000450,-1011.808167,3839.283936,0.000000
4542.400391,-0.355988,-1011.808167,-0.014310,-0.314962,-8.000045,-1.583512,-0.080668,-80.000450,-1011.808167,3839.369141,0.000000
4542.500000,-0.356735,-1011.808167,-0.014310,-0.314962,-8.000045,-1.586838,-0.080837,-80.000450,-1011.808167,3839.453613,0.000000
4542.600098,-0.357849,-1011.808167,-0.014310,-0.314962,-8.000045,-1.591792,-0.081090,-80.000450,-1011.808167,3839.538086,0.000000
4542.700195,-0.353012,-1011.808167,-0.014310,-0.314962,-8.000045,-1.570276,-0.079994,-80.000450,-1011.808167,3839.623047,0.000000
4542.800293,-0.354126,-1011.808167,-0.014310,-0.314962,-8.000045,-1.575231,-0.080246,-80.000450,-1011.808167,3839.707764,0.000000
4542.900391,-0.370514,-1011.808167,-0.014310,-0.314962,-8.000045,-1.648128,-0.083960,-80.000450,-1011.808167,3839.792236,0.000000
4543.000000,-0.359344,-1011.808167,-0.014310,-0.314962,-8.000045,-1.598444,-0.081429,-80.000450,-1011.808167,3839.877197,0.000000
4543.100098,-0.357849,-1011.808167,-0.014310,-0.314962,-8.000045,-1.591792,-0.081090,-80.000450,-1011.808167,3839.961670,0.000000
4543.200195,-0.356369,-1011.808167,-0.014310,-0.314962,-8.000045,-1.585209,-0.080754,-80.000450,-1011.808167,3840.046143,0.000000
4543.300293,-0.354507,-1011.808167,-0.014310,-0.314962,-8.000045,-1.576928,-0.080333,-80.000450,-1011.808167,3840.131104,0.000000
4543.400391,-0.350784,-1011.808167,-0.014310,-0.314962,-8.000045,-1.560367,-0.079489,-80.000450,-1011.808167,3840.215820,0.000000
4543.500000,-0.367157,-1011.808167,-0.014310,-0.314962,-8.000045,-1.633196,-0.083199,-80.000450,-1011.808167,3840.300537,0.000000
4543.600098,-0.349289,-1011.808167,-0.014310,-0.314962,-8.000045,-1.553715,-0.079150,-80.000450,-1011.808167,3840.385254,0.000000
4543.700195,-0.351517,-1011.808167,-0.014310,-0.314962,-8.000045,-1.563625,-0.079655,-80.000450,-1011.808167,3840.470215,0.000000
4543.800293,-0.360825,-1011.808167,-0.014310,-0.314962,-8.000045,-1.605028,-0.081764,-80.000450,-1011.808167,3840.554687,0.000000
4543.900391,-0.352264,-1011.808167,-0.014310,-0.314962,-8.000045,-1.566950,-0.079824,-80.000450,-1011.808167,3840.639160,0.000000
4544.000000,-0.348175,-1011.808167,-0.014310,-0.314962,-8.000045,-1.548760,-0.078898,-80.000450,-1011.808167,3840.724121,0.000000
4544.100098,-0.360825,-1011.808167,-0.014310,-0.314962,-8.000045,-1.605028,-0.081764,-80.000450,-1011.808167,3840.808594,0.000000
4544.200195,-0.356735,-1011.808167,-0.014310,-0.314962,-8.000045,-1.586838,-0.080837,-80.000450,-1011.808167,3840.893311,0.000000
4544.300293,-0.366043,-1011.808167,-0.014310,-0.314962,-8.000045,-1.628241,-0.082947,-80.000450,-1011.808167,3840.978271,0.000000
4544.400391,-0.342957,-1011.808167,-0.014310,-0.314962,-8.000045,-1.525547,-0.077715,-80.000450,-1011.808167,3841.062744,0.000000
4544.500000,-0.357483,-1011.808167,-0.014310,-0.314962,-8.000045,-1.590163,-0.081007,-80.000450,-1011.808167,3841.147705,0.000000
4544.600098,-0.354874,-1011.808167,-0.014310,-0.314962,-8.000045,-1.578557,-0.080416,-80.000450,-1011.808167,3841.232422,0.000000
4544.700195,-0.354126,-1011.808167,-0.014310,-0.314962,-8.000045,-1.575231,-0.080246,-80.000450,-1011.808167,3841.317139,0.000000
4544.800293,-0.356735,-1011.808167,-0.014310,-0.314962,-8.000045,-1.586838,-0.080837,-80.000450,-1011.808167,3841.401611,0.000000
4544.900391,-0.365295,-1011.808167,-0.014310,-0.314962,-8.000045,-1.624915,-0.082777,-80.000450,-1011.808167,3841.486328,0.000000
4545.000000,-0.359344,-1011.808167,-0.014310,-0.314962,-8.000045,-1.598444,-0.081429,-80.000450,-1011.808167,3841.571289,0.000000
4545.100098,-0.365295,-1011.808167,-0.014310,-0.314962,-8.000045,-1.624915,-0.082777,-80.000450,-1011.808167,3841.655762,0.000000
4545.200195,-0.357483,-1011.808167,-0.014310,-0.314962,-8.000045,-1.590163,-0.081007,-80.000450,-1011.808167,3841.740723,0.000000
4545.300293,-0.360458,-1011.808167,-0.014310,-0.314962,-8.000045,-1.603399,-0.081681,-80.000450,-1011.808167,3841.825195,0.000000
4545.400391,-0.361206,-1011.808167,-0.014310,-0.314962,-8.000045,-1.606725,-0.081850,-80.000450,-1011.808167,3841.909912,0.000000
4545.500000,-0.348541,-1011.808167,-0.014310,-0.314962,-8.000045,-1.550389,-0.078981,-80.000450,-1011.808167,3841.994873,0.000000
4545.600098,-0.349655,-1011.808167,-0.014310,-0.314962,-8.000045,-1.555344,-0.079233,-80.000450,-1011.808167,3842.079346,0.000000
4545.700195,-0.364929,-1011.808167,-0.014310,-0.314962,-8.000045,-1.623286,-0.082694,-80.000450,-1011.808167,3842.163818,0.000000
4545.800293,-0.354507,-1011.808167,-0.014310,-0.314962,-8.000045,-1.576928,-0.080333,-80.000450,-1011.808167,3842.248779,0.000000
4545.900391,-0.362701,-1011.808167,-0.014310,-0.314962,-8.000045,-1.613376,-0.082189,-80.000450,-1011.808167,3842.333740,0.000000
4546.000000,-0.357101,-1011.808167,-0.014310,-0.314962,-8.000045,-1.588467,-0.080920,-80.000450,-1011.808167,3842.418213,0.000000
4546.100098,-0.359344,-1011.808167,-0.014310,-0.314962,-8.000045,-1.598444,-0.081429,-80.000450,-1011.808167,3842.502930,0.000000
4546.200195,-0.364182,-1011.808167,-0.014310,-0.314962,-8.000045,-1.619960,-0.082525,-80.000450,-1011.808167,3842.587891,0.000000
4546.300293,-0.347427,-1011.808167,-0.014310,-0.314962,-8.000045,-1.545434,-0.078728,-80.000450,-1011.808167,3842.672363,0.000000
4546.400391,-0.358597,-1011.808167,-0.014310,-0.314962,-8.000045,-1.595118,-0.081259,-80.000450,-1011.808167,3842.756836,0.000000
4546.500000,-0.360825,-1011.808167,-0.014310,-0.314962,-8.000045,-1.605028,-0.081764,-80.000450,-1011.808167,3842.841797,0.000000
4546.600098,-0.354126,-1011.808167,-0.014310,-0.314962,-8.000045,-1.575231,-0.080246,-80.000450,-1011.808167,3842.926270,0.000000
4546.700195,-0.359711,-1011.808167,-0.014310,-0.314962,-8.000045,-1.600073,-0.081512,-80.000450,-1011.808167,3843.010986,0.000000
4546.800293,-0.368286,-1011.808167,-0.014310,-0.314962,-8.000045,-1.638219,-0.083455,-80.000450,-1011.808167,3843.095947,0.000000
4546.900391,-0.354874,-1011.808167,-0.014310,-0.314962,-8.000045,-1.578557,-0.080416,-80.000450,-1011.808167,3843.180420,0.000000
4547.000000,-0.356735,-1011.808167,-0.014310,-0.314962,-8.000045,-1.586838,-0.080837,-80.000450,-1011.808167,3843.265381,0.000000
4547.100098,-0.357483,-1011.808167,-0.014310,-0.314962,-8.000045,-1.590163,-0.081007,-80.000450,-1011.808167,3843.350342,0.000000
4547.200195,-0.350784,-1011.808167,-0.014310,-0.314962,-8.000045,-1.560367,-0.079489,-80.000450,-1011.808167,3843.434814,0.000000
4547.300293,-0.354874,-1011.808167,-0.014310,-0.314962,-8.000045,-1.578557,-0.080416,-80.000450,-1011.808167,3843.519287,0.000000
4547.400391,-0.358231,-1011.808167,-0.014310,-0.314962,-8.000045,-1.593489,-0.081176,-80.000450,-1011.808167,3843.604004,0.000000
4547.500000,-0.361572,-1011.808167,-0.014310,-0.314962,-8.000045,-1.608354,-0.081933,-80.000450,-1011.808167,3843.688477,0.000000
4547.600098,-0.355240,-1011.808167,-0.014310,-0.314962,-8.000045,-1.580186,-0.080499,-80.000450,-1011.808167,3843.773437,0.000000
4547.700195,-0.360458,-1011.808167,-0.014310,-0.314962,-8.000045,-1.603399,-0.081681,-80.000450,-1011.808167,3843.858398,0.000000
4547.800293,-0.354874,-1011.808167,-0.014310,-0.314962,-8.000045,-1.578557,-0.080416,-80.000450,-1011.808167,3843.942871,0.000000
4547.900391,-0.356369,-1011.808167,-0.014310,-0.314962,-8.000045,-1.585209,-0.080754,-80.000450,-1011.808167,3844.027344,0.000000
4548.000000,-0.359711,-1011.808167,-0.014310,-0.314962,-8.000045,-1.600073,-0.081512,-80.000450,-1011.808167,3844.112549,0.000000
4548.100098,-0.364182,-1011.808167,-0.014310,-0.314962,-8.000045,-1.619960,-0.082525,-80.000450,-1011.808167,3844.197021,0.000000
4548.200195,-0.351517,-1011.808167,-0.014310,-0.314962,-8.000045,-1.563625,-0.079655,-80.000450,-1011.808167,3844.281494,0.000000
4548.300293,-0.357483,-1011.808167,-0.014310,-0.314962,-8.000045,-1.590163,-0.081007,-80.000450,-1011.808167,3844.366455,0.000000
4548.400391,-0.358231,-1011.808167,-0.014310,-0.314962,-8.000045,-1.593489,-0.081176,-80.000450,-1011.808167,3844.451416,0.000000
4548.500000,-0.354126,-1011.808167,-0.014310,-0.314962,-8.000045,-1.575231,-0.080246,-80.000450,-1011.808167,3844.535889,0.000000
4548.600098,-0.363815,-1011.808167,-0.014310,-0.314962,-8.000045,-1.618331,-0.082442,-80.000450,-1011.808167,3844.620605,0.000000
4548.700195,-0.363434,-1011.808167,-0.014310,-0.314962,-8.000045,-1.616634,-0.082355,-80.000450,-1011.808167,3844.705078,0.000000
4548.800293,-0.356369,-1011.808167,-0.014310,-0.314962,-8.000045,-1.585209,-0.080754,-80.000450,-1011.808167,3844.790039,0.000000
4548.900391,-0.360458,-1011.808167,-0.014310,-0.314962,-8.000045,-1.603399,-0.081681,-80.000450,-1011.808167,3844.874512,0.000000
4549.000000,-0.351151,-1011.808167,-0.014310,-0.314962,-8.000045,-1.561996,-0.079572,-80.000450,-1011.808167,3844.959473,0.000000
4549.100098,-0.355988,-1011.808167,-0.014310,-0.314962,-8.000045,-1.583512,-0.080668,-80.000450,-1011.808167,3845.043945,0.000000
4549.200195,-0.354126,-1011.808167,-0.014310,-0.314962,-8.000045,-1.575231,-0.080246,-80.000450,-1011.808167,3845.128906,0.000000
4549.300293,-0.353378,-1011.808167,-0.014310,-0.314962,-8.000045,-1.571905,-0.080077,-80.000450,-1011.808167,3845.213623,0.000000
4549.400391,-0.361206,-1011.808167,-0.014310,-0.314962,-8.000045,-1.606725,-0.081850,-80.000450,-1011.808167,3845.298096,0.000000
4549.500000,-0.363434,-1011.808167,-0.014310,-0.314962,-8.000045,-1.616634,-0.082355,-80.000450,-1011.808167,3845.382568,0.000000
4549.600098,-0.366791,-1011.808167,-0.014310,-0.314962,-8.000045,-1.631567,-0.083116,-80.000450,-1011.808167,3845.467529,0.000000
4549.700195,-0.348541,-1011.808167,-0.014310,-0.314962,-8.000045,-1.550389,-0.078981,-80.000450,-1011.808167,3845.552490,0.000000
4549.800293,-0.353760,-1011.808167,-0.014310,-0.314962,-8.000045,-1.573602,-0.080163,-80.000450,-1011.808167,3845.636963,0.000000
4549.900391,-0.360825,-1011.808167,-0.014310,-0.314962,-8.000045,-1.605028,-0.081764,-80.000450,-1011.808167,3845.721680,0.000000
4550.000000,-0.357101,-1011.808167,-0.014310,-0.314962,-8.000045,-1.588467,-0.080920,-80.000450,-1011.808167,3845.806396,0.000000
4550.100098,-0.365677,-1011.808167,-0.014310,-0.314962,-8.000045,-1.626612,-0.082864,-80.000450,-1011.808167,3845.891113,0.000000
4550.200195,-0.363434,-1011.808167,-0.014310,-0.314962,-8.000045,-1.616634,-0.082355,-80.000450,-1011.808167,3845.976074,0.000000
4550.300293,-0.359344,-1011.808167,-0.014310,-0.314962,-8.000045,-1.598444,-0.081429,-80.000450,-1011.808167,3846.060547,0.000000
4550.400391,-0.355621,-1011.808167,-0.014310,-0.314962,-8.000045,-1.581883,-0.080585,-80.000450,-1011.808167,3846.145020,0.000000
4550.500000,-0.353760,-1011.808167,-0.014310,-0.314962,-8.000045,-1.573602,-0.080163,-80.000450,-1011.808167,3846.230225,0.000000
4550.600098,-0.358597,-1011.808167,-0.014310,-0.314962,-8.000045,-1.595118,-0.081259,-80.000450,-1011.808167,3846.314697,0.000000
4550.700195,-0.349289,-1011.808167,-0.014310,-0.314962,-8.000045,-1.553715,-0.079150,-80.000450,-1011.808167,3846.399170,0.000000
4550.800293,-0.359344,-1011.808167,-0.014310,-0.314962,-8.000045,-1.598444,-0.081429,-80.000450,-1011.808167,3846.484131,0.000000
4550.900391,-0.357101,-1011.808167,-0.014310,-0.314962,-8.000045,-1.588467,-0.080920,-80.000450,-1011.808167,3846.568604,0.000000
4551.000000,-0.358231,-1011.808167,-0.014310,-0.314962,-8.000045,-1.593489,-0.081176,-80.000450,-1011.808167,3846.653564,0.000000
4551.100098,-0.357101,-1011.808167,-0.014310,-0.314962,-8.000045,-1.588467,-0.080920,-80.000450,-1011.808167,3846.738281,0.000000
4551.200195,-0.355240,-1011.808167,-0.014310,-0.314962,-8.000045,-1.580186,-0.080499,-80.000450,-1011.808167,3846.822998,0.000000
4551.300293,-0.360825,-1011.808167,-0.014310,-0.314962,-8.000045,-1.605028,-0.081764,-80.000450,-1011.808167,3846.907471,0.000000
4551.400391,-0.362701,-1011.808167,-0.014310,-0.314962,-8.000045,-1.613376,-0.082189,-80.000450,-1011.808167,3846.992187,0.000000
4551.500000,-0.367905,-1011.808167,-0.014310,-0.314962,-8.000045,-1.636522,-0.083368,-80.000450,-1011.808167,3847.077148,0.000000
4551.600098,-0.358231,-1011.808167,-0.014310,-0.314962,-8.000045,-1.593489,-0.081176,-80.000450,-1011.808167,3847.161621,0.000000
4551.700195,-0.359344,-1011.808167,-0.014310,-0.314962,-8.000045,-1.598444,-0.081429,-80.000450,-1011.808167,3847.246582,0.000000
4551.800293,-0.359711,-1011.808167,-0.014310,-0.314962,-8.000045,-1.600073,-0.081512,-80.000450,-1011.808167,3847.331055,0.000000
4551.900391,-0.364563,-1011.808167,-0.014310,-0.314962,-8.000045,-1.621657,-0.082611,-80.000450,-1011.808167,3847.415771,0.000000
4552.000000,-0.355988,-1011.808167,-0.014310,-0.314962,-8.000045,-1.583512,-0.080668,-80.000450,-1011.808167,3847.500488,0.000000
4552.100098,-0.360092,-1011.808167,-0.014310,-0.314962,-8.000045,-1.601770,-0.081598,-80.000450,-1011.808167,3847.585205,0.000000
4552.200195,-0.352646,-1011.808167,-0.014310,-0.314962,-8.000045,-1.568647,-0.079911,-80.000450,-1011.808167,3847.669678,0.000000
4552.300293,-0.351517,-1011.808167,-0.014310,-0.314962,-8.000045,-1.563625,-0.079655,-80.000450,-1011.808167,3847.754639,0.000000
4552.400391,-0.362320,-1011.808167,-0.014310,-0.314962,-8.000045,-1.611680,-0.082103,-80.000450,-1011.808167,3847.839600,0.000000
4552.500000,-0.352264,-1011.808167,-0.014310,-0.314962,-8.000045,-1.566950,-0.079824,-80.000450,-1011.808167,3847.924072,0.000000
4552.600098,-0.355988,-1011.808167,-0.014310,-0.314962,-8.000045,-1.583512,-0.080668,-80.000450,-1011.808167,3848.008789,0.000000
4552.700195,-0.361954,-1011.808167,-0.014310,-0.314962,-8.000045,-1.610051,-0.082020,-80.000450,-1011.808167,3848.093262,0.000000
4552.800293,-0.355988,-1011.808167,-0.014310,-0.314962,-8.000045,-1.583512,-0.080668,-80.000450,-1011.808167,3848.178223,0.000000
4552.900391,-0.353012,-1011.808167,-0.014310,-0.314962,-8.000045,-1.570276,-0.079994,-80.000450,-1011.808167,3848.262695,0.000000
4553.000000,-0.359344,-1011.808167,-0.014310,-0.314962,-8.000045,-1.598444,-0.081429,-80.000450,-1011.808167,3848.347656,0.000000
4553.100098,-0.361572,-1011.808167,-0.014310,-0.314962,-8.000045,-1.608354,-0.081933,-80.000450,-1011.808167,3848.432373,0.000000
4553.200195,-0.360458,-1011.808167,-0.014310,-0.314962,-8.000045,-1.603399,-0.081681,-80.000450,-1011.808167,3848.517090,0.000000
4553.300293,-0.343704,-1011.808167,-0.014310,-0.314962,-8.000045,-1.528873,-0.077884,-80.000450,-1011.808167,3848.601807,0.000000
4553.400391,-0.353378,-1011.808167,-0.014310,-0.314962,-8.000045,-1.571905,-0.080077,-80.000450,-1011.808167,3848.686279,0.000000
4553.500000,-0.364182,-1011.808167,-0.014310,-0.314962,-8.000045,-1.619960,-0.082525,-80.000450,-1011.808167,3848.770752,0.000000
4553.600098,-0.358963,-1011.808167,-0.014310,-0.314962,-8.000045,-1.596747,-0.081342,-80.000450,-1011.808167,3848.856201,0.000000
4553.700195,-0.359711,-1011.808167,-0.014310,-0.314962,-8.000045,-1.600073,-0.081512,-80.000450,-1011.808167,3848.940674,0.000000
4553.800293,-0.355988,-1011.808167,-0.014310,-0.314962,-8.000045,-1.583512,-0.080668,-80.000450,-1011.808167,3849.025146,0.000000
4553.900391,-0.355240,-1011.808167,-0.014310,-0.314962,-8.000045,-1.580186,-0.080499,-80.000450,-1011.808167,3849.109863,0.000000
4554.000000,-0.362320,-1011.808167,-0.014310,-0.314962,-8.000045,-1.611680,-0.082103,-80.000450,-1011.808167,3849.194824,0.000000
4554.100098,-0.363434,-1011.808167,-0.014310,-0.314962,-8.000045,-1.616634,-0.082355,-80.000450,-1011.808167,3849.279297,0.000000
4554.200195,-0.360825,-1011.808167,-0.014310,-0.314962,-8.000045,-1.605028,-0.081764,-80.000450,-1011.808167,3849.364258,0.000000
4554.300293,-0.358597,-1011.808167,-0.014310,-0.314962,-8.000045,-1.595118,-0.081259,-80.000450,-1011.808167,3849.448730,0.000000
4554.400391,-0.357101,-1011.808167,-0.014310,-0.314962,-8.000045,-1.588467,-0.080920,-80.000450,-1011.808167,3849.533203,0.000000
4554.500000,-0.354874,-1011.808167,-0.014310,-0.314962,-8.000045,-1.578557,-0.080416,-80.000450,-1011.808167,3849.618164,0.000000
4554.600098,-0.359711,-1011.808167,-0.014310,-0.314962,-8.000045,-1.600073,-0.081512,-80.000450,-1011.808167,3849.702881,0.000000
4554.700195,-0.357849,-1011.808167,-0.014310,-0.314962,-8.000045,-1.591792,-0.081090,-80.000450,-1011.808167,3849.787354,0.000000
4554.800293,-0.358963,-1011.808167,-0.014310,-0.314962,-8.000045,-1.596747,-0.081342,-80.000450,-1011.808167,3849.872314,0.000000
4554.900391,-0.356369,-1011.808167,-0.014310,-0.314962,-8.000045,-1.585209,-0.080754,-80.000450,-1011.808167,3849.957275,0.000000
4555.000000,-0.350784,-1011.808167,-0.014310,-0.314962,-8.000045,-1.560367,-0.079489,-80.000450,-1011.808167,3850.041748,0.000000
4555.100098,-0.365295,-1011.808167,-0.014310,-0.314962,-8.000045,-1.624915,-0.082777,-80.000450,-1011.808167,3850.126465,0.000000
4555.200195,-0.358231,-1011.808167,-0.014310,-0.314962,-8.000045,-1.593489,-0.081176,-80.000450,-1011.808167,3850.210937,0.000000
4555.300293,-0.348175,-1011.808167,-0.014310,-0.314962,-8.000045,-1.548760,-0.078898,-80.000450,-1011.808167,3850.295898,0.000000
4555.400391,-0.352264,-1011.808167,-0.014310,-0.314962,-8.000045,-1.566950,-0.079824,-80.000450,-1011.808167,3850.380371,0.000000
4555.500000,-0.358963,-1011.808167,-0.014310,-0.314962,-8.000045,-1.596747,-0.081342,-80.000450,-1011.808167,3850.465332,0.000000
4555.600098,-0.361954,-1011.808167,-0.014310,-0.314962,-8.000045,-1.610051,-0.082020,-80.000450,-1011.808167,3850.549805,0.000000
4555.700195,-0.349289,-1011.808167,-0.014310,-0.314962,-8.000045,-1.553715,-0.079150,-80.000450,-1011.808167,3850.634766,0.000000
4555.800293,-0.356735,-1011.808167,-0.014310,-0.314962,-8.000045,-1.586838,-0.080837,-80.000450,-1011.808167,3850.719482,0.000000
4555.900391,-0.357849,-1011.808167,-0.014310,-0.314962,-8.000045,-1.591792,-0.081090,-80.000450,-1011.808167,3850.803955,0.000000
4556.000000,-0.358597,-1011.808167,-0.014310,-0.314962,-8.000045,-1.595118,-0.081259,-80.000450,-1011.808167,3850.888428,0.000000
4556.100098,-0.359344,-1011.808167,-0.014310,-0.314962,-8.000045,-1.598444,-0.081429,-80.000450,-1011.808167,3850.973389,0.000000
4556.200195,-0.354874,-1011.808167,-0.014310,-0.314962,-8.000045,-1.578557,-0.080416,-80.000450,-1011.808167,3851.058350,0.000000
4556.300293,-0.360458,-1011.808167,-0.014310,-0.314962,-8.000045,-1.603399,-0.081681,-80.000450,-1011.808167,3851.142822,0.000000
4556.400391,-0.358597,-1011.808167,-0.014310,-0.314962,-8.000045,-1.595118,-0.081259,-80.000450,-1011.808167,3851.227539,0.000000
4556.500000,-0.357849,-1011.808167,-0.014310,-0.314962,-8.000045,-1.591792,-0.081090,-80.000450,-1011.808167,3851.312256,0.000000
4556.600098,-0.363434,-1011.808167,-0.014310,-0.314962,-8.000045,-1.616634,-0.082355,-80.000450,-1011.808167,3851.396973,0.000000
4556.700195,-0.360092,-1011.808167,-0.014310,-0.314962,-8.000045,-1.601770,-0.081598,-80.000450,-1011.808167,3851.481934,0.000000
4556.800293,-0.358963,-1011.808167,-0.014310,-0.314962,-8.000045,-1.596747,-0.081342,-80.000450,-1011.808167,3851.566406,0.000000
4556.900391,-0.353760,-1011.808167,-0.014310,-0.314962,-8.000045,-1.573602,-0.080163,-80.000450,-1011.808167,3851.650879,0.000000
4557.000000,-0.358597,-1011.808167,-0.014310,-0.314962,-8.000045,-1.595118,-0.081259,-80.000450,-1011.808167,3851.735840,0.000000
4557.100098,-0.359344,-1011.808167,-0.014310,-0.314962,-8.000045,-1.598444,-0.081429,-80.000450,-1011.808167,3851.820557,0.000000
4557.200195,-0.362701,-1011.808167,-0.014310,-0.314962,-8.000045,-1.613376,-0.082189,-80.000450,-1011.808167,3851.905029,0.000000
4557.300293,-0.360458,-1011.808167,-0.014310,-0.314962,-8.000045,-1.603399,-0.081681,-80.000450,-1011.808167,3851.989990,0.000000
4557.400391,-0.358963,-1011.808167,-0.014310,-0.314962,-8.000045,-1.596747,-0.081342,-80.000450,-1011.808167,3852.074951,0.000000
4557.500000,-0.356735,-1011.808167,-0.014310,-0.314962,-8.000045,-1.586838,-0.080837,-80.000450,-1011.808167,3852.159424,0.000000
4557.600098,-0.357101,-1011.808167,-0.014310,-0.314962,-8.000045,-1.588467,-0.080920,-80.000450,-1011.808167,3852.244385,0.000000
4557.700195,-0.357849,-1011.808167,-0.014310,-0.314962,-8.000045,-1.591792,-0.081090,-80.000450,-1011.808167,3852.328857,0.000000
4557.800293,-0.355240,-1011.808167,-0.014310,-0.314962,-8.000045,-1.580186,-0.080499,-80.000450,-1011.808167,3852.413330,0.000000
4557.900391,-0.361954,-1011.808167,-0.014310,-0.314962,-8.000045,-1.610051,-0.082020,-80.000450,-1011.808167,3852.498047,0.000000
4558.000000,-0.353378,-1011.808167,-0.014310,-0.314962,-8.000045,-1.571905,-0.080077,-80.000450,-1011.808167,3852.583008,0.000000
4558.100098,-0.354507,-1011.808167,-0.014310,-0.314962,-8.000045,-1.576928,-0.080333,-80.000450,-1011.808167,3852.667480,0.000000
4558.200195,-0.355240,-1011.808167,-0.014310,-0.314962,-8.000045,-1.580186,-0.080499,-80.000450,-1011.808167,3852.752441,0.000000
4558.300293,-0.353012,-1011.808167,-0.014310,-0.314962,-8.000045,-1.570276,-0.079994,-80.000450,-1011.808167,3852.837158,0.000000
4558.400391,-0.356735,-1011.808167,-0.014310,-0.314962,-8.000045,-1.586838,-0.080837,-80.000450,-1011.808167,3852.921631,0.000000
4558.500000,-0.355988,-1011.808167,-0.014310,-0.314962,-8.000045,-1.583512,-0.080668,-80.000450,-1011.808167,3853.006348,0.000000
4558.600098,-0.351151,-1011.808167,-0.014310,-0.314962,-8.000045,-1.561996,-0.079572,-80.000450,-1011.808167,3853.091064,0.000000
4558.700195,-0.357849,-1011.808167,-0.014310,-0.314962,-8.000045,-1.591792,-0.081090,-80.000450,-1011.808167,3853.175537,0.000000
4558.800293,-0.362701,-1011.808167,-0.014310,-0.314962,-8.000045,-1.613376,-0.082189,-80.000450,-1011.808167,3853.260498,0.000000
4558.900391,-0.359344,-1011.808167,-0.014310,-0.314962,-8.000045,-1.598444,-0.081429,-80.000450,-1011.808167,3853.345459,0.000000
4559.000000,-0.358963,-1011.808167,-0.014310,-0.314962,-8.000045,-1.596747,-0.081342,-80.000450,-1011.808167,3853.429932,0.000000
4559.100098,-0.348923,-1011.808167,-0.014310,-0.314962,-8.000045,-1.552086,-0.079067,-80.000450,-1011.808167,3853.514648,0.000000
4559.200195,-0.356369,-1011.808167,-0.014310,-0.314962,-8.000045,-1.585209,-0.080754,-80.000450,-1011.808167,3853.599609,0.000000
4559.300293,-0.357483,-1011.808167,-0.014310,-0.314962,-8.000045,-1.590163,-0.081007,-80.000450,-1011.808167,3853.684082,0.000000
4559.400391,-0.356735,-1011.808167,-0.014310,-0.314962,-8.000045,-1.586838,-0.080837,-80.000450,-1011.808167,3853.768555,0.000000
4559.500000,-0.354507,-1011.808167,-0.014310,-0.314962,-8.000045,-1.576928,-0.080333,-80.000450,-1011.808167,3853.853516,0.000000
4559.600098,-0.353012,-1011.808167,-0.014310,-0.314962,-8.000045,-1.570276,-0.079994,-80.000450,-1011.808167,3853.938232,0.000000
4559.700195,-0.354507,-1011.808167,-0.014310,-0.314962,-8.000045,-1.576928,-0.080333,-80.000450,-1011.808167,3854.022949,0.000000
4559.800293,-0.354507,-1011.808167,-0.014310,-0.314962,-8.000045,-1.576928,-0.080333,-80.000450,-1011.808167,3854.107666,0.000000
4559.900391,-0.351517,-1011.808167,-0.014310,-0.314962,-8.000045,-1.563625,-0.079655,-80.000450,-1011.808167,3854.192139,0.000000
4560.000000,-0.358597,-1011.808167,-0.014310,-0.314962,-8.000045,-1.595118,-0.081259,-80.000450,-1011.808167,3854.277100,0.000000
4560.100098,-0.351517,-1011.808167,-0.014310,-0.314962,-8.000045,-1.563625,-0.079655,-80.000450,-1011.808167,3854.361572,0.000000
4560.200195,-0.354126,-1011.808167,-0.014310,-0.314962,-8.000045,-1.575231,-0.080246,-80.000450,-1011.808167,3854.446533,0.000000
4560.300293,-0.349289,-1011.808167,-0.014310,-0.314962,-8.000045,-1.553715,-0.079150,-80.000450,-1011.808167,3854.531006,0.000000
4560.400391,-0.353378,-1011.808167,-0.014310,-0.314962,-8.000045,-1.571905,-0.080077,-80.000450,-1011.808167,3854.615723,0.000000
4560.500000,-0.358963,-1011.808167,-0.014310,-0.314962,-8.000045,-1.596747,-0.081342,-80.000450,-1011.808167,3854.700684,0.000000
4560.600098,-0.364182,-1011.808167,-0.014310,-0.314962,-8.000045,-1.619960,-0.082525,-80.000450,-1011.808167,3854.785156,0.000000
4560.700195,-0.360458,-1011.808167,-0.014310,-0.314962,-8.000045,-1.603399,-0.081681,-80.000450,-1011.808167,3854.870117,0.000000
4560.800293,-0.358963,-1011.808167,-0.014310,-0.314962,-8.000045,-1.596747,-0.081342,-80.000450,-1011.808167,3854.954590,0.000000
4560.900391,-0.366791,-1011.808167,-0.014310,-0.314962,-8.000045,-1.631567,-0.083116,-80.000450,-1011.808167,3855.039551,0.000000
4561.000000,-0.362320,-1011.808167,-0.014310,-0.314962,-8.000045,-1.611680,-0.082103,-80.000450,-1011.808167,3855.124023,0.000000
4561.100098,-0.352646,-1011.808167,-0.014310,-0.314962,-8.000045,-1.568647,-0.079911,-80.000450,-1011.808167,3855.208740,0.000000
4561.200195,-0.350784,-1011.808167,-0.014310,-0.314962,-8.000045,-1.560367,-0.079489,-80.000450,-1011.808167,3855.293213,0.000000
4561.300293,-0.351151,-1011.808167,-0.014310,-0.314962,-8.000045,-1.561996,-0.079572,-80.000450,-1011.808167,3855.378174,0.000000
4561.400391,-0.359344,-1011.808167,-0.014310,-0.314962,-8.000045,-1.598444,-0.081429,-80.000450,-1011.808167,3855.463135,0.000000
4561.500000,-0.356735,-1011.808167,-0.014310,-0.314962,-8.000045,-1.586838,-0.080837,-80.000450,-1011.808167,3855.547607,0.000000
4561.600098,-0.353378,-1011.808167,-0.014310,-0.314962,-8.000045,-1.571905,-0.080077,-80.000450,-1011.808167,3855.632080,0.000000
4561.700195,-0.351898,-1011.808167,-0.014310,-0.314962,-8.000045,-1.565321,-0.079741,-80.000450,-1011.808167,3855.717285,0.000000
4561.800293,-0.360825,-1011.808167,-0.014310,-0.314962,-8.000045,-1.605028,-0.081764,-80.000450,-1011.808167,3855.801758,0.000000
4561.900391,-0.358597,-1011.808167,-0.014310,-0.314962,-8.000045,-1.595118,-0.081259,-80.000450,-1011.808167,3855.886230,0.000000
4562.000000,-0.358963,-1011.808167,-0.014310,-0.314962,-8.000045,-1.596747,-0.081342,-80.000450,-1011.808167,3855.971191,0.000000
4562.100098,-0.350403,-1011.808167,-0.014310,-0.314962,-8.000045,-1.558670,-0.079402,-80.000450,-1011.808167,3856.055664,0.000000
4562.200195,-0.362320,-1011.808167,-0.014310,-0.314962,-8.000045,-1.611680,-0.082103,-80.000450,-1011.808167,3856.140625,0.000000
4562.300293,-0.353760,-1011.808167,-0.014310,-0.314962,-8.000045,-1.573602,-0.080163,-80.000450,-1011.808167,3856.225342,0.000000
4562.400391,-0.357483,-1011.808167,-0.014310,-0.314962,-8.000045,-1.590163,-0.081007,-80.000450,-1011.808167,3856.309814,0.000000
4562.500000,-0.358597,-1011.808167,-0.014310,-0.314962,-8.000045,-1.595118,-0.081259,-80.000450,-1011.808167,3856.394287,0.000000
4562.600098,-0.360092,-1011.808167,-0.014310,-0.314962,-8.000045,-1.601770,-0.081598,-80.000450,-1011.808167,3856.479248,0.000000
4562.700195,-0.362320,-1011.808167,-0.014310,-0.314962,-8.000045,-1.611680,-0.082103,-80.000450,-1011.808167,3856.564209,0.000000
4562.800293,-0.350403,-1011.808167,-0.014310,-0.314962,-8.000045,-1.558670,-0.079402,-80.000450,-1011.808167,3856.648682,0.000000
4562.900391,-0.351517,-1011.808167,-0.014310,-0.314962,-8.000045,-1.563625,-0.079655,-80.000450,-1011.808167,3856.733643,0.000000
4563.000000,-0.351151,-1011.808167,-0.014310,-0.314962,-8.000045,-1.561996,-0.079572,-80.000450,-1011.808167,3856.818115,0.000000
4563.100098,-0.367905,-1011.808167,-0.014310,-0.314962,-8.000045,-1.636522,-0.083368,-80.000450,-1011.808167,3856.902832,0.000000
4563.200195,-0.355988,-1011.808167,-0.014310,-0.314962,-8.000045,-1.583512,-0.080668,-80.000450,-1011.808167,3856.987793,0.000000
4563.300293,-0.357101,-1011.808167,-0.014310,-0.314962,-8.000045,-1.588467,-0.080920,-80.000450,-1011.808167,3857.072266,0.000000
4563.400391,-0.355988,-1011.808167,-0.014310,-0.314962,-8.000045,-1.583512,-0.080668,-80.000450,-1011.808167,3857.157227,0.000000
4563.500000,-0.369766,-1011.808167,-0.014310,-0.314962,-8.000045,-1.644802,-0.083790,-80.000450,-1011.808167,3857.241699,0.000000
4563.600098,-0.361206,-1011.808167,-0.014310,-0.314962,-8.000045,-1.606725,-0.081850,-80.000450,-1011.808167,3857.326416,0.000000
4563.700195,-0.347061,-1011.808167,-0.014310,-0.314962,-8.000045,-1.543805,-0.078645,-80.000450,-1011.808167,3857.410889,0.000000
4563.800293,-0.354874,-1011.808167,-0.014310,-0.314962,-8.000045,-1.578557,-0.080416,-80.000450,-1011.808167,3857.495850,0.000000
4563.900391,-0.355240,-1011.808167,-0.014310,-0.314962,-8.000045,-1.580186,-0.080499,-80.000450,-1011.808167,3857.580811,0.000000
4564.000000,-0.354126,-1011.808167,-0.014310,-0.314962,-8.000045,-1.575231,-0.080246,-80.000450,-1011.808167,3857.665283,0.000000
4564.100098,-0.353012,-1011.808167,-0.014310,-0.314962,-8.000045,-1.570276,-0.079994,-80.000450,-1011.808167,3857.749756,0.000000
4564.200195,-0.351517,-1011.808167,-0.014310,-0.314962,-8.000045,-1.563625,-0.079655,-80.000450,-1011.808167,3857.834717,0.000000
4564.300293,-0.353760,-1011.808167,-0.014310,-0.314962,-8.000045,-1.573602,-0.080163,-80.000450,-1011.808167,3857.919434,0.000000
4564.400391,-0.360825,-1011.808167,-0.014310,-0.314962,-8.000045,-1.605028,-0.081764,-80.000450,-1011.808167,3858.003906,0.000000
4564.500000,-0.357483,-1011.808167,-0.014310,-0.314962,-8.000045,-1.590163,-0.081007,-80.000450,-1011.808167,3858.088867,0.000000
4564.600098,-0.354874,-1011.808167,-0.014310,-0.314962,-8.000045,-1.578557,-0.080416,-80.000450,-1011.808167,3858.173340,0.000000
4564.700195,-0.348541,-1011.808167,-0.014310,-0.314962,-8.000045,-1.550389,-0.078981,-80.000450,-1011.808167,3858.257812,0.000000
4564.800293,-0.349289,-1011.808167,-0.014310,-0.314962,-8.000045,-1.553715,-0.079150,-80.000450,-1011.808167,3858.343018,0.000000
4564.900391,-0.351517,-1011.808167,-0.014310,-0.314962,-8.000045,-1.563625,-0.079655,-80.000450,-1011.808167,3858.427490,0.000000
4565.000000,-0.355988,-1011.808167,-0.014310,-0.314962,-8.000045,-1.583512,-0.080668,-80.000450,-1011.808167,3858.512207,0.000000
4565.100098,-0.355240,-1011.808167,-0.014310,-0.314962,-8.000045,-1.580186,-0.080499,-80.000450,-1011.808167,3858.596924,0.000000
4565.200195,-0.363434,-1011.808167,-0.014310,-0.314962,-8.000045,-1.616634,-0.082355,-80.000450,-1011.808167,3858.681885,0.000000
4565.300293,-0.359344,-1011.808167,-0.014310,-0.314962,-8.000045,-1.598444,-0.081429,-80.000450,-1011.808167,3858.766357,0.000000
4565.400391,-0.361954,-1011.808167,-0.014310,-0.314962,-8.000045,-1.610051,-0.082020,-80.000450,-1011.808167,3858.851318,0.000000
4565.500000,-0.366043,-1011.808167,-0.014310,-0.314962,-8.000045,-1.628241,-0.082947,-80.000450,-1011.808167,3858.935791,0.000000
4565.600098,-0.357101,-1011.808167,-0.014310,-0.314962,-8.000045,-1.588467,-0.080920,-80.000450,-1011.808167,3859.020508,0.000000
4565.700195,-0.359711,-1011.808167,-0.014310,-0.314962,-8.000045,-1.600073,-0.081512,-80.000450,-1011.808167,3859.105469,0.000000
4565.800293,-0.357483,-1011.808167,-0.014310,-0.314962,-8.000045,-1.590163,-0.081007,-80.000450,-1011.808167,3859.189941,0.000000
4565.900391,-0.353012,-1011.808167,-0.014310,-0.314962,-8.000045,-1.570276,-0.079994,-80.000450,-1011.808167,3859.274414,0.000000
4566.000000,-0.354874,-1011.808167,-0.014310,-0.314962,-8.000045,-1.578557,-0.080416,-80.000450,-1011.808167,3859.359375,0.000000
4566.100098,-0.350784,-1011.808167,-0.014310,-0.314962,-8.000045,-1.560367,-0.079489,-80.000450,-1011.808167,3859.444092,0.000000
4566.200195,-0.357101,-1011.808167,-0.014310,-0.314962,-8.000045,-1.588467,-0.080920,-80.000450,-1011.808167,3859.528809,0.000000
4566.300293,-0.362701,-1011.808167,-0.014310,-0.314962,-8.000045,-1.613376,-0.082189,-80.000450,-1011.808167,3859.613525,0.000000
4566.400391,-0.362701,-1011.808167,-0.014310,-0.314962,-8.000045,-1.613376,-0.082189,-80.000450,-1011.808167,3859.697998,0.000000
4566.500000,-0.364563,-1011.808167,-0.014310,-0.314962,-8.000045,-1.621657,-0.082611,-80.000450,-1011.808167,3859.782959,0.000000
4566.600098,-0.363068,-1011.808167,-0.014310,-0.314962,-8.000045,-1.615005,-0.082272,-80.000450,-1011.808167,3859.867432,0.000000
4566.700195,-0.350784,-1011.808167,-0.014310,-0.314962,-8.000045,-1.560367,-0.079489,-80.000450,-1011.808167,3859.952393,0.000000
4566.800293,-0.352646,-1011.808167,-0.014310,-0.314962,-8.000045,-1.568647,-0.079911,-80.000450,-1011.808167,3860.036865,0.000000
4566.900391,-0.352646,-1011.808167,-0.014310,-0.314962,-8.000045,-1.568647,-0.079911,-80.000450,-1011.808167,3860.121582,0.000000
4567.000000,-0.351151,-1011.808167,-0.014310,-0.314962,-8.000045,-1.561996,-0.079572,-80.000450,-1011.808167,3860.206543,0.000000
4567.100098,-0.356369,-1011.808167,-0.014310,-0.314962,-8.000045,-1.585209,-0.080754,-80.000450,-1011.808167,3860.291016,0.000000
4567.200195,-0.360825,-1011.808167,-0.014310,-0.314962,-8.000045,-1.605028,-0.081764,-80.000450,-1011.808167,3860.375488,0.000000
4567.300293,-0.356735,-1011.808167,-0.014310,-0.314962,-8.000045,-1.586838,-0.080837,-80.000450,-1011.808167,3860.460449,0.000000
4567.400391,-0.353378,-1011.808167,-0.014310,-0.314962,-8.000045,-1.571905,-0.080077,-80.000450,-1011.808167,3860.545410,0.000000
4567.500000,-0.357849,-1011.808167,-0.014310,-0.314962,-8.000045,-1.591792,-0.081090,-80.000450,-1011.808167,3860.629883,0.000000
4567.600098,-0.342590,-1011.808167,-0.014310,-0.314962,-8.000045,-1.523918,-0.077632,-80.000450,-1011.808167,3860.714600,0.000000
4567.700195,-0.355988,-1011.808167,-0.014310,-0.314962,-8.000045,-1.583512,-0.080668,-80.000450,-1011.808167,3860.799561,0.000000
4567.800293,-0.360092,-1011.808167,-0.014310,-0.314962,-8.000045,-1.601770,-0.081598,-80.000450,-1011.808167,3860.884033,0.000000
4567.900391,-0.363434,-1011.808167,-0.014310,-0.314962,-8.000045,-1.616634,-0.082355,-80.000450,-1011.808167,3860.968994,0.000000
4568.000000,-0.354874,-1011.808167,-0.014310,-0.314962,-8.000045,-1.578557,-0.080416,-80.000450,-1011.808167,3861.053467,0.000000
4568.100098,-0.364929,-1011.808167,-0.014310,-0.314962,-8.000045,-1.623286,-0.082694,-80.000450,-1011.808167,3861.137939,0.000000
4568.200195,-0.353760,-1011.808167,-0.014310,-0.314962,-8.000045,-1.573602,-0.080163,-80.000450,-1011.808167,3861.222900,0.000000
4568.300293,-0.353760,-1011.808167,-0.014310,-0.314962,-8.000045,-1.573602,-0.080163,-80.000450,-1011.808167,3861.307617,0.000000
4568.400391,-0.356735,-1011.808167,-0.014310,-0.314962,-8.000045,-1.586838,-0.080837,-80.000450,-1011.808167,3861.392090,0.000000
4568.500000,-0.347794,-1011.808167,-0.014310,-0.314962,-8.000045,-1.547063,-0.078811,-80.000450,-1011.808167,3861.477051,0.000000
4568.600098,-0.349655,-1011.808167,-0.014310,-0.314962,-8.000045,-1.555344,-0.079233,-80.000450,-1011.808167,3861.562012,0.000000
4568.700195,-0.363815,-1011.808167,-0.014310,-0.314962,-8.000045,-1.618331,-0.082442,-80.000450,-1011.808167,3861.646484,0.000000
4568.800293,-0.360092,-1011.808167,-0.014310,-0.314962,-8.000045,-1.601770,-0.081598,-80.000450,-1011.808167,3861.731201,0.000000
4568.900391,-0.354507,-1011.808167,-0.014310,-0.314962,-8.000045,-1.576928,-0.080333,-80.000450,-1011.808167,3861.815674,0.000000
4569.000000,-0.358597,-1011.808167,-0.014310,-0.314962,-8.000045,-1.595118,-0.081259,-80.000450,-1011.808167,3861.900146,0.000000
4569.100098,-0.362701,-1011.808167,-0.014310,-0.314962,-8.000045,-1.613376,-0.082189,-80.000450,-1011.808167,3861.985107,0.000000
4569.200195,-0.351151,-1011.808167,-0.014310,-0.314962,-8.000045,-1.561996,-0.079572,-80.000450,-1011.808167,3862.070068,0.000000
4569.300293,-0.365295,-1011.808167,-0.014310,-0.314962,-8.000045,-1.624915,-0.082777,-80.000450,-1011.808167,3862.154541,0.000000
4569.400391,-0.364182,-1011.808167,-0.014310,-0.314962,-8.000045,-1.619960,-0.082525,-80.000450,-1011.808167,3862.239502,0.000000
4569.500000,-0.355240,-1011.808167,-0.014310,-0.314962,-8.000045,-1.580186,-0.080499,-80.000450,-1011.808167,3862.324219,0.000000
4569.600098,-0.344070,-1011.808167,-0.014310,-0.314962,-8.000045,-1.530502,-0.077967,-80.000450,-1011.808167,3862.408691,0.000000
4569.700195,-0.354126,-1011.808167,-0.014310,-0.314962,-8.000045,-1.575231,-0.080246,-80.000450,-1011.808167,3862.493164,0.000000
4569.800293,-0.353760,-1011.808167,-0.014310,-0.314962,-8.000045,-1.573602,-0.080163,-80.000450,-1011.808167,3862.578125,0.000000
4569.900391,-0.347427,-1011.808167,-0.014310,-0.314962,-8.000045,-1.545434,-0.078728,-80.000450,-1011.808167,3862.662598,0.000000
4570.000000,-0.358231,-1011.808167,-0.014310,-0.314962,-8.000045,-1.593489,-0.081176,-80.000450,-1011.808167,3862.747559,0.000000
4570.100098,-0.354507,-1011.808167,-0.014310,-0.314962,-8.000045,-1.576928,-0.080333,-80.000450,-1011.808167,3862.832275,0.000000
4570.200195,-0.351517,-1011.808167,-0.014310,-0.314962,-8.000045,-1.563625,-0.079655,-80.000450,-1011.808167,3862.916748,0.000000
4570.300293,-0.357849,-1011.808167,-0.014310,-0.314962,-8.000045,-1.591792,-0.081090,-80.000450,-1011.808167,3863.001709,0.000000
4570.400391,-0.353760,-1011.808167,-0.014310,-0.314962,-8.000045,-1.573602,-0.080163,-80.000450,-1011.808167,3863.086670,0.000000
4570.500000,-0.355621,-1011.808167,-0.014310,-0.314962,-8.000045,-1.581883,-0.080585,-80.000450,-1011.808167,3863.171143,0.000000
4570.600098,-0.356369,-1011.808167,-0.014310,-0.314962,-8.000045,-1.585209,-0.080754,-80.000450,-1011.808167,3863.255615,0.000000
4570.700195,-0.347427,-1011.808167,-0.014310,-0.314962,-8.000045,-1.545434,-0.078728,-80.000450,-1011.808167,3863.340576,0.000000
4570.800293,-0.350784,-1011.808167,-0.014310,-0.314962,-8.000045,-1.560367,-0.079489,-80.000450,-1011.808167,3863.425293,0.000000
4570.900391,-0.362320,-1011.808167,-0.014310,-0.314962,-8.000045,-1.611680,-0.082103,-80.000450,-1011.808167,3863.509766,0.000000
4571.000000,-0.354126,-1011.808167,-0.014310,-0.314962,-8.000045,-1.575231,-0.080246,-80.000450,-1011.808167,3863.594727,0.000000
4571.100098,-0.361954,-1011.808167,-0.014310,-0.314962,-8.000045,-1.610051,-0.082020,-80.000450,-1011.808167,3863.679199,0.000000
4571.200195,-0.349289,-1011.808167,-0.014310,-0.314962,-8.000045,-1.553715,-0.079150,-80.000450,-1011.808167,3863.764160,0.000000
4571.300293,-0.350037,-1011.808167,-0.014310,-0.314962,-8.000045,-1.557041,-0.079319,-80.000450,-1011.808167,3863.848877,0.000000
4571.400391,-0.348541,-1011.808167,-0.014310,-0.314962,-8.000045,-1.550389,-0.078981,-80.000450,-1011.808167,3863.933350,0.000000
4571.500000,-0.358963,-1011.808167,-0.014310,-0.314962,-8.000045,-1.596747,-0.081342,-80.000450,-1011.808167,3864.018066,0.000000
4571.600098,-0.357483,-1011.808167,-0.014310,-0.314962,-8.000045,-1.590163,-0.081007,-80.000450,-1011.808167,3864.102783,0.000000
4571.700195,-0.357483,-1011.808167,-0.014310,-0.314962,-8.000045,-1.590163,-0.081007,-80.000450,-1011.808167,3864.187744,0.000000
4571.800293,-0.362320,-1011.808167,-0.014310,-0.314962,-8.000045,-1.611680,-0.082103,-80.000450,-1011.808167,3864.272217,0.000000
4571.900391,-0.359344,-1011.808167,-0.014310,-0.314962,-8.000045,-1.598444,-0.081429,-80.000450,-1011.808167,3864.357178,0.000000
4572.000000,-0.360825,-1011.808167,-0.014310,-0.314962,-8.000045,-1.605028,-0.081764,-80.000450,-1011.808167,3864.441895,0.000000
4572.100098,-0.362320,-1011.808167,-0.014310,-0.314962,-8.000045,-1.611680,-0.082103,-80.000450,-1011.808167,3864.526367,0.000000
4572.200195,-0.350784,-1011.808167,-0.014310,-0.314962,-8.000045,-1.560367,-0.079489,-80.000450,-1011.808167,3864.610840,0.000000
4572.300293,-0.359711,-1011.808167,-0.014310,-0.314962,-8.000045,-1.600073,-0.081512,-80.000450,-1011.808167,3864.695801,0.000000
4572.400391,-0.355621,-1011.808167,-0.014310,-0.314962,-8.000045,-1.581883,-0.080585,-80.000450,-1011.808167,3864.780273,0.000000
4572.500000,-0.360092,-1011.808167,-0.014310,-0.314962,-8.000045,-1.601770,-0.081598,-80.000450,-1011.808167,3864.865234,0.000000
4572.600098,-0.357483,-1011.808167,-0.014310,-0.314962,-8.000045,-1.590163,-0.081007,-80.000450,-1011.808167,3864.950195,0.000000
4572.700195,-0.355621,-1011.808167,-0.014310,-0.314962,-8.000045,-1.581883,-0.080585,-80.000450,-1011.808167,3865.034668,0.000000
4572.800293,-0.351898,-1011.808167,-0.014310,-0.314962,-8.000045,-1.565321,-0.079741,-80.000450,-1011.808167,3865.119141,0.000000
4572.900391,-0.358963,-1011.808167,-0.014310,-0.314962,-8.000045,-1.596747,-0.081342,-80.000450,-1011.808167,3865.204346,0.000000
4573.000000,-0.349655,-1011.808167,-0.014310,-0.314962,-8.000045,-1.555344,-0.079233,-80.000450,-1011.808167,3865.288818,0.000000
4573.100098,-0.357849,-1011.808167,-0.014310,-0.314962,-8.000045,-1.591792,-0.081090,-80.000450,-1011.808167,3865.373291,0.000000
4573.200195,-0.356369,-1011.808167,-0.014310,-0.314962,-8.000045,-1.585209,-0.080754,-80.000450,-1011.808167,3865.458252,0.000000
4573.300293,-0.355240,-1011.808167,-0.014310,-0.314962,-8.000045,-1.580186,-0.080499,-80.000450,-1011.808167,3865.542725,0.000000
4573.400391,-0.357101,-1011.808167,-0.014310,-0.314962,-8.000045,-1.588467,-0.080920,-80.000450,-1011.808167,3865.627441,0.000000
4573.500000,-0.353012,-1011.808167,-0.014310,-0.314962,-8.000045,-1.570276,-0.079994,-80.000450,-1011.808167,3865.712402,0.000000
4573.600098,-0.353378,-1011.808167,-0.014310,-0.314962,-8.000045,-1.571905,-0.080077,-80.000450,-1011.808167,3865.796875,0.000000
4573.700195,-0.353378,-1011.808167,-0.014310,-0.314962,-8.000045,-1.571905,-0.080077,-80.000450,-1011.808167,3865.881348,0.000000
4573.800293,-0.369019,-1011.808167,-0.014310,-0.314962,-8.000045,-1.641477,-0.083621,-80.000450,-1011.808167,3865.966797,0.000000
4573.900391,-0.347794,-1011.808167,-0.014310,-0.314962,-8.000045,-1.547063,-0.078811,-80.000450,-1011.808167,3866.051270,0.000000
4574.000000,-0.358963,-1011.808167,-0.014310,-0.314962,-8.000045,-1.596747,-0.081342,-80.000450,-1011.808167,3866.135742,0.000000
4574.100098,-0.361206,-1011.808167,-0.014310,-0.314962,-8.000045,-1.606725,-0.081850,-80.000450,-1011.808167,3866.220459,0.000000
4574.200195,-0.361572,-1011.808167,-0.014310,-0.314962,-8.000045,-1.608354,-0.081933,-80.000450,-1011.808167,3866.305420,0.000000
4574.300293,-0.355240,-1011.808167,-0.014310,-0.314962,-8.000045,-1.580186,-0.080499,-80.000450,-1011.808167,3866.389893,0.000000
4574.400391,-0.360825,-1011.808167,-0.014310,-0.314962,-8.000045,-1.605028,-0.081764,-80.000450,-1011.808167,3866.474854,0.000000
4574.500000,-0.359711,-1011.808167,-0.014310,-0.314962,-8.000045,-1.600073,-0.081512,-80.000450,-1011.808167,3866.559326,0.000000
4574.600098,-0.364182,-1011.808167,-0.014310,-0.314962,-8.000045,-1.619960,-0.082525,-80.000450,-1011.808167,3866.644043,0.000000
4574.700195,-0.354126,-1011.808167,-0.014310,-0.314962,-8.000045,-1.575231,-0.080246,-80.000450,-1011.808167,3866.728760,0.000000
4574.800293,-0.359711,-1011.808167,-0.014310,-0.314962,-8.000045,-1.600073,-0.081512,-80.000450,-1011.808167,3866.813477,0.000000
4574.900391,-0.356369,-1011.808167,-0.014310,-0.314962,-8.000045,-1.585209,-0.080754,-80.000450,-1011.808167,3866.897949,0.000000
4575.000000,-0.349289,-1011.808167,-0.014310,-0.314962,-8.000045,-1.553715,-0.079150,-80.000450,-1011.808167,3866.982910,0.000000
4575.100098,-0.362320,-1011.808167,-0.014310,-0.314962,-8.000045,-1.611680,-0.082103,-80.000450,-1011.808167,3867.067871,0.000000
4575.200195,-0.348923,-1011.808167,-0.014310,-0.314962,-8.000045,-1.552086,-0.079067,-80.000450,-1011.808167,3867.152344,0.000000
4575.300293,-0.360092,-1011.808167,-0.014310,-0.314962,-8.000045,-1.601770,-0.081598,-80.000450,-1011.808167,3867.236816,0.000000
4575.400391,-0.359711,-1011.808167,-0.014310,-0.314962,-8.000045,-1.600073,-0.081512,-80.000450,-1011.808167,3867.321533,0.000000
4575.500000,-0.351517,-1011.808167,-0.014310,-0.314962,-8.000045,-1.563625,-0.079655,-80.000450,-1011.808167,3867.406494,0.000000
4575.600098,-0.350403,-1011.808167,-0.014310,-0.314962,-8.000045,-1.558670,-0.079402,-80.000450,-1011.808167,3867.490967,0.000000
4575.700195,-0.357849,-1011.808167,-0.014310,-0.314962,-8.000045,-1.591792,-0.081090,-80.000450,-1011.808167,3867.575928,0.000000
4575.800293,-0.355988,-1011.808167,-0.014310,-0.314962,-8.000045,-1.583512,-0.080668,-80.000450,-1011.808167,3867.660400,0.000000
4575.900391,-0.355240,-1011.808167,-0.014310,-0.314962,-8.000045,-1.580186,-0.080499,-80.000450,-1011.808167,3867.745361,0.000000
4576.000000,-0.360825,-1011.808167,-0.014310,-0.314962,-8.000045,-1.605028,-0.081764,-80.000450,-1011.808167,3867.830078,0.000000
4576.100098,-0.354874,-1011.808167,-0.014310,-0.314962,-8.000045,-1.578557,-0.080416,-80.000450,-1011.808167,3867.914551,0.000000
4576.200195,-0.355240,-1011.808167,-0.014310,-0.314962,-8.000045,-1.580186,-0.080499,-80.000450,-1011.808167,3867.999023,0.000000
4576.300293,-0.370880,-1011.808167,-0.014310,-0.314962,-8.000045,-1.649757,-0.084043,-80.000450,-1011.808167,3868.084473,0.000000
4576.400391,-0.355240,-1011.808167,-0.014310,-0.314962,-8.000045,-1.580186,-0.080499,-80.000450,-1011.808167,3868.168945,0.000000
4576.500000,-0.356369,-1011.808167,-0.014310,-0.314962,-8.000045,-1.585209,-0.080754,-80.000450,-1011.808167,3868.253418,0.000000
4576.600098,-0.351898,-1011.808167,-0.014310,-0.314962,-8.000045,-1.565321,-0.079741,-80.000450,-1011.808167,3868.338135,0.000000
4576.700195,-0.353012,-1011.808167,-0.014310,-0.314962,-8.000045,-1.570276,-0.079994,-80.000450,-1011.808167,3868.422852,0.000000
4576.800293,-0.350784,-1011.808167,-0.014310,-0.314962,-8.000045,-1.560367,-0.079489,-80.000450,-1011.808167,3868.507568,0.000000
4576.900391,-0.358963,-1011.808167,-0.014310,-0.314962,-8.000045,-1.596747,-0.081342,-80.000450,-1011.808167,3868.592529,0.000000
4577.000000,-0.354507,-1011.808167,-0.014310,-0.314962,-8.000045,-1.576928,-0.080333,-80.000450,-1011.808167,3868.677002,0.000000
4577.100098,-0.355621,-1011.808167,-0.014310,-0.314962,-8.000045,-1.581883,-0.080585,-80.000450,-1011.808167,3868.761475,0.000000
4577.200195,-0.345566,-1011.808167,-0.014310,-0.314962,-8.000045,-1.537153,-0.078306,-80.000450,-1011.808167,3868.846436,0.000000
4577.300293,-0.357483,-1011.808167,-0.014310,-0.314962,-8.000045,-1.590163,-0.081007,-80.000450,-1011.808167,3868.931152,0.000000
4577.400391,-0.363068,-1011.808167,-0.014310,-0.314962,-8.000045,-1.615005,-0.082272,-80.000450,-1011.808167,3869.015625,0.000000
4577.500000,-0.364929,-1011.808167,-0.014310,-0.314962,-8.000045,-1.623286,-0.082694,-80.000450,-1011.808167,3869.100586,0.000000
4577.600098,-0.357101,-1011.808167,-0.014310,-0.314962,-8.000045,-1.588467,-0.080920,-80.000450,-1011.808167,3869.185059,0.000000
4577.700195,-0.358963,-1011.808167,-0.014310,-0.314962,-8.000045,-1.596747,-0.081342,-80.000450,-1011.808167,3869.270020,0.000000
4577.800293,-0.361954,-1011.808167,-0.014310,-0.314962,-8.000045,-1.610051,-0.082020,-80.000450,-1011.808167,3869.354492,0.000000
4577.900391,-0.355240,-1011.808167,-0.014310,-0.314962,-8.000045,-1.580186,-0.080499,-80.000450,-1011.808167,3869.439453,0.000000
4578.000000,-0.362701,-1011.808167,-0.014310,-0.314962,-8.000045,-1.613376,-0.082189,-80.000450,-1011.808167,3869.523926,0.000000
4578.100098,-0.348923,-1011.808167,-0.014310,-0.314962,-8.000045,-1.552086,-0.079067,-80.000450,-1011.808167,3869.608643,0.000000
4578.200195,-0.355988,-1011.808167,-0.014310,-0.314962,-8.000045,-1.583512,-0.080668,-80.000450,-1011.808167,3869.693604,0.000000
4578.300293,-0.355988,-1011.808167,-0.014310,-0.314962,-8.000045,-1.583512,-0.080668,-80.000450,-1011.808167,3869.778076,0.000000
4578.400391,-0.358597,-1011.808167,-0.014310,-0.314962,-8.000045,-1.595118,-0.081259,-80.000450,-1011.808167,3869.863037,0.000000
4578.500000,-0.362320,-1011.808167,-0.014310,-0.314962,-8.000045,-1.611680,-0.082103,-80.000450,-1011.808167,3869.947510,0.000000
4578.600098,-0.356735,-1011.808167,-0.014310,-0.314962,-8.000045,-1.586838,-0.080837,-80.000450,-1011.808167,3870.032227,0.000000
4578.700195,-0.352646,-1011.808167,-0.014310,-0.314962,-8.000045,-1.568647,-0.079911,-80.000450,-1011.808167,3870.116699,0.000000
4578.800293,-0.358963,-1011.808167,-0.014310,-0.314962,-8.000045,-1.596747,-0.081342,-80.000450,-1011.808167,3870.201660,0.000000
4578.900391,-0.349289,-1011.808167,-0.014310,-0.314962,-8.000045,-1.553715,-0.079150,-80.000450,-1011.808167,3870.286621,0.000000
4579.000000,-0.356369,-1011.808167,-0.014310,-0.314962,-8.000045,-1.585209,-0.080754,-80.000450,-1011.808167,3870.371094,0.000000
4579.100098,-0.351151,-1011.808167,-0.014310,-0.314962,-8.000045,-1.561996,-0.079572,-80.000450,-1011.808167,3870.456055,0.000000
4579.200195,-0.357849,-1011.808167,-0.014310,-0.314962,-8.000045,-1.591792,-0.081090,-80.000450,-1011.808167,3870.540527,0.000000
4579.300293,-0.352646,-1011.808167,-0.014310,-0.314962,-8.000045,-1.568647,-0.079911,-80.000450,-1011.808167,3870.625000,0.000000
4579.400391,-0.358597,-1011.808167,-0.014310,-0.314962,-8.000045,-1.595118,-0.081259,-80.000450,-1011.808167,3870.710205,0.000000
4579.500000,-0.348541,-1011.808167,-0.014310,-0.314962,-8.000045,-1.550389,-0.078981,-80.000450,-1011.808167,3870.794678,0.000000
4579.600098,-0.353378,-1011.808167,-0.014310,-0.314962,-8.000045,-1.571905,-0.080077,-80.000450,-1011.808167,3870.879150,0.000000
4579.700195,-0.355621,-1011.808167,-0.014310,-0.314962,-8.000045,-1.581883,-0.080585,-80.000450,-1011.808167,3870.964111,0.000000
4579.800293,-0.360092,-1011.808167,-0.014310,-0.314962,-8.000045,-1.601770,-0.081598,-80.000450,-1011.808167,3871.048828,0.000000
4579.900391,-0.362701,-1011.808167,-0.014310,-0.314962,-8.000045,-1.613376,-0.082189,-80.000450,-1011.808167,3871.133301,0.000000
4580.000000,-0.356735,-1011.808167,-0.014310,-0.314962,-8.000045,-1.586838,-0.080837,-80.000450,-1011.808167,3871.218262,0.000000
4580.100098,-0.362320,-1011.808167,-0.014310,-0.314962,-8.000045,-1.611680,-0.082103,-80.000450,-1011.808167,3871.302734,0.000000
4580.200195,-0.359344,-1011.808167,-0.014310,-0.314962,-8.000045,-1.598444,-0.081429,-80.000450,-1011.808167,3871.387207,0.000000
4580.300293,-0.360458,-1011.808167,-0.014310,-0.314962,-8.000045,-1.603399,-0.081681,-80.000450,-1011.808167,3871.472168,0.000000
4580.400391,-0.357849,-1011.808167,-0.014310,-0.314962,-8.000045,-1.591792,-0.081090,-80.000450,-1011.808167,3871.557129,0.000000
4580.500000,-0.360458,-1011.808167,-0.014310,-0.314962,-8.000045,-1.603399,-0.081681,-80.000450,-1011.808167,3871.641602,0.000000
4580.600098,-0.352646,-1011.808167,-0.014310,-0.314962,-8.000045,-1.568647,-0.079911,-80.000450,-1011.808167,3871.726318,0.000000
4580.700195,-0.356735,-1011.808167,-0.014310,-0.314962,-8.000045,-1.586838,-0.080837,-80.000450,-1011.808167,3871.811279,0.000000
4580.800293,-0.353760,-1011.808167,-0.014310,-0.314962,-8.000045,-1.573602,-0.080163,-80.000450,-1011.808167,3871.895752,0.000000
4580.900391,-0.357483,-1011.808167,-0.014310,-0.314962,-8.000045,-1.590163,-0.081007,-80.000450,-1011.808167,3871.980225,0.000000
4581.000000,-0.351151,-1011.808167,-0.014310,-0.314962,-8.000045,-1.561996,-0.079572,-80.000450,-1011.808167,3872.065186,0.000000
4581.100098,-0.357849,-1011.808167,-0.014310,-0.314962,-8.000045,-1.591792,-0.081090,-80.000450,-1011.808167,3872.149902,0.000000
4581.200195,-0.357849,-1011.808167,-0.014310,-0.314962,-8.000045,-1.591792,-0.081090,-80.000450,-1011.808167,3872.234619,0.000000
4581.300293,-0.363815,-1011.808167,-0.014310,-0.314962,-8.000045,-1.618331,-0.082442,-80.000450,-1011.808167,3872.319336,0.000000
4581.400391,-0.357483,-1011.808167,-0.014310,-0.314962,-8.000045,-1.590163,-0.081007,-80.000450,-1011.808167,3872.403809,0.000000
4581.500000,-0.357849,-1011.808167,-0.014310,-0.314962,-8.000045,-1.591792,-0.081090,-80.000450,-1011.808167,3872.488770,0.000000
4581.600098,-0.355621,-1011.808167,-0.014310,-0.314962,-8.000045,-1.581883,-0.080585,-80.000450,-1011.808167,3872.573730,0.000000
4581.700195,-0.362320,-1011.808167,-0.014310,-0.314962,-8.000045,-1.611680,-0.082103,-80.000450,-1011.808167,3872.658203,0.000000
4581.800293,-0.355988,-1011.808167,-0.014310,-0.314962,-8.000045,-1.583512,-0.080668,-80.000450,-1011.808167,3872.742676,0.000000
4581.900391,-0.347061,-1011.808167,-0.014310,-0.314962,-8.000045,-1.543805,-0.078645,-80.000450,-1011.808167,3872.827393,0.000000
4582.000000,-0.349655,-1011.808167,-0.014310,-0.314962,-8.000045,-1.555344,-0.079233,-80.000450,-1011.808167,3872.912354,0.000000
4582.100098,-0.361954,-1011.808167,-0.014310,-0.314962,-8.000045,-1.610051,-0.082020,-80.000450,-1011.808167,3872.996826,0.000000
4582.200195,-0.363068,-1011.808167,-0.014310,-0.314962,-8.000045,-1.615005,-0.082272,-80.000450,-1011.808167,3873.081787,0.000000
4582.300293,-0.351517,-1011.808167,-0.014310,-0.314962,-8.000045,-1.563625,-0.079655,-80.000450,-1011.808167,3873.166260,0.000000
4582.400391,-0.358597,-1011.808167,-0.014310,-0.314962,-8.000045,-1.595118,-0.081259,-80.000450,-1011.808167,3873.251221,0.000000
4582.500000,-0.351517,-1011.808167,-0.014310,-0.314962,-8.000045,-1.563625,-0.079655,-80.000450,-1011.808167,3873.335937,0.000000
4582.600098,-0.358231,-1011.808167,-0.014310,-0.314962,-8.000045,-1.593489,-0.081176,-80.000450,-1011.808167,3873.420410,0.000000
4582.700195,-0.352264,-1011.808167,-0.014310,-0.314962,-8.000045,-1.566950,-0.079824,-80.000450,-1011.808167,3873.504883,0.000000
4582.800293,-0.362701,-1011.808167,-0.014310,-0.314962,-8.000045,-1.613376,-0.082189,-80.000450,-1011.808167,3873.589844,0.000000
4582.900391,-0.355621,-1011.808167,-0.014310,-0.314962,-8.000045,-1.581883,-0.080585,-80.000450,-1011.808167,3873.674805,0.000000
4583.000000,-0.359344,-1011.808167,-0.014310,-0.314962,-8.000045,-1.598444,-0.081429,-80.000450,-1011.808167,3873.759277,0.000000
4583.100098,-0.361206,-1011.808167,-0.014310,-0.314962,-8.000045,-1.606725,-0.081850,-80.000450,-1011.808167,3873.843994,0.000000
4583.200195,-0.359344,-1011.808167,-0.014310,-0.314962,-8.000045,-1.598444,-0.081429,-80.000450,-1011.808167,3873.928955,0.000000
4583.300293,-0.357101,-1011.808167,-0.014310,-0.314962,-8.000045,-1.588467,-0.080920,-80.000450,-1011.808167,3874.013428,0.000000
4583.400391,-0.361954,-1011.808167,-0.014310,-0.314962,-8.000045,-1.610051,-0.082020,-80.000450,-1011.808167,3874.097900,0.000000
4583.500000,-0.367538,-1011.808167,-0.014310,-0.314962,-8.000045,-1.634893,-0.083285,-80.000450,-1011.808167,3874.182861,0.000000
4583.600098,-0.355621,-1011.808167,-0.014310,-0.314962,-8.000045,-1.581883,-0.080585,-80.000450,-1011.808167,3874.267334,0.000000
4583.700195,-0.366043,-1011.808167,-0.014310,-0.314962,-8.000045,-1.628241,-0.082947,-80.000450,-1011.808167,3874.352295,0.000000
4583.800293,-0.356369,-1011.808167,-0.014310,-0.314962,-8.000045,-1.585209,-0.080754,-80.000450,-1011.808167,3874.437012,0.000000
4583.900391,-0.358231,-1011.808167,-0.014310,-0.314962,-8.000045,-1.593489,-0.081176,-80.000450,-1011.808167,3874.521484,0.000000
4584.000000,-0.367157,-1011.808167,-0.014310,-0.314962,-8.000045,-1.633196,-0.083199,-80.000450,-1011.808167,3874.606445,0.000000
4584.100098,-0.361206,-1011.808167,-0.014310,-0.314962,-8.000045,-1.606725,-0.081850,-80.000450,-1011.808167,3874.691406,0.000000
4584.200195,-0.358231,-1011.808167,-0.014310,-0.314962,-8.000045,-1.593489,-0.081176,-80.000450,-1011.808167,3874.775879,0.000000
4584.300293,-0.358597,-1011.808167,-0.014310,-0.314962,-8.000045,-1.595118,-0.081259,-80.000450,-1011.808167,3874.860352,0.000000
4584.400391,-0.365295,-1011.808167,-0.014310,-0.314962,-8.000045,-1.624915,-0.082777,-80.000450,-1011.808167,3874.945312,0.000000
4584.500000,-0.359711,-1011.808167,-0.014310,-0.314962,-8.000045,-1.600073,-0.081512,-80.000450,-1011.808167,3875.029785,0.000000
4584.600098,-0.361572,-1011.808167,-0.014310,-0.314962,-8.000045,-1.608354,-0.081933,-80.000450,-1011.808167,3875.114502,0.000000
4584.700195,-0.352646,-1011.808167,-0.014310,-0.314962,-8.000045,-1.568647,-0.079911,-80.000450,-1011.808167,3875.199463,0.000000
4584.800293,-0.358597,-1011.808167,-0.014310,-0.314962,-8.000045,-1.595118,-0.081259,-80.000450,-1011.808167,3875.283936,0.000000
4584.900391,-0.355988,-1011.808167,-0.014310,-0.314962,-8.000045,-1.583512,-0.080668,-80.000450,-1011.808167,3875.368896,0.000000
4585.000000,-0.345566,-1011.808167,-0.014310,-0.314962,-8.000045,-1.537153,-0.078306,-80.000450,-1011.808167,3875.453613,0.000000
4585.100098,-0.356369,-1011.808167,-0.014310,-0.314962,-8.000045,-1.585209,-0.080754,-80.000450,-1011.808167,3875.538086,0.000000
4585.200195,-0.358597,-1011.808167,-0.014310,-0.314962,-8.000045,-1.595118,-0.081259,-80.000450,-1011.808167,3875.622559,0.000000
4585.300293,-0.365295,-1011.808167,-0.014310,-0.314962,-8.000045,-1.624915,-0.082777,-80.000450,-1011.808167,3875.707520,0.000000
4585.400391,-0.361954,-1011.808167,-0.014310,-0.314962,-8.000045,-1.610051,-0.082020,-80.000450,-1011.808167,3875.792480,0.000000
4585.500000,-0.352264,-1011.808167,-0.014310,-0.314962,-8.000045,-1.566950,-0.079824,-80.000450,-1011.808167,3875.876953,0.000000
4585.600098,-0.351517,-1011.808167,-0.014310,-0.314962,-8.000045,-1.563625,-0.079655,-80.000450,-1011.808167,3875.961914,0.000000
4585.700195,-0.364563,-1011.808167,-0.014310,-0.314962,-8.000045,-1.621657,-0.082611,-80.000450,-1011.808167,3876.046387,0.000000
4585.800293,-0.358597,-1011.808167,-0.014310,-0.314962,-8.000045,-1.595118,-0.081259,-80.000450,-1011.808167,3876.131104,0.000000
4585.900391,-0.361572,-1011.808167,-0.014310,-0.314962,-8.000045,-1.608354,-0.081933,-80.000450,-1011.808167,3876.215576,0.000000
4586.000000,-0.361206,-1011.808167,-0.014310,-0.314962,-8.000045,-1.606725,-0.081850,-80.000450,-1011.808167,3876.300537,0.000000
4586.100098,-0.365295,-1011.808167,-0.014310,-0.314962,-8.000045,-1.624915,-0.082777,-80.000450,-1011.808167,3876.385010,0.000000
4586.200195,-0.358231,-1011.808167,-0.014310,-0.314962,-8.000045,-1.593489,-0.081176,-80.000450,-1011.808167,3876.469971,0.000000
4586.300293,-0.360458,-1011.808167,-0.014310,-0.314962,-8.000045,-1.603399,-0.081681,-80.000450,-1011.808167,3876.554687,0.000000
4586.400391,-0.364929,-1011.808167,-0.014310,-0.314962,-8.000045,-1.623286,-0.082694,-80.000450,-1011.808167,3876.639404,0.000000
4586.500000,-0.348923,-1011.808167,-0.014310,-0.314962,-8.000045,-1.552086,-0.079067,-80.000450,-1011.808167,3876.724121,0.000000
4586.600098,-0.358231,-1011.808167,-0.014310,-0.314962,-8.000045,-1.593489,-0.081176,-80.000450,-1011.808167,3876.808594,0.000000
4586.700195,-0.361572,-1011.808167,-0.014310,-0.314962,-8.000045,-1.608354,-0.081933,-80.000450,-1011.808167,3876.893555,0.000000
4586.800293,-0.356735,-1011.808167,-0.014310,-0.314962,-8.000045,-1.586838,-0.080837,-80.000450,-1011.808167,3876.978027,0.000000
4586.900391,-0.355240,-1011.808167,-0.014310,-0.314962,-8.000045,-1.580186,-0.080499,-80.000450,-1011.808167,3877.062988,0.000000
4587.000000,-0.357101,-1011.808167,-0.014310,-0.314962,-8.000045,-1.588467,-0.080920,-80.000450,-1011.808167,3877.147461,0.000000
4587.100098,-0.347061,-1011.808167,-0.014310,-0.314962,-8.000045,-1.543805,-0.078645,-80.000450,-1011.808167,3877.232178,0.000000
4587.200195,-0.362701,-1011.808167,-0.014310,-0.314962,-8.000045,-1.613376,-0.082189,-80.000450,-1011.808167,3877.317139,0.000000
4587.300293,-0.354507,-1011.808167,-0.014310,-0.314962,-8.000045,-1.576928,-0.080333,-80.000450,-1011.808167,3877.401611,0.000000
4587.400391,-0.360825,-1011.808167,-0.014310,-0.314962,-8.000045,-1.605028,-0.081764,-80.000450,-1011.808167,3877.486084,0.000000
4587.500000,-0.358597,-1011.808167,-0.014310,-0.314962,-8.000045,-1.595118,-0.081259,-80.000450,-1011.808167,3877.571289,0.000000
4587.600098,-0.355988,-1011.808167,-0.014310,-0.314962,-8.000045,-1.583512,-0.080668,-80.000450,-1011.808167,3877.656006,0.000000
4587.700195,-0.357849,-1011.808167,-0.014310,-0.314962,-8.000045,-1.591792,-0.081090,-80.000450,-1011.808167,3877.740479,0.000000
4587.800293,-0.356735,-1011.808167,-0.014310,-0.314962,-8.000045,-1.586838,-0.080837,-80.000450,-1011.808167,3877.825195,0.000000
4587.900391,-0.355240,-1011.808167,-0.014310,-0.314962,-8.000045,-1.580186,-0.080499,-80.000450,-1011.808167,3877.909668,0.000000
4588.000000,-0.361206,-1011.808167,-0.014310,-0.314962,-8.000045,-1.606725,-0.081850,-80.000450,-1011.808167,3877.994629,0.000000
4588.100098,-0.367157,-1011.808167,-0.014310,-0.314962,-8.000045,-1.633196,-0.083199,-80.000450,-1011.808167,3878.079590,0.000000
4588.200195,-0.364182,-1011.808167,-0.014310,-0.314962,-8.000045,-1.619960,-0.082525,-80.000450,-1011.808167,3878.164062,0.000000
4588.300293,-0.367157,-1011.808167,-0.014310,-0.314962,-8.000045,-1.633196,-0.083199,-80.000450,-1011.808167,3878.248535,0.000000
4588.400391,-0.355240,-1011.808167,-0.014310,-0.314962,-8.000045,-1.580186,-0.080499,-80.000450,-1011.808167,3878.333252,0.000000
4588.500000,-0.363068,-1011.808167,-0.014310,-0.314962,-8.000045,-1.615005,-0.082272,-80.000450,-1011.808167,3878.418213,0.000000
4588.600098,-0.365677,-1011.808167,-0.014310,-0.314962,-8.000045,-1.626612,-0.082864,-80.000450,-1011.808167,3878.502686,0.000000
4588.700195,-0.356369,-1011.808167,-0.014310,-0.314962,-8.000045,-1.585209,-0.080754,-80.000450,-1011.808167,3878.587646,0.000000
4588.800293,-0.355988,-1011.808167,-0.014310,-0.314962,-8.000045,-1.583512,-0.080668,-80.000450,-1011.808167,3878.672119,0.000000
4588.900391,-0.364182,-1011.808167,-0.014310,-0.314962,-8.000045,-1.619960,-0.082525,-80.000450,-1011.808167,3878.757080,0.000000
4589.000000,-0.354507,-1011.808167,-0.014310,-0.314962,-8.000045,-1.576928,-0.080333,-80.000450,-1011.808167,3878.841797,0.000000
4589.100098,-0.352646,-1011.808167,-0.014310,-0.314962,-8.000045,-1.568647,-0.079911,-80.000450,-1011.808167,3878.926270,0.000000
4589.200195,-0.359344,-1011.808167,-0.014310,-0.314962,-8.000045,-1.598444,-0.081429,-80.000450,-1011.808167,3879.011230,0.000000
4589.300293,-0.354874,-1011.808167,-0.014310,-0.314962,-8.000045,-1.578557,-0.080416,-80.000450,-1011.808167,3879.095703,0.000000
4589.400391,-0.361572,-1011.808167,-0.014310,-0.314962,-8.000045,-1.608354,-0.081933,-80.000450,-1011.808167,3879.180664,0.000000
4589.500000,-0.359344,-1011.808167,-0.014310,-0.314962,-8.000045,-1.598444,-0.081429,-80.000450,-1011.808167,3879.265137,0.000000
4589.600098,-0.368652,-1011.808167,-0.014310,-0.314962,-8.000045,-1.639848,-0.083538,-80.000450,-1011.808167,3879.349854,0.000000
4589.700195,-0.355988,-1011.808167,-0.014310,-0.314962,-8.000045,-1.583512,-0.080668,-80.000450,-1011.808167,3879.434814,0.000000
4589.800293,-0.352646,-1011.808167,-0.014310,-0.314962,-8.000045,-1.568647,-0.079911,-80.000450,-1011.808167,3879.519287,0.000000
4589.900391,-0.362701,-1011.808167,-0.014310,-0.314962,-8.000045,-1.613376,-0.082189,-80.000450,-1011.808167,3879.603760,0.000000
4590.000000,-0.359344,-1011.808167,-0.014310,-0.314962,-8.000045,-1.598444,-0.081429,-80.000450,-1011.808167,3879.688721,0.000000
4590.100098,-0.353012,-1011.808167,-0.014310,-0.314962,-8.000045,-1.570276,-0.079994,-80.000450,-1011.808167,3879.773682,0.000000
4590.200195,-0.347061,-1011.808167,-0.014310,-0.314962,-8.000045,-1.543805,-0.078645,-80.000450,-1011.808167,3879.858154,0.000000
4590.300293,-0.354507,-1011.808167,-0.014310,-0.314962,-8.000045,-1.576928,-0.080333,-80.000450,-1011.808167,3879.942871,0.000000
4590.400391,-0.356369,-1011.808167,-0.014310,-0.314962,-8.000045,-1.585209,-0.080754,-80.000450,-1011.808167,3880.027344,0.000000
4590.500000,-0.357849,-1011.808167,-0.014310,-0.314962,-8.000045,-1.591792,-0.081090,-80.000450,-1011.808167,3880.112061,0.000000
4590.600098,-0.359711,-1011.808167,-0.014310,-0.314962,-8.000045,-1.600073,-0.081512,-80.000450,-1011.808167,3880.197266,0.000000
4590.700195,-0.367157,-1011.808167,-0.014310,-0.314962,-8.000045,-1.633196,-0.083199,-80.000450,-1011.808167,3880.281738,0.000000
4590.800293,-0.357101,-1011.808167,-0.014310,-0.314962,-8.000045,-1.588467,-0.080920,-80.000450,-1011.808167,3880.366211,0.000000
4590.900391,-0.361572,-1011.808167,-0.014310,-0.314962,-8.000045,-1.608354,-0.081933,-80.000450,-1011.808167,3880.451172,0.000000
4591.000000,-0.361572,-1011.808167,-0.014310,-0.314962,-8.000045,-1.608354,-0.081933,-80.000450,-1011.808167,3880.535889,0.000000
4591.100098,-0.354126,-1011.808167,-0.014310,-0.314962,-8.000045,-1.575231,-0.080246,-80.000450,-1011.808167,3880.620361,0.000000
4591.200195,-0.357849,-1011.808167,-0.014310,-0.314962,-8.000045,-1.591792,-0.081090,-80.000450,-1011.808167,3880.705322,0.000000
4591.300293,-0.360092,-1011.808167,-0.014310,-0.314962,-8.000045,-1.601770,-0.081598,-80.000450,-1011.808167,3880.789795,0.000000
4591.400391,-0.356735,-1011.808167,-0.014310,-0.314962,-8.000045,-1.586838,-0.080837,-80.000450,-1011.808167,3880.874756,0.000000
4591.500000,-0.357849,-1011.808167,-0.014310,-0.314962,-8.000045,-1.591792,-0.081090,-80.000450,-1011.808167,3880.959229,0.000000
4591.600098,-0.353760,-1011.808167,-0.014310,-0.314962,-8.000045,-1.573602,-0.080163,-80.000450,-1011.808167,3881.043945,0.000000
4591.700195,-0.359711,-1011.808167,-0.014310,-0.314962,-8.000045,-1.600073,-0.081512,-80.000450,-1011.808167,3881.128662,0.000000
4591.800293,-0.356735,-1011.808167,-0.014310,-0.314962,-8.000045,-1.586838,-0.080837,-80.000450,-1011.808167,3881.213379,0.000000
4591.900391,-0.345566,-1011.808167,-0.014310,-0.314962,-8.000045,-1.537153,-0.078306,-80.000450,-1011.808167,3881.298340,0.000000
4592.000000,-0.357101,-1011.808167,-0.014310,-0.314962,-8.000045,-1.588467,-0.080920,-80.000450,-1011.808167,3881.382812,0.000000
4592.100098,-0.352264,-1011.808167,-0.014310,-0.314962,-8.000045,-1.566950,-0.079824,-80.000450,-1011.808167,3881.467773,0.000000
4592.200195,-0.352264,-1011.808167,-0.014310,-0.314962,-8.000045,-1.566950,-0.079824,-80.000450,-1011.808167,3881.552246,0.000000
4592.300293,-0.358231,-1011.808167,-0.014310,-0.314962,-8.000045,-1.593489,-0.081176,-80.000450,-1011.808167,3881.636963,0.000000
4592.400391,-0.351151,-1011.808167,-0.014310,-0.314962,-8.000045,-1.561996,-0.079572,-80.000450,-1011.808167,3881.721436,0.000000
4592.500000,-0.358597,-1011.808167,-0.014310,-0.314962,-8.000045,-1.595118,-0.081259,-80.000450,-1011.808167,3881.806396,0.000000
4592.600098,-0.355240,-1011.808167,-0.014310,-0.314962,-8.000045,-1.580186,-0.080499,-80.000450,-1011.808167,3881.890869,0.000000
4592.700195,-0.352646,-1011.808167,-0.014310,-0.314962,-8.000045,-1.568647,-0.079911,-80.000450,-1011.808167,3881.975830,0.000000
4592.800293,-0.360092,-1011.808167,-0.014310,-0.314962,-8.000045,-1.601770,-0.081598,-80.000450,-1011.808167,3882.060547,0.000000
4592.900391,-0.352646,-1011.808167,-0.014310,-0.314962,-8.000045,-1.568647,-0.079911,-80.000450,-1011.808167,3882.145264,0.000000
4593.000000,-0.350037,-1011.808167,-0.014310,-0.314962,-8.000045,-1.557041,-0.079319,-80.000450,-1011.808167,3882.229736,0.000000
4593.100098,-0.346680,-1011.808167,-0.014310,-0.314962,-8.000045,-1.542108,-0.078559,-80.000450,-1011.808167,3882.314453,0.000000
4593.200195,-0.360458,-1011.808167,-0.014310,-0.314962,-8.000045,-1.603399,-0.081681,-80.000450,-1011.808167,3882.399414,0.000000
4593.300293,-0.354507,-1011.808167,-0.014310,-0.314962,-8.000045,-1.576928,-0.080333,-80.000450,-1011.808167,3882.483887,0.000000
4593.400391,-0.357849,-1011.808167,-0.014310,-0.314962,-8.000045,-1.591792,-0.081090,-80.000450,-1011.808167,3882.568848,0.000000
4593.500000,-0.366425,-1011.808167,-0.014310,-0.314962,-8.000045,-1.629938,-0.083033,-80.000450,-1011.808167,3882.653564,0.000000
4593.600098,-0.364929,-1011.808167,-0.014310,-0.314962,-8.000045,-1.623286,-0.082694,-80.000450,-1011.808167,3882.738037,0.000000
4593.700195,-0.361954,-1011.808167,-0.014310,-0.314962,-8.000045,-1.610051,-0.082020,-80.000450,-1011.808167,3882.822998,0.000000
4593.800293,-0.340729,-1011.808167,-0.014310,-0.314962,-8.000045,-1.515637,-0.077210,-80.000450,-1011.808167,3882.907471,0.000000
4593.900391,-0.363434,-1011.808167,-0.014310,-0.314962,-8.000045,-1.616634,-0.082355,-80.000450,-1011.808167,3882.991943,0.000000
4594.000000,-0.359711,-1011.808167,-0.014310,-0.314962,-8.000045,-1.600073,-0.081512,-80.000450,-1011.808167,3883.076904,0.000000
4594.100098,-0.353378,-1011.808167,-0.014310,-0.314962,-8.000045,-1.571905,-0.080077,-80.000450,-1011.808167,3883.161865,0.000000
4594.200195,-0.360825,-1011.808167,-0.014310,-0.314962,-8.000045,-1.605028,-0.081764,-80.000450,-1011.808167,3883.246338,0.000000
4594.300293,-0.358231,-1011.808167,-0.014310,-0.314962,-8.000045,-1.593489,-0.081176,-80.000450,-1011.808167,3883.331055,0.000000
4594.400391,-0.352264,-1011.808167,-0.014310,-0.314962,-8.000045,-1.566950,-0.079824,-80.000450,-1011.808167,3883.416016,0.000000
4594.500000,-0.354874,-1011.808167,-0.014310,-0.314962,-8.000045,-1.578557,-0.080416,-80.000450,-1011.808167,3883.500488,0.000000
4594.600098,-0.355988,-1011.808167,-0.014310,-0.314962,-8.000045,-1.583512,-0.080668,-80.000450,-1011.808167,3883.585449,0.000000
4594.700195,-0.352264,-1011.808167,-0.014310,-0.314962,-8.000045,-1.566950,-0.079824,-80.000450,-1011.808167,3883.669922,0.000000
4594.800293,-0.347061,-1011.808167,-0.014310,-0.314962,-8.000045,-1.543805,-0.078645,-80.000450,-1011.808167,3883.754395,0.000000
4594.900391,-0.362701,-1011.808167,-0.014310,-0.314962,-8.000045,-1.613376,-0.082189,-80.000450,-1011.808167,3883.839111,0.000000
4595.000000,-0.362320,-1011.808167,-0.014310,-0.314962,-8.000045,-1.611680,-0.082103,-80.000450,-1011.808167,3883.924072,0.000000
4595.100098,-0.347427,-1011.808167,-0.014310,-0.314962,-8.000045,-1.545434,-0.078728,-80.000450,-1011.808167,3884.008545,0.000000
4595.200195,-0.346313,-1011.808167,-0.014310,-0.314962,-8.000045,-1.540479,-0.078476,-80.000450,-1011.808167,3884.093506,0.000000
4595.300293,-0.351151,-1011.808167,-0.014310,-0.314962,-8.000045,-1.561996,-0.079572,-80.000450,-1011.808167,3884.178467,0.000000
4595.400391,-0.354874,-1011.808167,-0.014310,-0.314962,-8.000045,-1.578557,-0.080416,-80.000450,-1011.808167,3884.262939,0.000000
4595.500000,-0.354874,-1011.808167,-0.014310,-0.314962,-8.000045,-1.578557,-0.080416,-80.000450,-1011.808167,3884.347412,0.000000
4595.600098,-0.361206,-1011.808167,-0.014310,-0.314962,-8.000045,-1.606725,-0.081850,-80.000450,-1011.808167,3884.432129,0.000000
4595.700195,-0.353760,-1011.808167,-0.014310,-0.314962,-8.000045,-1.573602,-0.080163,-80.000450,-1011.808167,3884.516602,0.000000
4595.800293,-0.355240,-1011.808167,-0.014310,-0.314962,-8.000045,-1.580186,-0.080499,-80.000450,-1011.808167,3884.601562,0.000000
4595.900391,-0.347061,-1011.808167,-0.014310,-0.314962,-8.000045,-1.543805,-0.078645,-80.000450,-1011.808167,3884.686523,0.000000
4596.000000,-0.353378,-1011.808167,-0.014310,-0.314962,-8.000045,-1.571905,-0.080077,-80.000450,-1011.808167,3884.770996,0.000000
4596.100098,-0.359711,-1011.808167,-0.014310,-0.314962,-8.000045,-1.600073,-0.081512,-80.000450,-1011.808167,3884.855957,0.000000
4596.200195,-0.345932,-1011.808167,-0.014310,-0.314962,-8.000045,-1.538782,-0.078389,-80.000450,-1011.808167,3884.940674,0.000000
4596.300293,-0.357483,-1011.808167,-0.014310,-0.314962,-8.000045,-1.590163,-0.081007,-80.000450,-1011.808167,3885.025146,0.000000
4596.400391,-0.355621,-1011.808167,-0.014310,-0.314962,-8.000045,-1.581883,-0.080585,-80.000450,-1011.808167,3885.109619,0.000000
4596.500000,-0.360458,-1011.808167,-0.014310,-0.314962,-8.000045,-1.603399,-0.081681,-80.000450,-1011.808167,3885.194580,0.000000
4596.600098,-0.361954,-1011.808167,-0.014310,-0.314962,-8.000045,-1.610051,-0.082020,-80.000450,-1011.808167,3885.279541,0.000000
4596.700195,-0.355240,-1011.808167,-0.014310,-0.314962,-8.000045,-1.580186,-0.080499,-80.000450,-1011.808167,3885.364014,0.000000
4596.800293,-0.344452,-1011.808167,-0.014310,-0.314962,-8.000045,-1.532199,-0.078054,-80.000450,-1011.808167,3885.448730,0.000000
4596.900391,-0.360092,-1011.808167,-0.014310,-0.314962,-8.000045,-1.601770,-0.081598,-80.000450,-1011.808167,3885.533203,0.000000
4597.000000,-0.350037,-1011.808167,-0.014310,-0.314962,-8.000045,-1.557041,-0.079319,-80.000450,-1011.808167,3885.618164,0.000000
4597.100098,-0.355621,-1011.808167,-0.014310,-0.314962,-8.000045,-1.581883,-0.080585,-80.000450,-1011.808167,3885.703125,0.000000
4597.200195,-0.361206,-1011.808167,-0.014310,-0.314962,-8.000045,-1.606725,-0.081850,-80.000450,-1011.808167,3885.787598,0.000000
4597.300293,-0.358231,-1011.808167,-0.014310,-0.314962,-8.000045,-1.593489,-0.081176,-80.000450,-1011.808167,3885.872070,0.000000
4597.400391,-0.353378,-1011.808167,-0.014310,-0.314962,-8.000045,-1.571905,-0.080077,-80.000450,-1011.808167,3885.957031,0.000000
4597.500000,-0.353378,-1011.808167,-0.014310,-0.314962,-8.000045,-1.571905,-0.080077,-80.000450,-1011.808167,3886.041748,0.000000
4597.600098,-0.351151,-1011.808167,-0.014310,-0.314962,-8.000045,-1.561996,-0.079572,-80.000450,-1011.808167,3886.126221,0.000000
4597.700195,-0.359711,-1011.808167,-0.014310,-0.314962,-8.000045,-1.600073,-0.081512,-80.000450,-1011.808167,3886.211182,0.000000
4597.800293,-0.355240,-1011.808167,-0.014310,-0.314962,-8.000045,-1.580186,-0.080499,-80.000450,-1011.808167,3886.296143,0.000000
4597.900391,-0.353760,-1011.808167,-0.014310,-0.314962,-8.000045,-1.573602,-0.080163,-80.000450,-1011.808167,3886.380615,0.000000
4598.000000,-0.348175,-1011.808167,-0.014310,-0.314962,-8.000045,-1.548760,-0.078898,-80.000450,-1011.808167,3886.465088,0.000000
4598.100098,-0.364563,-1011.808167,-0.014310,-0.314962,-8.000045,-1.621657,-0.082611,-80.000450,-1011.808167,3886.549805,0.000000
4598.200195,-0.354126,-1011.808167,-0.014310,-0.314962,-8.000045,-1.575231,-0.080246,-80.000450,-1011.808167,3886.634521,0.000000
4598.300293,-0.356735,-1011.808167,-0.014310,-0.314962,-8.000045,-1.586838,-0.080837,-80.000450,-1011.808167,3886.719238,0.000000
4598.400391,-0.361954,-1011.808167,-0.014310,-0.314962,-8.000045,-1.610051,-0.082020,-80.000450,-1011.808167,3886.804199,0.000000
4598.500000,-0.358231,-1011.808167,-0.014310,-0.314962,-8.000045,-1.593489,-0.081176,-80.000450,-1011.808167,3886.888672,0.000000
4598.600098,-0.354507,-1011.808167,-0.014310,-0.314962,-8.000045,-1.576928,-0.080333,-80.000450,-1011.808167,3886.973145,0.000000
4598.700195,-0.357849,-1011.808167,-0.014310,-0.314962,-8.000045,-1.591792,-0.081090,-80.000450,-1011.808167,3887.058350,0.000000
4598.800293,-0.352264,-1011.808167,-0.014310,-0.314962,-8.000045,-1.566950,-0.079824,-80.000450,-1011.808167,3887.142822,0.000000
4598.900391,-0.349655,-1011.808167,-0.014310,-0.314962,-8.000045,-1.555344,-0.079233,-80.000450,-1011.808167,3887.227295,0.000000
4599.000000,-0.359344,-1011.808167,-0.014310,-0.314962,-8.000045,-1.598444,-0.081429,-80.000450,-1011.808167,3887.312256,0.000000
4599.100098,-0.360092,-1011.808167,-0.014310,-0.314962,-8.000045,-1.601770,-0.081598,-80.000450,-1011.808167,3887.396729,0.000000
4599.200195,-0.361572,-1011.808167,-0.014310,-0.314962,-8.000045,-1.608354,-0.081933,-80.000450,-1011.808167,3887.481689,0.000000
4599.300293,-0.358231,-1011.808167,-0.014310,-0.314962,-8.000045,-1.593489,-0.081176,-80.000450,-1011.808167,3887.566406,0.000000
4599.400391,-0.355621,-1011.808167,-0.014310,-0.314962,-8.000045,-1.581883,-0.080585,-80.000450,-1011.808167,3887.651123,0.000000
4599.500000,-0.358231,-1011.808167,-0.014310,-0.314962,-8.000045,-1.593489,-0.081176,-80.000450,-1011.808167,3887.735596,0.000000
4599.600098,-0.352646,-1011.808167,-0.014310,-0.314962,-8.000045,-1.568647,-0.079911,-80.000450,-1011.808167,3887.820801,0.000000
4599.700195,-0.351151,-1011.808167,-0.014310,-0.314962,-8.000045,-1.561996,-0.079572,-80.000450,-1011.808167,3887.905273,0.000000
4599.800293,-0.360825,-1011.808167,-0.014310,-0.314962,-8.000045,-1.605028,-0.081764,-80.000450,-1011.808167,3887.989746,0.000000
4599.900391,-0.352646,-1011.808167,-0.014310,-0.314962,-8.000045,-1.568647,-0.079911,-80.000450,-1011.808167,3888.074707,0.000000
4600.000000,-0.354126,-1011.808167,-0.014310,-0.314962,-8.000045,-1.575231,-0.080246,-80.000450,-1011.808167,3888.159424,0.000000
4600.100098,-0.345932,-1011.808167,-0.014310,-0.314962,-8.000045,-1.538782,-0.078389,-80.000450,-1011.808167,3888.243896,0.000000
4600.200195,-0.349289,-1011.808167,-0.014310,-0.314962,-8.000045,-1.553715,-0.079150,-80.000450,-1011.808167,3888.328857,0.000000
4600.300293,-0.349655,-1011.808167,-0.014310,-0.314962,-8.000045,-1.555344,-0.079233,-80.000450,-1011.808167,3888.413330,0.000000
4600.400391,-0.348175,-1011.808167,-0.014310,-0.314962,-8.000045,-1.548760,-0.078898,-80.000450,-1011.808167,3888.498291,0.000000
4600.500000,-0.355240,-1011.808167,-0.014310,-0.314962,-8.000045,-1.580186,-0.080499,-80.000450,-1011.808167,3888.582764,0.000000
4600.600098,-0.365677,-1011.808167,-0.014310,-0.314962,-8.000045,-1.626612,-0.082864,-80.000450,-1011.808167,3888.667725,0.000000
4600.700195,-0.355621,-1011.808167,-0.014310,-0.314962,-8.000045,-1.581883,-0.080585,-80.000450,-1011.808167,3888.752197,0.000000
4600.800293,-0.352264,-1011.808167,-0.014310,-0.314962,-8.000045,-1.566950,-0.079824,-80.000450,-1011.808167,3888.836914,0.000000
4600.900391,-0.363068,-1011.808167,-0.014310,-0.314962,-8.000045,-1.615005,-0.082272,-80.000450,-1011.808167,3888.921875,0.000000
4601.000000,-0.357483,-1011.808167,-0.014310,-0.314962,-8.000045,-1.590163,-0.081007,-80.000450,-1011.808167,3889.006348,0.000000
4601.100098,-0.357101,-1011.808167,-0.014310,-0.314962,-8.000045,-1.588467,-0.080920,-80.000450,-1011.808167,3889.090820,0.000000
4601.200195,-0.350037,-1011.808167,-0.014310,-0.314962,-8.000045,-1.557041,-0.079319,-80.000450,-1011.808167,3889.175781,0.000000
4601.300293,-0.345200,-1011.808167,-0.014310,-0.314962,-8.000045,-1.535524,-0.078223,-80.000450,-1011.808167,3889.260498,0.000000
4601.400391,-0.353760,-1011.808167,-0.014310,-0.314962,-8.000045,-1.573602,-0.080163,-80.000450,-1011.808167,3889.345215,0.000000
4601.500000,-0.351898,-1011.808167,-0.014310,-0.314962,-8.000045,-1.565321,-0.079741,-80.000450,-1011.808167,3889.429932,0.000000
4601.600098,-0.362320,-1011.808167,-0.014310,-0.314962,-8.000045,-1.611680,-0.082103,-80.000450,-1011.808167,3889.514404,0.000000
4601.700195,-0.355240,-1011.808167,-0.014310,-0.314962,-8.000045,-1.580186,-0.080499,-80.000450,-1011.808167,3889.599365,0.000000
4601.800293,-0.352646,-1011.808167,-0.014310,-0.314962,-8.000045,-1.568647,-0.079911,-80.000450,-1011.808167,3889.684326,0.000000
4601.900391,-0.353012,-1011.808167,-0.014310,-0.314962,-8.000045,-1.570276,-0.079994,-80.000450,-1011.808167,3889.768799,0.000000
4602.000000,-0.352264,-1011.808167,-0.014310,-0.314962,-8.000045,-1.566950,-0.079824,-80.000450,-1011.808167,3889.853271,0.000000
4602.100098,-0.344070,-1011.808167,-0.014310,-0.314962,-8.000045,-1.530502,-0.077967,-80.000450,-1011.808167,3889.937988,0.000000
4602.200195,-0.351898,-1011.808167,-0.014310,-0.314962,-8.000045,-1.565321,-0.079741,-80.000450,-1011.808167,3890.022949,0.000000
4602.300293,-0.353378,-1011.808167,-0.014310,-0.314962,-8.000045,-1.571905,-0.080077,-80.000450,-1011.808167,3890.107422,0.000000
4602.400391,-0.345932,-1011.808167,-0.014310,-0.314962,-8.000045,-1.538782,-0.078389,-80.000450,-1011.808167,3890.192383,0.000000
4602.500000,-0.355988,-1011.808167,-0.014310,-0.314962,-8.000045,-1.583512,-0.080668,-80.000450,-1011.808167,3890.276855,0.000000
4602.600098,-0.360092,-1011.808167,-0.014310,-0.314962,-8.000045,-1.601770,-0.081598,-80.000450,-1011.808167,3890.361816,0.000000
4602.700195,-0.352646,-1011.808167,-0.014310,-0.314962,-8.000045,-1.568647,-0.079911,-80.000450,-1011.808167,3890.446533,0.000000
4602.800293,-0.354507,-1011.808167,-0.014310,-0.314962,-8.000045,-1.576928,-0.080333,-80.000450,-1011.808167,3890.531006,0.000000
4602.900391,-0.358963,-1011.808167,-0.014310,-0.314962,-8.000045,-1.596747,-0.081342,-80.000450,-1011.808167,3890.615479,0.000000
4603.000000,-0.353378,-1011.808167,-0.014310,-0.314962,-8.000045,-1.571905,-0.080077,-80.000450,-1011.808167,3890.700439,0.000000
4603.100098,-0.360458,-1011.808167,-0.014310,-0.314962,-8.000045,-1.603399,-0.081681,-80.000450,-1011.808167,3890.785400,0.000000
4603.200195,-0.353012,-1011.808167,-0.014310,-0.314962,-8.000045,-1.570276,-0.079994,-80.000450,-1011.808167,3890.869873,0.000000
4603.300293,-0.354874,-1011.808167,-0.014310,-0.314962,-8.000045,-1.578557,-0.080416,-80.000450,-1011.808167,3890.954590,0.000000
4603.400391,-0.356369,-1011.808167,-0.014310,-0.314962,-8.000045,-1.585209,-0.080754,-80.000450,-1011.808167,3891.039062,0.000000
4603.500000,-0.354507,-1011.808167,-0.014310,-0.314962,-8.000045,-1.576928,-0.080333,-80.000450,-1011.808167,3891.124023,0.000000
4603.600098,-0.354126,-1011.808167,-0.014310,-0.314962,-8.000045,-1.575231,-0.080246,-80.000450,-1011.808167,3891.208496,0.000000
4603.700195,-0.359711,-1011.808167,-0.014310,-0.314962,-8.000045,-1.600073,-0.081512,-80.000450,-1011.808167,3891.293457,0.000000
4603.800293,-0.358231,-1011.808167,-0.014310,-0.314962,-8.000045,-1.593489,-0.081176,-80.000450,-1011.808167,3891.377930,0.000000
4603.900391,-0.348923,-1011.808167,-0.014310,-0.314962,-8.000045,-1.552086,-0.079067,-80.000450,-1011.808167,3891.462891,0.000000
4604.000000,-0.351151,-1011.808167,-0.014310,-0.314962,-8.000045,-1.561996,-0.079572,-80.000450,-1011.808167,3891.547607,0.000000
4604.100098,-0.357101,-1011.808167,-0.014310,-0.314962,-8.000045,-1.588467,-0.080920,-80.000450,-1011.808167,3891.632080,0.000000
4604.200195,-0.353378,-1011.808167,-0.014310,-0.314962,-8.000045,-1.571905,-0.080077,-80.000450,-1011.808167,3891.716553,0.000000
4604.300293,-0.358231,-1011.808167,-0.014310,-0.314962,-8.000045,-1.593489,-0.081176,-80.000450,-1011.808167,3891.801514,0.000000
4604.400391,-0.356369,-1011.808167,-0.014310,-0.314962,-8.000045,-1.585209,-0.080754,-80.000450,-1011.808167,3891.886475,0.000000
4604.500000,-0.348175,-1011.808167,-0.014310,-0.314962,-8.000045,-1.548760,-0.078898,-80.000450,-1011.808167,3891.970947,0.000000
4604.600098,-0.354507,-1011.808167,-0.014310,-0.314962,-8.000045,-1.576928,-0.080333,-80.000450,-1011.808167,3892.055664,0.000000
4604.700195,-0.357101,-1011.808167,-0.014310,-0.314962,-8.000045,-1.588467,-0.080920,-80.000450,-1011.808167,3892.140625,0.000000
4604.800293,-0.349655,-1011.808167,-0.014310,-0.314962,-8.000045,-1.555344,-0.079233,-80.000450,-1011.808167,3892.225098,0.000000
4604.900391,-0.356735,-1011.808167,-0.014310,-0.314962,-8.000045,-1.586838,-0.080837,-80.000450,-1011.808167,3892.310059,0.000000
4605.000000,-0.350784,-1011.808167,-0.014310,-0.314962,-8.000045,-1.560367,-0.079489,-80.000450,-1011.808167,3892.394531,0.000000
4605.100098,-0.356369,-1011.808167,-0.014310,-0.314962,-8.000045,-1.585209,-0.080754,-80.000450,-1011.808167,3892.479004,0.000000
4605.200195,-0.360458,-1011.808167,-0.014310,-0.314962,-8.000045,-1.603399,-0.081681,-80.000450,-1011.808167,3892.564209,0.000000
4605.300293,-0.351517,-1011.808167,-0.014310,-0.314962,-8.000045,-1.563625,-0.079655,-80.000450,-1011.808167,3892.648682,0.000000
4605.400391,-0.356369,-1011.808167,-0.014310,-0.314962,-8.000045,-1.585209,-0.080754,-80.000450,-1011.808167,3892.733154,0.000000
4605.500000,-0.351151,-1011.808167,-0.014310,-0.314962,-8.000045,-1.561996,-0.079572,-80.000450,-1011.808167,3892.818115,0.000000
4605.600098,-0.366425,-1011.808167,-0.014310,-0.314962,-8.000045,-1.629938,-0.083033,-80.000450,-1011.808167,3892.903076,0.000000
4605.700195,-0.356369,-1011.808167,-0.014310,-0.314962,-8.000045,-1.585209,-0.080754,-80.000450,-1011.808167,3892.987549,0.000000
4605.800293,-0.360825,-1011.808167,-0.014310,-0.314962,-8.000045,-1.605028,-0.081764,-80.000450,-1011.808167,3893.072510,0.000000
4605.900391,-0.359344,-1011.808167,-0.014310,-0.314962,-8.000045,-1.598444,-0.081429,-80.000450,-1011.808167,3893.156982,0.000000
4606.000000,-0.358597,-1011.808167,-0.014310,-0.314962,-8.000045,-1.595118,-0.081259,-80.000450,-1011.808167,3893.241455,0.000000
4606.100098,-0.351151,-1011.808167,-0.014310,-0.314962,-8.000045,-1.561996,-0.079572,-80.000450,-1011.808167,3893.326172,0.000000
4606.200195,-0.353012,-1011.808167,-0.014310,-0.314962,-8.000045,-1.570276,-0.079994,-80.000450,-1011.808167,3893.411133,0.000000
4606.300293,-0.352646,-1011.808167,-0.014310,-0.314962,-8.000045,-1.568647,-0.079911,-80.000450,-1011.808167,3893.495605,0.000000
4606.400391,-0.355621,-1011.808167,-0.014310,-0.314962,-8.000045,-1.581883,-0.080585,-80.000450,-1011.808167,3893.580566,0.000000
4606.500000,-0.350037,-1011.808167,-0.014310,-0.314962,-8.000045,-1.557041,-0.079319,-80.000450,-1011.808167,3893.665283,0.000000
4606.600098,-0.342957,-1011.808167,-0.014310,-0.314962,-8.000045,-1.525547,-0.077715,-80.000450,-1011.808167,3893.749756,0.000000
4606.700195,-0.360825,-1011.808167,-0.014310,-0.314962,-8.000045,-1.605028,-0.081764,-80.000450,-1011.808167,3893.834473,0.000000
4606.800293,-0.354507,-1011.808167,-0.014310,-0.314962,-8.000045,-1.576928,-0.080333,-80.000450,-1011.808167,3893.919189,0.000000
4606.900391,-0.353378,-1011.808167,-0.014310,-0.314962,-8.000045,-1.571905,-0.080077,-80.000450,-1011.808167,3894.004150,0.000000
4607.000000,-0.351898,-1011.808167,-0.014310,-0.314962,-8.000045,-1.565321,-0.079741,-80.000450,-1011.808167,3894.088623,0.000000
4607.100098,-0.358597,-1011.808167,-0.014310,-0.314962,-8.000045,-1.595118,-0.081259,-80.000450,-1011.808167,3894.173584,0.000000
4607.200195,-0.355988,-1011.808167,-0.014310,-0.314962,-8.000045,-1.583512,-0.080668,-80.000450,-1011.808167,3894.258057,0.000000
4607.300293,-0.351517,-1011.808167,-0.014310,-0.314962,-8.000045,-1.563625,-0.079655,-80.000450,-1011.808167,3894.342773,0.000000
4607.400391,-0.353378,-1011.808167,-0.014310,-0.314962,-8.000045,-1.571905,-0.080077,-80.000450,-1011.808167,3894.427734,0.000000
4607.500000,-0.356735,-1011.808167,-0.014310,-0.314962,-8.000045,-1.586838,-0.080837,-80.000450,-1011.808167,3894.512207,0.000000
4607.600098,-0.357849,-1011.808167,-0.014310,-0.314962,-8.000045,-1.591792,-0.081090,-80.000450,-1011.808167,3894.596680,0.000000
4607.700195,-0.358231,-1011.808167,-0.014310,-0.314962,-8.000045,-1.593489,-0.081176,-80.000450,-1011.808167,3894.681641,0.000000
4607.800293,-0.358963,-1011.808167,-0.014310,-0.314962,-8.000045,-1.596747,-0.081342,-80.000450,-1011.808167,3894.766357,0.000000
4607.900391,-0.353012,-1011.808167,-0.014310,-0.314962,-8.000045,-1.570276,-0.079994,-80.000450,-1011.808167,3894.851074,0.000000
4608.000000,-0.357483,-1011.808167,-0.014310,-0.314962,-8.000045,-1.590163,-0.081007,-80.000450,-1011.808167,3894.935791,0.000000
4608.100098,-0.366791,-1011.808167,-0.014310,-0.314962,-8.000045,-1.631567,-0.083116,-80.000450,-1011.808167,3895.020264,0.000000
4608.200195,-0.357101,-1011.808167,-0.014310,-0.314962,-8.000045,-1.588467,-0.080920,-80.000450,-1011.808167,3895.105225,0.000000
4608.300293,-0.360458,-1011.808167,-0.014310,-0.314962,-8.000045,-1.603399,-0.081681,-80.000450,-1011.808167,3895.190186,0.000000
4608.400391,-0.370148,-1011.808167,-0.014310,-0.314962,-8.000045,-1.646499,-0.083877,-80.000450,-1011.808167,3895.274658,0.000000
4608.500000,-0.358963,-1011.808167,-0.014310,-0.314962,-8.000045,-1.596747,-0.081342,-80.000450,-1011.808167,3895.359131,0.000000
4608.600098,-0.357483,-1011.808167,-0.014310,-0.314962,-8.000045,-1.590163,-0.081007,-80.000450,-1011.808167,3895.443848,0.000000
4608.700195,-0.350037,-1011.808167,-0.014310,-0.314962,-8.000045,-1.557041,-0.079319,-80.000450,-1011.808167,3895.528809,0.000000
4608.800293,-0.367538,-1011.808167,-0.014310,-0.314962,-8.000045,-1.634893,-0.083285,-80.000450,-1011.808167,3895.613281,0.000000
4608.900391,-0.351898,-1011.808167,-0.014310,-0.314962,-8.000045,-1.565321,-0.079741,-80.000450,-1011.808167,3895.698242,0.000000
4609.000000,-0.360458,-1011.808167,-0.014310,-0.314962,-8.000045,-1.603399,-0.081681,-80.000450,-1011.808167,3895.782959,0.000000
4609.100098,-0.354874,-1011.808167,-0.014310,-0.314962,-8.000045,-1.578557,-0.080416,-80.000450,-1011.808167,3895.867676,0.000000
4609.200195,-0.358963,-1011.808167,-0.014310,-0.314962,-8.000045,-1.596747,-0.081342,-80.000450,-1011.808167,3895.952148,0.000000
4609.300293,-0.350784,-1011.808167,-0.014310,-0.314962,-8.000045,-1.560367,-0.079489,-80.000450,-1011.808167,3896.036865,0.000000
4609.400391,-0.359344,-1011.808167,-0.014310,-0.314962,-8.000045,-1.598444,-0.081429,-80.000450,-1011.808167,3896.121338,0.000000
4609.500000,-0.364929,-1011.808167,-0.014310,-0.314962,-8.000045,-1.623286,-0.082694,-80.000450,-1011.808167,3896.206299,0.000000
4609.600098,-0.362320,-1011.808167,-0.014310,-0.314962,-8.000045,-1.611680,-0.082103,-80.000450,-1011.808167,3896.291260,0.000000
4609.700195,-0.363434,-1011.808167,-0.014310,-0.314962,-8.000045,-1.616634,-0.082355,-80.000450,-1011.808167,3896.375732,0.000000
4609.800293,-0.359711,-1011.808167,-0.014310,-0.314962,-8.000045,-1.600073,-0.081512,-80.000450,-1011.808167,3896.460449,0.000000
4609.900391,-0.350037,-1011.808167,-0.014310,-0.314962,-8.000045,-1.557041,-0.079319,-80.000450,-1011.808167,3896.545410,0.000000
4610.000000,-0.363434,-1011.808167,-0.014310,-0.314962,-8.000045,-1.616634,-0.082355,-80.000450,-1011.808167,3896.629883,0.000000
4610.100098,-0.355988,-1011.808167,-0.014310,-0.314962,-8.000045,-1.583512,-0.080668,-80.000450,-1011.808167,3896.714355,0.000000
4610.200195,-0.357483,-1011.808167,-0.014310,-0.314962,-8.000045,-1.590163,-0.081007,-80.000450,-1011.808167,3896.799316,0.000000
4610.300293,-0.357101,-1011.808167,-0.014310,-0.314962,-8.000045,-1.588467,-0.080920,-80.000450,-1011.808167,3896.883789,0.000000
4610.400391,-0.358963,-1011.808167,-0.014310,-0.314962,-8.000045,-1.596747,-0.081342,-80.000450,-1011.808167,3896.968750,0.000000
4610.500000,-0.351517,-1011.808167,-0.014310,-0.314962,-8.000045,-1.563625,-0.079655,-80.000450,-1011.808167,3897.053467,0.000000
4610.600098,-0.351151,-1011.808167,-0.014310,-0.314962,-8.000045,-1.561996,-0.079572,-80.000450,-1011.808167,3897.137939,0.000000
4610.700195,-0.362701,-1011.808167,-0.014310,-0.314962,-8.000045,-1.613376,-0.082189,-80.000450,-1011.808167,3897.222900,0.000000
4610.800293,-0.359711,-1011.808167,-0.014310,-0.314962,-8.000045,-1.600073,-0.081512,-80.000450,-1011.808167,3897.307861,0.000000
4610.900391,-0.360458,-1011.808167,-0.014310,-0.314962,-8.000045,-1.603399,-0.081681,-80.000450,-1011.808167,3897.392334,0.000000
4611.000000,-0.359344,-1011.808167,-0.014310,-0.314962,-8.000045,-1.598444,-0.081429,-80.000450,-1011.808167,3897.476807,0.000000
4611.100098,-0.361206,-1011.808167,-0.014310,-0.314962,-8.000045,-1.606725,-0.081850,-80.000450,-1011.808167,3897.561768,0.000000
4611.200195,-0.363068,-1011.808167,-0.014310,-0.314962,-8.000045,-1.615005,-0.082272,-80.000450,-1011.808167,3897.646484,0.000000
4611.300293,-0.363434,-1011.808167,-0.014310,-0.314962,-8.000045,-1.616634,-0.082355,-80.000450,-1011.808167,3897.730957,0.000000
4611.400391,-0.360458,-1011.808167,-0.014310,-0.314962,-8.000045,-1.603399,-0.081681,-80.000450,-1011.808167,3897.815918,0.000000
4611.500000,-0.369019,-1011.808167,-0.014310,-0.314962,-8.000045,-1.641477,-0.083621,-80.000450,-1011.808167,3897.900391,0.000000
4611.600098,-0.361572,-1011.808167,-0.014310,-0.314962,-8.000045,-1.608354,-0.081933,-80.000450,-1011.808167,3897.985352,0.000000
4611.700195,-0.361954,-1011.808167,-0.014310,-0.314962,-8.000045,-1.610051,-0.082020,-80.000450,-1011.808167,3898.069824,0.000000
4611.800293,-0.359711,-1011.808167,-0.014310,-0.314962,-8.000045,-1.600073,-0.081512,-80.000450,-1011.808167,3898.154541,0.000000
4611.900391,-0.361954,-1011.808167,-0.014310,-0.314962,-8.000045,-1.610051,-0.082020,-80.000450,-1011.808167,3898.239014,0.000000
4612.000000,-0.349655,-1011.808167,-0.014310,-0.314962,-8.000045,-1.555344,-0.079233,-80.000450,-1011.808167,3898.323975,0.000000
4612.100098,-0.351151,-1011.808167,-0.014310,-0.314962,-8.000045,-1.561996,-0.079572,-80.000450,-1011.808167,3898.408936,0.000000
4612.200195,-0.364563,-1011.808167,-0.014310,-0.314962,-8.000045,-1.621657,-0.082611,-80.000450,-1011.808167,3898.493408,0.000000
4612.300293,-0.355621,-1011.808167,-0.014310,-0.314962,-8.000045,-1.581883,-0.080585,-80.000450,-1011.808167,3898.578369,0.000000
4612.400391,-0.358963,-1011.808167,-0.014310,-0.314962,-8.000045,-1.596747,-0.081342,-80.000450,-1011.808167,3898.662842,0.000000
4612.500000,-0.359711,-1011.808167,-0.014310,-0.314962,-8.000045,-1.600073,-0.081512,-80.000450,-1011.808167,3898.747559,0.000000
4612.600098,-0.363068,-1011.808167,-0.014310,-0.314962,-8.000045,-1.615005,-0.082272,-80.000450,-1011.808167,3898.832031,0.000000
4612.700195,-0.346680,-1011.808167,-0.014310,-0.314962,-8.000045,-1.542108,-0.078559,-80.000450,-1011.808167,3898.916992,0.000000
4612.800293,-0.364182,-1011.808167,-0.014310,-0.314962,-8.000045,-1.619960,-0.082525,-80.000450,-1011.808167,3899.001465,0.000000
4612.900391,-0.355621,-1011.808167,-0.014310,-0.314962,-8.000045,-1.581883,-0.080585,-80.000450,-1011.808167,3899.086426,0.000000
4613.000000,-0.360458,-1011.808167,-0.014310,-0.314962,-8.000045,-1.603399,-0.081681,-80.000450,-1011.808167,3899.171143,0.000000
4613.100098,-0.351898,-1011.808167,-0.014310,-0.314962,-8.000045,-1.565321,-0.079741,-80.000450,-1011.808167,3899.255615,0.000000
4613.200195,-0.354507,-1011.808167,-0.014310,-0.314962,-8.000045,-1.576928,-0.080333,-80.000450,-1011.808167,3899.340332,0.000000
4613.300293,-0.360458,-1011.808167,-0.014310,-0.314962,-8.000045,-1.603399,-0.081681,-80.000450,-1011.808167,3899.425537,0.000000
4613.400391,-0.346313,-1011.808167,-0.014310,-0.314962,-8.000045,-1.540479,-0.078476,-80.000450,-1011.808167,3899.510010,0.000000
4613.500000,-0.347061,-1011.808167,-0.014310,-0.314962,-8.000045,-1.543805,-0.078645,-80.000450,-1011.808167,3899.594482,0.000000
4613.600098,-0.355988,-1011.808167,-0.014310,-0.314962,-8.000045,-1.583512,-0.080668,-80.000450,-1011.808167,3899.679443,0.000000
4613.700195,-0.355988,-1011.808167,-0.014310,-0.314962,-8.000045,-1.583512,-0.080668,-80.000450,-1011.808167,3899.763916,0.000000
4613.800293,-0.354507,-1011.808167,-0.014310,-0.314962,-8.000045,-1.576928,-0.080333,-80.000450,-1011.808167,3899.848633,0.000000
4613.900391,-0.353760,-1011.808167,-0.014310,-0.314962,-8.000045,-1.573602,-0.080163,-80.000450,-1011.808167,3899.933594,0.000000
4614.000000,-0.357101,-1011.808167,-0.014310,-0.314962,-8.000045,-1.588467,-0.080920,-80.000450,-1011.808167,3900.018066,0.000000
4614.100098,-0.355988,-1011.808167,-0.014310,-0.314962,-8.000045,-1.583512,-0.080668,-80.000450,-1011.808167,3900.102539,0.000000
4614.200195,-0.354126,-1011.808167,-0.014310,-0.314962,-8.000045,-1.575231,-0.080246,-80.000450,-1011.808167,3900.187500,0.000000
4614.300293,-0.353012,-1011.808167,-0.014310,-0.314962,-8.000045,-1.570276,-0.079994,-80.000450,-1011.808167,3900.272217,0.000000
4614.400391,-0.359711,-1011.808167,-0.014310,-0.314962,-8.000045,-1.600073,-0.081512,-80.000450,-1011.808167,3900.356934,0.000000
4614.500000,-0.357101,-1011.808167,-0.014310,-0.314962,-8.000045,-1.588467,-0.080920,-80.000450,-1011.808167,3900.441650,0.000000
4614.600098,-0.357849,-1011.808167,-0.014310,-0.314962,-8.000045,-1.591792,-0.081090,-80.000450,-1011.808167,3900.526123,0.000000
4614.700195,-0.351517,-1011.808167,-0.014310,-0.314962,-8.000045,-1.563625,-0.079655,-80.000450,-1011.808167,3900.611084,0.000000
4614.800293,-0.355240,-1011.808167,-0.014310,-0.314962,-8.000045,-1.580186,-0.080499,-80.000450,-1011.808167,3900.695557,0.000000
4614.900391,-0.356735,-1011.808167,-0.014310,-0.314962,-8.000045,-1.586838,-0.080837,-80.000450,-1011.808167,3900.780518,0.000000
4615.000000,-0.361572,-1011.808167,-0.014310,-0.314962,-8.000045,-1.608354,-0.081933,-80.000450,-1011.808167,3900.865234,0.000000
4615.100098,-0.357849,-1011.808167,-0.014310,-0.314962,-8.000045,-1.591792,-0.081090,-80.000450,-1011.808167,3900.949707,0.000000
4615.200195,-0.344452,-1011.808167,-0.014310,-0.314962,-8.000045,-1.532199,-0.078054,-80.000450,-1011.808167,3901.034668,0.000000
4615.300293,-0.351898,-1011.808167,-0.014310,-0.314962,-8.000045,-1.565321,-0.079741,-80.000450,-1011.808167,3901.119141,0.000000
4615.400391,-0.355988,-1011.808167,-0.014310,-0.314962,-8.000045,-1.583512,-0.080668,-80.000450,-1011.808167,3901.204102,0.000000
4615.500000,-0.350403,-1011.808167,-0.014310,-0.314962,-8.000045,-1.558670,-0.079402,-80.000450,-1011.808167,3901.289062,0.000000
4615.600098,-0.352646,-1011.808167,-0.014310,-0.314962,-8.000045,-1.568647,-0.079911,-80.000450,-1011.808167,3901.373535,0.000000
4615.700195,-0.357849,-1011.808167,-0.014310,-0.314962,-8.000045,-1.591792,-0.081090,-80.000450,-1011.808167,3901.458008,0.000000
4615.800293,-0.355988,-1011.808167,-0.014310,-0.314962,-8.000045,-1.583512,-0.080668,-80.000450,-1011.808167,3901.542725,0.000000
4615.900391,-0.352264,-1011.808167,-0.014310,-0.314962,-8.000045,-1.566950,-0.079824,-80.000450,-1011.808167,3901.627686,0.000000
4616.000000,-0.364182,-1011.808167,-0.014310,-0.314962,-8.000045,-1.619960,-0.082525,-80.000450,-1011.808167,3901.712158,0.000000
4616.100098,-0.363815,-1011.808167,-0.014310,-0.314962,-8.000045,-1.618331,-0.082442,-80.000450,-1011.808167,3901.797119,0.000000
4616.200195,-0.355988,-1011.808167,-0.014310,-0.314962,-8.000045,-1.583512,-0.080668,-80.000450,-1011.808167,3901.881592,0.000000
4616.300293,-0.353760,-1011.808167,-0.014310,-0.314962,-8.000045,-1.573602,-0.080163,-80.000450,-1011.808167,3901.966064,0.000000
4616.400391,-0.354874,-1011.808167,-0.014310,-0.314962,-8.000045,-1.578557,-0.080416,-80.000450,-1011.808167,3902.051270,0.000000
4616.500000,-0.357483,-1011.808167,-0.014310,-0.314962,-8.000045,-1.590163,-0.081007,-80.000450,-1011.808167,3902.135742,0.000000
4616.600098,-0.348923,-1011.808167,-0.014310,-0.314962,-8.000045,-1.552086,-0.079067,-80.000450,-1011.808167,3902.220215,0.000000
4616.700195,-0.361572,-1011.808167,-0.014310,-0.314962,-8.000045,-1.608354,-0.081933,-80.000450,-1011.808167,3902.305176,0.000000
4616.800293,-0.359711,-1011.808167,-0.014310,-0.314962,-8.000045,-1.600073,-0.081512,-80.000450,-1011.808167,3902.390137,0.000000
4616.900391,-0.358597,-1011.808167,-0.014310,-0.314962,-8.000045,-1.595118,-0.081259,-80.000450,-1011.808167,3902.474609,0.000000
4617.000000,-0.351898,-1011.808167,-0.014310,-0.314962,-8.000045,-1.565321,-0.079741,-80.000450,-1011.808167,3902.559326,0.000000
4617.100098,-0.348175,-1011.808167,-0.014310,-0.314962,-8.000045,-1.548760,-0.078898,-80.000450,-1011.808167,3902.643799,0.000000
4617.200195,-0.350403,-1011.808167,-0.014310,-0.314962,-8.000045,-1.558670,-0.079402,-80.000450,-1011.808167,3902.728760,0.000000
4617.300293,-0.359344,-1011.808167,-0.014310,-0.314962,-8.000045,-1.598444,-0.081429,-80.000450,-1011.808167,3902.813232,0.000000
4617.400391,-0.358963,-1011.808167,-0.014310,-0.314962,-8.000045,-1.596747,-0.081342,-80.000450,-1011.808167,3902.898193,0.000000
4617.500000,-0.362320,-1011.808167,-0.014310,-0.314962,-8.000045,-1.611680,-0.082103,-80.000450,-1011.808167,3902.982666,0.000000
4617.600098,-0.350403,-1011.808167,-0.014310,-0.314962,-8.000045,-1.558670,-0.079402,-80.000450,-1011.808167,3903.067627,0.000000
4617.700195,-0.356369,-1011.808167,-0.014310,-0.314962,-8.000045,-1.585209,-0.080754,-80.000450,-1011.808167,3903.152344,0.000000
4617.800293,-0.346680,-1011.808167,-0.014310,-0.314962,-8.000045,-1.542108,-0.078559,-80.000450,-1011.808167,3903.236816,0.000000
4617.900391,-0.350037,-1011.808167,-0.014310,-0.314962,-8.000045,-1.557041,-0.079319,-80.000450,-1011.808167,3903.321777,0.000000
4618.000000,-0.356735,-1011.808167,-0.014310,-0.314962,-8.000045,-1.586838,-0.080837,-80.000450,-1011.808167,3903.406250,0.000000
4618.100098,-0.358963,-1011.808167,-0.014310,-0.314962,-8.000045,-1.596747,-0.081342,-80.000450,-1011.808167,3903.491211,0.000000
4618.200195,-0.347794,-1011.808167,-0.014310,-0.314962,-8.000045,-1.547063,-0.078811,-80.000450,-1011.808167,3903.575684,0.000000
4618.300293,-0.348541,-1011.808167,-0.014310,-0.314962,-8.000045,-1.550389,-0.078981,-80.000450,-1011.808167,3903.660400,0.000000
4618.400391,-0.355621,-1011.808167,-0.014310,-0.314962,-8.000045,-1.581883,-0.080585,-80.000450,-1011.808167,3903.744873,0.000000
4618.500000,-0.356369,-1011.808167,-0.014310,-0.314962,-8.000045,-1.585209,-0.080754,-80.000450,-1011.808167,3903.829834,0.000000
4618.600098,-0.353760,-1011.808167,-0.014310,-0.314962,-8.000045,-1.573602,-0.080163,-80.000450,-1011.808167,3903.914795,0.000000
4618.700195,-0.353760,-1011.808167,-0.014310,-0.314962,-8.000045,-1.573602,-0.080163,-80.000450,-1011.808167,3903.999268,0.000000
4618.800293,-0.362320,-1011.808167,-0.014310,-0.314962,-8.000045,-1.611680,-0.082103,-80.000450,-1011.808167,3904.083740,0.000000
4618.900391,-0.353378,-1011.808167,-0.014310,-0.314962,-8.000045,-1.571905,-0.080077,-80.000450,-1011.808167,3904.168701,0.000000
4619.000000,-0.356369,-1011.808167,-0.014310,-0.314962,-8.000045,-1.585209,-0.080754,-80.000450,-1011.808167,3904.253418,0.000000
4619.100098,-0.349655,-1011.808167,-0.014310,-0.314962,-8.000045,-1.555344,-0.079233,-80.000450,-1011.808167,3904.337891,0.000000
4619.200195,-0.358963,-1011.808167,-0.014310,-0.314962,-8.000045,-1.596747,-0.081342,-80.000450,-1011.808167,3904.422852,0.000000
4619.300293,-0.355240,-1011.808167,-0.014310,-0.314962,-8.000045,-1.580186,-0.080499,-80.000450,-1011.808167,3904.507812,0.000000
4619.400391,-0.359344,-1011.808167,-0.014310,-0.314962,-8.000045,-1.598444,-0.081429,-80.000450,-1011.808167,3904.592285,0.000000
4619.500000,-0.352264,-1011.808167,-0.014310,-0.314962,-8.000045,-1.566950,-0.079824,-80.000450,-1011.808167,3904.677002,0.000000
4619.600098,-0.350784,-1011.808167,-0.014310,-0.314962,-8.000045,-1.560367,-0.079489,-80.000450,-1011.808167,3904.761719,0.000000
4619.700195,-0.359344,-1011.808167,-0.014310,-0.314962,-8.000045,-1.598444,-0.081429,-80.000450,-1011.808167,3904.846191,0.000000
4619.800293,-0.352264,-1011.808167,-0.014310,-0.314962,-8.000045,-1.566950,-0.079824,-80.000450,-1011.808167,3904.930908,0.000000
4619.900391,-0.349655,-1011.808167,-0.014310,-0.314962,-8.000045,-1.555344,-0.079233,-80.000450,-1011.808167,3905.015869,0.000000
4620.000000,-0.350403,-1011.808167,-0.014310,-0.314962,-8.000045,-1.558670,-0.079402,-80.000450,-1011.808167,3905.100342,0.000000
4620.100098,-0.347427,-1011.808167,-0.014310,-0.314962,-8.000045,-1.545434,-0.078728,-80.000450,-1011.808167,3905.185303,0.000000
4620.200195,-0.355240,-1011.808167,-0.014310,-0.314962,-8.000045,-1.580186,-0.080499,-80.000450,-1011.808167,3905.270020,0.000000
4620.300293,-0.355240,-1011.808167,-0.014310,-0.314962,-8.000045,-1.580186,-0.080499,-80.000450,-1011.808167,3905.354492,0.000000
4620.400391,-0.360458,-1011.808167,-0.014310,-0.314962,-8.000045,-1.603399,-0.081681,-80.000450,-1011.808167,3905.439453,0.000000
4620.500000,-0.357849,-1011.808167,-0.014310,-0.314962,-8.000045,-1.591792,-0.081090,-80.000450,-1011.808167,3905.523926,0.000000
4620.600098,-0.353760,-1011.808167,-0.014310,-0.314962,-8.000045,-1.573602,-0.080163,-80.000450,-1011.808167,3905.608398,0.000000
4620.700195,-0.351151,-1011.808167,-0.014310,-0.314962,-8.000045,-1.561996,-0.079572,-80.000450,-1011.808167,3905.693359,0.000000
4620.800293,-0.349655,-1011.808167,-0.014310,-0.314962,-8.000045,-1.555344,-0.079233,-80.000450,-1011.808167,3905.778320,0.000000
4620.900391,-0.350784,-1011.808167,-0.014310,-0.314962,-8.000045,-1.560367,-0.079489,-80.000450,-1011.808167,3905.862793,0.000000
4621.000000,-0.353012,-1011.808167,-0.014310,-0.314962,-8.000045,-1.570276,-0.079994,-80.000450,-1011.808167,3905.947510,0.000000
4621.100098,-0.356369,-1011.808167,-0.014310,-0.314962,-8.000045,-1.585209,-0.080754,-80.000450,-1011.808167,3906.032471,0.000000
4621.200195,-0.351898,-1011.808167,-0.014310,-0.314962,-8.000045,-1.565321,-0.079741,-80.000450,-1011.808167,3906.116943,0.000000
4621.300293,-0.357849,-1011.808167,-0.014310,-0.314962,-8.000045,-1.591792,-0.081090,-80.000450,-1011.808167,3906.201416,0.000000
4621.400391,-0.359711,-1011.808167,-0.014310,-0.314962,-8.000045,-1.600073,-0.081512,-80.000450,-1011.808167,3906.286377,0.000000
4621.500000,-0.358963,-1011.808167,-0.014310,-0.314962,-8.000045,-1.596747,-0.081342,-80.000450,-1011.808167,3906.370850,0.000000
4621.600098,-0.361572,-1011.808167,-0.014310,-0.314962,-8.000045,-1.608354,-0.081933,-80.000450,-1011.808167,3906.455566,0.000000
4621.700195,-0.357849,-1011.808167,-0.014310,-0.314962,-8.000045,-1.591792,-0.081090,-80.000450,-1011.808167,3906.540527,0.000000
4621.800293,-0.361206,-1011.808167,-0.014310,-0.314962,-8.000045,-1.606725,-0.081850,-80.000450,-1011.808167,3906.625000,0.000000
4621.900391,-0.353760,-1011.808167,-0.014310,-0.314962,-8.000045,-1.573602,-0.080163,-80.000450,-1011.808167,3906.709961,0.000000
4622.000000,-0.347427,-1011.808167,-0.014310,-0.314962,-8.000045,-1.545434,-0.078728,-80.000450,-1011.808167,3906.794922,0.000000
4622.100098,-0.354507,-1011.808167,-0.014310,-0.314962,-8.000045,-1.576928,-0.080333,-80.000450,-1011.808167,3906.879395,0.000000
4622.200195,-0.348923,-1011.808167,-0.014310,-0.314962,-8.000045,-1.552086,-0.079067,-80.000450,-1011.808167,3906.963867,0.000000
4622.300293,-0.351898,-1011.808167,-0.014310,-0.314962,-8.000045,-1.565321,-0.079741,-80.000450,-1011.808167,3907.048584,0.000000
4622.400391,-0.357483,-1011.808167,-0.014310,-0.314962,-8.000045,-1.590163,-0.081007,-80.000450,-1011.808167,3907.133545,0.000000
4622.500000,-0.352646,-1011.808167,-0.014310,-0.314962,-8.000045,-1.568647,-0.079911,-80.000450,-1011.808167,3907.218018,0.000000
4622.600098,-0.357483,-1011.808167,-0.014310,-0.314962,-8.000045,-1.590163,-0.081007,-80.000450,-1011.808167,3907.302979,0.000000
4622.700195,-0.353012,-1011.808167,-0.014310,-0.314962,-8.000045,-1.570276,-0.079994,-80.000450,-1011.808167,3907.387451,0.000000
4622.800293,-0.345566,-1011.808167,-0.014310,-0.314962,-8.000045,-1.537153,-0.078306,-80.000450,-1011.808167,3907.472168,0.000000
4622.900391,-0.345932,-1011.808167,-0.014310,-0.314962,-8.000045,-1.538782,-0.078389,-80.000450,-1011.808167,3907.557129,0.000000
4623.000000,-0.361206,-1011.808167,-0.014310,-0.314962,-8.000045,-1.606725,-0.081850,-80.000450,-1011.808167,3907.641602,0.000000
4623.100098,-0.354874,-1011.808167,-0.014310,-0.314962,-8.000045,-1.578557,-0.080416,-80.000450,-1011.808167,3907.726074,0.000000
4623.200195,-0.352646,-1011.808167,-0.014310,-0.314962,-8.000045,-1.568647,-0.079911,-80.000450,-1011.808167,3907.811035,0.000000
4623.300293,-0.353760,-1011.808167,-0.014310,-0.314962,-8.000045,-1.573602,-0.080163,-80.000450,-1011.808167,3907.895996,0.000000
4623.400391,-0.355621,-1011.808167,-0.014310,-0.314962,-8.000045,-1.581883,-0.080585,-80.000450,-1011.808167,3907.980469,0.000000
4623.500000,-0.348175,-1011.808167,-0.014310,-0.314962,-8.000045,-1.548760,-0.078898,-80.000450,-1011.808167,3908.065186,0.000000
4623.600098,-0.346313,-1011.808167,-0.014310,-0.314962,-8.000045,-1.540479,-0.078476,-80.000450,-1011.808167,3908.150146,0.000000
4623.700195,-0.364563,-1011.808167,-0.014310,-0.314962,-8.000045,-1.621657,-0.082611,-80.000450,-1011.808167,3908.234619,0.000000
4623.800293,-0.347061,-1011.808167,-0.014310,-0.314962,-8.000045,-1.543805,-0.078645,-80.000450,-1011.808167,3908.319092,0.000000
4623.900391,-0.356369,-1011.808167,-0.014310,-0.314962,-8.000045,-1.585209,-0.080754,-80.000450,-1011.808167,3908.404053,0.000000
4624.000000,-0.361206,-1011.808167,-0.014310,-0.314962,-8.000045,-1.606725,-0.081850,-80.000450,-1011.808167,3908.488525,0.000000
4624.100098,-0.347794,-1011.808167,-0.014310,-0.314962,-8.000045,-1.547063,-0.078811,-80.000450,-1011.808167,3908.573486,0.000000
4624.200195,-0.361954,-1011.808167,-0.014310,-0.314962,-8.000045,-1.610051,-0.082020,-80.000450,-1011.808167,3908.658203,0.000000
4624.300293,-0.356369,-1011.808167,-0.014310,-0.314962,-8.000045,-1.585209,-0.080754,-80.000450,-1011.808167,3908.742676,0.000000
4624.400391,-0.345566,-1011.808167,-0.014310,-0.314962,-8.000045,-1.537153,-0.078306,-80.000450,-1011.808167,3908.827148,0.000000
4624.500000,-0.354507,-1011.808167,-0.014310,-0.314962,-8.000045,-1.576928,-0.080333,-80.000450,-1011.808167,3908.912598,0.000000
4624.600098,-0.363815,-1011.808167,-0.014310,-0.314962,-8.000045,-1.618331,-0.082442,-80.000450,-1011.808167,3908.997070,0.000000
4624.700195,-0.357101,-1011.808167,-0.014310,-0.314962,-8.000045,-1.588467,-0.080920,-80.000450,-1011.808167,3909.081543,0.000000
4624.800293,-0.353760,-1011.808167,-0.014310,-0.314962,-8.000045,-1.573602,-0.080163,-80.000450,-1011.808167,3909.166260,0.000000
4624.900391,-0.358231,-1011.808167,-0.014310,-0.314962,-8.000045,-1.593489,-0.081176,-80.000450,-1011.808167,3909.250977,0.000000
4625.000000,-0.356369,-1011.808167,-0.014310,-0.314962,-8.000045,-1.585209,-0.080754,-80.000450,-1011.808167,3909.335693,0.000000
4625.100098,-0.350403,-1011.808167,-0.014310,-0.314962,-8.000045,-1.558670,-0.079402,-80.000450,-1011.808167,3909.420654,0.000000
4625.200195,-0.350784,-1011.808167,-0.014310,-0.314962,-8.000045,-1.560367,-0.079489,-80.000450,-1011.808167,3909.505127,0.000000
4625.300293,-0.350037,-1011.808167,-0.014310,-0.314962,-8.000045,-1.557041,-0.079319,-80.000450,-1011.808167,3909.589600,0.000000
4625.400391,-0.343704,-1011.808167,-0.014310,-0.314962,-8.000045,-1.528873,-0.077884,-80.000450,-1011.808167,3909.674561,0.000000
4625.500000,-0.345932,-1011.808167,-0.014310,-0.314962,-8.000045,-1.538782,-0.078389,-80.000450,-1011.808167,3909.759277,0.000000
4625.600098,-0.360825,-1011.808167,-0.014310,-0.314962,-8.000045,-1.605028,-0.081764,-80.000450,-1011.808167,3909.843750,0.000000
4625.700195,-0.355621,-1011.808167,-0.014310,-0.314962,-8.000045,-1.581883,-0.080585,-80.000450,-1011.808167,3909.928711,0.000000
4625.800293,-0.347794,-1011.808167,-0.014310,-0.314962,-8.000045,-1.547063,-0.078811,-80.000450,-1011.808167,3910.013672,0.000000
4625.900391,-0.356369,-1011.808167,-0.014310,-0.314962,-8.000045,-1.585209,-0.080754,-80.000450,-1011.808167,3910.098145,0.000000
4626.000000,-0.357483,-1011.808167,-0.014310,-0.314962,-8.000045,-1.590163,-0.081007,-80.000450,-1011.808167,3910.182861,0.000000
4626.100098,-0.356369,-1011.808167,-0.014310,-0.314962,-8.000045,-1.585209,-0.080754,-80.000450,-1011.808167,3910.267578,0.000000
4626.200195,-0.352646,-1011.808167,-0.014310,-0.314962,-8.000045,-1.568647,-0.079911,-80.000450,-1011.808167,3910.352295,0.000000
4626.300293,-0.361572,-1011.808167,-0.014310,-0.314962,-8.000045,-1.608354,-0.081933,-80.000450,-1011.808167,3910.436768,0.000000
4626.400391,-0.353378,-1011.808167,-0.014310,-0.314962,-8.000045,-1.571905,-0.080077,-80.000450,-1011.808167,3910.521729,0.000000
4626.500000,-0.348541,-1011.808167,-0.014310,-0.314962,-8.000045,-1.550389,-0.078981,-80.000450,-1011.808167,3910.606201,0.000000
4626.600098,-0.352264,-1011.808167,-0.014310,-0.314962,-8.000045,-1.566950,-0.079824,-80.000450,-1011.808167,3910.691162,0.000000
4626.700195,-0.351151,-1011.808167,-0.014310,-0.314962,-8.000045,-1.561996,-0.079572,-80.000450,-1011.808167,3910.775879,0.000000
4626.800293,-0.368286,-1011.808167,-0.014310,-0.314962,-8.000045,-1.638219,-0.083455,-80.000450,-1011.808167,3910.860352,0.000000
4626.900391,-0.361572,-1011.808167,-0.014310,-0.314962,-8.000045,-1.608354,-0.081933,-80.000450,-1011.808167,3910.944824,0.000000
4627.000000,-0.364182,-1011.808167,-0.014310,-0.314962,-8.000045,-1.619960,-0.082525,-80.000450,-1011.808167,3911.029785,0.000000
4627.100098,-0.349655,-1011.808167,-0.014310,-0.314962,-8.000045,-1.555344,-0.079233,-80.000450,-1011.808167,3911.114746,0.000000
4627.200195,-0.354507,-1011.808167,-0.014310,-0.314962,-8.000045,-1.576928,-0.080333,-80.000450,-1011.808167,3911.199219,0.000000
4627.300293,-0.350403,-1011.808167,-0.014310,-0.314962,-8.000045,-1.558670,-0.079402,-80.000450,-1011.808167,3911.284180,0.000000
4627.400391,-0.363068,-1011.808167,-0.014310,-0.314962,-8.000045,-1.615005,-0.082272,-80.000450,-1011.808167,3911.368652,0.000000
4627.500000,-0.360092,-1011.808167,-0.014310,-0.314962,-8.000045,-1.601770,-0.081598,-80.000450,-1011.808167,3911.453125,0.000000
4627.600098,-0.356735,-1011.808167,-0.014310,-0.314962,-8.000045,-1.586838,-0.080837,-80.000450,-1011.808167,3911.538330,0.000000
4627.700195,-0.366043,-1011.808167,-0.014310,-0.314962,-8.000045,-1.628241,-0.082947,-80.000450,-1011.808167,3911.622803,0.000000
4627.800293,-0.355988,-1011.808167,-0.014310,-0.314962,-8.000045,-1.583512,-0.080668,-80.000450,-1011.808167,3911.707275,0.000000
4627.900391,-0.358231,-1011.808167,-0.014310,-0.314962,-8.000045,-1.593489,-0.081176,-80.000450,-1011.808167,3911.792236,0.000000
4628.000000,-0.356369,-1011.808167,-0.014310,-0.314962,-8.000045,-1.585209,-0.080754,-80.000450,-1011.808167,3911.876953,0.000000
4628.100098,-0.351898,-1011.808167,-0.014310,-0.314962,-8.000045,-1.565321,-0.079741,-80.000450,-1011.808167,3911.961426,0.000000
4628.200195,-0.352646,-1011.808167,-0.014310,-0.314962,-8.000045,-1.568647,-0.079911,-80.000450,-1011.808167,3912.046387,0.000000
4628.300293,-0.359344,-1011.808167,-0.014310,-0.314962,-8.000045,-1.598444,-0.081429,-80.000450,-1011.808167,3912.130859,0.000000
4628.400391,-0.354874,-1011.808167,-0.014310,-0.314962,-8.000045,-1.578557,-0.080416,-80.000450,-1011.808167,3912.215820,0.000000
4628.500000,-0.359711,-1011.808167,-0.014310,-0.314962,-8.000045,-1.600073,-0.081512,-80.000450,-1011.808167,3912.300781,0.000000
4628.600098,-0.355621,-1011.808167,-0.014310,-0.314962,-8.000045,-1.581883,-0.080585,-80.000450,-1011.808167,3912.385254,0.000000
4628.700195,-0.351151,-1011.808167,-0.014310,-0.314962,-8.000045,-1.561996,-0.079572,-80.000450,-1011.808167,3912.469727,0.000000
4628.800293,-0.359344,-1011.808167,-0.014310,-0.314962,-8.000045,-1.598444,-0.081429,-80.000450,-1011.808167,3912.554443,0.000000
4628.900391,-0.365295,-1011.808167,-0.014310,-0.314962,-8.000045,-1.624915,-0.082777,-80.000450,-1011.808167,3912.639404,0.000000
4629.000000,-0.357483,-1011.808167,-0.014310,-0.314962,-8.000045,-1.590163,-0.081007,-80.000450,-1011.808167,3912.723877,0.000000
4629.100098,-0.358963,-1011.808167,-0.014310,-0.314962,-8.000045,-1.596747,-0.081342,-80.000450,-1011.808167,3912.808838,0.000000
4629.200195,-0.357483,-1011.808167,-0.014310,-0.314962,-8.000045,-1.590163,-0.081007,-80.000450,-1011.808167,3912.893311,0.000000
4629.300293,-0.348541,-1011.808167,-0.014310,-0.314962,-8.000045,-1.550389,-0.078981,-80.000450,-1011.808167,3912.978271,0.000000
4629.400391,-0.358231,-1011.808167,-0.014310,-0.314962,-8.000045,-1.593489,-0.081176,-80.000450,-1011.808167,3913.062744,0.000000
4629.500000,-0.354507,-1011.808167,-0.014310,-0.314962,-8.000045,-1.576928,-0.080333,-80.000450,-1011.808167,3913.147461,0.000000
4629.600098,-0.355988,-1011.808167,-0.014310,-0.314962,-8.000045,-1.583512,-0.080668,-80.000450,-1011.808167,3913.231934,0.000000
4629.700195,-0.358963,-1011.808167,-0.014310,-0.314962,-8.000045,-1.596747,-0.081342,-80.000450,-1011.808167,3913.316895,0.000000
4629.800293,-0.354507,-1011.808167,-0.014310,-0.314962,-8.000045,-1.576928,-0.080333,-80.000450,-1011.808167,3913.401855,0.000000
4629.900391,-0.358963,-1011.808167,-0.014310,-0.314962,-8.000045,-1.596747,-0.081342,-80.000450,-1011.808167,3913.486328,0.000000
4630.000000,-0.358231,-1011.808167,-0.014310,-0.314962,-8.000045,-1.593489,-0.081176,-80.000450,-1011.808167,3913.570801,0.000000
4630.100098,-0.360825,-1011.808167,-0.014310,-0.314962,-8.000045,-1.605028,-0.081764,-80.000450,-1011.808167,3913.655518,0.000000
4630.200195,-0.357483,-1011.808167,-0.014310,-0.314962,-8.000045,-1.590163,-0.081007,-80.000450,-1011.808167,3913.740479,0.000000
4630.300293,-0.365677,-1011.808167,-0.014310,-0.314962,-8.000045,-1.626612,-0.082864,-80.000450,-1011.808167,3913.824951,0.000000
4630.400391,-0.357483,-1011.808167,-0.014310,-0.314962,-8.000045,-1.590163,-0.081007,-80.000450,-1011.808167,3913.909912,0.000000
4630.500000,-0.355621,-1011.808167,-0.014310,-0.314962,-8.000045,-1.581883,-0.080585,-80.000450,-1011.808167,3913.994873,0.000000
4630.600098,-0.352646,-1011.808167,-0.014310,-0.314962,-8.000045,-1.568647,-0.079911,-80.000450,-1011.808167,3914.079346,0.000000
4630.700195,-0.358963,-1011.808167,-0.014310,-0.314962,-8.000045,-1.596747,-0.081342,-80.000450,-1011.808167,3914.164062,0.000000
4630.800293,-0.359711,-1011.808167,-0.014310,-0.314962,-8.000045,-1.600073,-0.081512,-80.000450,-1011.808167,3914.248535,0.000000
4630.900391,-0.360092,-1011.808167,-0.014310,-0.314962,-8.000045,-1.601770,-0.081598,-80.000450,-1011.808167,3914.333008,0.000000
4631.000000,-0.357101,-1011.808167,-0.014310,-0.314962,-8.000045,-1.588467,-0.080920,-80.000450,-1011.808167,3914.418457,0.000000
4631.100098,-0.355240,-1011.808167,-0.014310,-0.314962,-8.000045,-1.580186,-0.080499,-80.000450,-1011.808167,3914.502930,0.000000
4631.200195,-0.355621,-1011.808167,-0.014310,-0.314962,-8.000045,-1.581883,-0.080585,-80.000450,-1011.808167,3914.587402,0.000000
4631.300293,-0.350403,-1011.808167,-0.014310,-0.314962,-8.000045,-1.558670,-0.079402,-80.000450,-1011.808167,3914.672119,0.000000
4631.400391,-0.348175,-1011.808167,-0.014310,-0.314962,-8.000045,-1.548760,-0.078898,-80.000450,-1011.808167,3914.757080,0.000000
4631.500000,-0.355621,-1011.808167,-0.014310,-0.314962,-8.000045,-1.581883,-0.080585,-80.000450,-1011.808167,3914.841553,0.000000
4631.600098,-0.363068,-1011.808167,-0.014310,-0.314962,-8.000045,-1.615005,-0.082272,-80.000450,-1011.808167,3914.926514,0.000000
4631.700195,-0.367538,-1011.808167,-0.014310,-0.314962,-8.000045,-1.634893,-0.083285,-80.000450,-1011.808167,3915.010986,0.000000
4631.800293,-0.358597,-1011.808167,-0.014310,-0.314962,-8.000045,-1.595118,-0.081259,-80.000450,-1011.808167,3915.095459,0.000000
4631.900391,-0.363434,-1011.808167,-0.014310,-0.314962,-8.000045,-1.616634,-0.082355,-80.000450,-1011.808167,3915.180420,0.000000
4632.000000,-0.360092,-1011.808167,-0.014310,-0.314962,-8.000045,-1.601770,-0.081598,-80.000450,-1011.808167,3915.265137,0.000000
4632.100098,-0.353378,-1011.808167,-0.014310,-0.314962,-8.000045,-1.571905,-0.080077,-80.000450,-1011.808167,3915.349609,0.000000
4632.200195,-0.357483,-1011.808167,-0.014310,-0.314962,-8.000045,-1.590163,-0.081007,-80.000450,-1011.808167,3915.434570,0.000000
4632.300293,-0.355621,-1011.808167,-0.014310,-0.314962,-8.000045,-1.581883,-0.080585,-80.000450,-1011.808167,3915.519531,0.000000
4632.400391,-0.363815,-1011.808167,-0.014310,-0.314962,-8.000045,-1.618331,-0.082442,-80.000450,-1011.808167,3915.604004,0.000000
4632.500000,-0.362701,-1011.808167,-0.014310,-0.314962,-8.000045,-1.613376,-0.082189,-80.000450,-1011.808167,3915.688477,0.000000
4632.600098,-0.353760,-1011.808167,-0.014310,-0.314962,-8.000045,-1.573602,-0.080163,-80.000450,-1011.808167,3915.773437,0.000000
4632.700195,-0.359711,-1011.808167,-0.014310,-0.314962,-8.000045,-1.600073,-0.081512,-80.000450,-1011.808167,3915.858154,0.000000
4632.800293,-0.359711,-1011.808167,-0.014310,-0.314962,-8.000045,-1.600073,-0.081512,-80.000450,-1011.808167,3915.942627,0.000000
4632.900391,-0.347061,-1011.808167,-0.014310,-0.314962,-8.000045,-1.543805,-0.078645,-80.000450,-1011.808167,3916.027588,0.000000
4633.000000,-0.358231,-1011.808167,-0.014310,-0.314962,-8.000045,-1.593489,-0.081176,-80.000450,-1011.808167,3916.112061,0.000000
4633.100098,-0.359711,-1011.808167,-0.014310,-0.314962,-8.000045,-1.600073,-0.081512,-80.000450,-1011.808167,3916.197021,0.000000
4633.200195,-0.353760,-1011.808167,-0.014310,-0.314962,-8.000045,-1.573602,-0.080163,-80.000450,-1011.808167,3916.281738,0.000000
4633.300293,-0.350037,-1011.808167,-0.014310,-0.314962,-8.000045,-1.557041,-0.079319,-80.000450,-1011.808167,3916.366211,0.000000
4633.400391,-0.362701,-1011.808167,-0.014310,-0.314962,-8.000045,-1.613376,-0.082189,-80.000450,-1011.808167,3916.450928,0.000000
4633.500000,-0.345932,-1011.808167,-0.014310,-0.314962,-8.000045,-1.538782,-0.078389,-80.000450,-1011.808167,3916.535645,0.000000
4633.600098,-0.358963,-1011.808167,-0.014310,-0.314962,-8.000045,-1.596747,-0.081342,-80.000450,-1011.808167,3916.620605,0.000000
4633.700195,-0.359711,-1011.808167,-0.014310,-0.314962,-8.000045,-1.600073,-0.081512,-80.000450,-1011.808167,3916.705078,0.000000
4633.800293,-0.345200,-1011.808167,-0.014310,-0.314962,-8.000045,-1.535524,-0.078223,-80.000450,-1011.808167,3916.790039,0.000000
4633.900391,-0.360825,-1011.808167,-0.014310,-0.314962,-8.000045,-1.605028,-0.081764,-80.000450,-1011.808167,3916.874512,0.000000
4634.000000,-0.359344,-1011.808167,-0.014310,-0.314962,-8.000045,-1.598444,-0.081429,-80.000450,-1011.808167,3916.959229,0.000000
4634.100098,-0.357483,-1011.808167,-0.014310,-0.314962,-8.000045,-1.590163,-0.081007,-80.000450,-1011.808167,3917.044189,0.000000
4634.200195,-0.357101,-1011.808167,-0.014310,-0.314962,-8.000045,-1.588467,-0.080920,-80.000450,-1011.808167,3917.128662,0.000000
4634.300293,-0.352646,-1011.808167,-0.014310,-0.314962,-8.000045,-1.568647,-0.079911,-80.000450,-1011.808167,3917.213135,0.000000
4634.400391,-0.353760,-1011.808167,-0.014310,-0.314962,-8.000045,-1.573602,-0.080163,-80.000450,-1011.808167,3917.298096,0.000000
4634.500000,-0.356735,-1011.808167,-0.014310,-0.314962,-8.000045,-1.586838,-0.080837,-80.000450,-1011.808167,3917.382812,0.000000
4634.600098,-0.348175,-1011.808167,-0.014310,-0.314962,-8.000045,-1.548760,-0.078898,-80.000450,-1011.808167,3917.467529,0.000000
4634.700195,-0.359344,-1011.808167,-0.014310,-0.314962,-8.000045,-1.598444,-0.081429,-80.000450,-1011.808167,3917.552246,0.000000
4634.800293,-0.357849,-1011.808167,-0.014310,-0.314962,-8.000045,-1.591792,-0.081090,-80.000450,-1011.808167,3917.637207,0.000000
4634.900391,-0.354507,-1011.808167,-0.014310,-0.314962,-8.000045,-1.576928,-0.080333,-80.000450,-1011.808167,3917.721680,0.000000
4635.000000,-0.365295,-1011.808167,-0.014310,-0.314962,-8.000045,-1.624915,-0.082777,-80.000450,-1011.808167,3917.806152,0.000000
4635.100098,-0.359711,-1011.808167,-0.014310,-0.314962,-8.000045,-1.600073,-0.081512,-80.000450,-1011.808167,3917.891113,0.000000
4635.200195,-0.363068,-1011.808167,-0.014310,-0.314962,-8.000045,-1.615005,-0.082272,-80.000450,-1011.808167,3917.975586,0.000000
4635.300293,-0.358963,-1011.808167,-0.014310,-0.314962,-8.000045,-1.596747,-0.081342,-80.000450,-1011.808167,3918.060303,0.000000
4635.400391,-0.349655,-1011.808167,-0.014310,-0.314962,-8.000045,-1.555344,-0.079233,-80.000450,-1011.808167,3918.145264,0.000000
4635.500000,-0.361572,-1011.808167,-0.014310,-0.314962,-8.000045,-1.608354,-0.081933,-80.000450,-1011.808167,3918.229736,0.000000
4635.600098,-0.340729,-1011.808167,-0.014310,-0.314962,-8.000045,-1.515637,-0.077210,-80.000450,-1011.808167,3918.314697,0.000000
4635.700195,-0.345200,-1011.808167,-0.014310,-0.314962,-8.000045,-1.535524,-0.078223,-80.000450,-1011.808167,3918.399414,0.000000
4635.800293,-0.351151,-1011.808167,-0.014310,-0.314962,-8.000045,-1.561996,-0.079572,-80.000450,-1011.808167,3918.484131,0.000000
4635.900391,-0.356369,-1011.808167,-0.014310,-0.314962,-8.000045,-1.585209,-0.080754,-80.000450,-1011.808167,3918.568604,0.000000
4636.000000,-0.352646,-1011.808167,-0.014310,-0.314962,-8.000045,-1.568647,-0.079911,-80.000450,-1011.808167,3918.653320,0.000000
4636.100098,-0.353378,-1011.808167,-0.014310,-0.314962,-8.000045,-1.571905,-0.080077,-80.000450,-1011.808167,3918.737793,0.000000
4636.200195,-0.359711,-1011.808167,-0.014310,-0.314962,-8.000045,-1.600073,-0.081512,-80.000450,-1011.808167,3918.822754,0.000000
4636.300293,-0.350403,-1011.808167,-0.014310,-0.314962,-8.000045,-1.558670,-0.079402,-80.000450,-1011.808167,3918.907715,0.000000
4636.400391,-0.361206,-1011.808167,-0.014310,-0.314962,-8.000045,-1.606725,-0.081850,-80.000450,-1011.808167,3918.992187,0.000000
4636.500000,-0.356735,-1011.808167,-0.014310,-0.314962,-8.000045,-1.586838,-0.080837,-80.000450,-1011.808167,3919.076904,0.000000
4636.600098,-0.368286,-1011.808167,-0.014310,-0.314962,-8.000045,-1.638219,-0.083455,-80.000450,-1011.808167,3919.161865,0.000000
4636.700195,-0.363068,-1011.808167,-0.014310,-0.314962,-8.000045,-1.615005,-0.082272,-80.000450,-1011.808167,3919.246338,0.000000
4636.800293,-0.357849,-1011.808167,-0.014310,-0.314962,-8.000045,-1.591792,-0.081090,-80.000450,-1011.808167,3919.330811,0.000000
4636.900391,-0.363434,-1011.808167,-0.014310,-0.314962,-8.000045,-1.616634,-0.082355,-80.000450,-1011.808167,3919.415771,0.000000
4637.000000,-0.361206,-1011.808167,-0.014310,-0.314962,-8.000045,-1.606725,-0.081850,-80.000450,-1011.808167,3919.500732,0.000000
4637.100098,-0.357849,-1011.808167,-0.014310,-0.314962,-8.000045,-1.591792,-0.081090,-80.000450,-1011.808167,3919.585205,0.000000
4637.200195,-0.344070,-1011.808167,-0.014310,-0.314962,-8.000045,-1.530502,-0.077967,-80.000450,-1011.808167,3919.669922,0.000000
4637.300293,-0.348541,-1011.808167,-0.014310,-0.314962,-8.000045,-1.550389,-0.078981,-80.000450,-1011.808167,3919.754395,0.000000
4637.400391,-0.362701,-1011.808167,-0.014310,-0.314962,-8.000045,-1.613376,-0.082189,-80.000450,-1011.808167,3919.839355,0.000000
4637.500000,-0.357101,-1011.808167,-0.014310,-0.314962,-8.000045,-1.588467,-0.080920,-80.000450,-1011.808167,3919.923828,0.000000
4637.600098,-0.364182,-1011.808167,-0.014310,-0.314962,-8.000045,-1.619960,-0.082525,-80.000450,-1011.808167,3920.008789,0.000000
4637.700195,-0.355240,-1011.808167,-0.014310,-0.314962,-8.000045,-1.580186,-0.080499,-80.000450,-1011.808167,3920.093262,0.000000
4637.800293,-0.355988,-1011.808167,-0.014310,-0.314962,-8.000045,-1.583512,-0.080668,-80.000450,-1011.808167,3920.177979,0.000000
4637.900391,-0.360092,-1011.808167,-0.014310,-0.314962,-8.000045,-1.601770,-0.081598,-80.000450,-1011.808167,3920.262939,0.000000
4638.000000,-0.354126,-1011.808167,-0.014310,-0.314962,-8.000045,-1.575231,-0.080246,-80.000450,-1011.808167,3920.347412,0.000000
4638.100098,-0.354126,-1011.808167,-0.014310,-0.314962,-8.000045,-1.575231,-0.080246,-80.000450,-1011.808167,3920.431885,0.000000
4638.200195,-0.355240,-1011.808167,-0.014310,-0.314962,-8.000045,-1.580186,-0.080499,-80.000450,-1011.808167,3920.516846,0.000000
4638.300293,-0.352646,-1011.808167,-0.014310,-0.314962,-8.000045,-1.568647,-0.079911,-80.000450,-1011.808167,3920.601807,0.000000
4638.400391,-0.355621,-1011.808167,-0.014310,-0.314962,-8.000045,-1.581883,-0.080585,-80.000450,-1011.808167,3920.686279,0.000000
4638.500000,-0.348175,-1011.808167,-0.014310,-0.314962,-8.000045,-1.548760,-0.078898,-80.000450,-1011.808167,3920.770996,0.000000
4638.600098,-0.353378,-1011.808167,-0.014310,-0.314962,-8.000045,-1.571905,-0.080077,-80.000450,-1011.808167,3920.855469,0.000000
4638.700195,-0.349289,-1011.808167,-0.014310,-0.314962,-8.000045,-1.553715,-0.079150,-80.000450,-1011.808167,3920.940430,0.000000
4638.800293,-0.345200,-1011.808167,-0.014310,-0.314962,-8.000045,-1.535524,-0.078223,-80.000450,-1011.808167,3921.025391,0.000000
4638.900391,-0.357483,-1011.808167,-0.014310,-0.314962,-8.000045,-1.590163,-0.081007,-80.000450,-1011.808167,3921.109863,0.000000
4639.000000,-0.353760,-1011.808167,-0.014310,-0.314962,-8.000045,-1.573602,-0.080163,-80.000450,-1011.808167,3921.194336,0.000000
4639.100098,-0.358231,-1011.808167,-0.014310,-0.314962,-8.000045,-1.593489,-0.081176,-80.000450,-1011.808167,3921.279541,0.000000
4639.200195,-0.358597,-1011.808167,-0.014310,-0.314962,-8.000045,-1.595118,-0.081259,-80.000450,-1011.808167,3921.364014,0.000000
4639.300293,-0.357849,-1011.808167,-0.014310,-0.314962,-8.000045,-1.591792,-0.081090,-80.000450,-1011.808167,3921.448486,0.000000
4639.400391,-0.357483,-1011.808167,-0.014310,-0.314962,-8.000045,-1.590163,-0.081007,-80.000450,-1011.808167,3921.533447,0.000000
4639.500000,-0.361572,-1011.808167,-0.014310,-0.314962,-8.000045,-1.608354,-0.081933,-80.000450,-1011.808167,3921.617920,0.000000
4639.600098,-0.351151,-1011.808167,-0.014310,-0.314962,-8.000045,-1.561996,-0.079572,-80.000450,-1011.808167,3921.702881,0.000000
4639.700195,-0.355621,-1011.808167,-0.014310,-0.314962,-8.000045,-1.581883,-0.080585,-80.000450,-1011.808167,3921.787598,0.000000
4639.800293,-0.363434,-1011.808167,-0.014310,-0.314962,-8.000045,-1.616634,-0.082355,-80.000450,-1011.808167,3921.872070,0.000000
4639.900391,-0.360092,-1011.808167,-0.014310,-0.314962,-8.000045,-1.601770,-0.081598,-80.000450,-1011.808167,3921.956787,0.000000
4640.000000,-0.352264,-1011.808167,-0.014310,-0.314962,-8.000045,-1.566950,-0.079824,-80.000450,-1011.808167,3922.041504,0.000000
4640.100098,-0.347061,-1011.808167,-0.014310,-0.314962,-8.000045,-1.543805,-0.078645,-80.000450,-1011.808167,3922.126465,0.000000
4640.200195,-0.356735,-1011.808167,-0.014310,-0.314962,-8.000045,-1.586838,-0.080837,-80.000450,-1011.808167,3922.210937,0.000000
4640.300293,-0.361954,-1011.808167,-0.014310,-0.314962,-8.000045,-1.610051,-0.082020,-80.000450,-1011.808167,3922.295898,0.000000
4640.400391,-0.352646,-1011.808167,-0.014310,-0.314962,-8.000045,-1.568647,-0.079911,-80.000450,-1011.808167,3922.380371,0.000000
4640.500000,-0.362701,-1011.808167,-0.014310,-0.314962,-8.000045,-1.613376,-0.082189,-80.000450,-1011.808167,3922.465088,0.000000
4640.600098,-0.353012,-1011.808167,-0.014310,-0.314962,-8.000045,-1.570276,-0.079994,-80.000450,-1011.808167,3922.549561,0.000000
4640.700195,-0.357849,-1011.808167,-0.014310,-0.314962,-8.000045,-1.591792,-0.081090,-80.000450,-1011.808167,3922.634521,0.000000
4640.800293,-0.353760,-1011.808167,-0.014310,-0.314962,-8.000045,-1.573602,-0.080163,-80.000450,-1011.808167,3922.719482,0.000000
4640.900391,-0.357483,-1011.808167,-0.014310,-0.314962,-8.000045,-1.590163,-0.081007,-80.000450,-1011.808167,3922.803955,0.000000
4641.000000,-0.348923,-1011.808167,-0.014310,-0.314962,-8.000045,-1.552086,-0.079067,-80.000450,-1011.808167,3922.888672,0.000000
4641.100098,-0.355988,-1011.808167,-0.014310,-0.314962,-8.000045,-1.583512,-0.080668,-80.000450,-1011.808167,3922.973389,0.000000
4641.200195,-0.357101,-1011.808167,-0.014310,-0.314962,-8.000045,-1.588467,-0.080920,-80.000450,-1011.808167,3923.058105,0.000000
4641.300293,-0.351151,-1011.808167,-0.014310,-0.314962,-8.000045,-1.561996,-0.079572,-80.000450,-1011.808167,3923.143066,0.000000
4641.400391,-0.356735,-1011.808167,-0.014310,-0.314962,-8.000045,-1.586838,-0.080837,-80.000450,-1011.808167,3923.227539,0.000000
4641.500000,-0.353378,-1011.808167,-0.014310,-0.314962,-8.000045,-1.571905,-0.080077,-80.000450,-1011.808167,3923.312012,0.000000
4641.600098,-0.360825,-1011.808167,-0.014310,-0.314962,-8.000045,-1.605028,-0.081764,-80.000450,-1011.808167,3923.396973,0.000000
4641.700195,-0.361954,-1011.808167,-0.014310,-0.314962,-8.000045,-1.610051,-0.082020,-80.000450,-1011.808167,3923.481689,0.000000
4641.800293,-0.357483,-1011.808167,-0.014310,-0.314962,-8.000045,-1.590163,-0.081007,-80.000450,-1011.808167,3923.566162,0.000000
4641.900391,-0.354874,-1011.808167,-0.014310,-0.314962,-8.000045,-1.578557,-0.080416,-80.000450,-1011.808167,3923.651123,0.000000
4642.000000,-0.354126,-1011.808167,-0.014310,-0.314962,-8.000045,-1.575231,-0.080246,-80.000450,-1011.808167,3923.735596,0.000000
4642.100098,-0.359711,-1011.808167,-0.014310,-0.314962,-8.000045,-1.600073,-0.081512,-80.000450,-1011.808167,3923.820068,0.000000
4642.200195,-0.356369,-1011.808167,-0.014310,-0.314962,-8.000045,-1.585209,-0.080754,-80.000450,-1011.808167,3923.905273,0.000000
4642.300293,-0.365295,-1011.808167,-0.014310,-0.314962,-8.000045,-1.624915,-0.082777,-80.000450,-1011.808167,3923.989990,0.000000
4642.400391,-0.363068,-1011.808167,-0.014310,-0.314962,-8.000045,-1.615005,-0.082272,-80.000450,-1011.808167,3924.074463,0.000000
4642.500000,-0.357101,-1011.808167,-0.014310,-0.314962,-8.000045,-1.588467,-0.080920,-80.000450,-1011.808167,3924.159180,0.000000
4642.600098,-0.352646,-1011.808167,-0.014310,-0.314962,-8.000045,-1.568647,-0.079911,-80.000450,-1011.808167,3924.244141,0.000000
4642.700195,-0.360092,-1011.808167,-0.014310,-0.314962,-8.000045,-1.601770,-0.081598,-80.000450,-1011.808167,3924.328613,0.000000
4642.800293,-0.355621,-1011.808167,-0.014310,-0.314962,-8.000045,-1.581883,-0.080585,-80.000450,-1011.808167,3924.413574,0.000000
4642.900391,-0.355240,-1011.808167,-0.014310,-0.314962,-8.000045,-1.580186,-0.080499,-80.000450,-1011.808167,3924.498047,0.000000
4643.000000,-0.363068,-1011.808167,-0.014310,-0.314962,-8.000045,-1.615005,-0.082272,-80.000450,-1011.808167,3924.582764,0.000000
4643.100098,-0.354874,-1011.808167,-0.014310,-0.314962,-8.000045,-1.578557,-0.080416,-80.000450,-1011.808167,3924.667480,0.000000
4643.200195,-0.360092,-1011.808167,-0.014310,-0.314962,-8.000045,-1.601770,-0.081598,-80.000450,-1011.808167,3924.752197,0.000000
4643.300293,-0.355988,-1011.808167,-0.014310,-0.314962,-8.000045,-1.583512,-0.080668,-80.000450,-1011.808167,3924.836670,0.000000
4643.400391,-0.360458,-1011.808167,-0.014310,-0.314962,-8.000045,-1.603399,-0.081681,-80.000450,-1011.808167,3924.921631,0.000000
4643.500000,-0.355621,-1011.808167,-0.014310,-0.314962,-8.000045,-1.581883,-0.080585,-80.000450,-1011.808167,3925.006592,0.000000
4643.600098,-0.361206,-1011.808167,-0.014310,-0.314962,-8.000045,-1.606725,-0.081850,-80.000450,-1011.808167,3925.091064,0.000000
4643.700195,-0.351898,-1011.808167,-0.014310,-0.314962,-8.000045,-1.565321,-0.079741,-80.000450,-1011.808167,3925.175781,0.000000
4643.800293,-0.358597,-1011.808167,-0.014310,-0.314962,-8.000045,-1.595118,-0.081259,-80.000450,-1011.808167,3925.260254,0.000000
4643.900391,-0.355621,-1011.808167,-0.014310,-0.314962,-8.000045,-1.581883,-0.080585,-80.000450,-1011.808167,3925.345215,0.000000
4644.000000,-0.355240,-1011.808167,-0.014310,-0.314962,-8.000045,-1.580186,-0.080499,-80.000450,-1011.808167,3925.429687,0.000000
4644.100098,-0.349289,-1011.808167,-0.014310,-0.314962,-8.000045,-1.553715,-0.079150,-80.000450,-1011.808167,3925.514648,0.000000
4644.200195,-0.357483,-1011.808167,-0.014310,-0.314962,-8.000045,-1.590163,-0.081007,-80.000450,-1011.808167,3925.599121,0.000000
4644.300293,-0.357483,-1011.808167,-0.014310,-0.314962,-8.000045,-1.590163,-0.081007,-80.000450,-1011.808167,3925.684082,0.000000
4644.400391,-0.363434,-1011.808167,-0.014310,-0.314962,-8.000045,-1.616634,-0.082355,-80.000450,-1011.808167,3925.768799,0.000000
4644.500000,-0.360825,-1011.808167,-0.014310,-0.314962,-8.000045,-1.605028,-0.081764,-80.000450,-1011.808167,3925.853271,0.000000
4644.600098,-0.359711,-1011.808167,-0.014310,-0.314962,-8.000045,-1.600073,-0.081512,-80.000450,-1011.808167,3925.937744,0.000000
4644.700195,-0.353012,-1011.808167,-0.014310,-0.314962,-8.000045,-1.570276,-0.079994,-80.000450,-1011.808167,3926.022705,0.000000
4644.800293,-0.366043,-1011.808167,-0.014310,-0.314962,-8.000045,-1.628241,-0.082947,-80.000450,-1011.808167,3926.107666,0.000000
4644.900391,-0.366791,-1011.808167,-0.014310,-0.314962,-8.000045,-1.631567,-0.083116,-80.000450,-1011.808167,3926.192139,0.000000
4645.000000,-0.359711,-1011.808167,-0.014310,-0.314962,-8.000045,-1.600073,-0.081512,-80.000450,-1011.808167,3926.276855,0.000000
4645.100098,-0.362320,-1011.808167,-0.014310,-0.314962,-8.000045,-1.611680,-0.082103,-80.000450,-1011.808167,3926.361816,0.000000
4645.200195,-0.355621,-1011.808167,-0.014310,-0.314962,-8.000045,-1.581883,-0.080585,-80.000450,-1011.808167,3926.446289,0.000000
4645.300293,-0.363815,-1011.808167,-0.014310,-0.314962,-8.000045,-1.618331,-0.082442,-80.000450,-1011.808167,3926.531250,0.000000
4645.400391,-0.354874,-1011.808167,-0.014310,-0.314962,-8.000045,-1.578557,-0.080416,-80.000450,-1011.808167,3926.615723,0.000000
4645.500000,-0.356369,-1011.808167,-0.014310,-0.314962,-8.000045,-1.585209,-0.080754,-80.000450,-1011.808167,3926.700195,0.000000
4645.600098,-0.364929,-1011.808167,-0.014310,-0.314962,-8.000045,-1.623286,-0.082694,-80.000450,-1011.808167,3926.785156,0.000000
4645.700195,-0.356369,-1011.808167,-0.014310,-0.314962,-8.000045,-1.585209,-0.080754,-80.000450,-1011.808167,3926.869873,0.000000
4645.800293,-0.359711,-1011.808167,-0.014310,-0.314962,-8.000045,-1.600073,-0.081512,-80.000450,-1011.808167,3926.954346,0.000000
4645.900391,-0.362701,-1011.808167,-0.014310,-0.314962,-8.000045,-1.613376,-0.082189,-80.000450,-1011.808167,3927.039307,0.000000
4646.000000,-0.359711,-1011.808167,-0.014310,-0.314962,-8.000045,-1.600073,-0.081512,-80.000450,-1011.808167,3927.124268,0.000000
4646.100098,-0.362320,-1011.808167,-0.014310,-0.314962,-8.000045,-1.611680,-0.082103,-80.000450,-1011.808167,3927.208740,0.000000
4646.200195,-0.356735,-1011.808167,-0.014310,-0.314962,-8.000045,-1.586838,-0.080837,-80.000450,-1011.808167,3927.293457,0.000000
4646.300293,-0.355240,-1011.808167,-0.014310,-0.314962,-8.000045,-1.580186,-0.080499,-80.000450,-1011.808167,3927.377930,0.000000
4646.400391,-0.358231,-1011.808167,-0.014310,-0.314962,-8.000045,-1.593489,-0.081176,-80.000450,-1011.808167,3927.462646,0.000000
4646.500000,-0.360825,-1011.808167,-0.014310,-0.314962,-8.000045,-1.605028,-0.081764,-80.000450,-1011.808167,3927.547363,0.000000
4646.600098,-0.349289,-1011.808167,-0.014310,-0.314962,-8.000045,-1.553715,-0.079150,-80.000450,-1011.808167,3927.632324,0.000000
4646.700195,-0.357849,-1011.808167,-0.014310,-0.314962,-8.000045,-1.591792,-0.081090,-80.000450,-1011.808167,3927.716797,0.000000
4646.800293,-0.361206,-1011.808167,-0.014310,-0.314962,-8.000045,-1.606725,-0.081850,-80.000450,-1011.808167,3927.801758,0.000000
4646.900391,-0.364563,-1011.808167,-0.014310,-0.314962,-8.000045,-1.621657,-0.082611,-80.000450,-1011.808167,3927.886475,0.000000
4647.000000,-0.357483,-1011.808167,-0.014310,-0.314962,-8.000045,-1.590163,-0.081007,-80.000450,-1011.808167,3927.970947,0.000000
4647.100098,-0.359711,-1011.808167,-0.014310,-0.314962,-8.000045,-1.600073,-0.081512,-80.000450,-1011.808167,3928.055420,0.000000
4647.200195,-0.349289,-1011.808167,-0.014310,-0.314962,-8.000045,-1.553715,-0.079150,-80.000450,-1011.808167,3928.140381,0.000000
4647.300293,-0.351151,-1011.808167,-0.014310,-0.314962,-8.000045,-1.561996,-0.079572,-80.000450,-1011.808167,3928.224854,0.000000
4647.400391,-0.350037,-1011.808167,-0.014310,-0.314962,-8.000045,-1.557041,-0.079319,-80.000450,-1011.808167,3928.309814,0.000000
4647.500000,-0.363068,-1011.808167,-0.014310,-0.314962,-8.000045,-1.615005,-0.082272,-80.000450,-1011.808167,3928.394531,0.000000
4647.600098,-0.361954,-1011.808167,-0.014310,-0.314962,-8.000045,-1.610051,-0.082020,-80.000450,-1011.808167,3928.479248,0.000000
4647.700195,-0.362701,-1011.808167,-0.014310,-0.314962,-8.000045,-1.613376,-0.082189,-80.000450,-1011.808167,3928.563965,0.000000
4647.800293,-0.351151,-1011.808167,-0.014310,-0.314962,-8.000045,-1.561996,-0.079572,-80.000450,-1011.808167,3928.648926,0.000000
4647.900391,-0.355988,-1011.808167,-0.014310,-0.314962,-8.000045,-1.583512,-0.080668,-80.000450,-1011.808167,3928.733398,0.000000
4648.000000,-0.355621,-1011.808167,-0.014310,-0.314962,-8.000045,-1.581883,-0.080585,-80.000450,-1011.808167,3928.817871,0.000000
4648.100098,-0.354874,-1011.808167,-0.014310,-0.314962,-8.000045,-1.578557,-0.080416,-80.000450,-1011.808167,3928.902832,0.000000
4648.200195,-0.357849,-1011.808167,-0.014310,-0.314962,-8.000045,-1.591792,-0.081090,-80.000450,-1011.808167,3928.987549,0.000000
4648.300293,-0.359711,-1011.808167,-0.014310,-0.314962,-8.000045,-1.600073,-0.081512,-80.000450,-1011.808167,3929.072021,0.000000
4648.400391,-0.354874,-1011.808167,-0.014310,-0.314962,-8.000045,-1.578557,-0.080416,-80.000450,-1011.808167,3929.156982,0.000000
4648.500000,-0.366791,-1011.808167,-0.014310,-0.314962,-8.000045,-1.631567,-0.083116,-80.000450,-1011.808167,3929.241455,0.000000
4648.600098,-0.355988,-1011.808167,-0.014310,-0.314962,-8.000045,-1.583512,-0.080668,-80.000450,-1011.808167,3929.326416,0.000000
4648.700195,-0.358963,-1011.808167,-0.014310,-0.314962,-8.000045,-1.596747,-0.081342,-80.000450,-1011.808167,3929.410889,0.000000
4648.800293,-0.349655,-1011.808167,-0.014310,-0.314962,-8.000045,-1.555344,-0.079233,-80.000450,-1011.808167,3929.495850,0.000000
4648.900391,-0.363068,-1011.808167,-0.014310,-0.314962,-8.000045,-1.615005,-0.082272,-80.000450,-1011.808167,3929.580322,0.000000
4649.000000,-0.363068,-1011.808167,-0.014310,-0.314962,-8.000045,-1.615005,-0.082272,-80.000450,-1011.808167,3929.665039,0.000000
4649.100098,-0.354507,-1011.808167,-0.014310,-0.314962,-8.000045,-1.576928,-0.080333,-80.000450,-1011.808167,3929.750000,0.000000
4649.200195,-0.354874,-1011.808167,-0.014310,-0.314962,-8.000045,-1.578557,-0.080416,-80.000450,-1011.808167,3929.834473,0.000000
4649.300293,-0.355988,-1011.808167,-0.014310,-0.314962,-8.000045,-1.583512,-0.080668,-80.000450,-1011.808167,3929.919434,0.000000
4649.400391,-0.359711,-1011.808167,-0.014310,-0.314962,-8.000045,-1.600073,-0.081512,-80.000450,-1011.808167,3930.004150,0.000000
4649.500000,-0.354126,-1011.808167,-0.014310,-0.314962,-8.000045,-1.575231,-0.080246,-80.000450,-1011.808167,3930.088623,0.000000
4649.600098,-0.357849,-1011.808167,-0.014310,-0.314962,-8.000045,-1.591792,-0.081090,-80.000450,-1011.808167,3930.173340,0.000000
4649.700195,-0.353378,-1011.808167,-0.014310,-0.314962,-8.000045,-1.571905,-0.080077,-80.000450,-1011.808167,3930.258057,0.000000
4649.800293,-0.355988,-1011.808167,-0.014310,-0.314962,-8.000045,-1.583512,-0.080668,-80.000450,-1011.808167,3930.342529,0.000000
4649.900391,-0.358963,-1011.808167,-0.014310,-0.314962,-8.000045,-1.596747,-0.081342,-80.000450,-1011.808167,3930.427490,0.000000
4650.000000,-0.360825,-1011.808167,-0.014310,-0.314962,-8.000045,-1.605028,-0.081764,-80.000450,-1011.808167,3930.512451,0.000000
4650.100098,-0.353760,-1011.808167,-0.014310,-0.314962,-8.000045,-1.573602,-0.080163,-80.000450,-1011.808167,3930.596924,0.000000
4650.200195,-0.350403,-1011.808167,-0.014310,-0.314962,-8.000045,-1.558670,-0.079402,-80.000450,-1011.808167,3930.681396,0.000000
4650.300293,-0.371628,-1011.808167,-0.014310,-0.314962,-8.000045,-1.653083,-0.084212,-80.000450,-1011.808167,3930.766602,0.000000
4650.400391,-0.355240,-1011.808167,-0.014310,-0.314962,-8.000045,-1.580186,-0.080499,-80.000450,-1011.808167,3930.851074,0.000000
4650.500000,-0.357849,-1011.808167,-0.014310,-0.314962,-8.000045,-1.591792,-0.081090,-80.000450,-1011.808167,3930.935547,0.000000
4650.600098,-0.363815,-1011.808167,-0.014310,-0.314962,-8.000045,-1.618331,-0.082442,-80.000450,-1011.808167,3931.020508,0.000000
4650.700195,-0.353378,-1011.808167,-0.014310,-0.314962,-8.000045,-1.571905,-0.080077,-80.000450,-1011.808167,3931.104980,0.000000
4650.800293,-0.361954,-1011.808167,-0.014310,-0.314962,-8.000045,-1.610051,-0.082020,-80.000450,-1011.808167,3931.189941,0.000000
4650.900391,-0.357483,-1011.808167,-0.014310,-0.314962,-8.000045,-1.590163,-0.081007,-80.000450,-1011.808167,3931.274658,0.000000
4651.000000,-0.353760,-1011.808167,-0.014310,-0.314962,-8.000045,-1.573602,-0.080163,-80.000450,-1011.808167,3931.359131,0.000000
4651.100098,-0.364929,-1011.808167,-0.014310,-0.314962,-8.000045,-1.623286,-0.082694,-80.000450,-1011.808167,3931.443604,0.000000
4651.200195,-0.364563,-1011.808167,-0.014310,-0.314962,-8.000045,-1.621657,-0.082611,-80.000450,-1011.808167,3931.528564,0.000000
4651.300293,-0.360458,-1011.808167,-0.014310,-0.314962,-8.000045,-1.603399,-0.081681,-80.000450,-1011.808167,3931.613525,0.000000
4651.400391,-0.353760,-1011.808167,-0.014310,-0.314962,-8.000045,-1.573602,-0.080163,-80.000450,-1011.808167,3931.697998,0.000000
4651.500000,-0.364563,-1011.808167,-0.014310,-0.314962,-8.000045,-1.621657,-0.082611,-80.000450,-1011.808167,3931.782715,0.000000
4651.600098,-0.366043,-1011.808167,-0.014310,-0.314962,-8.000045,-1.628241,-0.082947,-80.000450,-1011.808167,3931.867676,0.000000
4651.700195,-0.364182,-1011.808167,-0.014310,-0.314962,-8.000045,-1.619960,-0.082525,-80.000450,-1011.808167,3931.952148,0.000000
4651.800293,-0.363434,-1011.808167,-0.014310,-0.314962,-8.000045,-1.616634,-0.082355,-80.000450,-1011.808167,3932.037109,0.000000
4651.900391,-0.350403,-1011.808167,-0.014310,-0.314962,-8.000045,-1.558670,-0.079402,-80.000450,-1011.808167,3932.121582,0.000000
4652.000000,-0.355621,-1011.808167,-0.014310,-0.314962,-8.000045,-1.581883,-0.080585,-80.000450,-1011.808167,3932.206543,0.000000
4652.100098,-0.361572,-1011.808167,-0.014310,-0.314962,-8.000045,-1.608354,-0.081933,-80.000450,-1011.808167,3932.291016,0.000000
4652.200195,-0.354874,-1011.808167,-0.014310,-0.314962,-8.000045,-1.578557,-0.080416,-80.000450,-1011.808167,3932.375732,0.000000
4652.300293,-0.355988,-1011.808167,-0.014310,-0.314962,-8.000045,-1.583512,-0.080668,-80.000450,-1011.808167,3932.460205,0.000000
4652.400391,-0.363434,-1011.808167,-0.014310,-0.314962,-8.000045,-1.616634,-0.082355,-80.000450,-1011.808167,3932.545166,0.000000
4652.500000,-0.365677,-1011.808167,-0.014310,-0.314962,-8.000045,-1.626612,-0.082864,-80.000450,-1011.808167,3932.630127,0.000000
4652.600098,-0.360458,-1011.808167,-0.014310,-0.314962,-8.000045,-1.603399,-0.081681,-80.000450,-1011.808167,3932.714600,0.000000
4652.700195,-0.354507,-1011.808167,-0.014310,-0.314962,-8.000045,-1.576928,-0.080333,-80.000450,-1011.808167,3932.799072,0.000000
4652.800293,-0.357849,-1011.808167,-0.014310,-0.314962,-8.000045,-1.591792,-0.081090,-80.000450,-1011.808167,3932.884033,0.000000
4652.900391,-0.360825,-1011.808167,-0.014310,-0.314962,-8.000045,-1.605028,-0.081764,-80.000450,-1011.808167,3932.968750,0.000000
4653.000000,-0.353012,-1011.808167,-0.014310,-0.314962,-8.000045,-1.570276,-0.079994,-80.000450,-1011.808167,3933.053223,0.000000
4653.100098,-0.349655,-1011.808167,-0.014310,-0.314962,-8.000045,-1.555344,-0.079233,-80.000450,-1011.808167,3933.138184,0.000000
4653.200195,-0.354507,-1011.808167,-0.014310,-0.314962,-8.000045,-1.576928,-0.080333,-80.000450,-1011.808167,3933.222656,0.000000
4653.300293,-0.363434,-1011.808167,-0.014310,-0.314962,-8.000045,-1.616634,-0.082355,-80.000450,-1011.808167,3933.307129,0.000000
4653.400391,-0.349655,-1011.808167,-0.014310,-0.314962,-8.000045,-1.555344,-0.079233,-80.000450,-1011.808167,3933.392334,0.000000
4653.500000,-0.360092,-1011.808167,-0.014310,-0.314962,-8.000045,-1.601770,-0.081598,-80.000450,-1011.808167,3933.476807,0.000000
4653.600098,-0.346313,-1011.808167,-0.014310,-0.314962,-8.000045,-1.540479,-0.078476,-80.000450,-1011.808167,3933.561279,0.000000
4653.700195,-0.350403,-1011.808167,-0.014310,-0.314962,-8.000045,-1.558670,-0.079402,-80.000450,-1011.808167,3933.646240,0.000000
4653.800293,-0.363434,-1011.808167,-0.014310,-0.314962,-8.000045,-1.616634,-0.082355,-80.000450,-1011.808167,3933.731201,0.000000
4653.900391,-0.355988,-1011.808167,-0.014310,-0.314962,-8.000045,-1.583512,-0.080668,-80.000450,-1011.808167,3933.815674,0.000000
4654.000000,-0.347794,-1011.808167,-0.014310,-0.314962,-8.000045,-1.547063,-0.078811,-80.000450,-1011.808167,3933.900635,0.000000
4654.100098,-0.360825,-1011.808167,-0.014310,-0.314962,-8.000045,-1.605028,-0.081764,-80.000450,-1011.808167,3933.985107,0.000000
4654.200195,-0.362320,-1011.808167,-0.014310,-0.314962,-8.000045,-1.611680,-0.082103,-80.000450,-1011.808167,3934.069824,0.000000
4654.300293,-0.350784,-1011.808167,-0.014310,-0.314962,-8.000045,-1.560367,-0.079489,-80.000450,-1011.808167,3934.154785,0.000000
4654.400391,-0.355988,-1011.808167,-0.014310,-0.314962,-8.000045,-1.583512,-0.080668,-80.000450,-1011.808167,3934.239258,0.000000
4654.500000,-0.351517,-1011.808167,-0.014310,-0.314962,-8.000045,-1.563625,-0.079655,-80.000450,-1011.808167,3934.323730,0.000000
4654.600098,-0.357483,-1011.808167,-0.014310,-0.314962,-8.000045,-1.590163,-0.081007,-80.000450,-1011.808167,3934.408691,0.000000
4654.700195,-0.354126,-1011.808167,-0.014310,-0.314962,-8.000045,-1.575231,-0.080246,-80.000450,-1011.808167,3934.493408,0.000000
4654.800293,-0.363068,-1011.808167,-0.014310,-0.314962,-8.000045,-1.615005,-0.082272,-80.000450,-1011.808167,3934.577881,0.000000
4654.900391,-0.355621,-1011.808167,-0.014310,-0.314962,-8.000045,-1.581883,-0.080585,-80.000450,-1011.808167,3934.662842,0.000000
4655.000000,-0.354507,-1011.808167,-0.014310,-0.314962,-8.000045,-1.576928,-0.080333,-80.000450,-1011.808167,3934.747314,0.000000
4655.100098,-0.354126,-1011.808167,-0.014310,-0.314962,-8.000045,-1.575231,-0.080246,-80.000450,-1011.808167,3934.832275,0.000000
4655.200195,-0.360825,-1011.808167,-0.014310,-0.314962,-8.000045,-1.605028,-0.081764,-80.000450,-1011.808167,3934.916748,0.000000
4655.300293,-0.353760,-1011.808167,-0.014310,-0.314962,-8.000045,-1.573602,-0.080163,-80.000450,-1011.808167,3935.001709,0.000000
4655.400391,-0.351898,-1011.808167,-0.014310,-0.314962,-8.000045,-1.565321,-0.079741,-80.000450,-1011.808167,3935.086182,0.000000
4655.500000,-0.354874,-1011.808167,-0.014310,-0.314962,-8.000045,-1.578557,-0.080416,-80.000450,-1011.808167,3935.170898,0.000000
4655.600098,-0.357849,-1011.808167,-0.014310,-0.314962,-8.000045,-1.591792,-0.081090,-80.000450,-1011.808167,3935.255859,0.000000
4655.700195,-0.352646,-1011.808167,-0.014310,-0.314962,-8.000045,-1.568647,-0.079911,-80.000450,-1011.808167,3935.340332,0.000000
4655.800293,-0.361954,-1011.808167,-0.014310,-0.314962,-8.000045,-1.610051,-0.082020,-80.000450,-1011.808167,3935.424805,0.000000
4655.900391,-0.360092,-1011.808167,-0.014310,-0.314962,-8.000045,-1.601770,-0.081598,-80.000450,-1011.808167,3935.509766,0.000000
4656.000000,-0.355240,-1011.808167,-0.014310,-0.314962,-8.000045,-1.580186,-0.080499,-80.000450,-1011.808167,3935.594482,0.000000
4656.100098,-0.350784,-1011.808167,-0.014310,-0.314962,-8.000045,-1.560367,-0.079489,-80.000450,-1011.808167,3935.679199,0.000000
4656.200195,-0.350403,-1011.808167,-0.014310,-0.314962,-8.000045,-1.558670,-0.079402,-80.000450,-1011.808167,3935.763916,0.000000
4656.300293,-0.354507,-1011.808167,-0.014310,-0.314962,-8.000045,-1.576928,-0.080333,-80.000450,-1011.808167,3935.848877,0.000000
4656.400391,-0.361572,-1011.808167,-0.014310,-0.314962,-8.000045,-1.608354,-0.081933,-80.000450,-1011.808167,3935.933350,0.000000
4656.500000,-0.357101,-1011.808167,-0.014310,-0.314962,-8.000045,-1.588467,-0.080920,-80.000450,-1011.808167,3936.018311,0.000000
4656.600098,-0.350784,-1011.808167,-0.014310,-0.314962,-8.000045,-1.560367,-0.079489,-80.000450,-1011.808167,3936.102783,0.000000
4656.700195,-0.360825,-1011.808167,-0.014310,-0.314962,-8.000045,-1.605028,-0.081764,-80.000450,-1011.808167,3936.187256,0.000000
4656.800293,-0.353378,-1011.808167,-0.014310,-0.314962,-8.000045,-1.571905,-0.080077,-80.000450,-1011.808167,3936.271973,0.000000
4656.900391,-0.351898,-1011.808167,-0.014310,-0.314962,-8.000045,-1.565321,-0.079741,-80.000450,-1011.808167,3936.356934,0.000000
4657.000000,-0.358597,-1011.808167,-0.014310,-0.314962,-8.000045,-1.595118,-0.081259,-80.000450,-1011.808167,3936.441406,0.000000
4657.100098,-0.354874,-1011.808167,-0.014310,-0.314962,-8.000045,-1.578557,-0.080416,-80.000450,-1011.808167,3936.526367,0.000000
4657.200195,-0.349289,-1011.808167,-0.014310,-0.314962,-8.000045,-1.553715,-0.079150,-80.000450,-1011.808167,3936.611084,0.000000
4657.300293,-0.366425,-1011.808167,-0.014310,-0.314962,-8.000045,-1.629938,-0.083033,-80.000450,-1011.808167,3936.695801,0.000000
4657.400391,-0.352646,-1011.808167,-0.014310,-0.314962,-8.000045,-1.568647,-0.079911,-80.000450,-1011.808167,3936.780518,0.000000
4657.500000,-0.346680,-1011.808167,-0.014310,-0.314962,-8.000045,-1.542108,-0.078559,-80.000450,-1011.808167,3936.864990,0.000000
4657.600098,-0.350037,-1011.808167,-0.014310,-0.314962,-8.000045,-1.557041,-0.079319,-80.000450,-1011.808167,3936.949463,0.000000
4657.700195,-0.358963,-1011.808167,-0.014310,-0.314962,-8.000045,-1.596747,-0.081342,-80.000450,-1011.808167,3937.034424,0.000000
4657.800293,-0.362320,-1011.808167,-0.014310,-0.314962,-8.000045,-1.611680,-0.082103,-80.000450,-1011.808167,3937.119385,0.000000
4657.900391,-0.350784,-1011.808167,-0.014310,-0.314962,-8.000045,-1.560367,-0.079489,-80.000450,-1011.808167,3937.203857,0.000000
4658.000000,-0.361572,-1011.808167,-0.014310,-0.314962,-8.000045,-1.608354,-0.081933,-80.000450,-1011.808167,3937.288574,0.000000
4658.100098,-0.360092,-1011.808167,-0.014310,-0.314962,-8.000045,-1.601770,-0.081598,-80.000450,-1011.808167,3937.373535,0.000000
4658.200195,-0.358597,-1011.808167,-0.014310,-0.314962,-8.000045,-1.595118,-0.081259,-80.000450,-1011.808167,3937.458008,0.000000
4658.300293,-0.367157,-1011.808167,-0.014310,-0.314962,-8.000045,-1.633196,-0.083199,-80.000450,-1011.808167,3937.542480,0.000000
4658.400391,-0.361572,-1011.808167,-0.014310,-0.314962,-8.000045,-1.608354,-0.081933,-80.000450,-1011.808167,3937.627441,0.000000
4658.500000,-0.361572,-1011.808167,-0.014310,-0.314962,-8.000045,-1.608354,-0.081933,-80.000450,-1011.808167,3937.712402,0.000000
4658.600098,-0.360458,-1011.808167,-0.014310,-0.314962,-8.000045,-1.603399,-0.081681,-80.000450,-1011.808167,3937.796875,0.000000
4658.700195,-0.352646,-1011.808167,-0.014310,-0.314962,-8.000045,-1.568647,-0.079911,-80.000450,-1011.808167,3937.881592,0.000000
4658.800293,-0.362320,-1011.808167,-0.014310,-0.314962,-8.000045,-1.611680,-0.082103,-80.000450,-1011.808167,3937.966064,0.000000
4658.900391,-0.351151,-1011.808167,-0.014310,-0.314962,-8.000045,-1.561996,-0.079572,-80.000450,-1011.808167,3938.051025,0.000000
4659.000000,-0.366043,-1011.808167,-0.014310,-0.314962,-8.000045,-1.628241,-0.082947,-80.000450,-1011.808167,3938.135986,0.000000
4659.100098,-0.360092,-1011.808167,-0.014310,-0.314962,-8.000045,-1.601770,-0.081598,-80.000450,-1011.808167,3938.220459,0.000000
4659.200195,-0.358597,-1011.808167,-0.014310,-0.314962,-8.000045,-1.595118,-0.081259,-80.000450,-1011.808167,3938.304932,0.000000
4659.300293,-0.361572,-1011.808167,-0.014310,-0.314962,-8.000045,-1.608354,-0.081933,-80.000450,-1011.808167,3938.389893,0.000000
4659.400391,-0.352264,-1011.808167,-0.014310,-0.314962,-8.000045,-1.566950,-0.079824,-80.000450,-1011.808167,3938.474609,0.000000
4659.500000,-0.351898,-1011.808167,-0.014310,-0.314962,-8.000045,-1.565321,-0.079741,-80.000450,-1011.808167,3938.559082,0.000000
4659.600098,-0.358231,-1011.808167,-0.014310,-0.314962,-8.000045,-1.593489,-0.081176,-80.000450,-1011.808167,3938.644043,0.000000
4659.700195,-0.361954,-1011.808167,-0.014310,-0.314962,-8.000045,-1.610051,-0.082020,-80.000450,-1011.808167,3938.728516,0.000000
4659.800293,-0.352264,-1011.808167,-0.014310,-0.314962,-8.000045,-1.566950,-0.079824,-80.000450,-1011.808167,3938.813477,0.000000
4659.900391,-0.354126,-1011.808167,-0.014310,-0.314962,-8.000045,-1.575231,-0.080246,-80.000450,-1011.808167,3938.898193,0.000000
4660.000000,-0.357101,-1011.808167,-0.014310,-0.314962,-8.000045,-1.588467,-0.080920,-80.000450,-1011.808167,3938.982666,0.000000
4660.100098,-0.354507,-1011.808167,-0.014310,-0.314962,-8.000045,-1.576928,-0.080333,-80.000450,-1011.808167,3939.067139,0.000000
4660.200195,-0.356735,-1011.808167,-0.014310,-0.314962,-8.000045,-1.586838,-0.080837,-80.000450,-1011.808167,3939.152100,0.000000
4660.300293,-0.358231,-1011.808167,-0.014310,-0.314962,-8.000045,-1.593489,-0.081176,-80.000450,-1011.808167,3939.237061,0.000000
4660.400391,-0.360092,-1011.808167,-0.014310,-0.314962,-8.000045,-1.601770,-0.081598,-80.000450,-1011.808167,3939.321533,0.000000
4660.500000,-0.357101,-1011.808167,-0.014310,-0.314962,-8.000045,-1.588467,-0.080920,-80.000450,-1011.808167,3939.406494,0.000000
4660.600098,-0.365677,-1011.808167,-0.014310,-0.314962,-8.000045,-1.626612,-0.082864,-80.000450,-1011.808167,3939.491211,0.000000
4660.700195,-0.341843,-1011.808167,-0.014310,-0.314962,-8.000045,-1.520592,-0.077463,-80.000450,-1011.808167,3939.575684,0.000000
4660.800293,-0.363068,-1011.808167,-0.014310,-0.314962,-8.000045,-1.615005,-0.082272,-80.000450,-1011.808167,3939.660156,0.000000
4660.900391,-0.355240,-1011.808167,-0.014310,-0.314962,-8.000045,-1.580186,-0.080499,-80.000450,-1011.808167,3939.745117,0.000000
4661.000000,-0.361206,-1011.808167,-0.014310,-0.314962,-8.000045,-1.606725,-0.081850,-80.000450,-1011.808167,3939.829590,0.000000
4661.100098,-0.355621,-1011.808167,-0.014310,-0.314962,-8.000045,-1.581883,-0.080585,-80.000450,-1011.808167,3939.914551,0.000000
4661.200195,-0.358963,-1011.808167,-0.014310,-0.314962,-8.000045,-1.596747,-0.081342,-80.000450,-1011.808167,3939.999268,0.000000
4661.300293,-0.353760,-1011.808167,-0.014310,-0.314962,-8.000045,-1.573602,-0.080163,-80.000450,-1011.808167,3940.083740,0.000000
4661.400391,-0.354874,-1011.808167,-0.014310,-0.314962,-8.000045,-1.578557,-0.080416,-80.000450,-1011.808167,3940.168457,0.000000
4661.500000,-0.358597,-1011.808167,-0.014310,-0.314962,-8.000045,-1.595118,-0.081259,-80.000450,-1011.808167,3940.253662,0.000000
4661.600098,-0.358597,-1011.808167,-0.014310,-0.314962,-8.000045,-1.595118,-0.081259,-80.000450,-1011.808167,3940.338135,0.000000
4661.700195,-0.345932,-1011.808167,-0.014310,-0.314962,-8.000045,-1.538782,-0.078389,-80.000450,-1011.808167,3940.422607,0.000000
4661.800293,-0.354874,-1011.808167,-0.014310,-0.314962,-8.000045,-1.578557,-0.080416,-80.000450,-1011.808167,3940.507568,0.000000
4661.900391,-0.358231,-1011.808167,-0.014310,-0.314962,-8.000045,-1.593489,-0.081176,-80.000450,-1011.808167,3940.592041,0.000000
4662.000000,-0.351517,-1011.808167,-0.014310,-0.314962,-8.000045,-1.563625,-0.079655,-80.000450,-1011.808167,3940.676758,0.000000
4662.100098,-0.350403,-1011.808167,-0.014310,-0.314962,-8.000045,-1.558670,-0.079402,-80.000450,-1011.808167,3940.761719,0.000000
4662.200195,-0.350784,-1011.808167,-0.014310,-0.314962,-8.000045,-1.560367,-0.079489,-80.000450,-1011.808167,3940.846191,0.000000
4662.300293,-0.353760,-1011.808167,-0.014310,-0.314962,-8.000045,-1.573602,-0.080163,-80.000450,-1011.808167,3940.931152,0.000000
4662.400391,-0.344818,-1011.808167,-0.014310,-0.314962,-8.000045,-1.533828,-0.078137,-80.000450,-1011.808167,3941.015869,0.000000
4662.500000,-0.357483,-1011.808167,-0.014310,-0.314962,-8.000045,-1.590163,-0.081007,-80.000450,-1011.808167,3941.100586,0.000000
4662.600098,-0.360092,-1011.808167,-0.014310,-0.314962,-8.000045,-1.601770,-0.081598,-80.000450,-1011.808167,3941.185059,0.000000
4662.700195,-0.354507,-1011.808167,-0.014310,-0.314962,-8.000045,-1.576928,-0.080333,-80.000450,-1011.808167,3941.269775,0.000000
4662.800293,-0.356735,-1011.808167,-0.014310,-0.314962,-8.000045,-1.586838,-0.080837,-80.000450,-1011.808167,3941.354736,0.000000
4662.900391,-0.355240,-1011.808167,-0.014310,-0.314962,-8.000045,-1.580186,-0.080499,-80.000450,-1011.808167,3941.439209,0.000000
4663.000000,-0.350784,-1011.808167,-0.014310,-0.314962,-8.000045,-1.560367,-0.079489,-80.000450,-1011.808167,3941.524170,0.000000
4663.100098,-0.367157,-1011.808167,-0.014310,-0.314962,-8.000045,-1.633196,-0.083199,-80.000450,-1011.808167,3941.608643,0.000000
4663.200195,-0.360458,-1011.808167,-0.014310,-0.314962,-8.000045,-1.603399,-0.081681,-80.000450,-1011.808167,3941.693359,0.000000
4663.300293,-0.347794,-1011.808167,-0.014310,-0.314962,-8.000045,-1.547063,-0.078811,-80.000450,-1011.808167,3941.777832,0.000000
4663.400391,-0.354126,-1011.808167,-0.014310,-0.314962,-8.000045,-1.575231,-0.080246,-80.000450,-1011.808167,3941.862793,0.000000
4663.500000,-0.349655,-1011.808167,-0.014310,-0.314962,-8.000045,-1.555344,-0.079233,-80.000450,-1011.808167,3941.947266,0.000000
4663.600098,-0.358963,-1011.808167,-0.014310,-0.314962,-8.000045,-1.596747,-0.081342,-80.000450,-1011.808167,3942.032227,0.000000
4663.700195,-0.347061,-1011.808167,-0.014310,-0.314962,-8.000045,-1.543805,-0.078645,-80.000450,-1011.808167,3942.117187,0.000000
4663.800293,-0.360825,-1011.808167,-0.014310,-0.314962,-8.000045,-1.605028,-0.081764,-80.000450,-1011.808167,3942.201660,0.000000
4663.900391,-0.360825,-1011.808167,-0.014310,-0.314962,-8.000045,-1.605028,-0.081764,-80.000450,-1011.808167,3942.286133,0.000000
4664.000000,-0.356369,-1011.808167,-0.014310,-0.314962,-8.000045,-1.585209,-0.080754,-80.000450,-1011.808167,3942.370850,0.000000
4664.100098,-0.353378,-1011.808167,-0.014310,-0.314962,-8.000045,-1.571905,-0.080077,-80.000450,-1011.808167,3942.455811,0.000000
4664.200195,-0.366791,-1011.808167,-0.014310,-0.314962,-8.000045,-1.631567,-0.083116,-80.000450,-1011.808167,3942.540283,0.000000
4664.300293,-0.355240,-1011.808167,-0.014310,-0.314962,-8.000045,-1.580186,-0.080499,-80.000450,-1011.808167,3942.625244,0.000000
4664.400391,-0.347794,-1011.808167,-0.014310,-0.314962,-8.000045,-1.547063,-0.078811,-80.000450,-1011.808167,3942.709717,0.000000
4664.500000,-0.361954,-1011.808167,-0.014310,-0.314962,-8.000045,-1.610051,-0.082020,-80.000450,-1011.808167,3942.794434,0.000000
4664.600098,-0.347427,-1011.808167,-0.014310,-0.314962,-8.000045,-1.545434,-0.078728,-80.000450,-1011.808167,3942.879395,0.000000
4664.700195,-0.358963,-1011.808167,-0.014310,-0.314962,-8.000045,-1.596747,-0.081342,-80.000450,-1011.808167,3942.963867,0.000000
4664.800293,-0.359344,-1011.808167,-0.014310,-0.314962,-8.000045,-1.598444,-0.081429,-80.000450,-1011.808167,3943.048340,0.000000
4664.900391,-0.353012,-1011.808167,-0.014310,-0.314962,-8.000045,-1.570276,-0.079994,-80.000450,-1011.808167,3943.133789,0.000000
4665.000000,-0.356369,-1011.808167,-0.014310,-0.314962,-8.000045,-1.585209,-0.080754,-80.000450,-1011.808167,3943.218262,0.000000
4665.100098,-0.354874,-1011.808167,-0.014310,-0.314962,-8.000045,-1.578557,-0.080416,-80.000450,-1011.808167,3943.302734,0.000000
4665.200195,-0.345200,-1011.808167,-0.014310,-0.314962,-8.000045,-1.535524,-0.078223,-80.000450,-1011.808167,3943.387451,0.000000
4665.300293,-0.357483,-1011.808167,-0.014310,-0.314962,-8.000045,-1.590163,-0.081007,-80.000450,-1011.808167,3943.471924,0.000000
4665.400391,-0.359711,-1011.808167,-0.014310,-0.314962,-8.000045,-1.600073,-0.081512,-80.000450,-1011.808167,3943.556885,0.000000
4665.500000,-0.355240,-1011.808167,-0.014310,-0.314962,-8.000045,-1.580186,-0.080499,-80.000450,-1011.808167,3943.641846,0.000000
4665.600098,-0.360825,-1011.808167,-0.014310,-0.314962,-8.000045,-1.605028,-0.081764,-80.000450,-1011.808167,3943.726318,0.000000
4665.700195,-0.353760,-1011.808167,-0.014310,-0.314962,-8.000045,-1.573602,-0.080163,-80.000450,-1011.808167,3943.810791,0.000000
4665.800293,-0.363068,-1011.808167,-0.014310,-0.314962,-8.000045,-1.615005,-0.082272,-80.000450,-1011.808167,3943.895752,0.000000
4665.900391,-0.359344,-1011.808167,-0.014310,-0.314962,-8.000045,-1.598444,-0.081429,-80.000450,-1011.808167,3943.980469,0.000000
4666.000000,-0.357849,-1011.808167,-0.014310,-0.314962,-8.000045,-1.591792,-0.081090,-80.000450,-1011.808167,3944.064941,0.000000
4666.100098,-0.355621,-1011.808167,-0.014310,-0.314962,-8.000045,-1.581883,-0.080585,-80.000450,-1011.808167,3944.149902,0.000000
4666.200195,-0.354874,-1011.808167,-0.014310,-0.314962,-8.000045,-1.578557,-0.080416,-80.000450,-1011.808167,3944.234375,0.000000
4666.300293,-0.360458,-1011.808167,-0.014310,-0.314962,-8.000045,-1.603399,-0.081681,-80.000450,-1011.808167,3944.319336,0.000000
4666.400391,-0.349655,-1011.808167,-0.014310,-0.314962,-8.000045,-1.555344,-0.079233,-80.000450,-1011.808167,3944.403809,0.000000
4666.500000,-0.351517,-1011.808167,-0.014310,-0.314962,-8.000045,-1.563625,-0.079655,-80.000450,-1011.808167,3944.488525,0.000000
4666.600098,-0.352646,-1011.808167,-0.014310,-0.314962,-8.000045,-1.568647,-0.079911,-80.000450,-1011.808167,3944.573486,0.000000
4666.700195,-0.363815,-1011.808167,-0.014310,-0.314962,-8.000045,-1.618331,-0.082442,-80.000450,-1011.808167,3944.657959,0.000000
4666.800293,-0.354126,-1011.808167,-0.014310,-0.314962,-8.000045,-1.575231,-0.080246,-80.000450,-1011.808167,3944.742920,0.000000
4666.900391,-0.364929,-1011.808167,-0.014310,-0.314962,-8.000045,-1.623286,-0.082694,-80.000450,-1011.808167,3944.827393,0.000000
4667.000000,-0.358963,-1011.808167,-0.014310,-0.314962,-8.000045,-1.596747,-0.081342,-80.000450,-1011.808167,3944.912354,0.000000
4667.100098,-0.350037,-1011.808167,-0.014310,-0.314962,-8.000045,-1.557041,-0.079319,-80.000450,-1011.808167,3944.997070,0.000000
4667.200195,-0.356735,-1011.808167,-0.014310,-0.314962,-8.000045,-1.586838,-0.080837,-80.000450,-1011.808167,3945.081543,0.000000
4667.300293,-0.356735,-1011.808167,-0.014310,-0.314962,-8.000045,-1.586838,-0.080837,-80.000450,-1011.808167,3945.166016,0.000000
4667.400391,-0.361954,-1011.808167,-0.014310,-0.314962,-8.000045,-1.610051,-0.082020,-80.000450,-1011.808167,3945.250977,0.000000
4667.500000,-0.351898,-1011.808167,-0.014310,-0.314962,-8.000045,-1.565321,-0.079741,-80.000450,-1011.808167,3945.335937,0.000000
4667.600098,-0.350784,-1011.808167,-0.014310,-0.314962,-8.000045,-1.560367,-0.079489,-80.000450,-1011.808167,3945.420410,0.000000
4667.700195,-0.366791,-1011.808167,-0.014310,-0.314962,-8.000045,-1.631567,-0.083116,-80.000450,-1011.808167,3945.505127,0.000000
4667.800293,-0.350403,-1011.808167,-0.014310,-0.314962,-8.000045,-1.558670,-0.079402,-80.000450,-1011.808167,3945.589844,0.000000
4667.900391,-0.361206,-1011.808167,-0.014310,-0.314962,-8.000045,-1.606725,-0.081850,-80.000450,-1011.808167,3945.674316,0.000000
4668.000000,-0.363068,-1011.808167,-0.014310,-0.314962,-8.000045,-1.615005,-0.082272,-80.000450,-1011.808167,3945.759521,0.000000
4668.100098,-0.365677,-1011.808167,-0.014310,-0.314962,-8.000045,-1.626612,-0.082864,-80.000450,-1011.808167,3945.843994,0.000000
4668.200195,-0.362701,-1011.808167,-0.014310,-0.314962,-8.000045,-1.613376,-0.082189,-80.000450,-1011.808167,3945.928467,0.000000
4668.300293,-0.360825,-1011.808167,-0.014310,-0.314962,-8.000045,-1.605028,-0.081764,-80.000450,-1011.808167,3946.013428,0.000000
4668.400391,-0.360825,-1011.808167,-0.014310,-0.314962,-8.000045,-1.605028,-0.081764,-80.000450,-1011.808167,3946.098145,0.000000
4668.500000,-0.362320,-1011.808167,-0.014310,-0.314962,-8.000045,-1.611680,-0.082103,-80.000450,-1011.808167,3946.182617,0.000000
4668.600098,-0.371262,-1011.808167,-0.014310,-0.314962,-8.000045,-1.651454,-0.084129,-80.000450,-1011.808167,3946.267578,0.000000
4668.700195,-0.354874,-1011.808167,-0.014310,-0.314962,-8.000045,-1.578557,-0.080416,-80.000450,-1011.808167,3946.352051,0.000000
4668.800293,-0.357483,-1011.808167,-0.014310,-0.314962,-8.000045,-1.590163,-0.081007,-80.000450,-1011.808167,3946.437012,0.000000
4668.900391,-0.366425,-1011.808167,-0.014310,-0.314962,-8.000045,-1.629938,-0.083033,-80.000450,-1011.808167,3946.521484,0.000000
4669.000000,-0.352264,-1011.808167,-0.014310,-0.314962,-8.000045,-1.566950,-0.079824,-80.000450,-1011.808167,3946.606445,0.000000
4669.100098,-0.359344,-1011.808167,-0.014310,-0.314962,-8.000045,-1.598444,-0.081429,-80.000450,-1011.808167,3946.690918,0.000000
4669.200195,-0.348175,-1011.808167,-0.014310,-0.314962,-8.000045,-1.548760,-0.078898,-80.000450,-1011.808167,3946.775635,0.000000
4669.300293,-0.363068,-1011.808167,-0.014310,-0.314962,-8.000045,-1.615005,-0.082272,-80.000450,-1011.808167,3946.860596,0.000000
4669.400391,-0.361954,-1011.808167,-0.014310,-0.314962,-8.000045,-1.610051,-0.082020,-80.000450,-1011.808167,3946.945068,0.000000
4669.500000,-0.358231,-1011.808167,-0.014310,-0.314962,-8.000045,-1.593489,-0.081176,-80.000450,-1011.808167,3947.030029,0.000000
4669.600098,-0.358963,-1011.808167,-0.014310,-0.314962,-8.000045,-1.596747,-0.081342,-80.000450,-1011.808167,3947.114502,0.000000
4669.700195,-0.362701,-1011.808167,-0.014310,-0.314962,-8.000045,-1.613376,-0.082189,-80.000450,-1011.808167,3947.199219,0.000000
4669.800293,-0.365295,-1011.808167,-0.014310,-0.314962,-8.000045,-1.624915,-0.082777,-80.000450,-1011.808167,3947.283691,0.000000
4669.900391,-0.355240,-1011.808167,-0.014310,-0.314962,-8.000045,-1.580186,-0.080499,-80.000450,-1011.808167,3947.368652,0.000000
4670.000000,-0.360092,-1011.808167,-0.014310,-0.314962,-8.000045,-1.601770,-0.081598,-80.000450,-1011.808167,3947.453125,0.000000
4670.100098,-0.356735,-1011.808167,-0.014310,-0.314962,-8.000045,-1.586838,-0.080837,-80.000450,-1011.808167,3947.538086,0.000000
4670.200195,-0.350037,-1011.808167,-0.014310,-0.314962,-8.000045,-1.557041,-0.079319,-80.000450,-1011.808167,3947.623047,0.000000
4670.300293,-0.359711,-1011.808167,-0.014310,-0.314962,-8.000045,-1.600073,-0.081512,-80.000450,-1011.808167,3947.707520,0.000000
4670.400391,-0.368652,-1011.808167,-0.014310,-0.314962,-8.000045,-1.639848,-0.083538,-80.000450,-1011.808167,3947.791992,0.000000
4670.500000,-0.351517,-1011.808167,-0.014310,-0.314962,-8.000045,-1.563625,-0.079655,-80.000450,-1011.808167,3947.876709,0.000000
4670.600098,-0.364563,-1011.808167,-0.014310,-0.314962,-8.000045,-1.621657,-0.082611,-80.000450,-1011.808167,3947.961670,0.000000
4670.700195,-0.356735,-1011.808167,-0.014310,-0.314962,-8.000045,-1.586838,-0.080837,-80.000450,-1011.808167,3948.046143,0.000000
4670.800293,-0.361206,-1011.808167,-0.014310,-0.314962,-8.000045,-1.606725,-0.081850,-80.000450,-1011.808167,3948.131104,0.000000
4670.900391,-0.352646,-1011.808167,-0.014310,-0.314962,-8.000045,-1.568647,-0.079911,-80.000450,-1011.808167,3948.215820,0.000000
4671.000000,-0.364929,-1011.808167,-0.014310,-0.314962,-8.000045,-1.623286,-0.082694,-80.000450,-1011.808167,3948.300293,0.000000
4671.100098,-0.352264,-1011.808167,-0.014310,-0.314962,-8.000045,-1.566950,-0.079824,-80.000450,-1011.808167,3948.385254,0.000000
4671.200195,-0.362701,-1011.808167,-0.014310,-0.314962,-8.000045,-1.613376,-0.082189,-80.000450,-1011.808167,3948.469727,0.000000
4671.300293,-0.361954,-1011.808167,-0.014310,-0.314962,-8.000045,-1.610051,-0.082020,-80.000450,-1011.808167,3948.554199,0.000000
4671.400391,-0.354874,-1011.808167,-0.014310,-0.314962,-8.000045,-1.578557,-0.080416,-80.000450,-1011.808167,3948.639160,0.000000
4671.500000,-0.361954,-1011.808167,-0.014310,-0.314962,-8.000045,-1.610051,-0.082020,-80.000450,-1011.808167,3948.724121,0.000000
4671.600098,-0.353760,-1011.808167,-0.014310,-0.314962,-8.000045,-1.573602,-0.080163,-80.000450,-1011.808167,3948.808594,0.000000
4671.700195,-0.344452,-1011.808167,-0.014310,-0.314962,-8.000045,-1.532199,-0.078054,-80.000450,-1011.808167,3948.893311,0.000000
4671.800293,-0.353378,-1011.808167,-0.014310,-0.314962,-8.000045,-1.571905,-0.080077,-80.000450,-1011.808167,3948.978271,0.000000
4671.900391,-0.358231,-1011.808167,-0.014310,-0.314962,-8.000045,-1.593489,-0.081176,-80.000450,-1011.808167,3949.062744,0.000000
4672.000000,-0.356369,-1011.808167,-0.014310,-0.314962,-8.000045,-1.585209,-0.080754,-80.000450,-1011.808167,3949.147217,0.000000
4672.100098,-0.355240,-1011.808167,-0.014310,-0.314962,-8.000045,-1.580186,-0.080499,-80.000450,-1011.808167,3949.232178,0.000000
4672.200195,-0.360825,-1011.808167,-0.014310,-0.314962,-8.000045,-1.605028,-0.081764,-80.000450,-1011.808167,3949.316650,0.000000
4672.300293,-0.357849,-1011.808167,-0.014310,-0.314962,-8.000045,-1.591792,-0.081090,-80.000450,-1011.808167,3949.401611,0.000000
4672.400391,-0.356369,-1011.808167,-0.014310,-0.314962,-8.000045,-1.585209,-0.080754,-80.000450,-1011.808167,3949.486328,0.000000
4672.500000,-0.363434,-1011.808167,-0.014310,-0.314962,-8.000045,-1.616634,-0.082355,-80.000450,-1011.808167,3949.570801,0.000000
4672.600098,-0.355988,-1011.808167,-0.014310,-0.314962,-8.000045,-1.583512,-0.080668,-80.000450,-1011.808167,3949.655762,0.000000
4672.700195,-0.357849,-1011.808167,-0.014310,-0.314962,-8.000045,-1.591792,-0.081090,-80.000450,-1011.808167,3949.740723,0.000000
4672.800293,-0.370880,-1011.808167,-0.014310,-0.314962,-8.000045,-1.649757,-0.084043,-80.000450,-1011.808167,3949.825195,0.000000
4672.900391,-0.358231,-1011.808167,-0.014310,-0.314962,-8.000045,-1.593489,-0.081176,-80.000450,-1011.808167,3949.909668,0.000000
4673.000000,-0.356735,-1011.808167,-0.014310,-0.314962,-8.000045,-1.586838,-0.080837,-80.000450,-1011.808167,3949.994385,0.000000
4673.100098,-0.351151,-1011.808167,-0.014310,-0.314962,-8.000045,-1.561996,-0.079572,-80.000450,-1011.808167,3950.079102,0.000000
4673.200195,-0.361206,-1011.808167,-0.014310,-0.314962,-8.000045,-1.606725,-0.081850,-80.000450,-1011.808167,3950.163818,0.000000
4673.300293,-0.358963,-1011.808167,-0.014310,-0.314962,-8.000045,-1.596747,-0.081342,-80.000450,-1011.808167,3950.248779,0.000000
4673.400391,-0.358597,-1011.808167,-0.014310,-0.314962,-8.000045,-1.595118,-0.081259,-80.000450,-1011.808167,3950.333252,0.000000
4673.500000,-0.356369,-1011.808167,-0.014310,-0.314962,-8.000045,-1.585209,-0.080754,-80.000450,-1011.808167,3950.418213,0.000000
4673.600098,-0.363434,-1011.808167,-0.014310,-0.314962,-8.000045,-1.616634,-0.082355,-80.000450,-1011.808167,3950.502930,0.000000
4673.700195,-0.364182,-1011.808167,-0.014310,-0.314962,-8.000045,-1.619960,-0.082525,-80.000450,-1011.808167,3950.587402,0.000000
4673.800293,-0.355988,-1011.808167,-0.014310,-0.314962,-8.000045,-1.583512,-0.080668,-80.000450,-1011.808167,3950.671875,0.000000
4673.900391,-0.361954,-1011.808167,-0.014310,-0.314962,-8.000045,-1.610051,-0.082020,-80.000450,-1011.808167,3950.756836,0.000000
4674.000000,-0.357849,-1011.808167,-0.014310,-0.314962,-8.000045,-1.591792,-0.081090,-80.000450,-1011.808167,3950.841797,0.000000
4674.100098,-0.351898,-1011.808167,-0.014310,-0.314962,-8.000045,-1.565321,-0.079741,-80.000450,-1011.808167,3950.926270,0.000000
4674.200195,-0.366425,-1011.808167,-0.014310,-0.314962,-8.000045,-1.629938,-0.083033,-80.000450,-1011.808167,3951.010986,0.000000
4674.300293,-0.360092,-1011.808167,-0.014310,-0.314962,-8.000045,-1.601770,-0.081598,-80.000450,-1011.808167,3951.095703,0.000000
4674.400391,-0.359344,-1011.808167,-0.014310,-0.314962,-8.000045,-1.598444,-0.081429,-80.000450,-1011.808167,3951.180420,0.000000
4674.500000,-0.361572,-1011.808167,-0.014310,-0.314962,-8.000045,-1.608354,-0.081933,-80.000450,-1011.808167,3951.264893,0.000000
4674.600098,-0.357849,-1011.808167,-0.014310,-0.314962,-8.000045,-1.591792,-0.081090,-80.000450,-1011.808167,3951.349854,0.000000
4674.700195,-0.357101,-1011.808167,-0.014310,-0.314962,-8.000045,-1.588467,-0.080920,-80.000450,-1011.808167,3951.434326,0.000000
4674.800293,-0.360458,-1011.808167,-0.014310,-0.314962,-8.000045,-1.603399,-0.081681,-80.000450,-1011.808167,3951.519287,0.000000
4674.900391,-0.355988,-1011.808167,-0.014310,-0.314962,-8.000045,-1.583512,-0.080668,-80.000450,-1011.808167,3951.604004,0.000000
4675.000000,-0.360458,-1011.808167,-0.014310,-0.314962,-8.000045,-1.603399,-0.081681,-80.000450,-1011.808167,3951.688477,0.000000
4675.100098,-0.356735,-1011.808167,-0.014310,-0.314962,-8.000045,-1.586838,-0.080837,-80.000450,-1011.808167,3951.773437,0.000000
4675.200195,-0.361206,-1011.808167,-0.014310,-0.314962,-8.000045,-1.606725,-0.081850,-80.000450,-1011.808167,3951.858398,0.000000
4675.300293,-0.366043,-1011.808167,-0.014310,-0.314962,-8.000045,-1.628241,-0.082947,-80.000450,-1011.808167,3951.942871,0.000000
4675.400391,-0.360092,-1011.808167,-0.014310,-0.314962,-8.000045,-1.601770,-0.081598,-80.000450,-1011.808167,3952.027344,0.000000
4675.500000,-0.358597,-1011.808167,-0.014310,-0.314962,-8.000045,-1.595118,-0.081259,-80.000450,-1011.808167,3952.112305,0.000000
4675.600098,-0.370514,-1011.808167,-0.014310,-0.314962,-8.000045,-1.648128,-0.083960,-80.000450,-1011.808167,3952.196777,0.000000
4675.700195,-0.363068,-1011.808167,-0.014310,-0.314962,-8.000045,-1.615005,-0.082272,-80.000450,-1011.808167,3952.281494,0.000000
4675.800293,-0.366791,-1011.808167,-0.014310,-0.314962,-8.000045,-1.631567,-0.083116,-80.000450,-1011.808167,3952.366455,0.000000
4675.900391,-0.357849,-1011.808167,-0.014310,-0.314962,-8.000045,-1.591792,-0.081090,-80.000450,-1011.808167,3952.450928,0.000000
4676.000000,-0.358231,-1011.808167,-0.014310,-0.314962,-8.000045,-1.593489,-0.081176,-80.000450,-1011.808167,3952.535400,0.000000
4676.100098,-0.357483,-1011.808167,-0.014310,-0.314962,-8.000045,-1.590163,-0.081007,-80.000450,-1011.808167,3952.620605,0.000000
4676.200195,-0.356369,-1011.808167,-0.014310,-0.314962,-8.000045,-1.585209,-0.080754,-80.000450,-1011.808167,3952.705078,0.000000
4676.300293,-0.355621,-1011.808167,-0.014310,-0.314962,-8.000045,-1.581883,-0.080585,-80.000450,-1011.808167,3952.789795,0.000000
4676.400391,-0.354507,-1011.808167,-0.014310,-0.314962,-8.000045,-1.576928,-0.080333,-80.000450,-1011.808167,3952.874512,0.000000
4676.500000,-0.362701,-1011.808167,-0.014310,-0.314962,-8.000045,-1.613376,-0.082189,-80.000450,-1011.808167,3952.958984,0.000000
4676.600098,-0.358231,-1011.808167,-0.014310,-0.314962,-8.000045,-1.593489,-0.081176,-80.000450,-1011.808167,3953.043945,0.000000
4676.700195,-0.363434,-1011.808167,-0.014310,-0.314962,-8.000045,-1.616634,-0.082355,-80.000450,-1011.808167,3953.128906,0.000000
4676.800293,-0.358963,-1011.808167,-0.014310,-0.314962,-8.000045,-1.596747,-0.081342,-80.000450,-1011.808167,3953.213379,0.000000
4676.900391,-0.354126,-1011.808167,-0.014310,-0.314962,-8.000045,-1.575231,-0.080246,-80.000450,-1011.808167,3953.297852,0.000000
4677.000000,-0.354126,-1011.808167,-0.014310,-0.314962,-8.000045,-1.575231,-0.080246,-80.000450,-1011.808167,3953.382568,0.000000
4677.100098,-0.357483,-1011.808167,-0.014310,-0.314962,-8.000045,-1.590163,-0.081007,-80.000450,-1011.808167,3953.467529,0.000000
4677.200195,-0.351151,-1011.808167,-0.014310,-0.314962,-8.000045,-1.561996,-0.079572,-80.000450,-1011.808167,3953.552002,0.000000
4677.300293,-0.354126,-1011.808167,-0.014310,-0.314962,-8.000045,-1.575231,-0.080246,-80.000450,-1011.808167,3953.636963,0.000000
4677.400391,-0.352646,-1011.808167,-0.014310,-0.314962,-8.000045,-1.568647,-0.079911,-80.000450,-1011.808167,3953.721680,0.000000
4677.500000,-0.357101,-1011.808167,-0.014310,-0.314962,-8.000045,-1.588467,-0.080920,-80.000450,-1011.808167,3953.806396,0.000000
4677.600098,-0.368652,-1011.808167,-0.014310,-0.314962,-8.000045,-1.639848,-0.083538,-80.000450,-1011.808167,3953.891113,0.000000
4677.700195,-0.356369,-1011.808167,-0.014310,-0.314962,-8.000045,-1.585209,-0.080754,-80.000450,-1011.808167,3953.975586,0.000000
4677.800293,-0.361572,-1011.808167,-0.014310,-0.314962,-8.000045,-1.608354,-0.081933,-80.000450,-1011.808167,3954.060547,0.000000
4677.900391,-0.365677,-1011.808167,-0.014310,-0.314962,-8.000045,-1.626612,-0.082864,-80.000450,-1011.808167,-8.000045,0.000000
4678.000000,-0.364182,-1011.808167,-0.014310,-0.314962,-8.000045,-1.619960,-0.082525,-80.000450,-1011.808167,-8.000045,0.000000
