date,name,mixing_temp,bath_temp,polymer_wt,additive_wt,pullcast_speed,nitrogen,coupon_to_bath_wait_time,nips_bath_wait_time,formatted_parameters,initial_report,Air Temp Mean,Humidity Mean,Thickness Mean,Thickness SD,Elastic Modulus Mean,Elastic Modulus SD,Yield Strength Mean,Yield Strength SD,Pore Fraction Mean,Pore Fraction SD,Slope Plateau Mean,Slope Plateau SD,Slope Densification Mean,Slope Densification SD,Creep Strain Mean,Creep Strain SD,Strain at 50 bar Mean,Strain at 50 bar SD,Strain at 80 bar Mean,Strain at 80 bar SD,Strain at 150 bar Mean,Strain at 150 bar SD,Strain at 500 bar Mean,Strain at 500 bar SD,CV Mean,Discarded Fit Quality Mean,Discarded Fit Reasons,formatted_parameters_withProp,final_report,quality_report,source_csv,campaign,weight_percent,volume,Coupon Temp Mean,Coupon Humidity Mean,cosolvent_type,nips_bath_solvent,nips_bath_solvent_wt_percent,processed_time,condition,specimen_time,sample_time,time_source,source_name,chemistry,validation_status,pore_fraction_method,pore_fraction_report
"2026-08-14
20:38:14",17-0add-5deg-30s-N2-125s,25,5,17.0,0.0,10.0,True,30,125,mixing_temp=25; bath_temp=5; pullcast_speed=10.0; nitrogen=True; coupon_to_bath_wait_time=30; nips_bath_wait_time=125; polymer_wt=17.0; additive_wt=0.0; cosolvent_type=unknown; nips_bath_solvent=unknown; nips_bath_solvent_wt_percent=unknown; Air Temp Mean=23.74; Humidity Mean=49.21; Coupon Temp Mean=unknown; Coupon Humidity Mean=unknown,,23.74,49.21,137.3480281320967,0.3754450995687411,227.112527673054,19.8783722345464,28.62697215795172,2.6474182460626645,0.4350456632616258,0.0034311353511704,128.25552520472937,5.832710369100448,480.5146183249625,107.01878073737778,0.1727873613202211,0.0418970102008774,0.2931670233969833,0.0102270208377356,0.4445315175614089,0.0114445510450045,0.6131892549911185,0.0422562507976121,,,0.0571807605204436,,,"mixing_temp=25; bath_temp=5; pullcast_speed=10.0; nitrogen=True; coupon_to_bath_wait_time=30; nips_bath_wait_time=125; polymer_wt=17.0; additive_wt=0.0; cosolvent_type=unknown; nips_bath_solvent=unknown; nips_bath_solvent_wt_percent=unknown; Air Temp Mean=23.74; Humidity Mean=49.21; Coupon Temp Mean=unknown; Coupon Humidity Mean=unknown
Thickness: mean=137.3480281320967, SD=0.3754450995687411; Elastic Modulus: mean=227.112527673054, SD=19.8783722345464; Yield Strength: mean=28.62697215795172, SD=2.6474182460626645; Pore Fraction: mean=0.4350456632616258, SD=0.0034311353511704; Creep Strain: mean=0.1727873613202211, SD=0.0418970102008774; Strain at 50 bar: mean=0.2931670233969833, SD=0.0102270208377356","[17-0add-5deg-30s-N2-125s] Historical observation; chemistry=Polysulfone / PolarClean (inferred); campaign=2026-08-14; sample_time=2026-08-14 19:51:41. mixing_temp=25; bath_temp=5; pullcast_speed=10.0; nitrogen=True; coupon_to_bath_wait_time=30; nips_bath_wait_time=125; polymer_wt=17.0; additive_wt=0.0; cosolvent_type=unknown; nips_bath_solvent=unknown; nips_bath_solvent_wt_percent=unknown; Air Temp Mean=23.74; Humidity Mean=49.21; Coupon Temp Mean=unknown; Coupon Humidity Mean=unknown. Thickness: mean=137.3480281320967, SD=0.3754450995687411; Elastic Modulus: mean=227.112527673054, SD=19.8783722345464; Yield Strength: mean=28.62697215795172, SD=2.6474182460626645; Pore Fraction: mean=0.4350456632616258, SD=0.0034311353511704; Creep Strain: mean=0.1727873613202211, SD=0.0418970102008774; Strain at 50 bar: mean=0.2931670233969833, SD=0.0102270208377356. Modulus and yield strength units: bar; thickness: micrometers; pore fraction and strains: dimensionless. CV Mean=0.0571807605204436; Discarded Fit Quality Mean=unknown; Discarded Fit Reasons=unknown. unknown; aggregate SD is intra-sample, not independent synthesis validation. Pore fraction method: compression-curve changepoint estimate; dimensionless, not independent porosimetry. Historical parameters may be outside current bounds; use current bounds for suggestions.","- **Presence:** Membrane is visible within the test-cell aperture.
- **Vertical Coverage:** The membrane does not reach the top edge of the aperture; a clear gap is present at the top — this is a defect. The bottom edge appears adequately seated.
- **Uniformity:** The membrane surface appears largely uniform in color and opacity, with a slight tonal gradient (brighter top, slightly cooler center) but no obvious patchy regions or dark spots.
- **Defects:** No prominent wrinkles or trapped air bubbles are visible.
- **Summary:** The membrane is present and visually uniform, but exhibits a notable vertical coverage gap at the top edge of the aperture, representing a seating defect requiring attention.",C:\Users\wang9\Documents\GitHub\NIPS-pipeline\data\results\begins_2026-08-14\agg.csv,2026-08-14,,,unknown,unknown,unknown,unknown,unknown,2026-08-14 20:38:14,17-0add-5deg-30s-N2-125s,2026-08-14 19:51:41,2026-08-14 19:51:41,raw specimen filename,17-0add-5deg-30s-N2-125s,Polysulfone / PolarClean (inferred),"unknown; aggregate SD is intra-sample, not independent synthesis validation","compression-curve changepoint estimate; dimensionless, not independent porosimetry","Pore Fraction mean=0.4350456632616258, SD=0.0034311353511704; compression-curve changepoint estimate; dimensionless, not independent porosimetry"
"2026-08-14
21:54:24",17-0add-5deg-60s-N2-1800s,60,5,17.0,0.0,15.0,True,60,1800,mixing_temp=60; bath_temp=5; pullcast_speed=15.0; nitrogen=True; coupon_to_bath_wait_time=60; nips_bath_wait_time=1800; polymer_wt=17.0; additive_wt=0.0; cosolvent_type=unknown; nips_bath_solvent=unknown; nips_bath_solvent_wt_percent=unknown; Air Temp Mean=23.77; Humidity Mean=49.79; Coupon Temp Mean=unknown; Coupon Humidity Mean=unknown,,23.77,49.79,132.62524993523917,1.312140963813305,257.0304572024842,18.26048660421576,32.41830108114243,2.5484661843541696,0.4286722219120454,0.0145692325969037,132.5782139816631,4.42799289263673,435.6057806454957,80.97704634442209,0.1754525377004358,0.0362303123924223,0.271623562815106,0.0102926448059843,0.4358952048554319,0.0177972203838781,0.6169068404410917,0.0461565529840147,,,0.0659358228254936,,,"mixing_temp=60; bath_temp=5; pullcast_speed=15.0; nitrogen=True; coupon_to_bath_wait_time=60; nips_bath_wait_time=1800; polymer_wt=17.0; additive_wt=0.0; cosolvent_type=unknown; nips_bath_solvent=unknown; nips_bath_solvent_wt_percent=unknown; Air Temp Mean=23.77; Humidity Mean=49.79; Coupon Temp Mean=unknown; Coupon Humidity Mean=unknown
Thickness: mean=132.62524993523917, SD=1.312140963813305; Elastic Modulus: mean=257.0304572024842, SD=18.26048660421576; Yield Strength: mean=32.41830108114243, SD=2.5484661843541696; Pore Fraction: mean=0.4286722219120454, SD=0.0145692325969037; Creep Strain: mean=0.1754525377004358, SD=0.0362303123924223; Strain at 50 bar: mean=0.271623562815106, SD=0.0102926448059843","[17-0add-5deg-60s-N2-1800s] Historical observation; chemistry=Polysulfone / PolarClean (inferred); campaign=2026-08-14; sample_time=2026-08-14 20:39:10. mixing_temp=60; bath_temp=5; pullcast_speed=15.0; nitrogen=True; coupon_to_bath_wait_time=60; nips_bath_wait_time=1800; polymer_wt=17.0; additive_wt=0.0; cosolvent_type=unknown; nips_bath_solvent=unknown; nips_bath_solvent_wt_percent=unknown; Air Temp Mean=23.77; Humidity Mean=49.79; Coupon Temp Mean=unknown; Coupon Humidity Mean=unknown. Thickness: mean=132.62524993523917, SD=1.312140963813305; Elastic Modulus: mean=257.0304572024842, SD=18.26048660421576; Yield Strength: mean=32.41830108114243, SD=2.5484661843541696; Pore Fraction: mean=0.4286722219120454, SD=0.0145692325969037; Creep Strain: mean=0.1754525377004358, SD=0.0362303123924223; Strain at 50 bar: mean=0.271623562815106, SD=0.0102926448059843. Modulus and yield strength units: bar; thickness: micrometers; pore fraction and strains: dimensionless. CV Mean=0.0659358228254936; Discarded Fit Quality Mean=unknown; Discarded Fit Reasons=unknown. unknown; aggregate SD is intra-sample, not independent synthesis validation. Pore fraction method: compression-curve changepoint estimate; dimensionless, not independent porosimetry. Historical parameters may be outside current bounds; use current bounds for suggestions.","- **Presence:** Membrane is visible within the aperture.
- **Vertical Coverage:** Membrane spans the full top-to-bottom extent of the aperture with no gaps at the top or bottom edges. ✓
- **Uniformity:** Largely uniform white/light-grey appearance with a subtle tonal gradient (slightly darker toward center-bottom), but no significant patchiness or opacity variation.
- **Defects:** A small chain of bright white/yellow beads or droplets is visible along the upper-left membrane edge — likely a trapped air bubble streak or debris artifact. No prominent wrinkles detected.
- **Summary:** Membrane is fully seated vertically with good overall uniformity, but a localized bead/bubble artifact along the upper-left edge warrants attention.",C:\Users\wang9\Documents\GitHub\NIPS-pipeline\data\results\begins_2026-08-14\agg.csv,2026-08-14,,,unknown,unknown,unknown,unknown,unknown,2026-08-14 21:54:24,17-0add-5deg-60s-N2-1800s,2026-08-14 20:39:10,2026-08-14 20:39:10,raw specimen filename,17-0add-5deg-60s-N2-1800s,Polysulfone / PolarClean (inferred),"unknown; aggregate SD is intra-sample, not independent synthesis validation","compression-curve changepoint estimate; dimensionless, not independent porosimetry","Pore Fraction mean=0.4286722219120454, SD=0.0145692325969037; compression-curve changepoint estimate; dimensionless, not independent porosimetry"
"2026-08-14
23:13:25",17-0add-5deg-90s-N2-1800s_run2,80,5,17.0,0.0,18.0,True,90,1800,mixing_temp=80; bath_temp=5; pullcast_speed=18.0; nitrogen=True; coupon_to_bath_wait_time=90; nips_bath_wait_time=1800; polymer_wt=17.0; additive_wt=0.0; cosolvent_type=unknown; nips_bath_solvent=unknown; nips_bath_solvent_wt_percent=unknown; Air Temp Mean=23.45; Humidity Mean=43.37; Coupon Temp Mean=unknown; Coupon Humidity Mean=unknown,,23.45,43.37,134.1768597087862,1.4973533772344794,356.64508682177944,45.87285170846717,31.46502533740119,0.7599146487013598,0.5689388744097311,0.0150278149142509,104.11328919525728,22.63110164319306,693.3986562160522,70.62634055688052,0.0687568846456874,0.0043702750019385,0.2573773450514385,0.009992363289316,0.5238646273462756,0.0494321931905153,0.6630475950185416,0.0148000444036303,,,0.0781669356785154,61.0,1 failed due to yield point (bp1) likely misplaced,"mixing_temp=80; bath_temp=5; pullcast_speed=18.0; nitrogen=True; coupon_to_bath_wait_time=90; nips_bath_wait_time=1800; polymer_wt=17.0; additive_wt=0.0; cosolvent_type=unknown; nips_bath_solvent=unknown; nips_bath_solvent_wt_percent=unknown; Air Temp Mean=23.45; Humidity Mean=43.37; Coupon Temp Mean=unknown; Coupon Humidity Mean=unknown
Thickness: mean=134.1768597087862, SD=1.4973533772344794; Elastic Modulus: mean=356.64508682177944, SD=45.87285170846717; Yield Strength: mean=31.46502533740119, SD=0.7599146487013598; Pore Fraction: mean=0.5689388744097311, SD=0.0150278149142509; Creep Strain: mean=0.0687568846456874, SD=0.0043702750019385; Strain at 50 bar: mean=0.2573773450514385, SD=0.009992363289316","[17-0add-5deg-90s-N2-1800s_run2] Historical observation; chemistry=Polysulfone / PolarClean (inferred); campaign=2026-08-14; sample_time=2026-08-14 21:55:19. mixing_temp=80; bath_temp=5; pullcast_speed=18.0; nitrogen=True; coupon_to_bath_wait_time=90; nips_bath_wait_time=1800; polymer_wt=17.0; additive_wt=0.0; cosolvent_type=unknown; nips_bath_solvent=unknown; nips_bath_solvent_wt_percent=unknown; Air Temp Mean=23.45; Humidity Mean=43.37; Coupon Temp Mean=unknown; Coupon Humidity Mean=unknown. Thickness: mean=134.1768597087862, SD=1.4973533772344794; Elastic Modulus: mean=356.64508682177944, SD=45.87285170846717; Yield Strength: mean=31.46502533740119, SD=0.7599146487013598; Pore Fraction: mean=0.5689388744097311, SD=0.0150278149142509; Creep Strain: mean=0.0687568846456874, SD=0.0043702750019385; Strain at 50 bar: mean=0.2573773450514385, SD=0.009992363289316. Modulus and yield strength units: bar; thickness: micrometers; pore fraction and strains: dimensionless. CV Mean=0.0781669356785154; Discarded Fit Quality Mean=61.0; Discarded Fit Reasons=1 failed due to yield point (bp1) likely misplaced. unknown; aggregate SD is intra-sample, not independent synthesis validation. Pore fraction method: compression-curve changepoint estimate; dimensionless, not independent porosimetry. Historical parameters may be outside current bounds; use current bounds for suggestions.","- **Presence:** Membrane is clearly visible within the aperture.
- **Vertical Coverage:** Full top-to-bottom coverage achieved; membrane reaches both the top and bottom aperture edges with no vertical gaps.
- **Uniformity:** Surface appears largely uniform in color and opacity with a consistent white/light-grey tone; slight brightness gradient toward the top is likely lighting artifact.
- **Defects:** A notable vertical wrinkle/fold is present along the left side of the membrane, with associated slight buckling; no trapped air bubbles detected.
- **Summary:** Membrane shows good vertical coverage and overall uniformity, but a prominent left-side wrinkle represents a meaningful surface defect requiring attention.",C:\Users\wang9\Documents\GitHub\NIPS-pipeline\data\results\begins_2026-08-14\agg.csv,2026-08-14,,,unknown,unknown,unknown,unknown,unknown,2026-08-14 23:13:25,17-0add-5deg-90s-N2-1800s_run2,2026-08-14 21:55:19,2026-08-14 21:55:19,raw specimen filename,17-0add-5deg-90s-N2-1800s_run2_postDiscard,Polysulfone / PolarClean (inferred),"unknown; aggregate SD is intra-sample, not independent synthesis validation","compression-curve changepoint estimate; dimensionless, not independent porosimetry","Pore Fraction mean=0.5689388744097311, SD=0.0150278149142509; compression-curve changepoint estimate; dimensionless, not independent porosimetry"
"2026-08-15
00:30:52",17-0add-5deg-120s-N2-1800s,80,5,17.0,0.0,15.0,True,120,1800,mixing_temp=80; bath_temp=5; pullcast_speed=15.0; nitrogen=True; coupon_to_bath_wait_time=120; nips_bath_wait_time=1800; polymer_wt=17.0; additive_wt=0.0; cosolvent_type=unknown; nips_bath_solvent=unknown; nips_bath_solvent_wt_percent=unknown; Air Temp Mean=23.29; Humidity Mean=43.34; Coupon Temp Mean=unknown; Coupon Humidity Mean=unknown,,23.29,43.34,136.76841808967407,1.0885603521408198,347.9243812597703,36.56633572662267,27.95351454491052,3.3294038082998383,0.3846580470106499,0.0129684664833181,151.55225630798805,1.872340417383209,517.6735265205526,74.82080794606888,0.187857182273366,0.0390053352576016,0.2244771190300913,0.0081830936827846,0.3753622515334228,0.0060519244993501,0.5438275920308601,0.0102776223099943,,,0.0358315887794632,,,"mixing_temp=80; bath_temp=5; pullcast_speed=15.0; nitrogen=True; coupon_to_bath_wait_time=120; nips_bath_wait_time=1800; polymer_wt=17.0; additive_wt=0.0; cosolvent_type=unknown; nips_bath_solvent=unknown; nips_bath_solvent_wt_percent=unknown; Air Temp Mean=23.29; Humidity Mean=43.34; Coupon Temp Mean=unknown; Coupon Humidity Mean=unknown
Thickness: mean=136.76841808967407, SD=1.0885603521408198; Elastic Modulus: mean=347.9243812597703, SD=36.56633572662267; Yield Strength: mean=27.95351454491052, SD=3.3294038082998383; Pore Fraction: mean=0.3846580470106499, SD=0.0129684664833181; Creep Strain: mean=0.187857182273366, SD=0.0390053352576016; Strain at 50 bar: mean=0.2244771190300913, SD=0.0081830936827846","[17-0add-5deg-120s-N2-1800s] Historical observation; chemistry=Polysulfone / PolarClean (inferred); campaign=2026-08-14; sample_time=2026-08-14 23:14:19. mixing_temp=80; bath_temp=5; pullcast_speed=15.0; nitrogen=True; coupon_to_bath_wait_time=120; nips_bath_wait_time=1800; polymer_wt=17.0; additive_wt=0.0; cosolvent_type=unknown; nips_bath_solvent=unknown; nips_bath_solvent_wt_percent=unknown; Air Temp Mean=23.29; Humidity Mean=43.34; Coupon Temp Mean=unknown; Coupon Humidity Mean=unknown. Thickness: mean=136.76841808967407, SD=1.0885603521408198; Elastic Modulus: mean=347.9243812597703, SD=36.56633572662267; Yield Strength: mean=27.95351454491052, SD=3.3294038082998383; Pore Fraction: mean=0.3846580470106499, SD=0.0129684664833181; Creep Strain: mean=0.187857182273366, SD=0.0390053352576016; Strain at 50 bar: mean=0.2244771190300913, SD=0.0081830936827846. Modulus and yield strength units: bar; thickness: micrometers; pore fraction and strains: dimensionless. CV Mean=0.0358315887794632; Discarded Fit Quality Mean=unknown; Discarded Fit Reasons=unknown. unknown; aggregate SD is intra-sample, not independent synthesis validation. Pore fraction method: compression-curve changepoint estimate; dimensionless, not independent porosimetry. Historical parameters may be outside current bounds; use current bounds for suggestions.","- **Presence:** Membrane is visible and seated within the aperture.
- **Vertical Coverage:** A gap is present at the top edge where the backing is exposed above the membrane; the bottom edge appears to reach the aperture boundary. Top vertical coverage is incomplete — this is a defect.
- **Uniformity:** The membrane surface appears largely uniform in color and opacity with no significant patchiness or dark spots.
- **Defects:** No wrinkles or trapped air bubbles observed; the top vertical gap is the primary concern.
- **Summary:** The membrane shows good surface uniformity but has a notable top-edge vertical coverage gap that should be flagged for review.",C:\Users\wang9\Documents\GitHub\NIPS-pipeline\data\results\begins_2026-08-14\agg.csv,2026-08-14,,,unknown,unknown,unknown,unknown,unknown,2026-08-15 00:30:52,17-0add-5deg-120s-N2-1800s,2026-08-14 23:14:19,2026-08-14 23:14:19,raw specimen filename,17-0add-5deg-120s-N2-1800s,Polysulfone / PolarClean (inferred),"unknown; aggregate SD is intra-sample, not independent synthesis validation","compression-curve changepoint estimate; dimensionless, not independent porosimetry","Pore Fraction mean=0.3846580470106499, SD=0.0129684664833181; compression-curve changepoint estimate; dimensionless, not independent porosimetry"
"2026-08-15
01:49:17",17-0add-5deg-90s-N2-1800s_run3,80,5,17.0,0.0,20.0,True,90,1800,mixing_temp=80; bath_temp=5; pullcast_speed=20.0; nitrogen=True; coupon_to_bath_wait_time=90; nips_bath_wait_time=1800; polymer_wt=17.0; additive_wt=0.0; cosolvent_type=unknown; nips_bath_solvent=unknown; nips_bath_solvent_wt_percent=unknown; Air Temp Mean=23.16; Humidity Mean=43.05; Coupon Temp Mean=unknown; Coupon Humidity Mean=unknown,,23.16,43.05,134.94437132642588,1.180629080802019,232.7230345104864,21.72667038821581,32.21872563394656,2.1879396105671707,0.6416614780500783,0.1047922171637012,98.08081159616674,16.16656833004377,476.5369315069912,144.67066082709553,0.0932713055054962,0.014605727771431,0.3435305266084146,0.0195458269646694,0.5960140571880824,0.060759454676765,0.8237576103374794,0.0099993775175741,,,0.0844223453955023,,,"mixing_temp=80; bath_temp=5; pullcast_speed=20.0; nitrogen=True; coupon_to_bath_wait_time=90; nips_bath_wait_time=1800; polymer_wt=17.0; additive_wt=0.0; cosolvent_type=unknown; nips_bath_solvent=unknown; nips_bath_solvent_wt_percent=unknown; Air Temp Mean=23.16; Humidity Mean=43.05; Coupon Temp Mean=unknown; Coupon Humidity Mean=unknown
Thickness: mean=134.94437132642588, SD=1.180629080802019; Elastic Modulus: mean=232.7230345104864, SD=21.72667038821581; Yield Strength: mean=32.21872563394656, SD=2.1879396105671707; Pore Fraction: mean=0.6416614780500783, SD=0.1047922171637012; Creep Strain: mean=0.0932713055054962, SD=0.014605727771431; Strain at 50 bar: mean=0.3435305266084146, SD=0.0195458269646694","[17-0add-5deg-90s-N2-1800s_run3] Historical observation; chemistry=Polysulfone / PolarClean (inferred); campaign=2026-08-14; sample_time=2026-08-15 00:32:14. mixing_temp=80; bath_temp=5; pullcast_speed=20.0; nitrogen=True; coupon_to_bath_wait_time=90; nips_bath_wait_time=1800; polymer_wt=17.0; additive_wt=0.0; cosolvent_type=unknown; nips_bath_solvent=unknown; nips_bath_solvent_wt_percent=unknown; Air Temp Mean=23.16; Humidity Mean=43.05; Coupon Temp Mean=unknown; Coupon Humidity Mean=unknown. Thickness: mean=134.94437132642588, SD=1.180629080802019; Elastic Modulus: mean=232.7230345104864, SD=21.72667038821581; Yield Strength: mean=32.21872563394656, SD=2.1879396105671707; Pore Fraction: mean=0.6416614780500783, SD=0.1047922171637012; Creep Strain: mean=0.0932713055054962, SD=0.014605727771431; Strain at 50 bar: mean=0.3435305266084146, SD=0.0195458269646694. Modulus and yield strength units: bar; thickness: micrometers; pore fraction and strains: dimensionless. CV Mean=0.0844223453955023; Discarded Fit Quality Mean=unknown; Discarded Fit Reasons=unknown. unknown; aggregate SD is intra-sample, not independent synthesis validation. Pore fraction method: compression-curve changepoint estimate; dimensionless, not independent porosimetry. Historical parameters may be outside current bounds; use current bounds for suggestions.","- **Presence:** Membrane is visible and present within the aperture.
- **Vertical Coverage:** A gap is present at the bottom edge where the membrane does not fully reach the lower aperture boundary, exposing backing material — this is a vertical coverage defect.
- **Uniformity:** The membrane is predominantly uniform white/opaque with only minor tonal variation; no significant patchiness or dark spots.
- **Defects:** One visible elongated wrinkle/fold runs diagonally across the central area; one small trapped air bubble is present near the lower-center region.
- **Summary:** The membrane shows acceptable uniformity but has a notable bottom-edge vertical coverage gap, a diagonal wrinkle, and a small air bubble that collectively represent quality concerns.",C:\Users\wang9\Documents\GitHub\NIPS-pipeline\data\results\begins_2026-08-14\agg.csv,2026-08-14,,,unknown,unknown,unknown,unknown,unknown,2026-08-15 01:49:17,17-0add-5deg-90s-N2-1800s_run3,2026-08-15 00:32:14,2026-08-15 00:32:14,raw specimen filename,17-0add-5deg-90s-N2-1800s_run3,Polysulfone / PolarClean (inferred),"unknown; aggregate SD is intra-sample, not independent synthesis validation","compression-curve changepoint estimate; dimensionless, not independent porosimetry","Pore Fraction mean=0.6416614780500783, SD=0.1047922171637012; compression-curve changepoint estimate; dimensionless, not independent porosimetry"
"2026-08-15
14:35:04",17-0add-5deg-30s-N2-125s_run2,25,5,17.0,0.0,10.0,True,30,125,mixing_temp=25; bath_temp=5; pullcast_speed=10.0; nitrogen=True; coupon_to_bath_wait_time=30; nips_bath_wait_time=125; polymer_wt=17.0; additive_wt=0.0; cosolvent_type=unknown; nips_bath_solvent=unknown; nips_bath_solvent_wt_percent=unknown; Air Temp Mean=23.58; Humidity Mean=45.71; Coupon Temp Mean=unknown; Coupon Humidity Mean=unknown,,23.58,45.71,139.96865192090127,1.0162310122239724,233.6035121049225,18.06436634389796,28.17542411341053,3.9399128842092286,0.4561407473507927,0.0073717550620697,109.08584715247592,5.688546045147101,453.8889965410396,57.587080054555685,0.1768225092676388,0.0196069293179664,0.3239928529304627,0.0040575529364435,0.4801532301570549,0.0065616976059738,0.6847254497709421,0.0084123039401835,,,0.0392261277051732,,,"mixing_temp=25; bath_temp=5; pullcast_speed=10.0; nitrogen=True; coupon_to_bath_wait_time=30; nips_bath_wait_time=125; polymer_wt=17.0; additive_wt=0.0; cosolvent_type=unknown; nips_bath_solvent=unknown; nips_bath_solvent_wt_percent=unknown; Air Temp Mean=23.58; Humidity Mean=45.71; Coupon Temp Mean=unknown; Coupon Humidity Mean=unknown
Thickness: mean=139.96865192090127, SD=1.0162310122239724; Elastic Modulus: mean=233.6035121049225, SD=18.06436634389796; Yield Strength: mean=28.17542411341053, SD=3.9399128842092286; Pore Fraction: mean=0.4561407473507927, SD=0.0073717550620697; Creep Strain: mean=0.1768225092676388, SD=0.0196069293179664; Strain at 50 bar: mean=0.3239928529304627, SD=0.0040575529364435","[17-0add-5deg-30s-N2-125s_run2] Historical observation; chemistry=Polysulfone / PolarClean (inferred); campaign=2026-08-15; sample_time=2026-08-15 13:44:55. mixing_temp=25; bath_temp=5; pullcast_speed=10.0; nitrogen=True; coupon_to_bath_wait_time=30; nips_bath_wait_time=125; polymer_wt=17.0; additive_wt=0.0; cosolvent_type=unknown; nips_bath_solvent=unknown; nips_bath_solvent_wt_percent=unknown; Air Temp Mean=23.58; Humidity Mean=45.71; Coupon Temp Mean=unknown; Coupon Humidity Mean=unknown. Thickness: mean=139.96865192090127, SD=1.0162310122239724; Elastic Modulus: mean=233.6035121049225, SD=18.06436634389796; Yield Strength: mean=28.17542411341053, SD=3.9399128842092286; Pore Fraction: mean=0.4561407473507927, SD=0.0073717550620697; Creep Strain: mean=0.1768225092676388, SD=0.0196069293179664; Strain at 50 bar: mean=0.3239928529304627, SD=0.0040575529364435. Modulus and yield strength units: bar; thickness: micrometers; pore fraction and strains: dimensionless. CV Mean=0.0392261277051732; Discarded Fit Quality Mean=unknown; Discarded Fit Reasons=unknown. unknown; aggregate SD is intra-sample, not independent synthesis validation. Pore fraction method: compression-curve changepoint estimate; dimensionless, not independent porosimetry. Historical parameters may be outside current bounds; use current bounds for suggestions.","- **Presence:** Membrane is visible.
- **Vertical Coverage:** A gap is present at the top edge where the membrane does not reach the aperture boundary; bottom edge appears adequately covered.
- **Uniformity:** The central membrane area appears largely uniform in color and opacity with no obvious patchiness or dark spots.
- **Defects:** A prominent irregular tear/fold is visible along the upper-left interior edge of the aperture, suggesting the membrane edge is damaged or has partially peeled back in that region.
- **Summary:** The membrane shows an incomplete top-edge vertical coverage defect accompanied by visible tearing/folding at the upper portion, representing a significant coupon integrity concern.",C:\Users\wang9\Documents\GitHub\NIPS-pipeline\data\results\begins_2026-08-15\agg.csv,2026-08-15,,,unknown,unknown,unknown,unknown,unknown,2026-08-15 14:35:04,17-0add-5deg-30s-N2-125s_run2,2026-08-15 13:44:55,2026-08-15 13:44:55,raw specimen filename,17-0add-5deg-30s-N2-125s_run2,Polysulfone / PolarClean (inferred),"unknown; aggregate SD is intra-sample, not independent synthesis validation","compression-curve changepoint estimate; dimensionless, not independent porosimetry","Pore Fraction mean=0.4561407473507927, SD=0.0073717550620697; compression-curve changepoint estimate; dimensionless, not independent porosimetry"
"2026-08-15
16:04:32",17-0add-5deg-60s-N2-1800s_run2,60,5,17.0,0.0,5.0,True,60,1800,mixing_temp=60; bath_temp=5; pullcast_speed=5.0; nitrogen=True; coupon_to_bath_wait_time=60; nips_bath_wait_time=1800; polymer_wt=17.0; additive_wt=0.0; cosolvent_type=unknown; nips_bath_solvent=unknown; nips_bath_solvent_wt_percent=unknown; Air Temp Mean=23.37; Humidity Mean=40.98; Coupon Temp Mean=unknown; Coupon Humidity Mean=unknown,,23.37,40.98,144.66840795556422,2.6490481736224663,239.4839215716,29.757818743951407,33.93712467785243,1.422767857574605,0.4251086549808699,0.0083719922457355,132.91096379233392,7.201257512437135,480.35150375545766,71.5565260135983,0.1414456785116472,0.0329420088201218,0.2798827320705147,0.0179425709452085,0.4325847102372476,0.0157747078176077,0.6067282100410122,0.024391912407204,,,0.0611058075134043,,,"mixing_temp=60; bath_temp=5; pullcast_speed=5.0; nitrogen=True; coupon_to_bath_wait_time=60; nips_bath_wait_time=1800; polymer_wt=17.0; additive_wt=0.0; cosolvent_type=unknown; nips_bath_solvent=unknown; nips_bath_solvent_wt_percent=unknown; Air Temp Mean=23.37; Humidity Mean=40.98; Coupon Temp Mean=unknown; Coupon Humidity Mean=unknown
Thickness: mean=144.66840795556422, SD=2.6490481736224663; Elastic Modulus: mean=239.4839215716, SD=29.757818743951407; Yield Strength: mean=33.93712467785243, SD=1.422767857574605; Pore Fraction: mean=0.4251086549808699, SD=0.0083719922457355; Creep Strain: mean=0.1414456785116472, SD=0.0329420088201218; Strain at 50 bar: mean=0.2798827320705147, SD=0.0179425709452085","[17-0add-5deg-60s-N2-1800s_run2] Historical observation; chemistry=Polysulfone / PolarClean (inferred); campaign=2026-08-15; sample_time=2026-08-15 14:37:12. mixing_temp=60; bath_temp=5; pullcast_speed=5.0; nitrogen=True; coupon_to_bath_wait_time=60; nips_bath_wait_time=1800; polymer_wt=17.0; additive_wt=0.0; cosolvent_type=unknown; nips_bath_solvent=unknown; nips_bath_solvent_wt_percent=unknown; Air Temp Mean=23.37; Humidity Mean=40.98; Coupon Temp Mean=unknown; Coupon Humidity Mean=unknown. Thickness: mean=144.66840795556422, SD=2.6490481736224663; Elastic Modulus: mean=239.4839215716, SD=29.757818743951407; Yield Strength: mean=33.93712467785243, SD=1.422767857574605; Pore Fraction: mean=0.4251086549808699, SD=0.0083719922457355; Creep Strain: mean=0.1414456785116472, SD=0.0329420088201218; Strain at 50 bar: mean=0.2798827320705147, SD=0.0179425709452085. Modulus and yield strength units: bar; thickness: micrometers; pore fraction and strains: dimensionless. CV Mean=0.0611058075134043; Discarded Fit Quality Mean=unknown; Discarded Fit Reasons=unknown. unknown; aggregate SD is intra-sample, not independent synthesis validation. Pore fraction method: compression-curve changepoint estimate; dimensionless, not independent porosimetry. Historical parameters may be outside current bounds; use current bounds for suggestions.","- **Presence:** Membrane is visible and seated in the aperture.

- **Vertical Coverage:** Membrane spans the full top-to-bottom extent of the aperture with no gaps at the top or bottom edges.

- **Uniformity:** The membrane surface appears largely uniform in color and opacity, with a consistent white/off-white tone across most of the area; no significant patchiness or dark spots detected.

- **Defects:** A notable cluster of wrinkles and what appears to be a torn or folded membrane fragment is present on the right-center portion of the coupon, representing a significant localized defect.

- **Summary:** Membrane shows adequate vertical coverage and general uniformity, but is compromised by a prominent wrinkling/tearing defect on the right side.",C:\Users\wang9\Documents\GitHub\NIPS-pipeline\data\results\begins_2026-08-15\agg.csv,2026-08-15,,,unknown,unknown,unknown,unknown,unknown,2026-08-15 16:04:32,17-0add-5deg-60s-N2-1800s_run2,2026-08-15 14:37:12,2026-08-15 14:37:12,raw specimen filename,17-0add-5deg-60s-N2-1800s_run2,Polysulfone / PolarClean (inferred),"unknown; aggregate SD is intra-sample, not independent synthesis validation","compression-curve changepoint estimate; dimensionless, not independent porosimetry","Pore Fraction mean=0.4251086549808699, SD=0.0083719922457355; compression-curve changepoint estimate; dimensionless, not independent porosimetry"
"2026-08-17
17:41:28",17-0add-5deg-30s-N2-125s_run3,25,5,17.0,0.0,10.0,True,30,125,mixing_temp=25; bath_temp=5; pullcast_speed=10.0; nitrogen=True; coupon_to_bath_wait_time=30; nips_bath_wait_time=125; polymer_wt=17.0; additive_wt=0.0; cosolvent_type=unknown; nips_bath_solvent=unknown; nips_bath_solvent_wt_percent=unknown; Air Temp Mean=23.54; Humidity Mean=39.19; Coupon Temp Mean=unknown; Coupon Humidity Mean=unknown,,23.54,39.19,137.46995755475564,4.0679410664487605,195.22696225207363,54.18928252049557,26.240663677318928,3.2597076423243183,0.5637545278283185,0.0793328649219231,90.09373294318604,7.230432823527141,511.8360519922255,46.53138007003628,0.1047452427030156,0.0084259770214718,0.4249095691200777,0.0494063924702169,0.5805654568735301,0.0696197809280762,,,,,0.1523264538818827,,,"mixing_temp=25; bath_temp=5; pullcast_speed=10.0; nitrogen=True; coupon_to_bath_wait_time=30; nips_bath_wait_time=125; polymer_wt=17.0; additive_wt=0.0; cosolvent_type=unknown; nips_bath_solvent=unknown; nips_bath_solvent_wt_percent=unknown; Air Temp Mean=23.54; Humidity Mean=39.19; Coupon Temp Mean=unknown; Coupon Humidity Mean=unknown
Thickness: mean=137.46995755475564, SD=4.0679410664487605; Elastic Modulus: mean=195.22696225207363, SD=54.18928252049557; Yield Strength: mean=26.240663677318928, SD=3.2597076423243183; Pore Fraction: mean=0.5637545278283185, SD=0.0793328649219231; Creep Strain: mean=0.1047452427030156, SD=0.0084259770214718; Strain at 50 bar: mean=0.4249095691200777, SD=0.0494063924702169","[17-0add-5deg-30s-N2-125s_run3] Historical observation; chemistry=Polysulfone / PolarClean (inferred); campaign=2026-08-17; sample_time=2026-08-17 16:52:46. mixing_temp=25; bath_temp=5; pullcast_speed=10.0; nitrogen=True; coupon_to_bath_wait_time=30; nips_bath_wait_time=125; polymer_wt=17.0; additive_wt=0.0; cosolvent_type=unknown; nips_bath_solvent=unknown; nips_bath_solvent_wt_percent=unknown; Air Temp Mean=23.54; Humidity Mean=39.19; Coupon Temp Mean=unknown; Coupon Humidity Mean=unknown. Thickness: mean=137.46995755475564, SD=4.0679410664487605; Elastic Modulus: mean=195.22696225207363, SD=54.18928252049557; Yield Strength: mean=26.240663677318928, SD=3.2597076423243183; Pore Fraction: mean=0.5637545278283185, SD=0.0793328649219231; Creep Strain: mean=0.1047452427030156, SD=0.0084259770214718; Strain at 50 bar: mean=0.4249095691200777, SD=0.0494063924702169. Modulus and yield strength units: bar; thickness: micrometers; pore fraction and strains: dimensionless. CV Mean=0.1523264538818827; Discarded Fit Quality Mean=unknown; Discarded Fit Reasons=unknown. unknown; aggregate SD is intra-sample, not independent synthesis validation. Pore fraction method: compression-curve changepoint estimate; dimensionless, not independent porosimetry. Historical parameters may be outside current bounds; use current bounds for suggestions.","- **Presence**: Membrane is visible within the circular test-cell aperture.

- **Vertical Coverage**: A gap is present at the top edge where the membrane does not fully reach the aperture boundary; bottom edge coverage appears adequate.

- **Uniformity**: The membrane is predominantly uniform in color and opacity with a consistent pale white/grey appearance across most of its area.

- **Defects**: One visible wrinkle/crease is present near the upper portion of the membrane; no obvious trapped air bubbles detected.

- **Summary**: The membrane shows generally uniform appearance but has a notable top-edge vertical coverage gap and a wrinkle near the upper region that warrant attention.",C:\Users\wang9\Documents\GitHub\NIPS-pipeline\data\results\begins_2026-08-17\agg.csv,2026-08-17,,,unknown,unknown,unknown,unknown,unknown,2026-08-17 17:41:28,17-0add-5deg-30s-N2-125s_run3,2026-08-17 16:52:46,2026-08-17 16:52:46,raw specimen filename,17-0add-5deg-30s-N2-125s_run3,Polysulfone / PolarClean (inferred),"unknown; aggregate SD is intra-sample, not independent synthesis validation","compression-curve changepoint estimate; dimensionless, not independent porosimetry","Pore Fraction mean=0.5637545278283185, SD=0.0793328649219231; compression-curve changepoint estimate; dimensionless, not independent porosimetry"
"2026-08-17
18:48:28",17-0add-5deg-60s-N2-1200s,60,5,17.0,0.0,5.0,True,60,1200,mixing_temp=60; bath_temp=5; pullcast_speed=5.0; nitrogen=True; coupon_to_bath_wait_time=60; nips_bath_wait_time=1200; polymer_wt=17.0; additive_wt=0.0; cosolvent_type=unknown; nips_bath_solvent=unknown; nips_bath_solvent_wt_percent=unknown; Air Temp Mean=23.49; Humidity Mean=37.42; Coupon Temp Mean=unknown; Coupon Humidity Mean=unknown,,23.49,37.42,131.07314183335893,8.243528209760502,247.91113725994373,39.4338145326399,34.97787094782432,3.4742450869232893,0.3520685753507094,0.0515335692415873,140.12972364637696,7.957257177747897,459.8092008785061,81.73932242478855,0.1891558639461929,0.0442829849078979,0.2040417280823742,0.0580158044247339,0.3620103134309911,0.0478770289274388,0.5764538099595652,0.0,,,0.2021067000565961,22.0,"1 failed due to plateau slope >= elastic modulus, no real transition","mixing_temp=60; bath_temp=5; pullcast_speed=5.0; nitrogen=True; coupon_to_bath_wait_time=60; nips_bath_wait_time=1200; polymer_wt=17.0; additive_wt=0.0; cosolvent_type=unknown; nips_bath_solvent=unknown; nips_bath_solvent_wt_percent=unknown; Air Temp Mean=23.49; Humidity Mean=37.42; Coupon Temp Mean=unknown; Coupon Humidity Mean=unknown
Thickness: mean=131.07314183335893, SD=8.243528209760502; Elastic Modulus: mean=247.91113725994373, SD=39.4338145326399; Yield Strength: mean=34.97787094782432, SD=3.4742450869232893; Pore Fraction: mean=0.3520685753507094, SD=0.0515335692415873; Creep Strain: mean=0.1891558639461929, SD=0.0442829849078979; Strain at 50 bar: mean=0.2040417280823742, SD=0.0580158044247339","[17-0add-5deg-60s-N2-1200s] Historical observation; chemistry=Polysulfone / PolarClean (inferred); campaign=2026-08-17; sample_time=2026-08-17 17:42:33. mixing_temp=60; bath_temp=5; pullcast_speed=5.0; nitrogen=True; coupon_to_bath_wait_time=60; nips_bath_wait_time=1200; polymer_wt=17.0; additive_wt=0.0; cosolvent_type=unknown; nips_bath_solvent=unknown; nips_bath_solvent_wt_percent=unknown; Air Temp Mean=23.49; Humidity Mean=37.42; Coupon Temp Mean=unknown; Coupon Humidity Mean=unknown. Thickness: mean=131.07314183335893, SD=8.243528209760502; Elastic Modulus: mean=247.91113725994373, SD=39.4338145326399; Yield Strength: mean=34.97787094782432, SD=3.4742450869232893; Pore Fraction: mean=0.3520685753507094, SD=0.0515335692415873; Creep Strain: mean=0.1891558639461929, SD=0.0442829849078979; Strain at 50 bar: mean=0.2040417280823742, SD=0.0580158044247339. Modulus and yield strength units: bar; thickness: micrometers; pore fraction and strains: dimensionless. CV Mean=0.2021067000565961; Discarded Fit Quality Mean=22.0; Discarded Fit Reasons=1 failed due to plateau slope >= elastic modulus, no real transition. unknown; aggregate SD is intra-sample, not independent synthesis validation. Pore fraction method: compression-curve changepoint estimate; dimensionless, not independent porosimetry. Historical parameters may be outside current bounds; use current bounds for suggestions.","- **Presence:** Membrane is visible and seated within the aperture.
- **Vertical Coverage:** A clear gap is present at the top edge — the membrane does not reach the top of the aperture, exposing the backing/frame. Bottom edge appears fully covered.
- **Uniformity:** The membrane body is largely uniform in color and opacity, with only minor tonal variation; one small faint dark spot is visible near the center-left.
- **Defects:** No prominent wrinkles or trapped air bubbles detected.
- **Summary:** The membrane shows acceptable surface uniformity but has a notable vertical coverage defect at the top edge that warrants attention.",C:\Users\wang9\Documents\GitHub\NIPS-pipeline\data\results\begins_2026-08-17\agg.csv,2026-08-17,,,unknown,unknown,unknown,unknown,unknown,2026-08-17 18:48:28,17-0add-5deg-60s-N2-1200s,2026-08-17 17:42:33,2026-08-17 17:42:33,raw specimen filename,17-0add-5deg-60s-N2-1200s_postDiscard,Polysulfone / PolarClean (inferred),"unknown; aggregate SD is intra-sample, not independent synthesis validation","compression-curve changepoint estimate; dimensionless, not independent porosimetry","Pore Fraction mean=0.3520685753507094, SD=0.0515335692415873; compression-curve changepoint estimate; dimensionless, not independent porosimetry"
"2026-08-18
12:28:24",17-0add-5deg-60s-N2-1500s,60,5,17.0,0.0,5.0,True,60,1500,mixing_temp=60; bath_temp=5; pullcast_speed=5.0; nitrogen=True; coupon_to_bath_wait_time=60; nips_bath_wait_time=1500; polymer_wt=17.0; additive_wt=0.0; cosolvent_type=unknown; nips_bath_solvent=unknown; nips_bath_solvent_wt_percent=unknown; Air Temp Mean=23.83; Humidity Mean=36.34; Coupon Temp Mean=unknown; Coupon Humidity Mean=unknown,,23.83,36.34,138.93257283596034,2.309453528979272,309.4747655976557,67.5308737986631,30.70785653597406,3.3177712448819827,0.4774352687424376,0.0811288310312506,135.17206632671258,8.471907541624196,583.8450551054984,126.0171939600001,0.0716275720945189,0.0204054092509465,0.2528363015845463,0.0242004436777151,0.4307539375270257,0.0414288235430895,0.6051211966125853,0.0434062619196043,,,0.1243213045587494,,,"mixing_temp=60; bath_temp=5; pullcast_speed=5.0; nitrogen=True; coupon_to_bath_wait_time=60; nips_bath_wait_time=1500; polymer_wt=17.0; additive_wt=0.0; cosolvent_type=unknown; nips_bath_solvent=unknown; nips_bath_solvent_wt_percent=unknown; Air Temp Mean=23.83; Humidity Mean=36.34; Coupon Temp Mean=unknown; Coupon Humidity Mean=unknown
Thickness: mean=138.93257283596034, SD=2.309453528979272; Elastic Modulus: mean=309.4747655976557, SD=67.5308737986631; Yield Strength: mean=30.70785653597406, SD=3.3177712448819827; Pore Fraction: mean=0.4774352687424376, SD=0.0811288310312506; Creep Strain: mean=0.0716275720945189, SD=0.0204054092509465; Strain at 50 bar: mean=0.2528363015845463, SD=0.0242004436777151","[17-0add-5deg-60s-N2-1500s] Historical observation; chemistry=Polysulfone / PolarClean (inferred); campaign=2026-08-18; sample_time=2026-08-18 11:06:53. mixing_temp=60; bath_temp=5; pullcast_speed=5.0; nitrogen=True; coupon_to_bath_wait_time=60; nips_bath_wait_time=1500; polymer_wt=17.0; additive_wt=0.0; cosolvent_type=unknown; nips_bath_solvent=unknown; nips_bath_solvent_wt_percent=unknown; Air Temp Mean=23.83; Humidity Mean=36.34; Coupon Temp Mean=unknown; Coupon Humidity Mean=unknown. Thickness: mean=138.93257283596034, SD=2.309453528979272; Elastic Modulus: mean=309.4747655976557, SD=67.5308737986631; Yield Strength: mean=30.70785653597406, SD=3.3177712448819827; Pore Fraction: mean=0.4774352687424376, SD=0.0811288310312506; Creep Strain: mean=0.0716275720945189, SD=0.0204054092509465; Strain at 50 bar: mean=0.2528363015845463, SD=0.0242004436777151. Modulus and yield strength units: bar; thickness: micrometers; pore fraction and strains: dimensionless. CV Mean=0.1243213045587494; Discarded Fit Quality Mean=unknown; Discarded Fit Reasons=unknown. unknown; aggregate SD is intra-sample, not independent synthesis validation. Pore fraction method: compression-curve changepoint estimate; dimensionless, not independent porosimetry. Historical parameters may be outside current bounds; use current bounds for suggestions.","- **Presence:** Membrane is visible, presenting as a white/light-grey opaque coupon within the aperture.

- **Vertical Coverage:** Top edge reaches the aperture boundary adequately; bottom edge also meets the aperture. Vertical coverage appears complete with no top or bottom gap.

- **Uniformity:** The membrane is largely uniform in color and opacity across the central area, with no significant patchiness or dark spots detected.

- **Defects:** A notable fold/wrinkle is present along the left-center edge of the membrane, creating a visible crease and slight material bunching in that region. No obvious trapped air bubbles observed.

- **Summary:** Membrane is present with adequate vertical coverage and generally uniform appearance, but a significant wrinkle/fold defect is visible along the left-center margin.",C:\Users\wang9\Documents\GitHub\NIPS-pipeline\data\results\begins_2026-08-18\agg.csv,2026-08-18,,,unknown,unknown,unknown,unknown,unknown,2026-08-18 12:28:24,17-0add-5deg-60s-N2-1500s,2026-08-18 11:06:53,2026-08-18 11:06:53,raw specimen filename,17-0add-5deg-60s-N2-1500s,Polysulfone / PolarClean (inferred),"unknown; aggregate SD is intra-sample, not independent synthesis validation","compression-curve changepoint estimate; dimensionless, not independent porosimetry","Pore Fraction mean=0.4774352687424376, SD=0.0811288310312506; compression-curve changepoint estimate; dimensionless, not independent porosimetry"
"2026-08-18
15:45:40",17-0add-5deg-30s-N2-125s_run5,25,5,17.0,0.0,10.0,True,30,125,mixing_temp=25; bath_temp=5; pullcast_speed=10.0; nitrogen=True; coupon_to_bath_wait_time=30; nips_bath_wait_time=125; polymer_wt=17.0; additive_wt=0.0; cosolvent_type=unknown; nips_bath_solvent=unknown; nips_bath_solvent_wt_percent=unknown; Air Temp Mean=23.99; Humidity Mean=42.25; Coupon Temp Mean=unknown; Coupon Humidity Mean=unknown,,23.99,42.25,134.6456319651342,3.70582806617489,308.21684179110224,65.55582606592247,26.47017745055121,0.6832735712275186,0.4074326968237865,0.0180832669887189,121.30037949511126,5.40637708035302,505.894908879192,102.95475833706864,0.1436819410321644,0.0316735493355415,0.2669578116916979,0.0247773762854319,0.4177199103633287,0.0171837348314055,0.5767632820740736,0.0299149838240544,,,0.0729920802202764,,,"mixing_temp=25; bath_temp=5; pullcast_speed=10.0; nitrogen=True; coupon_to_bath_wait_time=30; nips_bath_wait_time=125; polymer_wt=17.0; additive_wt=0.0; cosolvent_type=unknown; nips_bath_solvent=unknown; nips_bath_solvent_wt_percent=unknown; Air Temp Mean=23.99; Humidity Mean=42.25; Coupon Temp Mean=unknown; Coupon Humidity Mean=unknown
Thickness: mean=134.6456319651342, SD=3.70582806617489; Elastic Modulus: mean=308.21684179110224, SD=65.55582606592247; Yield Strength: mean=26.47017745055121, SD=0.6832735712275186; Pore Fraction: mean=0.4074326968237865, SD=0.0180832669887189; Creep Strain: mean=0.1436819410321644, SD=0.0316735493355415; Strain at 50 bar: mean=0.2669578116916979, SD=0.0247773762854319","[17-0add-5deg-30s-N2-125s_run5] Historical observation; chemistry=Polysulfone / PolarClean (inferred); campaign=2026-08-18; sample_time=2026-08-18 14:46:05. mixing_temp=25; bath_temp=5; pullcast_speed=10.0; nitrogen=True; coupon_to_bath_wait_time=30; nips_bath_wait_time=125; polymer_wt=17.0; additive_wt=0.0; cosolvent_type=unknown; nips_bath_solvent=unknown; nips_bath_solvent_wt_percent=unknown; Air Temp Mean=23.99; Humidity Mean=42.25; Coupon Temp Mean=unknown; Coupon Humidity Mean=unknown. Thickness: mean=134.6456319651342, SD=3.70582806617489; Elastic Modulus: mean=308.21684179110224, SD=65.55582606592247; Yield Strength: mean=26.47017745055121, SD=0.6832735712275186; Pore Fraction: mean=0.4074326968237865, SD=0.0180832669887189; Creep Strain: mean=0.1436819410321644, SD=0.0316735493355415; Strain at 50 bar: mean=0.2669578116916979, SD=0.0247773762854319. Modulus and yield strength units: bar; thickness: micrometers; pore fraction and strains: dimensionless. CV Mean=0.0729920802202764; Discarded Fit Quality Mean=unknown; Discarded Fit Reasons=unknown. unknown; aggregate SD is intra-sample, not independent synthesis validation. Pore fraction method: compression-curve changepoint estimate; dimensionless, not independent porosimetry. Historical parameters may be outside current bounds; use current bounds for suggestions.","- **Presence:** Membrane is visible and seated within the test-cell aperture.
- **Vertical Coverage:** A clear gap is present at the top edge where the membrane does not reach the upper aperture boundary; bottom edge appears adequately seated. This is a notable vertical coverage defect.
- **Uniformity:** The membrane surface appears visually uniform — consistent light gray/white coloration with no obvious patchiness, dark spots, or thickness variation.
- **Defects:** No wrinkles or trapped air bubbles detected.
- **Summary:** The membrane is otherwise clean and uniform but exhibits a significant top-edge vertical gap, indicating incomplete vertical coverage within the aperture.",C:\Users\wang9\Documents\GitHub\NIPS-pipeline\data\results\begins_2026-08-18\agg.csv,2026-08-18,,,unknown,unknown,unknown,unknown,unknown,2026-08-18 15:45:40,17-0add-5deg-30s-N2-125s_run5,2026-08-18 14:46:05,2026-08-18 14:46:05,raw specimen filename,17-0add-5deg-30s-N2-125s_run5,Polysulfone / PolarClean (inferred),"unknown; aggregate SD is intra-sample, not independent synthesis validation","compression-curve changepoint estimate; dimensionless, not independent porosimetry","Pore Fraction mean=0.4074326968237865, SD=0.0180832669887189; compression-curve changepoint estimate; dimensionless, not independent porosimetry"
"2026-08-18
17:14:45",17-0add-5deg-120s-N2-1800s_run2,80,5,17.0,0.0,3.0,True,120,1800,mixing_temp=80; bath_temp=5; pullcast_speed=3.0; nitrogen=True; coupon_to_bath_wait_time=120; nips_bath_wait_time=1800; polymer_wt=17.0; additive_wt=0.0; cosolvent_type=unknown; nips_bath_solvent=unknown; nips_bath_solvent_wt_percent=unknown; Air Temp Mean=23.89; Humidity Mean=36.3; Coupon Temp Mean=unknown; Coupon Humidity Mean=unknown,,23.89,36.3,136.0921206321056,1.7465756441660687,263.1693199436794,0.0,29.79031659233525,0.0,0.6636717540361399,0.0,100.5945129571937,0.0,482.7343961085579,0.0,0.0799101291706696,0.0,0.2647227188870291,0.0393084215350023,0.5996890903424101,0.0,0.7916017621729587,0.0,,,,49.0,3 failed due to yield point (bp1) likely misplaced,"mixing_temp=80; bath_temp=5; pullcast_speed=3.0; nitrogen=True; coupon_to_bath_wait_time=120; nips_bath_wait_time=1800; polymer_wt=17.0; additive_wt=0.0; cosolvent_type=unknown; nips_bath_solvent=unknown; nips_bath_solvent_wt_percent=unknown; Air Temp Mean=23.89; Humidity Mean=36.3; Coupon Temp Mean=unknown; Coupon Humidity Mean=unknown
Thickness: mean=136.0921206321056, SD=1.7465756441660687; Elastic Modulus: mean=263.1693199436794, SD=0.0; Yield Strength: mean=29.79031659233525, SD=0.0; Pore Fraction: mean=0.6636717540361399, SD=0.0; Creep Strain: mean=0.0799101291706696, SD=0.0; Strain at 50 bar: mean=0.2647227188870291, SD=0.0393084215350023","[17-0add-5deg-120s-N2-1800s_run2] Historical observation; chemistry=Polysulfone / PolarClean (inferred); campaign=2026-08-18; sample_time=2026-08-18 15:46:36. mixing_temp=80; bath_temp=5; pullcast_speed=3.0; nitrogen=True; coupon_to_bath_wait_time=120; nips_bath_wait_time=1800; polymer_wt=17.0; additive_wt=0.0; cosolvent_type=unknown; nips_bath_solvent=unknown; nips_bath_solvent_wt_percent=unknown; Air Temp Mean=23.89; Humidity Mean=36.3; Coupon Temp Mean=unknown; Coupon Humidity Mean=unknown. Thickness: mean=136.0921206321056, SD=1.7465756441660687; Elastic Modulus: mean=263.1693199436794, SD=0.0; Yield Strength: mean=29.79031659233525, SD=0.0; Pore Fraction: mean=0.6636717540361399, SD=0.0; Creep Strain: mean=0.0799101291706696, SD=0.0; Strain at 50 bar: mean=0.2647227188870291, SD=0.0393084215350023. Modulus and yield strength units: bar; thickness: micrometers; pore fraction and strains: dimensionless. CV Mean=unknown; Discarded Fit Quality Mean=49.0; Discarded Fit Reasons=3 failed due to yield point (bp1) likely misplaced. unknown; aggregate SD is intra-sample, not independent synthesis validation. Pore fraction method: compression-curve changepoint estimate; dimensionless, not independent porosimetry. Historical parameters may be outside current bounds; use current bounds for suggestions.","- **Presence:** Membrane is visible — a white/opaque coupon is seated within the aperture.

- **Vertical Coverage:** The membrane does not reach the top edge of the aperture; a clear gap exposing the backing/rig surface is visible at the top. Bottom edge appears adequately covered. This is a notable vertical coverage defect.

- **Uniformity:** The visible membrane surface appears uniform in color and opacity, with no patchiness or dark spots detected.

- **Defects:** No wrinkles or trapped air bubbles observed.

- **Summary:** The membrane coupon is present and visually uniform, but exhibits a significant vertical gap at the top edge of the aperture, representing a real coverage defect.",C:\Users\wang9\Documents\GitHub\NIPS-pipeline\data\results\begins_2026-08-18\agg.csv,2026-08-18,,,unknown,unknown,unknown,unknown,unknown,2026-08-18 17:14:45,17-0add-5deg-120s-N2-1800s_run2,2026-08-18 15:46:36,2026-08-18 15:46:36,raw specimen filename,17-0add-5deg-120s-N2-1800s_run2_postDiscard,Polysulfone / PolarClean (inferred),"unknown; aggregate SD is intra-sample, not independent synthesis validation","compression-curve changepoint estimate; dimensionless, not independent porosimetry","Pore Fraction mean=0.6636717540361399, SD=0.0; compression-curve changepoint estimate; dimensionless, not independent porosimetry"
"2026-08-19
10:17:25",17-0add-5deg-30s-N2-125s_run6,25,5,17.0,0.0,10.0,True,30,125,mixing_temp=25; bath_temp=5; pullcast_speed=10.0; nitrogen=True; coupon_to_bath_wait_time=30; nips_bath_wait_time=125; polymer_wt=17.0; additive_wt=0.0; cosolvent_type=unknown; nips_bath_solvent=unknown; nips_bath_solvent_wt_percent=unknown; Air Temp Mean=23.26; Humidity Mean=38.67; Coupon Temp Mean=unknown; Coupon Humidity Mean=unknown,,23.26,38.67,149.55599778623494,1.982417085651572,199.940436883412,17.818853763096246,30.517776927762974,2.060815913320808,0.4509351556320152,0.0178441531128632,120.75914980107072,9.550353105325833,473.8482262407685,86.68251225369086,0.1537828545029297,0.0205895987506844,0.3284642817875165,0.0202183331921381,0.4794829660246474,0.0165959007177815,0.642889105873599,0.0359690473311847,,,0.0649990805722997,,,"mixing_temp=25; bath_temp=5; pullcast_speed=10.0; nitrogen=True; coupon_to_bath_wait_time=30; nips_bath_wait_time=125; polymer_wt=17.0; additive_wt=0.0; cosolvent_type=unknown; nips_bath_solvent=unknown; nips_bath_solvent_wt_percent=unknown; Air Temp Mean=23.26; Humidity Mean=38.67; Coupon Temp Mean=unknown; Coupon Humidity Mean=unknown
Thickness: mean=149.55599778623494, SD=1.982417085651572; Elastic Modulus: mean=199.940436883412, SD=17.818853763096246; Yield Strength: mean=30.517776927762974, SD=2.060815913320808; Pore Fraction: mean=0.4509351556320152, SD=0.0178441531128632; Creep Strain: mean=0.1537828545029297, SD=0.0205895987506844; Strain at 50 bar: mean=0.3284642817875165, SD=0.0202183331921381","[17-0add-5deg-30s-N2-125s_run6] Historical observation; chemistry=Polysulfone / PolarClean (inferred); campaign=2026-08-19; sample_time=2026-08-19 09:27:58. mixing_temp=25; bath_temp=5; pullcast_speed=10.0; nitrogen=True; coupon_to_bath_wait_time=30; nips_bath_wait_time=125; polymer_wt=17.0; additive_wt=0.0; cosolvent_type=unknown; nips_bath_solvent=unknown; nips_bath_solvent_wt_percent=unknown; Air Temp Mean=23.26; Humidity Mean=38.67; Coupon Temp Mean=unknown; Coupon Humidity Mean=unknown. Thickness: mean=149.55599778623494, SD=1.982417085651572; Elastic Modulus: mean=199.940436883412, SD=17.818853763096246; Yield Strength: mean=30.517776927762974, SD=2.060815913320808; Pore Fraction: mean=0.4509351556320152, SD=0.0178441531128632; Creep Strain: mean=0.1537828545029297, SD=0.0205895987506844; Strain at 50 bar: mean=0.3284642817875165, SD=0.0202183331921381. Modulus and yield strength units: bar; thickness: micrometers; pore fraction and strains: dimensionless. CV Mean=0.0649990805722997; Discarded Fit Quality Mean=unknown; Discarded Fit Reasons=unknown. unknown; aggregate SD is intra-sample, not independent synthesis validation. Pore fraction method: compression-curve changepoint estimate; dimensionless, not independent porosimetry. Historical parameters may be outside current bounds; use current bounds for suggestions.","- **Presence**: Membrane is visible — a pale white/grey sheet occupies the central aperture.

- **Vertical Coverage**: **Deficient at the top** — a significant gap exists between the membrane's upper edge and the top of the aperture, with backing material exposed. The bottom edge reaches the aperture boundary adequately.

- **Uniformity**: The membrane body itself appears visually uniform in color and opacity, with no obvious patchiness or thickness variation.

- **Defects**: No wrinkles or trapped air bubbles are discernible within the membrane material itself; the irregular torn/scalloped upper edge is a coverage/placement issue, not a surface texture defect.

- **Summary**: The membrane is present and internally uniform but has a clear vertical coverage failure at the top edge, with notable backing exposure in that region.",C:\Users\wang9\Documents\GitHub\NIPS-pipeline\data\results\begins_2026-08-19\agg.csv,2026-08-19,,,unknown,unknown,unknown,unknown,unknown,2026-08-19 10:17:25,17-0add-5deg-30s-N2-125s_run6,2026-08-19 09:27:58,2026-08-19 09:27:58,raw specimen filename,17-0add-5deg-30s-N2-125s_run6,Polysulfone / PolarClean (inferred),"unknown; aggregate SD is intra-sample, not independent synthesis validation","compression-curve changepoint estimate; dimensionless, not independent porosimetry","Pore Fraction mean=0.4509351556320152, SD=0.0178441531128632; compression-curve changepoint estimate; dimensionless, not independent porosimetry"
"2026-08-19
12:30:18",17-0add-5deg-30s-N2-125s_run7,25,5,17.0,0.0,10.0,True,30,125,mixing_temp=25; bath_temp=5; pullcast_speed=10.0; nitrogen=True; coupon_to_bath_wait_time=30; nips_bath_wait_time=125; polymer_wt=17.0; additive_wt=0.0; cosolvent_type=unknown; nips_bath_solvent=unknown; nips_bath_solvent_wt_percent=unknown; Air Temp Mean=23.52; Humidity Mean=41.57; Coupon Temp Mean=unknown; Coupon Humidity Mean=unknown,,23.52,41.57,135.64360462866665,0.8775890783043356,177.92479804133933,26.649455698305133,26.47598377275128,2.6574077840060983,0.5166768981925818,0.0290475967232533,87.39682689394536,18.547184551956263,560.7054836132235,135.68743382012568,0.1158898126534237,0.0276283602153296,0.4049867838692719,0.0728705122805845,0.5408697313135333,0.042987269119161,0.7028919286534847,0.0,,,0.1055497676707641,,,"mixing_temp=25; bath_temp=5; pullcast_speed=10.0; nitrogen=True; coupon_to_bath_wait_time=30; nips_bath_wait_time=125; polymer_wt=17.0; additive_wt=0.0; cosolvent_type=unknown; nips_bath_solvent=unknown; nips_bath_solvent_wt_percent=unknown; Air Temp Mean=23.52; Humidity Mean=41.57; Coupon Temp Mean=unknown; Coupon Humidity Mean=unknown
Thickness: mean=135.64360462866665, SD=0.8775890783043356; Elastic Modulus: mean=177.92479804133933, SD=26.649455698305133; Yield Strength: mean=26.47598377275128, SD=2.6574077840060983; Pore Fraction: mean=0.5166768981925818, SD=0.0290475967232533; Creep Strain: mean=0.1158898126534237, SD=0.0276283602153296; Strain at 50 bar: mean=0.4049867838692719, SD=0.0728705122805845","[17-0add-5deg-30s-N2-125s_run7] Historical observation; chemistry=Polysulfone / PolarClean (inferred); campaign=1999; sample_time=2026-08-19 11:42:24. mixing_temp=25; bath_temp=5; pullcast_speed=10.0; nitrogen=True; coupon_to_bath_wait_time=30; nips_bath_wait_time=125; polymer_wt=17.0; additive_wt=0.0; cosolvent_type=unknown; nips_bath_solvent=unknown; nips_bath_solvent_wt_percent=unknown; Air Temp Mean=23.52; Humidity Mean=41.57; Coupon Temp Mean=unknown; Coupon Humidity Mean=unknown. Thickness: mean=135.64360462866665, SD=0.8775890783043356; Elastic Modulus: mean=177.92479804133933, SD=26.649455698305133; Yield Strength: mean=26.47598377275128, SD=2.6574077840060983; Pore Fraction: mean=0.5166768981925818, SD=0.0290475967232533; Creep Strain: mean=0.1158898126534237, SD=0.0276283602153296; Strain at 50 bar: mean=0.4049867838692719, SD=0.0728705122805845. Modulus and yield strength units: bar; thickness: micrometers; pore fraction and strains: dimensionless. CV Mean=0.1055497676707641; Discarded Fit Quality Mean=unknown; Discarded Fit Reasons=unknown. unknown; aggregate SD is intra-sample, not independent synthesis validation. Pore fraction method: compression-curve changepoint estimate; dimensionless, not independent porosimetry. Historical parameters may be outside current bounds; use current bounds for suggestions.","- **Presence:** Membrane is visible — a pale white/grey sheet occupies the aperture.

- **Vertical Coverage:** A small gap is present at the bottom edge where the membrane does not fully reach the lower rim of the aperture; top edge appears adequately seated. This is a notable vertical coverage defect.

- **Uniformity:** The membrane surface is largely uniform in color and opacity across the central area, with a slight tonal gradient toward the top but no obvious patchiness or dark spots.

- **Defects:** No wrinkles or trapped air bubbles are discernible within the membrane material itself; surface texture appears smooth.

- **Summary:** Membrane is present and visually uniform, but exhibits a bottom-edge vertical gap that constitutes a seating defect requiring attention.",C:\Users\wang9\Documents\GitHub\NIPS-pipeline\data\results\begins_1999\agg.csv,1999,,,unknown,unknown,unknown,unknown,unknown,2026-08-19 12:30:18,17-0add-5deg-30s-N2-125s_run7,2026-08-19 11:42:24,2026-08-19 11:42:24,raw specimen filename,17-0add-5deg-30s-N2-125s_run7,Polysulfone / PolarClean (inferred),"unknown; aggregate SD is intra-sample, not independent synthesis validation","compression-curve changepoint estimate; dimensionless, not independent porosimetry","Pore Fraction mean=0.5166768981925818, SD=0.0290475967232533; compression-curve changepoint estimate; dimensionless, not independent porosimetry"
"2026-08-19
17:43:53",17-0add-5deg-30s-N2-1200s,25,5,17.0,0.0,15.0,True,30,1200,mixing_temp=25; bath_temp=5; pullcast_speed=15.0; nitrogen=True; coupon_to_bath_wait_time=30; nips_bath_wait_time=1200; polymer_wt=17.0; additive_wt=0.0; cosolvent_type=unknown; nips_bath_solvent=unknown; nips_bath_solvent_wt_percent=unknown; Air Temp Mean=23.39; Humidity Mean=39.32; Coupon Temp Mean=unknown; Coupon Humidity Mean=unknown,,23.39,39.32,138.47447252968502,2.0891742414113508,226.7831670699663,7.4618400320259,32.2770350249721,1.6572606939734449,0.4192348785548739,0.0104713795343446,129.0657578151212,2.639827552455507,552.7063623164863,39.64282069438261,0.1299867458892547,0.0210806137069277,0.2802170111680824,0.0132087691244755,0.4318574659580722,0.0135839216420391,0.5652551060687128,0.0184715473232388,,,0.04754020777647,,,"mixing_temp=25; bath_temp=5; pullcast_speed=15.0; nitrogen=True; coupon_to_bath_wait_time=30; nips_bath_wait_time=1200; polymer_wt=17.0; additive_wt=0.0; cosolvent_type=unknown; nips_bath_solvent=unknown; nips_bath_solvent_wt_percent=unknown; Air Temp Mean=23.39; Humidity Mean=39.32; Coupon Temp Mean=unknown; Coupon Humidity Mean=unknown
Thickness: mean=138.47447252968502, SD=2.0891742414113508; Elastic Modulus: mean=226.7831670699663, SD=7.4618400320259; Yield Strength: mean=32.2770350249721, SD=1.6572606939734449; Pore Fraction: mean=0.4192348785548739, SD=0.0104713795343446; Creep Strain: mean=0.1299867458892547, SD=0.0210806137069277; Strain at 50 bar: mean=0.2802170111680824, SD=0.0132087691244755","[17-0add-5deg-30s-N2-1200s] Historical observation; chemistry=Polysulfone / PolarClean (inferred); campaign=2026-08-19; sample_time=2026-08-19 16:01:27. mixing_temp=25; bath_temp=5; pullcast_speed=15.0; nitrogen=True; coupon_to_bath_wait_time=30; nips_bath_wait_time=1200; polymer_wt=17.0; additive_wt=0.0; cosolvent_type=unknown; nips_bath_solvent=unknown; nips_bath_solvent_wt_percent=unknown; Air Temp Mean=23.39; Humidity Mean=39.32; Coupon Temp Mean=unknown; Coupon Humidity Mean=unknown. Thickness: mean=138.47447252968502, SD=2.0891742414113508; Elastic Modulus: mean=226.7831670699663, SD=7.4618400320259; Yield Strength: mean=32.2770350249721, SD=1.6572606939734449; Pore Fraction: mean=0.4192348785548739, SD=0.0104713795343446; Creep Strain: mean=0.1299867458892547, SD=0.0210806137069277; Strain at 50 bar: mean=0.2802170111680824, SD=0.0132087691244755. Modulus and yield strength units: bar; thickness: micrometers; pore fraction and strains: dimensionless. CV Mean=0.04754020777647; Discarded Fit Quality Mean=unknown; Discarded Fit Reasons=unknown. unknown; aggregate SD is intra-sample, not independent synthesis validation. Pore fraction method: compression-curve changepoint estimate; dimensionless, not independent porosimetry. Historical parameters may be outside current bounds; use current bounds for suggestions.","- **Presence**: Membrane is visible — a pale white/light-grey sheet is seated within the aperture.

- **Vertical Coverage**: The membrane does not fully span the vertical extent; a visible gap/exposed backing strip is present along the top edge, indicating incomplete top coverage. This is a defect.

- **Uniformity**: The central membrane area appears largely uniform in opacity and color, with no significant patchiness or dark spots across the bulk of the sheet.

- **Defects**: A subtle elongated shadow/fold-like feature is visible within the membrane material on the left-center region, suggesting a possible wrinkle or crease in the membrane itself.

- **Summary**: The membrane shows an incomplete top-edge vertical coverage gap and a probable internal wrinkle, both of which are notable fabrication concerns.",C:\Users\wang9\Documents\GitHub\NIPS-pipeline\data\results\begins_2026-08-19\agg.csv,2026-08-19,,,unknown,unknown,unknown,unknown,unknown,2026-08-19 17:43:53,17-0add-5deg-30s-N2-1200s,2026-08-19 16:01:27,2026-08-19 16:01:27,raw specimen filename,17-0add-5deg-30s-N2-1200s,Polysulfone / PolarClean (inferred),"unknown; aggregate SD is intra-sample, not independent synthesis validation","compression-curve changepoint estimate; dimensionless, not independent porosimetry","Pore Fraction mean=0.4192348785548739, SD=0.0104713795343446; compression-curve changepoint estimate; dimensionless, not independent porosimetry"
"2026-08-19
19:13:19",17-0add-5deg-30s-N2-1800s_run2,25,5,17.0,0.0,20.0,True,30,1800,mixing_temp=25; bath_temp=5; pullcast_speed=20.0; nitrogen=True; coupon_to_bath_wait_time=30; nips_bath_wait_time=1800; polymer_wt=17.0; additive_wt=0.0; cosolvent_type=unknown; nips_bath_solvent=unknown; nips_bath_solvent_wt_percent=unknown; Air Temp Mean=23.48; Humidity Mean=39.93; Coupon Temp Mean=unknown; Coupon Humidity Mean=unknown,,23.48,39.93,148.91609213678737,2.4164614113580334,204.7599828037633,27.09025973785666,24.76400182190552,3.394798400733133,0.5407650291767228,0.0285981939026035,62.53107622636757,11.50116777951025,632.1734498292501,48.67442677207122,0.0865498911987271,0.0053986361924179,0.4606504547769394,0.0232056679315211,0.5857023904004552,0.0214422122849198,0.652863321127264,0.0,,,0.0643188059813144,,,"mixing_temp=25; bath_temp=5; pullcast_speed=20.0; nitrogen=True; coupon_to_bath_wait_time=30; nips_bath_wait_time=1800; polymer_wt=17.0; additive_wt=0.0; cosolvent_type=unknown; nips_bath_solvent=unknown; nips_bath_solvent_wt_percent=unknown; Air Temp Mean=23.48; Humidity Mean=39.93; Coupon Temp Mean=unknown; Coupon Humidity Mean=unknown
Thickness: mean=148.91609213678737, SD=2.4164614113580334; Elastic Modulus: mean=204.7599828037633, SD=27.09025973785666; Yield Strength: mean=24.76400182190552, SD=3.394798400733133; Pore Fraction: mean=0.5407650291767228, SD=0.0285981939026035; Creep Strain: mean=0.0865498911987271, SD=0.0053986361924179; Strain at 50 bar: mean=0.4606504547769394, SD=0.0232056679315211","[17-0add-5deg-30s-N2-1800s_run2] Historical observation; chemistry=Polysulfone / PolarClean (inferred); campaign=2026-08-19; sample_time=2026-08-19 17:44:51. mixing_temp=25; bath_temp=5; pullcast_speed=20.0; nitrogen=True; coupon_to_bath_wait_time=30; nips_bath_wait_time=1800; polymer_wt=17.0; additive_wt=0.0; cosolvent_type=unknown; nips_bath_solvent=unknown; nips_bath_solvent_wt_percent=unknown; Air Temp Mean=23.48; Humidity Mean=39.93; Coupon Temp Mean=unknown; Coupon Humidity Mean=unknown. Thickness: mean=148.91609213678737, SD=2.4164614113580334; Elastic Modulus: mean=204.7599828037633, SD=27.09025973785666; Yield Strength: mean=24.76400182190552, SD=3.394798400733133; Pore Fraction: mean=0.5407650291767228, SD=0.0285981939026035; Creep Strain: mean=0.0865498911987271, SD=0.0053986361924179; Strain at 50 bar: mean=0.4606504547769394, SD=0.0232056679315211. Modulus and yield strength units: bar; thickness: micrometers; pore fraction and strains: dimensionless. CV Mean=0.0643188059813144; Discarded Fit Quality Mean=unknown; Discarded Fit Reasons=unknown. unknown; aggregate SD is intra-sample, not independent synthesis validation. Pore fraction method: compression-curve changepoint estimate; dimensionless, not independent porosimetry. Historical parameters may be outside current bounds; use current bounds for suggestions.","- **Presence:** Membrane is visible — a pale white/grey sheet occupies the aperture.

- **Vertical Coverage:** The membrane does not reach the top edge of the aperture; a clear gap is visible between the membrane's upper boundary and the top of the aperture rim. This is a vertical coverage defect.

- **Uniformity:** The central membrane area appears largely uniform in opacity, though a subtle tonal gradient is present toward the upper-left region of the sheet.

- **Defects:** A distinct fold or wrinkle is visible within the membrane material itself along the upper-left portion of the sheet, confirmed by the raised ridge texture in the pale material.

- **Summary:** The membrane exhibits a notable top-edge vertical gap and an internal wrinkle, both representing real fabrication defects requiring attention.",C:\Users\wang9\Documents\GitHub\NIPS-pipeline\data\results\begins_2026-08-19\agg.csv,2026-08-19,,,unknown,unknown,unknown,unknown,unknown,2026-08-19 19:13:19,17-0add-5deg-30s-N2-1800s_run2,2026-08-19 17:44:51,2026-08-19 17:44:51,raw specimen filename,17-0add-5deg-30s-N2-1800s_run2,Polysulfone / PolarClean (inferred),"unknown; aggregate SD is intra-sample, not independent synthesis validation","compression-curve changepoint estimate; dimensionless, not independent porosimetry","Pore Fraction mean=0.5407650291767228, SD=0.0285981939026035; compression-curve changepoint estimate; dimensionless, not independent porosimetry"
"2026-08-19
20:40:10",17-0add-5deg-15s-N2-1800s_run2,25,5,17.0,0.0,12.0,True,15,1800,mixing_temp=25; bath_temp=5; pullcast_speed=12.0; nitrogen=True; coupon_to_bath_wait_time=15; nips_bath_wait_time=1800; polymer_wt=17.0; additive_wt=0.0; cosolvent_type=unknown; nips_bath_solvent=unknown; nips_bath_solvent_wt_percent=unknown; Air Temp Mean=23.34; Humidity Mean=37.2; Coupon Temp Mean=unknown; Coupon Humidity Mean=unknown,,23.34,37.2,139.06000087219076,4.018521305820055,171.44375279727814,22.467088765240053,25.408237555381938,2.3513077351226737,0.589467041930634,0.0246349860357242,80.46057127441522,7.512034322222033,596.9640380700663,77.25255343587779,0.0971471609600103,0.0089551311006672,0.4547849658493065,0.0428272461527994,0.6069052705043599,0.0241680283374546,0.7614820867072242,0.0229561293914114,,,0.0815193964647114,,,"mixing_temp=25; bath_temp=5; pullcast_speed=12.0; nitrogen=True; coupon_to_bath_wait_time=15; nips_bath_wait_time=1800; polymer_wt=17.0; additive_wt=0.0; cosolvent_type=unknown; nips_bath_solvent=unknown; nips_bath_solvent_wt_percent=unknown; Air Temp Mean=23.34; Humidity Mean=37.2; Coupon Temp Mean=unknown; Coupon Humidity Mean=unknown
Thickness: mean=139.06000087219076, SD=4.018521305820055; Elastic Modulus: mean=171.44375279727814, SD=22.467088765240053; Yield Strength: mean=25.408237555381938, SD=2.3513077351226737; Pore Fraction: mean=0.589467041930634, SD=0.0246349860357242; Creep Strain: mean=0.0971471609600103, SD=0.0089551311006672; Strain at 50 bar: mean=0.4547849658493065, SD=0.0428272461527994","[17-0add-5deg-15s-N2-1800s_run2] Historical observation; chemistry=Polysulfone / PolarClean (inferred); campaign=2026-08-19; sample_time=2026-08-19 19:14:13. mixing_temp=25; bath_temp=5; pullcast_speed=12.0; nitrogen=True; coupon_to_bath_wait_time=15; nips_bath_wait_time=1800; polymer_wt=17.0; additive_wt=0.0; cosolvent_type=unknown; nips_bath_solvent=unknown; nips_bath_solvent_wt_percent=unknown; Air Temp Mean=23.34; Humidity Mean=37.2; Coupon Temp Mean=unknown; Coupon Humidity Mean=unknown. Thickness: mean=139.06000087219076, SD=4.018521305820055; Elastic Modulus: mean=171.44375279727814, SD=22.467088765240053; Yield Strength: mean=25.408237555381938, SD=2.3513077351226737; Pore Fraction: mean=0.589467041930634, SD=0.0246349860357242; Creep Strain: mean=0.0971471609600103, SD=0.0089551311006672; Strain at 50 bar: mean=0.4547849658493065, SD=0.0428272461527994. Modulus and yield strength units: bar; thickness: micrometers; pore fraction and strains: dimensionless. CV Mean=0.0815193964647114; Discarded Fit Quality Mean=unknown; Discarded Fit Reasons=unknown. unknown; aggregate SD is intra-sample, not independent synthesis validation. Pore fraction method: compression-curve changepoint estimate; dimensionless, not independent porosimetry. Historical parameters may be outside current bounds; use current bounds for suggestions.","- **Presence:** Membrane is visible — a pale white/grey sheet occupies the aperture.

- **Vertical Coverage:** The membrane does not reach the top edge of the aperture; a clear gap is visible between the membrane's upper boundary and the top of the aperture rim. Bottom edge appears adequately seated. This is a notable vertical coverage defect.

- **Uniformity:** The membrane body appears largely uniform in opacity and color, with no significant patchiness or thickness variation across the central area.

- **Defects:** No wrinkles or trapped air bubbles are evident within the membrane material itself; shadowing near the lower-left boundary is on the metal rim, not within the membrane sheet.

- **Summary:** The membrane is present and internally uniform, but exhibits a significant vertical coverage gap at the top edge of the aperture.",C:\Users\wang9\Documents\GitHub\NIPS-pipeline\data\results\begins_2026-08-19\agg.csv,2026-08-19,,,unknown,unknown,unknown,unknown,unknown,2026-08-19 20:40:10,17-0add-5deg-15s-N2-1800s_run2,2026-08-19 19:14:13,2026-08-19 19:14:13,raw specimen filename,17-0add-5deg-15s-N2-1800s_run2,Polysulfone / PolarClean (inferred),"unknown; aggregate SD is intra-sample, not independent synthesis validation","compression-curve changepoint estimate; dimensionless, not independent porosimetry","Pore Fraction mean=0.589467041930634, SD=0.0246349860357242; compression-curve changepoint estimate; dimensionless, not independent porosimetry"
"2026-08-19
22:02:26",17-0add-10deg-30s-N2-1200s,25,10,17.0,0.0,15.0,True,30,1200,mixing_temp=25; bath_temp=10; pullcast_speed=15.0; nitrogen=True; coupon_to_bath_wait_time=30; nips_bath_wait_time=1200; polymer_wt=17.0; additive_wt=0.0; cosolvent_type=unknown; nips_bath_solvent=unknown; nips_bath_solvent_wt_percent=unknown; Air Temp Mean=23.22; Humidity Mean=35.28; Coupon Temp Mean=unknown; Coupon Humidity Mean=unknown,,23.22,35.28,139.02289330064968,0.9123510048308804,229.2250523007689,11.940671529647693,31.108138828320293,0.6261609069613522,0.4233819426076047,0.0576600227159055,115.35955109897372,7.26388827876724,426.9864248247675,109.32786000563443,0.1362682561771887,0.0372862335127693,0.3048932178631586,0.016434372651149,0.4650478315733273,0.0266713621975277,0.6377232805728479,0.0622308183276875,,,0.085124990322013,,,"mixing_temp=25; bath_temp=10; pullcast_speed=15.0; nitrogen=True; coupon_to_bath_wait_time=30; nips_bath_wait_time=1200; polymer_wt=17.0; additive_wt=0.0; cosolvent_type=unknown; nips_bath_solvent=unknown; nips_bath_solvent_wt_percent=unknown; Air Temp Mean=23.22; Humidity Mean=35.28; Coupon Temp Mean=unknown; Coupon Humidity Mean=unknown
Thickness: mean=139.02289330064968, SD=0.9123510048308804; Elastic Modulus: mean=229.2250523007689, SD=11.940671529647693; Yield Strength: mean=31.108138828320293, SD=0.6261609069613522; Pore Fraction: mean=0.4233819426076047, SD=0.0576600227159055; Creep Strain: mean=0.1362682561771887, SD=0.0372862335127693; Strain at 50 bar: mean=0.3048932178631586, SD=0.016434372651149","[17-0add-10deg-30s-N2-1200s] Historical observation; chemistry=Polysulfone / PolarClean (inferred); campaign=2026-08-19; sample_time=2026-08-19 20:41:04. mixing_temp=25; bath_temp=10; pullcast_speed=15.0; nitrogen=True; coupon_to_bath_wait_time=30; nips_bath_wait_time=1200; polymer_wt=17.0; additive_wt=0.0; cosolvent_type=unknown; nips_bath_solvent=unknown; nips_bath_solvent_wt_percent=unknown; Air Temp Mean=23.22; Humidity Mean=35.28; Coupon Temp Mean=unknown; Coupon Humidity Mean=unknown. Thickness: mean=139.02289330064968, SD=0.9123510048308804; Elastic Modulus: mean=229.2250523007689, SD=11.940671529647693; Yield Strength: mean=31.108138828320293, SD=0.6261609069613522; Pore Fraction: mean=0.4233819426076047, SD=0.0576600227159055; Creep Strain: mean=0.1362682561771887, SD=0.0372862335127693; Strain at 50 bar: mean=0.3048932178631586, SD=0.016434372651149. Modulus and yield strength units: bar; thickness: micrometers; pore fraction and strains: dimensionless. CV Mean=0.085124990322013; Discarded Fit Quality Mean=unknown; Discarded Fit Reasons=unknown. unknown; aggregate SD is intra-sample, not independent synthesis validation. Pore fraction method: compression-curve changepoint estimate; dimensionless, not independent porosimetry. Historical parameters may be outside current bounds; use current bounds for suggestions.","- **Presence:** Membrane is visible — a pale white/light-grey sheet occupies the aperture.

- **Vertical Coverage:** Membrane reaches the bottom aperture edge cleanly; at the top edge, the membrane appears to fall slightly short, leaving a small gap between the membrane's upper boundary and the top of the aperture — a notable vertical coverage defect.

- **Uniformity:** Color and opacity are largely consistent across the membrane surface; a subtle tonal gradient (slightly darker toward the bottom) is present but minor.

- **Defects:** No wrinkles or trapped air bubbles are detected within the membrane material itself; rim-area glare and edge reflections are lighting artifacts.

- **Summary:** Membrane is present and visually uniform, but exhibits a top-edge vertical coverage gap that constitutes a seating defect.",C:\Users\wang9\Documents\GitHub\NIPS-pipeline\data\results\begins_2026-08-19\agg.csv,2026-08-19,,,unknown,unknown,unknown,unknown,unknown,2026-08-19 22:02:26,17-0add-10deg-30s-N2-1200s,2026-08-19 20:41:04,2026-08-19 20:41:04,raw specimen filename,17-0add-10deg-30s-N2-1200s,Polysulfone / PolarClean (inferred),"unknown; aggregate SD is intra-sample, not independent synthesis validation","compression-curve changepoint estimate; dimensionless, not independent porosimetry","Pore Fraction mean=0.4233819426076047, SD=0.0576600227159055; compression-curve changepoint estimate; dimensionless, not independent porosimetry"
"2026-08-20
13:16:05",17-0add-5deg-30s-N2-1200s_run2,25,5,17.0,0.0,17.0,True,30,1200,mixing_temp=25; bath_temp=5; pullcast_speed=17.0; nitrogen=True; coupon_to_bath_wait_time=30; nips_bath_wait_time=1200; polymer_wt=17.0; additive_wt=0.0; cosolvent_type=unknown; nips_bath_solvent=unknown; nips_bath_solvent_wt_percent=unknown; Air Temp Mean=22.97; Humidity Mean=45.89000000000001; Coupon Temp Mean=unknown; Coupon Humidity Mean=unknown,,22.97,45.89000000000001,137.51689028149286,14.536716968048852,257.1626975603503,31.4045116295488,31.268436749288508,2.41074678367598,0.4793940053032833,0.0263517546669583,77.10668456337828,9.800684327077716,854.5140279105023,97.46344943639272,0.092962138148878,0.000387798774162,0.4090666964742438,0.0693841232499715,0.4978190847145405,0.0307243844442577,0.5919739123088155,0.0320467358952466,,,0.089271868178894,38.0,"1 failed due to plateau slope >= elastic modulus, no real transition","mixing_temp=25; bath_temp=5; pullcast_speed=17.0; nitrogen=True; coupon_to_bath_wait_time=30; nips_bath_wait_time=1200; polymer_wt=17.0; additive_wt=0.0; cosolvent_type=unknown; nips_bath_solvent=unknown; nips_bath_solvent_wt_percent=unknown; Air Temp Mean=22.97; Humidity Mean=45.89000000000001; Coupon Temp Mean=unknown; Coupon Humidity Mean=unknown
Thickness: mean=137.51689028149286, SD=14.536716968048852; Elastic Modulus: mean=257.1626975603503, SD=31.4045116295488; Yield Strength: mean=31.268436749288508, SD=2.41074678367598; Pore Fraction: mean=0.4793940053032833, SD=0.0263517546669583; Creep Strain: mean=0.092962138148878, SD=0.000387798774162; Strain at 50 bar: mean=0.4090666964742438, SD=0.0693841232499715","[17-0add-5deg-30s-N2-1200s_run2] Historical observation; chemistry=Polysulfone / PolarClean (inferred); campaign=2026-08-19; sample_time=2026-08-20 12:10:31. mixing_temp=25; bath_temp=5; pullcast_speed=17.0; nitrogen=True; coupon_to_bath_wait_time=30; nips_bath_wait_time=1200; polymer_wt=17.0; additive_wt=0.0; cosolvent_type=unknown; nips_bath_solvent=unknown; nips_bath_solvent_wt_percent=unknown; Air Temp Mean=22.97; Humidity Mean=45.89000000000001; Coupon Temp Mean=unknown; Coupon Humidity Mean=unknown. Thickness: mean=137.51689028149286, SD=14.536716968048852; Elastic Modulus: mean=257.1626975603503, SD=31.4045116295488; Yield Strength: mean=31.268436749288508, SD=2.41074678367598; Pore Fraction: mean=0.4793940053032833, SD=0.0263517546669583; Creep Strain: mean=0.092962138148878, SD=0.000387798774162; Strain at 50 bar: mean=0.4090666964742438, SD=0.0693841232499715. Modulus and yield strength units: bar; thickness: micrometers; pore fraction and strains: dimensionless. CV Mean=0.089271868178894; Discarded Fit Quality Mean=38.0; Discarded Fit Reasons=1 failed due to plateau slope >= elastic modulus, no real transition. unknown; aggregate SD is intra-sample, not independent synthesis validation. Pore fraction method: compression-curve changepoint estimate; dimensionless, not independent porosimetry. Historical parameters may be outside current bounds; use current bounds for suggestions.","- **Presence**: Membrane is visible — a pale white/grey sheet occupies the central aperture.

- **Vertical Coverage**: The membrane does not reach the top edge of the aperture; a clear gap is visible between the membrane's upper boundary and the top of the opening. Bottom edge appears adequately seated. **Top-gap defect present.**

- **Uniformity**: The membrane body appears largely uniform in color and opacity with no obvious dark spots or significant thickness variation.

- **Defects**: Two shallow linear creases/folds are visible within the membrane material itself, running roughly vertically near the upper-centre region — these are genuine wrinkles in the membrane sheet, not lighting artifacts.

- **Summary**: The coupon shows a top vertical coverage gap and two internal wrinkles, both of which are notable fabrication/handling defects.",C:\Users\wang9\Documents\GitHub\NIPS-pipeline\data\results\begins_2026-08-19\agg.csv,2026-08-19,,,unknown,unknown,unknown,unknown,unknown,2026-08-20 13:16:05,17-0add-5deg-30s-N2-1200s_run2,2026-08-20 12:10:31,2026-08-20 12:10:31,raw specimen filename,17-0add-5deg-30s-N2-1200s_run2_postDiscard,Polysulfone / PolarClean (inferred),"unknown; aggregate SD is intra-sample, not independent synthesis validation","compression-curve changepoint estimate; dimensionless, not independent porosimetry","Pore Fraction mean=0.4793940053032833, SD=0.0263517546669583; compression-curve changepoint estimate; dimensionless, not independent porosimetry"
"2026-08-20
14:29:31",17-0add-15deg-30s-N2-1200s,25,15,17.0,0.0,15.0,True,30,1200,mixing_temp=25; bath_temp=15; pullcast_speed=15.0; nitrogen=True; coupon_to_bath_wait_time=30; nips_bath_wait_time=1200; polymer_wt=17.0; additive_wt=0.0; cosolvent_type=unknown; nips_bath_solvent=unknown; nips_bath_solvent_wt_percent=unknown; Air Temp Mean=22.94; Humidity Mean=46.68; Coupon Temp Mean=unknown; Coupon Humidity Mean=unknown,,22.94,46.68,133.88294309379182,3.0757975393476884,355.258360099119,25.3249530774858,29.907973194929447,1.020490508900375,0.4594754860981407,0.0151619197036573,63.23076317598673,4.297413140240288,756.3853323016513,9.777987444676988,0.0886916397962389,0.004017283859703,0.3596857530773072,0.0177119839154544,0.4893549587120539,0.0150893331987593,0.5858953928946471,0.0156518263879558,,,0.0443467877201712,,,"mixing_temp=25; bath_temp=15; pullcast_speed=15.0; nitrogen=True; coupon_to_bath_wait_time=30; nips_bath_wait_time=1200; polymer_wt=17.0; additive_wt=0.0; cosolvent_type=unknown; nips_bath_solvent=unknown; nips_bath_solvent_wt_percent=unknown; Air Temp Mean=22.94; Humidity Mean=46.68; Coupon Temp Mean=unknown; Coupon Humidity Mean=unknown
Thickness: mean=133.88294309379182, SD=3.0757975393476884; Elastic Modulus: mean=355.258360099119, SD=25.3249530774858; Yield Strength: mean=29.907973194929447, SD=1.020490508900375; Pore Fraction: mean=0.4594754860981407, SD=0.0151619197036573; Creep Strain: mean=0.0886916397962389, SD=0.004017283859703; Strain at 50 bar: mean=0.3596857530773072, SD=0.0177119839154544","[17-0add-15deg-30s-N2-1200s] Historical observation; chemistry=Polysulfone / PolarClean (inferred); campaign=2026-08-19; sample_time=2026-08-20 13:17:16. mixing_temp=25; bath_temp=15; pullcast_speed=15.0; nitrogen=True; coupon_to_bath_wait_time=30; nips_bath_wait_time=1200; polymer_wt=17.0; additive_wt=0.0; cosolvent_type=unknown; nips_bath_solvent=unknown; nips_bath_solvent_wt_percent=unknown; Air Temp Mean=22.94; Humidity Mean=46.68; Coupon Temp Mean=unknown; Coupon Humidity Mean=unknown. Thickness: mean=133.88294309379182, SD=3.0757975393476884; Elastic Modulus: mean=355.258360099119, SD=25.3249530774858; Yield Strength: mean=29.907973194929447, SD=1.020490508900375; Pore Fraction: mean=0.4594754860981407, SD=0.0151619197036573; Creep Strain: mean=0.0886916397962389, SD=0.004017283859703; Strain at 50 bar: mean=0.3596857530773072, SD=0.0177119839154544. Modulus and yield strength units: bar; thickness: micrometers; pore fraction and strains: dimensionless. CV Mean=0.0443467877201712; Discarded Fit Quality Mean=unknown; Discarded Fit Reasons=unknown. unknown; aggregate SD is intra-sample, not independent synthesis validation. Pore fraction method: compression-curve changepoint estimate; dimensionless, not independent porosimetry. Historical parameters may be outside current bounds; use current bounds for suggestions.","- **Presence**: Membrane is visible — a pale white/grey sheet is seated within the aperture.

- **Vertical Coverage**: A gap is present at the top edge where the membrane does not reach the upper aperture boundary; bottom edge appears adequately seated. This is a notable vertical coverage defect.

- **Uniformity**: The central membrane area appears largely uniform in color and opacity, with no obvious dark spots or significant thickness variation across the bulk of the sheet.

- **Defects**: A distinct fold or wrinkle is visible along the upper-left region of the membrane material itself, creating an irregular raised edge within the white sheet — not attributable to rim glare.

- **Summary**: The membrane shows a top-edge vertical gap and a wrinkle/fold in the upper-left quadrant, both representing fabrication or loading defects requiring attention.",C:\Users\wang9\Documents\GitHub\NIPS-pipeline\data\results\begins_2026-08-19\agg.csv,2026-08-19,,,unknown,unknown,unknown,unknown,unknown,2026-08-20 14:29:31,17-0add-15deg-30s-N2-1200s,2026-08-20 13:17:16,2026-08-20 13:17:16,raw specimen filename,17-0add-15deg-30s-N2-1200s,Polysulfone / PolarClean (inferred),"unknown; aggregate SD is intra-sample, not independent synthesis validation","compression-curve changepoint estimate; dimensionless, not independent porosimetry","Pore Fraction mean=0.4594754860981407, SD=0.0151619197036573; compression-curve changepoint estimate; dimensionless, not independent porosimetry"
"2026-08-20
15:43:03",17-0add-20deg-30s-N2-1200s,25,20,17.0,0.0,15.0,True,30,1200,mixing_temp=25; bath_temp=20; pullcast_speed=15.0; nitrogen=True; coupon_to_bath_wait_time=30; nips_bath_wait_time=1200; polymer_wt=17.0; additive_wt=0.0; cosolvent_type=unknown; nips_bath_solvent=unknown; nips_bath_solvent_wt_percent=unknown; Air Temp Mean=23.2; Humidity Mean=46.37; Coupon Temp Mean=unknown; Coupon Humidity Mean=unknown,,23.2,46.37,128.25406521533412,5.005350201554425,274.6864735408978,33.748251572950785,29.41453657211772,2.944030136675137,0.4751222411404132,0.0130122576562081,72.0648038957554,6.519019937000454,819.6259679520617,29.273159998511563,0.0859767172430526,0.008149240115892,0.3619427671946078,0.0107500128345575,0.4970483244882671,0.0094946759718239,0.5853344791107848,0.0116567260600029,,,0.0344144364246379,,,"mixing_temp=25; bath_temp=20; pullcast_speed=15.0; nitrogen=True; coupon_to_bath_wait_time=30; nips_bath_wait_time=1200; polymer_wt=17.0; additive_wt=0.0; cosolvent_type=unknown; nips_bath_solvent=unknown; nips_bath_solvent_wt_percent=unknown; Air Temp Mean=23.2; Humidity Mean=46.37; Coupon Temp Mean=unknown; Coupon Humidity Mean=unknown
Thickness: mean=128.25406521533412, SD=5.005350201554425; Elastic Modulus: mean=274.6864735408978, SD=33.748251572950785; Yield Strength: mean=29.41453657211772, SD=2.944030136675137; Pore Fraction: mean=0.4751222411404132, SD=0.0130122576562081; Creep Strain: mean=0.0859767172430526, SD=0.008149240115892; Strain at 50 bar: mean=0.3619427671946078, SD=0.0107500128345575","[17-0add-20deg-30s-N2-1200s] Historical observation; chemistry=Polysulfone / PolarClean (inferred); campaign=2026-08-19; sample_time=2026-08-20 14:30:26. mixing_temp=25; bath_temp=20; pullcast_speed=15.0; nitrogen=True; coupon_to_bath_wait_time=30; nips_bath_wait_time=1200; polymer_wt=17.0; additive_wt=0.0; cosolvent_type=unknown; nips_bath_solvent=unknown; nips_bath_solvent_wt_percent=unknown; Air Temp Mean=23.2; Humidity Mean=46.37; Coupon Temp Mean=unknown; Coupon Humidity Mean=unknown. Thickness: mean=128.25406521533412, SD=5.005350201554425; Elastic Modulus: mean=274.6864735408978, SD=33.748251572950785; Yield Strength: mean=29.41453657211772, SD=2.944030136675137; Pore Fraction: mean=0.4751222411404132, SD=0.0130122576562081; Creep Strain: mean=0.0859767172430526, SD=0.008149240115892; Strain at 50 bar: mean=0.3619427671946078, SD=0.0107500128345575. Modulus and yield strength units: bar; thickness: micrometers; pore fraction and strains: dimensionless. CV Mean=0.0344144364246379; Discarded Fit Quality Mean=unknown; Discarded Fit Reasons=unknown. unknown; aggregate SD is intra-sample, not independent synthesis validation. Pore fraction method: compression-curve changepoint estimate; dimensionless, not independent porosimetry. Historical parameters may be outside current bounds; use current bounds for suggestions.","- **Presence:** Membrane is visible — a pale white/grey sheet is present within the aperture.

- **Vertical Coverage:** The membrane does not reach the top edge of the aperture; a visible gap exposes the backing material at the top. Bottom edge appears adequately seated. **Top gap is a defect.**

- **Uniformity:** The membrane is largely uniform in opacity across most of its area, though a subtle tonal gradient (slightly darker center-lower region) is noted.

- **Defects:** One small dark spot is visible in the lower-central membrane area, consistent with a particulate inclusion or pinhole. No wrinkles or trapped air bubbles are apparent within the membrane material itself.

- **Summary:** Membrane is present and mostly uniform but exhibits a clear top-edge vertical coverage gap and one localized spot defect.",C:\Users\wang9\Documents\GitHub\NIPS-pipeline\data\results\begins_2026-08-19\agg.csv,2026-08-19,,,unknown,unknown,unknown,unknown,unknown,2026-08-20 15:43:03,17-0add-20deg-30s-N2-1200s,2026-08-20 14:30:26,2026-08-20 14:30:26,raw specimen filename,17-0add-20deg-30s-N2-1200s,Polysulfone / PolarClean (inferred),"unknown; aggregate SD is intra-sample, not independent synthesis validation","compression-curve changepoint estimate; dimensionless, not independent porosimetry","Pore Fraction mean=0.4751222411404132, SD=0.0130122576562081; compression-curve changepoint estimate; dimensionless, not independent porosimetry"
"2026-08-20
17:33:56",17-0add-5deg-30s-N2-125s_run9,25,5,17.0,0.0,10.0,True,30,125,mixing_temp=25; bath_temp=5; pullcast_speed=10.0; nitrogen=True; coupon_to_bath_wait_time=30; nips_bath_wait_time=125; polymer_wt=17.0; additive_wt=0.0; cosolvent_type=unknown; nips_bath_solvent=unknown; nips_bath_solvent_wt_percent=unknown; Air Temp Mean=23.25; Humidity Mean=44.39; Coupon Temp Mean=unknown; Coupon Humidity Mean=unknown,,23.25,44.39,133.32577828126537,3.404130947847221,148.6967129634551,46.9200251864918,16.65187055918296,0.886275090661969,0.545577703137694,0.0388532139521538,70.61213447751481,6.169877536852451,779.249529812354,55.54156581712774,0.0739849318561621,0.0047542450023602,0.4905545674134772,0.0438234399122294,0.5852975759130264,0.0365376487587455,0.6787476470081588,0.0311085538147341,,,0.0939719187696184,,,"mixing_temp=25; bath_temp=5; pullcast_speed=10.0; nitrogen=True; coupon_to_bath_wait_time=30; nips_bath_wait_time=125; polymer_wt=17.0; additive_wt=0.0; cosolvent_type=unknown; nips_bath_solvent=unknown; nips_bath_solvent_wt_percent=unknown; Air Temp Mean=23.25; Humidity Mean=44.39; Coupon Temp Mean=unknown; Coupon Humidity Mean=unknown
Thickness: mean=133.32577828126537, SD=3.404130947847221; Elastic Modulus: mean=148.6967129634551, SD=46.9200251864918; Yield Strength: mean=16.65187055918296, SD=0.886275090661969; Pore Fraction: mean=0.545577703137694, SD=0.0388532139521538; Creep Strain: mean=0.0739849318561621, SD=0.0047542450023602; Strain at 50 bar: mean=0.4905545674134772, SD=0.0438234399122294","[17-0add-5deg-30s-N2-125s_run9] Historical observation; chemistry=Polysulfone / PolarClean (inferred); campaign=2026-08-20-exploration-mode; sample_time=2026-08-20 16:45:32. mixing_temp=25; bath_temp=5; pullcast_speed=10.0; nitrogen=True; coupon_to_bath_wait_time=30; nips_bath_wait_time=125; polymer_wt=17.0; additive_wt=0.0; cosolvent_type=unknown; nips_bath_solvent=unknown; nips_bath_solvent_wt_percent=unknown; Air Temp Mean=23.25; Humidity Mean=44.39; Coupon Temp Mean=unknown; Coupon Humidity Mean=unknown. Thickness: mean=133.32577828126537, SD=3.404130947847221; Elastic Modulus: mean=148.6967129634551, SD=46.9200251864918; Yield Strength: mean=16.65187055918296, SD=0.886275090661969; Pore Fraction: mean=0.545577703137694, SD=0.0388532139521538; Creep Strain: mean=0.0739849318561621, SD=0.0047542450023602; Strain at 50 bar: mean=0.4905545674134772, SD=0.0438234399122294. Modulus and yield strength units: bar; thickness: micrometers; pore fraction and strains: dimensionless. CV Mean=0.0939719187696184; Discarded Fit Quality Mean=unknown; Discarded Fit Reasons=unknown. unknown; aggregate SD is intra-sample, not independent synthesis validation. Pore fraction method: compression-curve changepoint estimate; dimensionless, not independent porosimetry. Historical parameters may be outside current bounds; use current bounds for suggestions.","- **Presence:** Membrane is visible — a pale white/light-grey sheet is present within the aperture.

- **Vertical Coverage:** Membrane spans the full top-to-bottom extent of the aperture with no gap at the top or bottom edge. ✓

- **Uniformity:** Largely uniform in color and opacity across the central area; slight tonal gradient toward the lower-center but no distinct dark spots or pronounced thickness variation.

- **Defects:** Several faint linear creases/wrinkles are visible within the membrane material itself, particularly in the lower-central region, indicating mild wrinkling of the membrane sheet.

- **Summary:** Membrane is present with full vertical coverage and generally acceptable uniformity, but exhibits mild wrinkling that warrants attention.",C:\Users\wang9\Documents\GitHub\NIPS-pipeline\data\results\begins_2026-08-20-exploration-mode\agg.csv,2026-08-20-exploration-mode,,,unknown,unknown,unknown,unknown,unknown,2026-08-20 17:33:56,17-0add-5deg-30s-N2-125s_run9,2026-08-20 16:45:32,2026-08-20 16:45:32,raw specimen filename,17-0add-5deg-30s-N2-125s_run9,Polysulfone / PolarClean (inferred),"unknown; aggregate SD is intra-sample, not independent synthesis validation","compression-curve changepoint estimate; dimensionless, not independent porosimetry","Pore Fraction mean=0.545577703137694, SD=0.0388532139521538; compression-curve changepoint estimate; dimensionless, not independent porosimetry"
"2026-08-20
21:14:41",13-0add-25deg-300s-NoN2-1800s,65,25,13.0,0.0,2.0,False,300,1800,mixing_temp=65; bath_temp=25; pullcast_speed=2.0; nitrogen=False; coupon_to_bath_wait_time=300; nips_bath_wait_time=1800; polymer_wt=13.0; additive_wt=0.0; cosolvent_type=unknown; nips_bath_solvent=unknown; nips_bath_solvent_wt_percent=unknown; Air Temp Mean=23.34; Humidity Mean=44.83; Coupon Temp Mean=unknown; Coupon Humidity Mean=unknown,,23.34,44.83,128.87840004543972,3.738959363326129,170.72929379913307,24.42052682291976,20.9111814996644,0.8659238714772605,0.6198283042939549,0.0362288497257956,81.01512755445918,6.639550015208775,904.4005591477954,22.91932149357904,0.0508616376413778,0.0032160794982005,0.5761123121404526,0.0329994075178048,0.6438590286033705,0.0355243827530744,0.7135617601213818,0.0354533746552789,,,0.0774150148673815,,,"mixing_temp=65; bath_temp=25; pullcast_speed=2.0; nitrogen=False; coupon_to_bath_wait_time=300; nips_bath_wait_time=1800; polymer_wt=13.0; additive_wt=0.0; cosolvent_type=unknown; nips_bath_solvent=unknown; nips_bath_solvent_wt_percent=unknown; Air Temp Mean=23.34; Humidity Mean=44.83; Coupon Temp Mean=unknown; Coupon Humidity Mean=unknown
Thickness: mean=128.87840004543972, SD=3.738959363326129; Elastic Modulus: mean=170.72929379913307, SD=24.42052682291976; Yield Strength: mean=20.9111814996644, SD=0.8659238714772605; Pore Fraction: mean=0.6198283042939549, SD=0.0362288497257956; Creep Strain: mean=0.0508616376413778, SD=0.0032160794982005; Strain at 50 bar: mean=0.5761123121404526, SD=0.0329994075178048","[13-0add-25deg-300s-NoN2-1800s] Historical observation; chemistry=Polysulfone / PolarClean (inferred); campaign=2026-08-20-exploration-mode; sample_time=2026-08-20 17:35:04. mixing_temp=65; bath_temp=25; pullcast_speed=2.0; nitrogen=False; coupon_to_bath_wait_time=300; nips_bath_wait_time=1800; polymer_wt=13.0; additive_wt=0.0; cosolvent_type=unknown; nips_bath_solvent=unknown; nips_bath_solvent_wt_percent=unknown; Air Temp Mean=23.34; Humidity Mean=44.83; Coupon Temp Mean=unknown; Coupon Humidity Mean=unknown. Thickness: mean=128.87840004543972, SD=3.738959363326129; Elastic Modulus: mean=170.72929379913307, SD=24.42052682291976; Yield Strength: mean=20.9111814996644, SD=0.8659238714772605; Pore Fraction: mean=0.6198283042939549, SD=0.0362288497257956; Creep Strain: mean=0.0508616376413778, SD=0.0032160794982005; Strain at 50 bar: mean=0.5761123121404526, SD=0.0329994075178048. Modulus and yield strength units: bar; thickness: micrometers; pore fraction and strains: dimensionless. CV Mean=0.0774150148673815; Discarded Fit Quality Mean=unknown; Discarded Fit Reasons=unknown. unknown; aggregate SD is intra-sample, not independent synthesis validation. Pore fraction method: compression-curve changepoint estimate; dimensionless, not independent porosimetry. Historical parameters may be outside current bounds; use current bounds for suggestions.","- **Presence:** Membrane is visible — a pale white/light-blue sheet occupies the aperture.

- **Vertical Coverage:** The membrane reaches the top aperture edge cleanly; the bottom edge also meets the aperture rim with no gap. Vertical coverage is complete.

- **Uniformity:** Color and opacity are consistent across the membrane surface — no dark spots, patchiness, or obvious thickness variation detected.

- **Defects:** No wrinkles or trapped air bubbles visible within the membrane material itself. Bright curved lines at the aperture rim boundary are specular highlights on the metal, not membrane defects.

- **Summary:** The membrane coupon presents as fully seated, vertically complete, and visually uniform with no detectable structural defects.",C:\Users\wang9\Documents\GitHub\NIPS-pipeline\data\results\begins_2026-08-20-exploration-mode\agg.csv,2026-08-20-exploration-mode,,,unknown,unknown,unknown,unknown,unknown,2026-08-20 21:14:41,13-0add-25deg-300s-NoN2-1800s,2026-08-20 17:35:04,2026-08-20 17:35:04,raw specimen filename,13-0add-25deg-300s-NoN2-1800s,Polysulfone / PolarClean (inferred),"unknown; aggregate SD is intra-sample, not independent synthesis validation","compression-curve changepoint estimate; dimensionless, not independent porosimetry","Pore Fraction mean=0.6198283042939549, SD=0.0362288497257956; compression-curve changepoint estimate; dimensionless, not independent porosimetry"
"2026-08-20
23:24:07",15-0add-15deg-550s-NoN2-1500s,45,15,15.0,0.0,20.0,False,550,1500,mixing_temp=45; bath_temp=15; pullcast_speed=20.0; nitrogen=False; coupon_to_bath_wait_time=550; nips_bath_wait_time=1500; polymer_wt=15.0; additive_wt=0.0; cosolvent_type=unknown; nips_bath_solvent=unknown; nips_bath_solvent_wt_percent=unknown; Air Temp Mean=23.19; Humidity Mean=45.38; Coupon Temp Mean=unknown; Coupon Humidity Mean=unknown,,23.19,45.38,142.8811877485065,1.7040832578610092,164.6964152936839,28.25455423348821,16.986396222816154,0.6286947581717682,0.5665611300455178,0.0134878062904456,42.00082610447104,0.2838393005119444,902.4973638070896,60.32937226506738,0.0797942302601931,0.0040128933901291,0.5414461461378572,0.0165584939901158,0.6151024448243875,0.0168239638898786,0.6898994744802237,0.0197082054176457,,,0.0392407846834008,,,"mixing_temp=45; bath_temp=15; pullcast_speed=20.0; nitrogen=False; coupon_to_bath_wait_time=550; nips_bath_wait_time=1500; polymer_wt=15.0; additive_wt=0.0; cosolvent_type=unknown; nips_bath_solvent=unknown; nips_bath_solvent_wt_percent=unknown; Air Temp Mean=23.19; Humidity Mean=45.38; Coupon Temp Mean=unknown; Coupon Humidity Mean=unknown
Thickness: mean=142.8811877485065, SD=1.7040832578610092; Elastic Modulus: mean=164.6964152936839, SD=28.25455423348821; Yield Strength: mean=16.986396222816154, SD=0.6286947581717682; Pore Fraction: mean=0.5665611300455178, SD=0.0134878062904456; Creep Strain: mean=0.0797942302601931, SD=0.0040128933901291; Strain at 50 bar: mean=0.5414461461378572, SD=0.0165584939901158","[15-0add-15deg-550s-NoN2-1500s] Historical observation; chemistry=Polysulfone / PolarClean (inferred); campaign=2026-08-20-exploration-mode; sample_time=2026-08-20 21:15:30. mixing_temp=45; bath_temp=15; pullcast_speed=20.0; nitrogen=False; coupon_to_bath_wait_time=550; nips_bath_wait_time=1500; polymer_wt=15.0; additive_wt=0.0; cosolvent_type=unknown; nips_bath_solvent=unknown; nips_bath_solvent_wt_percent=unknown; Air Temp Mean=23.19; Humidity Mean=45.38; Coupon Temp Mean=unknown; Coupon Humidity Mean=unknown. Thickness: mean=142.8811877485065, SD=1.7040832578610092; Elastic Modulus: mean=164.6964152936839, SD=28.25455423348821; Yield Strength: mean=16.986396222816154, SD=0.6286947581717682; Pore Fraction: mean=0.5665611300455178, SD=0.0134878062904456; Creep Strain: mean=0.0797942302601931, SD=0.0040128933901291; Strain at 50 bar: mean=0.5414461461378572, SD=0.0165584939901158. Modulus and yield strength units: bar; thickness: micrometers; pore fraction and strains: dimensionless. CV Mean=0.0392407846834008; Discarded Fit Quality Mean=unknown; Discarded Fit Reasons=unknown. unknown; aggregate SD is intra-sample, not independent synthesis validation. Pore fraction method: compression-curve changepoint estimate; dimensionless, not independent porosimetry. Historical parameters may be outside current bounds; use current bounds for suggestions.","- **Presence:** Membrane is visible — a pale white coupon is clearly present within the aperture.

- **Vertical Coverage:** The membrane spans the full top-to-bottom extent of the aperture with no gap at the top or bottom edge. Coverage is complete vertically.

- **Uniformity:** The membrane appears largely uniform in color and opacity across its surface, with consistent pale white tone and no significant patchiness or thickness variation.

- **Defects:** Several small dark particulate specks are scattered across the membrane surface. No wrinkles or trapped air bubbles are observed within the membrane material itself.

- **Summary:** The membrane coupon is well-seated with full vertical coverage, visually uniform, and free of wrinkles or bubbles, though minor surface particulate contamination is present.",C:\Users\wang9\Documents\GitHub\NIPS-pipeline\data\results\begins_2026-08-20-exploration-mode\agg.csv,2026-08-20-exploration-mode,,,unknown,unknown,unknown,unknown,unknown,2026-08-20 23:24:07,15-0add-15deg-550s-NoN2-1500s,2026-08-20 21:15:30,2026-08-20 21:15:30,raw specimen filename,15-0add-15deg-550s-NoN2-1500s,Polysulfone / PolarClean (inferred),"unknown; aggregate SD is intra-sample, not independent synthesis validation","compression-curve changepoint estimate; dimensionless, not independent porosimetry","Pore Fraction mean=0.5665611300455178, SD=0.0134878062904456; compression-curve changepoint estimate; dimensionless, not independent porosimetry"
"2026-08-21
01:24:07",14-0add-10deg-0s-N2-1200s,80,10,14.0,0.0,5.0,True,0,1200,mixing_temp=80; bath_temp=10; pullcast_speed=5.0; nitrogen=True; coupon_to_bath_wait_time=0; nips_bath_wait_time=1200; polymer_wt=14.0; additive_wt=0.0; cosolvent_type=unknown; nips_bath_solvent=unknown; nips_bath_solvent_wt_percent=unknown; Air Temp Mean=24.35; Humidity Mean=41.87; Coupon Temp Mean=unknown; Coupon Humidity Mean=unknown,,24.35,41.87,152.80512024257874,1.81667296598943,95.38696319477975,9.195804765609042,7.950332955288318,0.4012471062765356,0.5483164866398794,0.0088974268509261,42.425644778516855,1.175178512571333,873.1663755551241,25.327999104172687,0.046651951181791,0.0010263718729396,0.5395840690659602,0.0087493020387732,0.6090086990786829,0.0085264203655654,0.6834311852847073,0.0064985653404628,,,0.0199403750993262,,,"mixing_temp=80; bath_temp=10; pullcast_speed=5.0; nitrogen=True; coupon_to_bath_wait_time=0; nips_bath_wait_time=1200; polymer_wt=14.0; additive_wt=0.0; cosolvent_type=unknown; nips_bath_solvent=unknown; nips_bath_solvent_wt_percent=unknown; Air Temp Mean=24.35; Humidity Mean=41.87; Coupon Temp Mean=unknown; Coupon Humidity Mean=unknown
Thickness: mean=152.80512024257874, SD=1.81667296598943; Elastic Modulus: mean=95.38696319477975, SD=9.195804765609042; Yield Strength: mean=7.950332955288318, SD=0.4012471062765356; Pore Fraction: mean=0.5483164866398794, SD=0.0088974268509261; Creep Strain: mean=0.046651951181791, SD=0.0010263718729396; Strain at 50 bar: mean=0.5395840690659602, SD=0.0087493020387732","[14-0add-10deg-0s-N2-1200s] Historical observation; chemistry=Polysulfone / PolarClean (inferred); campaign=2026-08-20-exploration-mode; sample_time=2026-08-20 23:24:59. mixing_temp=80; bath_temp=10; pullcast_speed=5.0; nitrogen=True; coupon_to_bath_wait_time=0; nips_bath_wait_time=1200; polymer_wt=14.0; additive_wt=0.0; cosolvent_type=unknown; nips_bath_solvent=unknown; nips_bath_solvent_wt_percent=unknown; Air Temp Mean=24.35; Humidity Mean=41.87; Coupon Temp Mean=unknown; Coupon Humidity Mean=unknown. Thickness: mean=152.80512024257874, SD=1.81667296598943; Elastic Modulus: mean=95.38696319477975, SD=9.195804765609042; Yield Strength: mean=7.950332955288318, SD=0.4012471062765356; Pore Fraction: mean=0.5483164866398794, SD=0.0088974268509261; Creep Strain: mean=0.046651951181791, SD=0.0010263718729396; Strain at 50 bar: mean=0.5395840690659602, SD=0.0087493020387732. Modulus and yield strength units: bar; thickness: micrometers; pore fraction and strains: dimensionless. CV Mean=0.0199403750993262; Discarded Fit Quality Mean=unknown; Discarded Fit Reasons=unknown. unknown; aggregate SD is intra-sample, not independent synthesis validation. Pore fraction method: compression-curve changepoint estimate; dimensionless, not independent porosimetry. Historical parameters may be outside current bounds; use current bounds for suggestions.","- **Presence:** Membrane is visible — a pale white/light-grey sheet occupies the aperture.

- **Vertical Coverage:** Membrane does not reach the top edge of the aperture; a clear gap is visible between the membrane's upper boundary and the top of the inner rim. Bottom edge appears adequately seated. This is a notable vertical coverage defect.

- **Uniformity:** The membrane body appears largely uniform in color and opacity with only minor tonal variation; no significant patchiness or dark spots detected.

- **Defects:** A small cluster of what appear to be micro-bubbles is visible near the lower-left edge of the membrane material. No wrinkles detected within the membrane sheet itself.

- **Summary:** The membrane shows acceptable uniformity but has a clear top-edge vertical gap and a small bubble cluster at the lower-left margin.",C:\Users\wang9\Documents\GitHub\NIPS-pipeline\data\results\begins_2026-08-20-exploration-mode\agg.csv,2026-08-20-exploration-mode,,,unknown,unknown,unknown,unknown,unknown,2026-08-21 01:24:07,14-0add-10deg-0s-N2-1200s,2026-08-20 23:24:59,2026-08-20 23:24:59,raw specimen filename,14-0add-10deg-0s-N2-1200s,Polysulfone / PolarClean (inferred),"unknown; aggregate SD is intra-sample, not independent synthesis validation","compression-curve changepoint estimate; dimensionless, not independent porosimetry","Pore Fraction mean=0.5483164866398794, SD=0.0088974268509261; compression-curve changepoint estimate; dimensionless, not independent porosimetry"
"2026-08-21
03:33:10",16-0add-20deg-600s-NoN2-1350s,35,20,16.0,0.0,15.0,False,600,1350,mixing_temp=35; bath_temp=20; pullcast_speed=15.0; nitrogen=False; coupon_to_bath_wait_time=600; nips_bath_wait_time=1350; polymer_wt=16.0; additive_wt=0.0; cosolvent_type=unknown; nips_bath_solvent=unknown; nips_bath_solvent_wt_percent=unknown; Air Temp Mean=23.25; Humidity Mean=45.72; Coupon Temp Mean=unknown; Coupon Humidity Mean=unknown,,23.25,45.72,139.96166978084156,2.071479912834743,223.8280677356452,76.4723465221711,19.907147824149927,0.5612615943091187,0.5795770786271912,0.0126999818099702,45.69540964691645,0.8548951336669205,828.2360771672408,24.000430415041887,0.0852649532481521,0.0021581371629346,0.5347935337471463,0.0149788833071135,0.6253672945226351,0.0125929027419857,0.7076855703307194,0.0099294974235964,,,0.0362041528142038,,,"mixing_temp=35; bath_temp=20; pullcast_speed=15.0; nitrogen=False; coupon_to_bath_wait_time=600; nips_bath_wait_time=1350; polymer_wt=16.0; additive_wt=0.0; cosolvent_type=unknown; nips_bath_solvent=unknown; nips_bath_solvent_wt_percent=unknown; Air Temp Mean=23.25; Humidity Mean=45.72; Coupon Temp Mean=unknown; Coupon Humidity Mean=unknown
Thickness: mean=139.96166978084156, SD=2.071479912834743; Elastic Modulus: mean=223.8280677356452, SD=76.4723465221711; Yield Strength: mean=19.907147824149927, SD=0.5612615943091187; Pore Fraction: mean=0.5795770786271912, SD=0.0126999818099702; Creep Strain: mean=0.0852649532481521, SD=0.0021581371629346; Strain at 50 bar: mean=0.5347935337471463, SD=0.0149788833071135","[16-0add-20deg-600s-NoN2-1350s] Historical observation; chemistry=Polysulfone / PolarClean (inferred); campaign=2026-08-20-exploration-mode; sample_time=2026-08-21 01:25:11. mixing_temp=35; bath_temp=20; pullcast_speed=15.0; nitrogen=False; coupon_to_bath_wait_time=600; nips_bath_wait_time=1350; polymer_wt=16.0; additive_wt=0.0; cosolvent_type=unknown; nips_bath_solvent=unknown; nips_bath_solvent_wt_percent=unknown; Air Temp Mean=23.25; Humidity Mean=45.72; Coupon Temp Mean=unknown; Coupon Humidity Mean=unknown. Thickness: mean=139.96166978084156, SD=2.071479912834743; Elastic Modulus: mean=223.8280677356452, SD=76.4723465221711; Yield Strength: mean=19.907147824149927, SD=0.5612615943091187; Pore Fraction: mean=0.5795770786271912, SD=0.0126999818099702; Creep Strain: mean=0.0852649532481521, SD=0.0021581371629346; Strain at 50 bar: mean=0.5347935337471463, SD=0.0149788833071135. Modulus and yield strength units: bar; thickness: micrometers; pore fraction and strains: dimensionless. CV Mean=0.0362041528142038; Discarded Fit Quality Mean=unknown; Discarded Fit Reasons=unknown. unknown; aggregate SD is intra-sample, not independent synthesis validation. Pore fraction method: compression-curve changepoint estimate; dimensionless, not independent porosimetry. Historical parameters may be outside current bounds; use current bounds for suggestions.","- **Presence:** Membrane is visible — a pale white/grey coupon is seated within the aperture.

- **Vertical Coverage:** Membrane spans fully from the top to the bottom edge of the aperture with no vertical gap detected.

- **Uniformity:** The central membrane area is largely uniform in color and opacity; slight tonal gradient toward the top is consistent with lighting angle rather than thickness variation. One very small dark pinpoint is visible near center-lower area.

- **Defects:** Two distinct vertical folds/wrinkles are present within the membrane material itself, running roughly parallel on the left and right portions of the coupon — these are genuine membrane wrinkles, not lighting artifacts.

- **Summary:** Membrane is present with full vertical coverage but exhibits two clear wrinkles and a minor pinpoint defect within the membrane material.",C:\Users\wang9\Documents\GitHub\NIPS-pipeline\data\results\begins_2026-08-20-exploration-mode\agg.csv,2026-08-20-exploration-mode,,,unknown,unknown,unknown,unknown,unknown,2026-08-21 03:33:10,16-0add-20deg-600s-NoN2-1350s,2026-08-21 01:25:11,2026-08-21 01:25:11,raw specimen filename,16-0add-20deg-600s-NoN2-1350s,Polysulfone / PolarClean (inferred),"unknown; aggregate SD is intra-sample, not independent synthesis validation","compression-curve changepoint estimate; dimensionless, not independent porosimetry","Pore Fraction mean=0.5795770786271912, SD=0.0126999818099702; compression-curve changepoint estimate; dimensionless, not independent porosimetry"
"2026-08-21
14:28:48",15-0add-5deg-30s-N2-1200s,25,5,15.0,0.0,10.0,True,30,1200,mixing_temp=25; bath_temp=5; pullcast_speed=10.0; nitrogen=True; coupon_to_bath_wait_time=30; nips_bath_wait_time=1200; polymer_wt=15.0; additive_wt=0.0; cosolvent_type=unknown; nips_bath_solvent=unknown; nips_bath_solvent_wt_percent=unknown; Air Temp Mean=23.05; Humidity Mean=45.29; Coupon Temp Mean=unknown; Coupon Humidity Mean=unknown,,23.05,45.29,159.32383038862145,7.088276771457314,87.0074516751061,20.670515775167523,9.388771021137124,1.859275385843376,0.5649168052843724,0.0391850927037386,57.55795853779306,1.768564005047035,891.5511226777716,12.963217908636471,0.0552359472257064,0.0037691808879697,0.5528359856826706,0.0456331865828052,0.6107287628206105,0.0397596019357851,0.6872414892261659,0.038003835861292,,,0.0947647584420159,47.0,"1 failed due to plateau slope >= elastic modulus, no real transition","mixing_temp=25; bath_temp=5; pullcast_speed=10.0; nitrogen=True; coupon_to_bath_wait_time=30; nips_bath_wait_time=1200; polymer_wt=15.0; additive_wt=0.0; cosolvent_type=unknown; nips_bath_solvent=unknown; nips_bath_solvent_wt_percent=unknown; Air Temp Mean=23.05; Humidity Mean=45.29; Coupon Temp Mean=unknown; Coupon Humidity Mean=unknown
Thickness: mean=159.32383038862145, SD=7.088276771457314; Elastic Modulus: mean=87.0074516751061, SD=20.670515775167523; Yield Strength: mean=9.388771021137124, SD=1.859275385843376; Pore Fraction: mean=0.5649168052843724, SD=0.0391850927037386; Creep Strain: mean=0.0552359472257064, SD=0.0037691808879697; Strain at 50 bar: mean=0.5528359856826706, SD=0.0456331865828052","[15-0add-5deg-30s-N2-1200s] Historical observation; chemistry=Polysulfone / PolarClean (inferred); campaign=2026-08-21-exploration-mode; sample_time=2026-08-21 12:30:48. mixing_temp=25; bath_temp=5; pullcast_speed=10.0; nitrogen=True; coupon_to_bath_wait_time=30; nips_bath_wait_time=1200; polymer_wt=15.0; additive_wt=0.0; cosolvent_type=unknown; nips_bath_solvent=unknown; nips_bath_solvent_wt_percent=unknown; Air Temp Mean=23.05; Humidity Mean=45.29; Coupon Temp Mean=unknown; Coupon Humidity Mean=unknown. Thickness: mean=159.32383038862145, SD=7.088276771457314; Elastic Modulus: mean=87.0074516751061, SD=20.670515775167523; Yield Strength: mean=9.388771021137124, SD=1.859275385843376; Pore Fraction: mean=0.5649168052843724, SD=0.0391850927037386; Creep Strain: mean=0.0552359472257064, SD=0.0037691808879697; Strain at 50 bar: mean=0.5528359856826706, SD=0.0456331865828052. Modulus and yield strength units: bar; thickness: micrometers; pore fraction and strains: dimensionless. CV Mean=0.0947647584420159; Discarded Fit Quality Mean=47.0; Discarded Fit Reasons=1 failed due to plateau slope >= elastic modulus, no real transition. unknown; aggregate SD is intra-sample, not independent synthesis validation. Pore fraction method: compression-curve changepoint estimate; dimensionless, not independent porosimetry. Historical parameters may be outside current bounds; use current bounds for suggestions.","- **Presence**: Membrane is clearly visible as a pale white/light grey sheet within the aperture.

- **Vertical Coverage**: Membrane spans the full top-to-bottom extent of the aperture with no gaps at the top or bottom edges. Vertical coverage is complete.

- **Uniformity**: The membrane appears visually uniform — consistent pale white/light grey tone throughout, with no patchiness, dark spots, or obvious thickness variation.

- **Defects**: No wrinkles or trapped air bubbles are detectable within the membrane material itself. Bright lines visible on the metal rim are lighting/specular artifacts, not membrane defects.

- **Summary**: The membrane coupon presents as fully seated vertically, visually uniform, and free of observable wrinkles or bubble defects.",C:\Users\wang9\Documents\GitHub\NIPS-pipeline\data\results\begins_2026-08-21-exploration-mode\agg.csv,2026-08-21-exploration-mode,,,unknown,unknown,unknown,unknown,unknown,2026-08-21 14:28:48,15-0add-5deg-30s-N2-1200s,2026-08-21 12:30:48,2026-08-21 12:30:48,raw specimen filename,15-0add-5deg-30s-N2-1200s_postDiscard,Polysulfone / PolarClean (inferred),"unknown; aggregate SD is intra-sample, not independent synthesis validation","compression-curve changepoint estimate; dimensionless, not independent porosimetry","Pore Fraction mean=0.5649168052843724, SD=0.0391850927037386; compression-curve changepoint estimate; dimensionless, not independent porosimetry"
"2026-08-22
18:07:04",17-0add-5deg-cosolv-none-bathSolv-none-0wt-30s-N2-1200s,25,5,17.0,0.0,10.0,True,30,1200,mixing_temp=25; bath_temp=5; pullcast_speed=10.0; nitrogen=True; coupon_to_bath_wait_time=30; nips_bath_wait_time=1200; polymer_wt=17.0; additive_wt=0.0; cosolvent_type=none; nips_bath_solvent=none; nips_bath_solvent_wt_percent=0.0; Air Temp Mean=22.89; Humidity Mean=49.07; Coupon Temp Mean=22.62; Coupon Humidity Mean=46.34,,22.89,49.07,94.00257757694146,1.5254583278751448,105.35622647779446,0.0,20.99867049178753,0.0,0.6525765734489604,0.0,82.03309321254824,0.0,665.0829805335117,0.0,0.0802075753349814,0.0,0.6173625065044612,0.0394097259347629,0.6809820507210378,0.0,0.7931511784543395,0.0,,,,43.0,"3 failed due to plateau slope >= elastic modulus, no real transition","mixing_temp=25; bath_temp=5; pullcast_speed=10.0; nitrogen=True; coupon_to_bath_wait_time=30; nips_bath_wait_time=1200; polymer_wt=17.0; additive_wt=0.0; cosolvent_type=none; nips_bath_solvent=none; nips_bath_solvent_wt_percent=0.0; Air Temp Mean=22.89; Humidity Mean=49.07; Coupon Temp Mean=22.62; Coupon Humidity Mean=46.34
Thickness: mean=94.00257757694146, SD=1.5254583278751448; Elastic Modulus: mean=105.35622647779446, SD=0.0; Yield Strength: mean=20.99867049178753, SD=0.0; Pore Fraction: mean=0.6525765734489604, SD=0.0; Creep Strain: mean=0.0802075753349814, SD=0.0; Strain at 50 bar: mean=0.6173625065044612, SD=0.0394097259347629","[17-0add-5deg-cosolv-none-bathSolv-none-0wt-30s-N2-1200s] Historical observation; chemistry=Polysulfone / PolarClean (inferred); campaign=2026-08-22-exploration-mode; sample_time=2026-08-22 16:50:59. mixing_temp=25; bath_temp=5; pullcast_speed=10.0; nitrogen=True; coupon_to_bath_wait_time=30; nips_bath_wait_time=1200; polymer_wt=17.0; additive_wt=0.0; cosolvent_type=none; nips_bath_solvent=none; nips_bath_solvent_wt_percent=0.0; Air Temp Mean=22.89; Humidity Mean=49.07; Coupon Temp Mean=22.62; Coupon Humidity Mean=46.34. Thickness: mean=94.00257757694146, SD=1.5254583278751448; Elastic Modulus: mean=105.35622647779446, SD=0.0; Yield Strength: mean=20.99867049178753, SD=0.0; Pore Fraction: mean=0.6525765734489604, SD=0.0; Creep Strain: mean=0.0802075753349814, SD=0.0; Strain at 50 bar: mean=0.6173625065044612, SD=0.0394097259347629. Modulus and yield strength units: bar; thickness: micrometers; pore fraction and strains: dimensionless. CV Mean=unknown; Discarded Fit Quality Mean=43.0; Discarded Fit Reasons=3 failed due to plateau slope >= elastic modulus, no real transition. unknown; aggregate SD is intra-sample, not independent synthesis validation. Pore fraction method: compression-curve changepoint estimate; dimensionless, not independent porosimetry. Historical parameters may be outside current bounds; use current bounds for suggestions.","- **Presence:** Membrane is visible — a pale white/light-blue sheet occupies the aperture.
- **Vertical Coverage:** Membrane spans fully from top to bottom edge of the aperture; no vertical gaps detected.
- **Uniformity:** Mostly uniform in color and opacity; a subtle light-blue tonal gradient is present but consistent. A few small dark specks are visible, likely surface particulates.
- **Defects:** No wrinkles or trapped air bubbles observed within the membrane material itself; surface texture appears smooth and flat.
- **Summary:** The membrane coupon presents with full vertical coverage, generally uniform appearance, and no significant structural defects.",C:\Users\wang9\Documents\GitHub\NIPS-pipeline\data\results\begins_2026-08-22-exploration-mode\agg.csv,2026-08-22-exploration-mode,,,22.62,46.34,none,none,0.0,2026-08-22 18:07:04,17-0add-5deg-cosolv-none-bathSolv-none-0wt-30s-N2-1200s,2026-08-22 16:50:59,2026-08-22 16:50:59,raw specimen filename,17-0add-5deg-cosolv-none-bathSolv-none-0wt-30s-N2-1200s_postDiscard,Polysulfone / PolarClean (inferred),"unknown; aggregate SD is intra-sample, not independent synthesis validation","compression-curve changepoint estimate; dimensionless, not independent porosimetry","Pore Fraction mean=0.6525765734489604, SD=0.0; compression-curve changepoint estimate; dimensionless, not independent porosimetry"
"2026-08-23
02:20:26",15-0add-15deg-cosolv-none-bathSolv-none-0wt-550s-NoN2-1500s,75,15,15.0,0.0,18.0,False,550,1500,mixing_temp=75; bath_temp=15; pullcast_speed=18.0; nitrogen=False; coupon_to_bath_wait_time=550; nips_bath_wait_time=1500; polymer_wt=15.0; additive_wt=0.0; cosolvent_type=none; nips_bath_solvent=none; nips_bath_solvent_wt_percent=0.0; Air Temp Mean=22.94; Humidity Mean=42.21; Coupon Temp Mean=22.21; Coupon Humidity Mean=47.43,,22.94,42.21,151.53003439086504,4.106147043141217,181.26548000520708,35.19539107855531,16.865141809543957,0.8980224605159862,0.5853978598367272,0.0100037901613685,44.75004296188123,1.1903056376862515,960.1881294685372,13.775074393822347,0.0648366094323824,0.0033391287717572,0.5498533035132229,0.006099198789931,0.6264538677206263,0.0088816897052947,0.6965948923098171,0.0104437157311328,,,0.0210766116914245,,,"mixing_temp=75; bath_temp=15; pullcast_speed=18.0; nitrogen=False; coupon_to_bath_wait_time=550; nips_bath_wait_time=1500; polymer_wt=15.0; additive_wt=0.0; cosolvent_type=none; nips_bath_solvent=none; nips_bath_solvent_wt_percent=0.0; Air Temp Mean=22.94; Humidity Mean=42.21; Coupon Temp Mean=22.21; Coupon Humidity Mean=47.43
Thickness: mean=151.53003439086504, SD=4.106147043141217; Elastic Modulus: mean=181.26548000520708, SD=35.19539107855531; Yield Strength: mean=16.865141809543957, SD=0.8980224605159862; Pore Fraction: mean=0.5853978598367272, SD=0.0100037901613685; Creep Strain: mean=0.0648366094323824, SD=0.0033391287717572; Strain at 50 bar: mean=0.5498533035132229, SD=0.006099198789931","[15-0add-15deg-cosolv-none-bathSolv-none-0wt-550s-NoN2-1500s] Historical observation; chemistry=Polysulfone / PolarClean (inferred); campaign=2026-08-22-exploration-mode; sample_time=2026-08-23 00:04:51. mixing_temp=75; bath_temp=15; pullcast_speed=18.0; nitrogen=False; coupon_to_bath_wait_time=550; nips_bath_wait_time=1500; polymer_wt=15.0; additive_wt=0.0; cosolvent_type=none; nips_bath_solvent=none; nips_bath_solvent_wt_percent=0.0; Air Temp Mean=22.94; Humidity Mean=42.21; Coupon Temp Mean=22.21; Coupon Humidity Mean=47.43. Thickness: mean=151.53003439086504, SD=4.106147043141217; Elastic Modulus: mean=181.26548000520708, SD=35.19539107855531; Yield Strength: mean=16.865141809543957, SD=0.8980224605159862; Pore Fraction: mean=0.5853978598367272, SD=0.0100037901613685; Creep Strain: mean=0.0648366094323824, SD=0.0033391287717572; Strain at 50 bar: mean=0.5498533035132229, SD=0.006099198789931. Modulus and yield strength units: bar; thickness: micrometers; pore fraction and strains: dimensionless. CV Mean=0.0210766116914245; Discarded Fit Quality Mean=unknown; Discarded Fit Reasons=unknown. unknown; aggregate SD is intra-sample, not independent synthesis validation. Pore fraction method: compression-curve changepoint estimate; dimensionless, not independent porosimetry. Historical parameters may be outside current bounds; use current bounds for suggestions.","- **Presence**: Membrane is clearly visible as a pale white/grey sheet within the aperture.

- **Vertical Coverage**: Membrane spans the full top-to-bottom extent of the aperture with no gaps at the top or bottom edges. Coverage is complete vertically.

- **Uniformity**: The membrane is largely uniform in color and opacity across its surface, with a consistent pale white appearance and no obvious dark spots or significant thickness variation.

- **Defects**: No wrinkles or trapped air bubbles are detectable within the membrane material itself. Bright arcs visible at the aperture rim are specular lighting artifacts on the metal, not membrane defects.

- **Summary**: The membrane coupon presents as fully seated vertically, visually uniform, and free of observable wrinkles or bubble defects.",C:\Users\wang9\Documents\GitHub\NIPS-pipeline\data\results\begins_2026-08-22-exploration-mode\agg.csv,2026-08-22-exploration-mode,,,22.21,47.43,none,none,0.0,2026-08-23 02:20:26,15-0add-15deg-cosolv-none-bathSolv-none-0wt-550s-NoN2-1500s,2026-08-23 00:04:51,2026-08-23 00:04:51,raw specimen filename,15-0add-15deg-cosolv-none-bathSolv-none-0wt-550s-NoN2-1500s,Polysulfone / PolarClean (inferred),"unknown; aggregate SD is intra-sample, not independent synthesis validation","compression-curve changepoint estimate; dimensionless, not independent porosimetry","Pore Fraction mean=0.5853978598367272, SD=0.0100037901613685; compression-curve changepoint estimate; dimensionless, not independent porosimetry"
"2026-08-23
04:28:29",14-0add-5deg-cosolv-none-bathSolv-none-0wt-0s-N2-1350s,80,5,14.0,0.0,20.0,True,0,1350,mixing_temp=80; bath_temp=5; pullcast_speed=20.0; nitrogen=True; coupon_to_bath_wait_time=0; nips_bath_wait_time=1350; polymer_wt=14.0; additive_wt=0.0; cosolvent_type=none; nips_bath_solvent=none; nips_bath_solvent_wt_percent=0.0; Air Temp Mean=23.17; Humidity Mean=40.71; Coupon Temp Mean=22.08; Coupon Humidity Mean=46.91,,23.17,40.71,134.12922632396288,3.144927346774959,62.71633404547623,7.241636657705976,7.815158461720189,0.274526763947552,0.5898642060082253,0.0120800526626916,39.02484381616336,1.2629815053433526,911.6751895217428,24.772349413543765,0.0459282484286888,0.0019858711373539,0.5801690537900762,0.0143692142616191,0.6479714337732151,0.0121386115919598,0.7213830477489335,0.0105189304774107,,,0.0279997838237863,,,"mixing_temp=80; bath_temp=5; pullcast_speed=20.0; nitrogen=True; coupon_to_bath_wait_time=0; nips_bath_wait_time=1350; polymer_wt=14.0; additive_wt=0.0; cosolvent_type=none; nips_bath_solvent=none; nips_bath_solvent_wt_percent=0.0; Air Temp Mean=23.17; Humidity Mean=40.71; Coupon Temp Mean=22.08; Coupon Humidity Mean=46.91
Thickness: mean=134.12922632396288, SD=3.144927346774959; Elastic Modulus: mean=62.71633404547623, SD=7.241636657705976; Yield Strength: mean=7.815158461720189, SD=0.274526763947552; Pore Fraction: mean=0.5898642060082253, SD=0.0120800526626916; Creep Strain: mean=0.0459282484286888, SD=0.0019858711373539; Strain at 50 bar: mean=0.5801690537900762, SD=0.0143692142616191","[14-0add-5deg-cosolv-none-bathSolv-none-0wt-0s-N2-1350s] Historical observation; chemistry=Polysulfone / PolarClean (inferred); campaign=2026-08-22-exploration-mode; sample_time=2026-08-23 02:21:54. mixing_temp=80; bath_temp=5; pullcast_speed=20.0; nitrogen=True; coupon_to_bath_wait_time=0; nips_bath_wait_time=1350; polymer_wt=14.0; additive_wt=0.0; cosolvent_type=none; nips_bath_solvent=none; nips_bath_solvent_wt_percent=0.0; Air Temp Mean=23.17; Humidity Mean=40.71; Coupon Temp Mean=22.08; Coupon Humidity Mean=46.91. Thickness: mean=134.12922632396288, SD=3.144927346774959; Elastic Modulus: mean=62.71633404547623, SD=7.241636657705976; Yield Strength: mean=7.815158461720189, SD=0.274526763947552; Pore Fraction: mean=0.5898642060082253, SD=0.0120800526626916; Creep Strain: mean=0.0459282484286888, SD=0.0019858711373539; Strain at 50 bar: mean=0.5801690537900762, SD=0.0143692142616191. Modulus and yield strength units: bar; thickness: micrometers; pore fraction and strains: dimensionless. CV Mean=0.0279997838237863; Discarded Fit Quality Mean=unknown; Discarded Fit Reasons=unknown. unknown; aggregate SD is intra-sample, not independent synthesis validation. Pore fraction method: compression-curve changepoint estimate; dimensionless, not independent porosimetry. Historical parameters may be outside current bounds; use current bounds for suggestions.","- **Presence:** Membrane is clearly visible as a white/pale coupon centered in the aperture.

- **Vertical Coverage:** The membrane spans the full top-to-bottom extent of the aperture with no gaps at the top or bottom edges. ✓

- **Uniformity:** The membrane surface appears visually uniform — consistent white opacity with no patchiness, dark spots, or notable thickness variation across the face.

- **Defects:** No wrinkles or trapped air bubbles are detected within the membrane material itself. A few minor specks/dust particles are visible on the surface but no structural defects.

- **Summary:** The membrane coupon presents as a clean, uniform, fully vertically covering sample with no significant defects observed.",C:\Users\wang9\Documents\GitHub\NIPS-pipeline\data\results\begins_2026-08-22-exploration-mode\agg.csv,2026-08-22-exploration-mode,,,22.08,46.91,none,none,0.0,2026-08-23 04:28:29,14-0add-5deg-cosolv-none-bathSolv-none-0wt-0s-N2-1350s,2026-08-23 02:21:54,2026-08-23 02:21:54,raw specimen filename,14-0add-5deg-cosolv-none-bathSolv-none-0wt-0s-N2-1350s,Polysulfone / PolarClean (inferred),"unknown; aggregate SD is intra-sample, not independent synthesis validation","compression-curve changepoint estimate; dimensionless, not independent porosimetry","Pore Fraction mean=0.5898642060082253, SD=0.0120800526626916; compression-curve changepoint estimate; dimensionless, not independent porosimetry"
"2026-08-23
06:39:47",16-0add-10deg-cosolv-none-bathSolv-none-0wt-150s-NoN2-1650s,45,10,16.0,0.0,6.0,False,150,1650,mixing_temp=45; bath_temp=10; pullcast_speed=6.0; nitrogen=False; coupon_to_bath_wait_time=150; nips_bath_wait_time=1650; polymer_wt=16.0; additive_wt=0.0; cosolvent_type=none; nips_bath_solvent=none; nips_bath_solvent_wt_percent=0.0; Air Temp Mean=unknown; Humidity Mean=unknown; Coupon Temp Mean=unknown; Coupon Humidity Mean=unknown,,unknown,unknown,162.99153332190264,16.681027800199406,,,,,,,,,,,,,0.5310822233087902,0.0487172377959121,,,,,,,,42.5,"4 failed due to plateau slope >= elastic modulus, no real transition","mixing_temp=45; bath_temp=10; pullcast_speed=6.0; nitrogen=False; coupon_to_bath_wait_time=150; nips_bath_wait_time=1650; polymer_wt=16.0; additive_wt=0.0; cosolvent_type=none; nips_bath_solvent=none; nips_bath_solvent_wt_percent=0.0; Air Temp Mean=unknown; Humidity Mean=unknown; Coupon Temp Mean=unknown; Coupon Humidity Mean=unknown
Thickness: mean=162.99153332190264, SD=16.681027800199406; Elastic Modulus: mean=unknown, SD=unknown; Yield Strength: mean=unknown, SD=unknown; Pore Fraction: mean=unknown, SD=unknown; Creep Strain: mean=unknown, SD=unknown; Strain at 50 bar: mean=0.5310822233087902, SD=0.0487172377959121","[16-0add-10deg-cosolv-none-bathSolv-none-0wt-150s-NoN2-1650s] Historical observation; chemistry=Polysulfone / PolarClean (inferred); campaign=2026-08-22-exploration-mode; sample_time=2026-08-23 04:29:21. mixing_temp=45; bath_temp=10; pullcast_speed=6.0; nitrogen=False; coupon_to_bath_wait_time=150; nips_bath_wait_time=1650; polymer_wt=16.0; additive_wt=0.0; cosolvent_type=none; nips_bath_solvent=none; nips_bath_solvent_wt_percent=0.0; Air Temp Mean=unknown; Humidity Mean=unknown; Coupon Temp Mean=unknown; Coupon Humidity Mean=unknown. Thickness: mean=162.99153332190264, SD=16.681027800199406; Elastic Modulus: mean=unknown, SD=unknown; Yield Strength: mean=unknown, SD=unknown; Pore Fraction: mean=unknown, SD=unknown; Creep Strain: mean=unknown, SD=unknown; Strain at 50 bar: mean=0.5310822233087902, SD=0.0487172377959121. Modulus and yield strength units: bar; thickness: micrometers; pore fraction and strains: dimensionless. CV Mean=unknown; Discarded Fit Quality Mean=42.5; Discarded Fit Reasons=4 failed due to plateau slope >= elastic modulus, no real transition. unknown; aggregate SD is intra-sample, not independent synthesis validation. Pore fraction method: compression-curve changepoint estimate; dimensionless, not independent porosimetry. Historical parameters may be outside current bounds; use current bounds for suggestions.","- **Presence:** Membrane is visible — a pale/white sheet occupies the aperture.

- **Vertical Coverage:** Membrane spans the full top-to-bottom extent of the aperture with no gap at either the top or bottom edge. ✓

- **Uniformity:** Mostly uniform in opacity; a cluster of small dark particulate specks is visible near the upper-centre of the membrane surface, and subtle tonal variation (slightly darker lower region) is present.

- **Defects:** Several distinct wrinkles/fold lines are visible within the membrane material itself — most notably a pronounced fold along the right-centre area and lighter crease lines across the lower-centre portion.

- **Summary:** Membrane is present with full vertical coverage, but exhibits visible surface particulate contamination and multiple wrinkles/creases within the membrane sheet.",C:\Users\wang9\Documents\GitHub\NIPS-pipeline\data\results\begins_2026-08-22-exploration-mode\agg.csv,2026-08-22-exploration-mode,,,unknown,unknown,none,none,0.0,2026-08-23 06:39:47,16-0add-10deg-cosolv-none-bathSolv-none-0wt-150s-NoN2-1650s,2026-08-23 04:29:21,2026-08-23 04:29:21,raw specimen filename,16-0add-10deg-cosolv-none-bathSolv-none-0wt-150s-NoN2-1650s_postDiscard,Polysulfone / PolarClean (inferred),"unknown; aggregate SD is intra-sample, not independent synthesis validation","compression-curve changepoint estimate; dimensionless, not independent porosimetry","Pore Fraction mean=unknown, SD=unknown; compression-curve changepoint estimate; dimensionless, not independent porosimetry"
"2026-08-25
17:20:49",13p5-0add-25deg-cosolv-none-bathSolv-none-0wt-600s-N2-1200s,50,25,13.5,0.0,4.0,True,600,1200,mixing_temp=50; bath_temp=25; pullcast_speed=4.0; nitrogen=True; coupon_to_bath_wait_time=600; nips_bath_wait_time=1200; polymer_wt=13.5; additive_wt=0.0; cosolvent_type=none; nips_bath_solvent=none; nips_bath_solvent_wt_percent=0.0; Air Temp Mean=23.45; Humidity Mean=42.7; Coupon Temp Mean=23.48; Coupon Humidity Mean=44.38,,23.45,42.7,138.0086333180898,3.7093194195825343,169.53541695365658,14.760424987147514,25.29898741537781,2.6478928352431192,0.605047387640244,0.0260796409517231,66.71600504545872,4.507793361912944,1184.292664581004,214.70769789750432,0.0402256561108456,0.001270019844471,0.5186104325436642,0.013490333530879,0.6211547187294936,0.0282304846233595,0.681887928861619,0.0323106076865066,,,0.0578398250767045,,,"mixing_temp=50; bath_temp=25; pullcast_speed=4.0; nitrogen=True; coupon_to_bath_wait_time=600; nips_bath_wait_time=1200; polymer_wt=13.5; additive_wt=0.0; cosolvent_type=none; nips_bath_solvent=none; nips_bath_solvent_wt_percent=0.0; Air Temp Mean=23.45; Humidity Mean=42.7; Coupon Temp Mean=23.48; Coupon Humidity Mean=44.38
Thickness: mean=138.0086333180898, SD=3.7093194195825343; Elastic Modulus: mean=169.53541695365658, SD=14.760424987147514; Yield Strength: mean=25.29898741537781, SD=2.6478928352431192; Pore Fraction: mean=0.605047387640244, SD=0.0260796409517231; Creep Strain: mean=0.0402256561108456, SD=0.001270019844471; Strain at 50 bar: mean=0.5186104325436642, SD=0.013490333530879","[13p5-0add-25deg-cosolv-none-bathSolv-none-0wt-600s-N2-1200s] Historical observation; chemistry=Polysulfone / PolarClean (inferred); campaign=2026-08-22-exploration-mode; sample_time=2026-08-25 15:10:35. mixing_temp=50; bath_temp=25; pullcast_speed=4.0; nitrogen=True; coupon_to_bath_wait_time=600; nips_bath_wait_time=1200; polymer_wt=13.5; additive_wt=0.0; cosolvent_type=none; nips_bath_solvent=none; nips_bath_solvent_wt_percent=0.0; Air Temp Mean=23.45; Humidity Mean=42.7; Coupon Temp Mean=23.48; Coupon Humidity Mean=44.38. Thickness: mean=138.0086333180898, SD=3.7093194195825343; Elastic Modulus: mean=169.53541695365658, SD=14.760424987147514; Yield Strength: mean=25.29898741537781, SD=2.6478928352431192; Pore Fraction: mean=0.605047387640244, SD=0.0260796409517231; Creep Strain: mean=0.0402256561108456, SD=0.001270019844471; Strain at 50 bar: mean=0.5186104325436642, SD=0.013490333530879. Modulus and yield strength units: bar; thickness: micrometers; pore fraction and strains: dimensionless. CV Mean=0.0578398250767045; Discarded Fit Quality Mean=unknown; Discarded Fit Reasons=unknown. unknown; aggregate SD is intra-sample, not independent synthesis validation. Pore fraction method: compression-curve changepoint estimate; dimensionless, not independent porosimetry. Historical parameters may be outside current bounds; use current bounds for suggestions.","- **Presence**: Membrane is visible — a pale white/light-grey sheet occupies the aperture.

- **Vertical Coverage**: Membrane spans fully from the top to the bottom edge of the aperture with no gaps at either end. ✓

- **Uniformity**: Color and opacity are largely uniform across the membrane surface; no significant patchiness, dark spots, or obvious thickness variation detected.

- **Defects**: Two small bright circular features are visible on the left interior edge of the membrane — these appear to be trapped air bubbles within the membrane material, not rim reflections. No wrinkles detected in the membrane body.

- **Summary**: Membrane is present with full vertical coverage and good overall uniformity, but two small trapped air bubbles are noted near the left edge.",C:\Users\wang9\Documents\GitHub\NIPS-pipeline\data\results\begins_2026-08-22-exploration-mode\agg.csv,2026-08-22-exploration-mode,,,23.48,44.38,none,none,0.0,2026-08-25 17:20:49,13p5-0add-25deg-cosolv-none-bathSolv-none-0wt-600s-N2-1200s,2026-08-25 15:10:35,2026-08-25 15:10:35,raw specimen filename,13p5-0add-25deg-cosolv-none-bathSolv-none-0wt-600s-N2-1200s,Polysulfone / PolarClean (inferred),"unknown; aggregate SD is intra-sample, not independent synthesis validation","compression-curve changepoint estimate; dimensionless, not independent porosimetry","Pore Fraction mean=0.605047387640244, SD=0.0260796409517231; compression-curve changepoint estimate; dimensionless, not independent porosimetry"
"2026-08-26
00:21:17",14p5-0add-5deg-cosolv-none-bathSolv-none-0wt-90s-NoN2-1450s,65,5,14.5,0.0,8.0,False,90,1450,mixing_temp=65; bath_temp=5; pullcast_speed=8.0; nitrogen=False; coupon_to_bath_wait_time=90; nips_bath_wait_time=1450; polymer_wt=14.5; additive_wt=0.0; cosolvent_type=none; nips_bath_solvent=none; nips_bath_solvent_wt_percent=0.0; Air Temp Mean=23.55; Humidity Mean=49.58; Coupon Temp Mean=22.86; Coupon Humidity Mean=54.4,,23.55,49.58,130.69251677264972,6.366139308799567,84.03618733834239,8.454093539233497,11.115790524313889,1.3170718419644616,0.5411678648291599,0.0165949221778976,55.89470212730102,4.2757029277590055,901.4982796390698,46.64443465692876,0.0544959328674168,0.0026344417407601,0.517615935441757,0.0117578872420831,0.5899985271660302,0.0157127124932659,0.6671201595157299,0.0207785780987537,,,0.033102656357122,,,"mixing_temp=65; bath_temp=5; pullcast_speed=8.0; nitrogen=False; coupon_to_bath_wait_time=90; nips_bath_wait_time=1450; polymer_wt=14.5; additive_wt=0.0; cosolvent_type=none; nips_bath_solvent=none; nips_bath_solvent_wt_percent=0.0; Air Temp Mean=23.55; Humidity Mean=49.58; Coupon Temp Mean=22.86; Coupon Humidity Mean=54.4
Thickness: mean=130.69251677264972, SD=6.366139308799567; Elastic Modulus: mean=84.03618733834239, SD=8.454093539233497; Yield Strength: mean=11.115790524313889, SD=1.3170718419644616; Pore Fraction: mean=0.5411678648291599, SD=0.0165949221778976; Creep Strain: mean=0.0544959328674168, SD=0.0026344417407601; Strain at 50 bar: mean=0.517615935441757, SD=0.0117578872420831","[14p5-0add-5deg-cosolv-none-bathSolv-none-0wt-90s-NoN2-1450s] Historical observation; chemistry=Polysulfone / PolarClean (inferred); campaign=2026-08-22-exploration-mode; sample_time=2026-08-25 22:22:09. mixing_temp=65; bath_temp=5; pullcast_speed=8.0; nitrogen=False; coupon_to_bath_wait_time=90; nips_bath_wait_time=1450; polymer_wt=14.5; additive_wt=0.0; cosolvent_type=none; nips_bath_solvent=none; nips_bath_solvent_wt_percent=0.0; Air Temp Mean=23.55; Humidity Mean=49.58; Coupon Temp Mean=22.86; Coupon Humidity Mean=54.4. Thickness: mean=130.69251677264972, SD=6.366139308799567; Elastic Modulus: mean=84.03618733834239, SD=8.454093539233497; Yield Strength: mean=11.115790524313889, SD=1.3170718419644616; Pore Fraction: mean=0.5411678648291599, SD=0.0165949221778976; Creep Strain: mean=0.0544959328674168, SD=0.0026344417407601; Strain at 50 bar: mean=0.517615935441757, SD=0.0117578872420831. Modulus and yield strength units: bar; thickness: micrometers; pore fraction and strains: dimensionless. CV Mean=0.033102656357122; Discarded Fit Quality Mean=unknown; Discarded Fit Reasons=unknown. unknown; aggregate SD is intra-sample, not independent synthesis validation. Pore fraction method: compression-curve changepoint estimate; dimensionless, not independent porosimetry. Historical parameters may be outside current bounds; use current bounds for suggestions.","- **Presence:** Membrane is visible — a pale white/grey sheet occupies the aperture.

- **Vertical Coverage:** The membrane spans the full top-to-bottom extent of the aperture with no gap at the top or bottom edge. ✓

- **Uniformity:** The membrane surface is largely uniform in color and opacity across the central area, with no obvious dark spots or significant thickness variation.

- **Defects:** A distinct diagonal fold or wrinkle is visible within the membrane material itself on the right side, running from upper-right toward lower-center — this is a genuine membrane defect, not a lighting artifact.

- **Summary:** Membrane is present with full vertical coverage and generally uniform appearance, but a clear diagonal fold/wrinkle within the membrane material on the right side constitutes a notable defect.",C:\Users\wang9\Documents\GitHub\NIPS-pipeline\data\results\begins_2026-08-22-exploration-mode\agg.csv,2026-08-22-exploration-mode,,,22.86,54.4,none,none,0.0,2026-08-26 00:21:17,14p5-0add-5deg-cosolv-none-bathSolv-none-0wt-90s-NoN2-1450s,2026-08-25 22:22:09,2026-08-25 22:22:09,raw specimen filename,14p5-0add-5deg-cosolv-none-bathSolv-none-0wt-90s-NoN2-1450s,Polysulfone / PolarClean (inferred),"unknown; aggregate SD is intra-sample, not independent synthesis validation","compression-curve changepoint estimate; dimensionless, not independent porosimetry","Pore Fraction mean=0.5411678648291599, SD=0.0165949221778976; compression-curve changepoint estimate; dimensionless, not independent porosimetry"
"2026-08-27
11:47:09",16p5-0add-10deg-cosolv-none-bathSolv-none-0wt-225s-NoN2-1750s,40,10,16.5,0.0,16.0,False,225,1750,mixing_temp=40; bath_temp=10; pullcast_speed=16.0; nitrogen=False; coupon_to_bath_wait_time=225; nips_bath_wait_time=1750; polymer_wt=16.5; additive_wt=0.0; cosolvent_type=none; nips_bath_solvent=none; nips_bath_solvent_wt_percent=0.0; Air Temp Mean=23.64; Humidity Mean=50.53; Coupon Temp Mean=23.41; Coupon Humidity Mean=54.05,,23.64,50.53,124.6148650043328,3.0016707899183155,308.0968763894235,77.74635558490657,26.22070420366197,1.7547852850900998,0.4858180044964574,0.0129559441996988,56.322078597502944,3.608174902427895,780.461676446764,93.2729099730562,0.0964933054000104,0.0031126375622457,0.4167883866450871,0.0134007003786572,0.5216615079960776,0.0108660685727757,0.6130877252486899,0.0118009051592044,,,0.042107778900056,,,"mixing_temp=40; bath_temp=10; pullcast_speed=16.0; nitrogen=False; coupon_to_bath_wait_time=225; nips_bath_wait_time=1750; polymer_wt=16.5; additive_wt=0.0; cosolvent_type=none; nips_bath_solvent=none; nips_bath_solvent_wt_percent=0.0; Air Temp Mean=23.64; Humidity Mean=50.53; Coupon Temp Mean=23.41; Coupon Humidity Mean=54.05
Thickness: mean=124.6148650043328, SD=3.0016707899183155; Elastic Modulus: mean=308.0968763894235, SD=77.74635558490657; Yield Strength: mean=26.22070420366197, SD=1.7547852850900998; Pore Fraction: mean=0.4858180044964574, SD=0.0129559441996988; Creep Strain: mean=0.0964933054000104, SD=0.0031126375622457; Strain at 50 bar: mean=0.4167883866450871, SD=0.0134007003786572","[16p5-0add-10deg-cosolv-none-bathSolv-none-0wt-225s-NoN2-1750s] Historical observation; chemistry=Polysulfone / PolarClean (inferred); campaign=2026-08-22-exploration-mode; sample_time=2026-08-27 09:36:32. mixing_temp=40; bath_temp=10; pullcast_speed=16.0; nitrogen=False; coupon_to_bath_wait_time=225; nips_bath_wait_time=1750; polymer_wt=16.5; additive_wt=0.0; cosolvent_type=none; nips_bath_solvent=none; nips_bath_solvent_wt_percent=0.0; Air Temp Mean=23.64; Humidity Mean=50.53; Coupon Temp Mean=23.41; Coupon Humidity Mean=54.05. Thickness: mean=124.6148650043328, SD=3.0016707899183155; Elastic Modulus: mean=308.0968763894235, SD=77.74635558490657; Yield Strength: mean=26.22070420366197, SD=1.7547852850900998; Pore Fraction: mean=0.4858180044964574, SD=0.0129559441996988; Creep Strain: mean=0.0964933054000104, SD=0.0031126375622457; Strain at 50 bar: mean=0.4167883866450871, SD=0.0134007003786572. Modulus and yield strength units: bar; thickness: micrometers; pore fraction and strains: dimensionless. CV Mean=0.042107778900056; Discarded Fit Quality Mean=unknown; Discarded Fit Reasons=unknown. unknown; aggregate SD is intra-sample, not independent synthesis validation. Pore fraction method: compression-curve changepoint estimate; dimensionless, not independent porosimetry. Historical parameters may be outside current bounds; use current bounds for suggestions.","- **Presence:** Membrane is visible — a pale white/grey coupon is seated within the aperture.

- **Vertical Coverage:** The membrane appears to span the full top-to-bottom extent of the aperture with no discernible gap at the top or bottom edge.

- **Uniformity:** The membrane surface appears visually uniform in color and opacity, with no obvious patchiness, dark spots, or thickness variation.

- **Defects:** No wrinkles or trapped air bubbles are detected within the membrane material itself. Bright highlights visible on the metal rim and at the boundary edge are lighting/specular artifacts.

- **Summary:** The membrane coupon presents as fully seated vertically, uniform in appearance, and free of observable wrinkles or bubble defects.",C:\Users\wang9\Documents\GitHub\NIPS-pipeline\data\results\begins_2026-08-22-exploration-mode\agg.csv,2026-08-22-exploration-mode,,,23.41,54.05,none,none,0.0,2026-08-27 11:47:09,16p5-0add-10deg-cosolv-none-bathSolv-none-0wt-225s-NoN2-1750s,2026-08-27 09:36:32,2026-08-27 09:36:32,raw specimen filename,16p5-0add-10deg-cosolv-none-bathSolv-none-0wt-225s-NoN2-1750s,Polysulfone / PolarClean (inferred),"unknown; aggregate SD is intra-sample, not independent synthesis validation","compression-curve changepoint estimate; dimensionless, not independent porosimetry","Pore Fraction mean=0.4858180044964574, SD=0.0129559441996988; compression-curve changepoint estimate; dimensionless, not independent porosimetry"
"2026-08-27
15:13:05",13-0add-20deg-cosolv-none-bathSolv-none-0wt-375s-N2-1550s,55,20,13.0,0.0,12.0,True,375,1550,mixing_temp=55; bath_temp=20; pullcast_speed=12.0; nitrogen=True; coupon_to_bath_wait_time=375; nips_bath_wait_time=1550; polymer_wt=13.0; additive_wt=0.0; cosolvent_type=none; nips_bath_solvent=none; nips_bath_solvent_wt_percent=0.0; Air Temp Mean=24.0; Humidity Mean=47.0; Coupon Temp Mean=23.73; Coupon Humidity Mean=45.35,,24.0,47.0,127.81437261296968,2.839779543367929,147.8252503285428,5.65901660244759,18.3530002814165,2.941510924241441,0.647520358104528,0.009901184916649,38.60789541946561,7.990003846266156,1025.1959925330664,54.19657700595253,0.0433364090493422,0.0042219858114742,0.6331464706224814,0.0100691638584038,0.6871976220441945,0.0064737999048647,0.7515233812920711,0.0033027015764589,,,0.026497051671881,68.0,1 failed due to poor full-plateau fit,"mixing_temp=55; bath_temp=20; pullcast_speed=12.0; nitrogen=True; coupon_to_bath_wait_time=375; nips_bath_wait_time=1550; polymer_wt=13.0; additive_wt=0.0; cosolvent_type=none; nips_bath_solvent=none; nips_bath_solvent_wt_percent=0.0; Air Temp Mean=24.0; Humidity Mean=47.0; Coupon Temp Mean=23.73; Coupon Humidity Mean=45.35
Thickness: mean=127.81437261296968, SD=2.839779543367929; Elastic Modulus: mean=147.8252503285428, SD=5.65901660244759; Yield Strength: mean=18.3530002814165, SD=2.941510924241441; Pore Fraction: mean=0.647520358104528, SD=0.009901184916649; Creep Strain: mean=0.0433364090493422, SD=0.0042219858114742; Strain at 50 bar: mean=0.6331464706224814, SD=0.0100691638584038","[13-0add-20deg-cosolv-none-bathSolv-none-0wt-375s-N2-1550s] Historical observation; chemistry=Polysulfone / PolarClean (inferred); campaign=2026-08-22-exploration-mode; sample_time=2026-08-27 13:06:56. mixing_temp=55; bath_temp=20; pullcast_speed=12.0; nitrogen=True; coupon_to_bath_wait_time=375; nips_bath_wait_time=1550; polymer_wt=13.0; additive_wt=0.0; cosolvent_type=none; nips_bath_solvent=none; nips_bath_solvent_wt_percent=0.0; Air Temp Mean=24.0; Humidity Mean=47.0; Coupon Temp Mean=23.73; Coupon Humidity Mean=45.35. Thickness: mean=127.81437261296968, SD=2.839779543367929; Elastic Modulus: mean=147.8252503285428, SD=5.65901660244759; Yield Strength: mean=18.3530002814165, SD=2.941510924241441; Pore Fraction: mean=0.647520358104528, SD=0.009901184916649; Creep Strain: mean=0.0433364090493422, SD=0.0042219858114742; Strain at 50 bar: mean=0.6331464706224814, SD=0.0100691638584038. Modulus and yield strength units: bar; thickness: micrometers; pore fraction and strains: dimensionless. CV Mean=0.026497051671881; Discarded Fit Quality Mean=68.0; Discarded Fit Reasons=1 failed due to poor full-plateau fit. unknown; aggregate SD is intra-sample, not independent synthesis validation. Pore fraction method: compression-curve changepoint estimate; dimensionless, not independent porosimetry. Historical parameters may be outside current bounds; use current bounds for suggestions.","**Presence:** Membrane is visible — a pale white/light-blue sheet seated within the circular aperture.

**Vertical Coverage:** The membrane does not fully reach the top edge of the aperture; a small gap exposing the backing/rim is visible at the upper portion. This is a vertical coverage defect.

**Uniformity:** The membrane body appears largely uniform in color and opacity, with only very subtle tonal gradation — no significant patchiness or dark spots detected.

**Defects:** No wrinkles or trapped air bubbles are evident within the membrane material itself; surface texture is smooth and consistent.

**Summary:** The membrane is present and internally uniform, but exhibits a notable vertical gap at the top edge of the aperture, constituting a seating/coverage defect.",C:\Users\wang9\Documents\GitHub\NIPS-pipeline\data\results\begins_2026-08-22-exploration-mode\agg.csv,2026-08-22-exploration-mode,,,23.73,45.35,none,none,0.0,2026-08-27 15:13:05,13-0add-20deg-cosolv-none-bathSolv-none-0wt-375s-N2-1550s,2026-08-27 13:06:56,2026-08-27 13:06:56,raw specimen filename,13-0add-20deg-cosolv-none-bathSolv-none-0wt-375s-N2-1550s_postDiscard,Polysulfone / PolarClean (inferred),"unknown; aggregate SD is intra-sample, not independent synthesis validation","compression-curve changepoint estimate; dimensionless, not independent porosimetry","Pore Fraction mean=0.647520358104528, SD=0.009901184916649; compression-curve changepoint estimate; dimensionless, not independent porosimetry"
"2026-08-27
16:43:23",17-0add-15deg-cosolv-none-bathSolv-none-0wt-500s-NoN2-1800s,25,15,17.0,0.0,1.0,False,500,1800,mixing_temp=25; bath_temp=15; pullcast_speed=1.0; nitrogen=False; coupon_to_bath_wait_time=500; nips_bath_wait_time=1800; polymer_wt=17.0; additive_wt=0.0; cosolvent_type=none; nips_bath_solvent=none; nips_bath_solvent_wt_percent=0.0; Air Temp Mean=23.45; Humidity Mean=46.26; Coupon Temp Mean=23.22; Coupon Humidity Mean=51.1,,23.45,46.26,140.8898713451634,0.7653819150638438,256.9408239968061,23.62105304766232,21.16453043134005,0.534588116000638,0.5111533476907831,0.0067669152522517,52.689920138477454,1.7450386230130803,722.4668258081778,33.40434074666486,0.0886024775763553,0.0040172585867665,0.4653751542016686,0.0057165836258675,0.560084983999187,0.0045871962070702,0.6617276005914577,0.0008262939762414,,,0.0177222005581488,,,"mixing_temp=25; bath_temp=15; pullcast_speed=1.0; nitrogen=False; coupon_to_bath_wait_time=500; nips_bath_wait_time=1800; polymer_wt=17.0; additive_wt=0.0; cosolvent_type=none; nips_bath_solvent=none; nips_bath_solvent_wt_percent=0.0; Air Temp Mean=23.45; Humidity Mean=46.26; Coupon Temp Mean=23.22; Coupon Humidity Mean=51.1
Thickness: mean=140.8898713451634, SD=0.7653819150638438; Elastic Modulus: mean=256.9408239968061, SD=23.62105304766232; Yield Strength: mean=21.16453043134005, SD=0.534588116000638; Pore Fraction: mean=0.5111533476907831, SD=0.0067669152522517; Creep Strain: mean=0.0886024775763553, SD=0.0040172585867665; Strain at 50 bar: mean=0.4653751542016686, SD=0.0057165836258675","[17-0add-15deg-cosolv-none-bathSolv-none-0wt-500s-NoN2-1800s] Historical observation; chemistry=Polysulfone / PolarClean (inferred); campaign=2026-08-22-exploration-mode; sample_time=2026-08-27 15:14:03. mixing_temp=25; bath_temp=15; pullcast_speed=1.0; nitrogen=False; coupon_to_bath_wait_time=500; nips_bath_wait_time=1800; polymer_wt=17.0; additive_wt=0.0; cosolvent_type=none; nips_bath_solvent=none; nips_bath_solvent_wt_percent=0.0; Air Temp Mean=23.45; Humidity Mean=46.26; Coupon Temp Mean=23.22; Coupon Humidity Mean=51.1. Thickness: mean=140.8898713451634, SD=0.7653819150638438; Elastic Modulus: mean=256.9408239968061, SD=23.62105304766232; Yield Strength: mean=21.16453043134005, SD=0.534588116000638; Pore Fraction: mean=0.5111533476907831, SD=0.0067669152522517; Creep Strain: mean=0.0886024775763553, SD=0.0040172585867665; Strain at 50 bar: mean=0.4653751542016686, SD=0.0057165836258675. Modulus and yield strength units: bar; thickness: micrometers; pore fraction and strains: dimensionless. CV Mean=0.0177222005581488; Discarded Fit Quality Mean=unknown; Discarded Fit Reasons=unknown. unknown; aggregate SD is intra-sample, not independent synthesis validation. Pore fraction method: compression-curve changepoint estimate; dimensionless, not independent porosimetry. Historical parameters may be outside current bounds; use current bounds for suggestions.","**Presence:** Membrane is visible — a pale white/grey sheet seated within the circular aperture.

**Vertical Coverage:** Membrane appears to span the full top-to-bottom extent of the aperture with no gap at the top or bottom edge.

**Uniformity:** Largely uniform in color and opacity; a subtle tonal gradient (slightly darker lower-center) is present but consistent with lighting angle rather than clear patchiness.

**Defects:** No wrinkles or trapped air bubbles detected within the membrane material itself. Bright streaks visible at the upper-right are specular reflections on the metal rim, not membrane defects.

**Summary:** The membrane coupon appears well-seated with full vertical coverage, uniform appearance, and no observable wrinkles or bubbles.",C:\Users\wang9\Documents\GitHub\NIPS-pipeline\data\results\begins_2026-08-22-exploration-mode\agg.csv,2026-08-22-exploration-mode,,,23.22,51.1,none,none,0.0,2026-08-27 16:43:23,17-0add-15deg-cosolv-none-bathSolv-none-0wt-500s-NoN2-1800s,2026-08-27 15:14:03,2026-08-27 15:14:03,raw specimen filename,17-0add-15deg-cosolv-none-bathSolv-none-0wt-500s-NoN2-1800s,Polysulfone / PolarClean (inferred),"unknown; aggregate SD is intra-sample, not independent synthesis validation","compression-curve changepoint estimate; dimensionless, not independent porosimetry","Pore Fraction mean=0.5111533476907831, SD=0.0067669152522517; compression-curve changepoint estimate; dimensionless, not independent porosimetry"
"2026-08-27
18:42:55",16p5-0add-5deg-cosolv-none-bathSolv-none-0wt-60s-NoN2-1200s,70,5,16.5,0.0,3.0,False,60,1200,mixing_temp=70; bath_temp=5; pullcast_speed=3.0; nitrogen=False; coupon_to_bath_wait_time=60; nips_bath_wait_time=1200; polymer_wt=16.5; additive_wt=0.0; cosolvent_type=none; nips_bath_solvent=none; nips_bath_solvent_wt_percent=0.0; Air Temp Mean=24.19; Humidity Mean=43.65; Coupon Temp Mean=23.27; Coupon Humidity Mean=49.15,,24.19,43.65,125.9400321426987,2.2863776024634466,114.95624572370772,16.169529582726767,14.40511159292702,0.7057042955415499,0.52282882279721,0.0053894046656753,65.51840009486196,4.7404405552935485,672.615045272524,27.858923353235603,0.0886276790609603,0.0032350600391622,0.4915219028676967,0.0111571430840919,0.5813668258855784,0.0091455992338795,0.6829832310104335,0.0,,,0.0312518498254623,,,"mixing_temp=70; bath_temp=5; pullcast_speed=3.0; nitrogen=False; coupon_to_bath_wait_time=60; nips_bath_wait_time=1200; polymer_wt=16.5; additive_wt=0.0; cosolvent_type=none; nips_bath_solvent=none; nips_bath_solvent_wt_percent=0.0; Air Temp Mean=24.19; Humidity Mean=43.65; Coupon Temp Mean=23.27; Coupon Humidity Mean=49.15
Thickness: mean=125.9400321426987, SD=2.2863776024634466; Elastic Modulus: mean=114.95624572370772, SD=16.169529582726767; Yield Strength: mean=14.40511159292702, SD=0.7057042955415499; Pore Fraction: mean=0.52282882279721, SD=0.0053894046656753; Creep Strain: mean=0.0886276790609603, SD=0.0032350600391622; Strain at 50 bar: mean=0.4915219028676967, SD=0.0111571430840919","[16p5-0add-5deg-cosolv-none-bathSolv-none-0wt-60s-NoN2-1200s] Historical observation; chemistry=Polysulfone / PolarClean (inferred); campaign=2026-08-22-exploration-mode; sample_time=2026-08-27 16:44:24. mixing_temp=70; bath_temp=5; pullcast_speed=3.0; nitrogen=False; coupon_to_bath_wait_time=60; nips_bath_wait_time=1200; polymer_wt=16.5; additive_wt=0.0; cosolvent_type=none; nips_bath_solvent=none; nips_bath_solvent_wt_percent=0.0; Air Temp Mean=24.19; Humidity Mean=43.65; Coupon Temp Mean=23.27; Coupon Humidity Mean=49.15. Thickness: mean=125.9400321426987, SD=2.2863776024634466; Elastic Modulus: mean=114.95624572370772, SD=16.169529582726767; Yield Strength: mean=14.40511159292702, SD=0.7057042955415499; Pore Fraction: mean=0.52282882279721, SD=0.0053894046656753; Creep Strain: mean=0.0886276790609603, SD=0.0032350600391622; Strain at 50 bar: mean=0.4915219028676967, SD=0.0111571430840919. Modulus and yield strength units: bar; thickness: micrometers; pore fraction and strains: dimensionless. CV Mean=0.0312518498254623; Discarded Fit Quality Mean=unknown; Discarded Fit Reasons=unknown. unknown; aggregate SD is intra-sample, not independent synthesis validation. Pore fraction method: compression-curve changepoint estimate; dimensionless, not independent porosimetry. Historical parameters may be outside current bounds; use current bounds for suggestions.","- **Presence:** Membrane is visible — a pale white/grey sheet seated within the circular aperture.
- **Vertical Coverage:** The membrane appears to reach both the top and bottom edges of the aperture with no visible gap; vertical coverage is complete.
- **Uniformity:** Color and opacity are consistent throughout — uniform pale grey with no dark spots, patchiness, or obvious thickness variation.
- **Defects:** No wrinkles or trapped air bubbles detected within the membrane material itself; the bright streaks visible at the upper-right are specular reflections on the metal rim, not membrane defects.
- **Summary:** The membrane coupon presents as fully seated, vertically complete, and free of observable surface defects.",C:\Users\wang9\Documents\GitHub\NIPS-pipeline\data\results\begins_2026-08-22-exploration-mode\agg.csv,2026-08-22-exploration-mode,,,23.27,49.15,none,none,0.0,2026-08-27 18:42:55,16p5-0add-5deg-cosolv-none-bathSolv-none-0wt-60s-NoN2-1200s,2026-08-27 16:44:24,2026-08-27 16:44:24,raw specimen filename,16p5-0add-5deg-cosolv-none-bathSolv-none-0wt-60s-NoN2-1200s,Polysulfone / PolarClean (inferred),"unknown; aggregate SD is intra-sample, not independent synthesis validation","compression-curve changepoint estimate; dimensionless, not independent porosimetry","Pore Fraction mean=0.52282882279721, SD=0.0053894046656753; compression-curve changepoint estimate; dimensionless, not independent porosimetry"
"2026-08-28
17:07:51",14-0add-8deg-cosolv-none-bathSolv-none-0wt-120s-N2-1250s,30,8,14.0,0.0,5.0,True,120,1250,mixing_temp=30; bath_temp=8; pullcast_speed=5.0; nitrogen=True; coupon_to_bath_wait_time=120; nips_bath_wait_time=1250; polymer_wt=14.0; additive_wt=0.0; cosolvent_type=none; nips_bath_solvent=none; nips_bath_solvent_wt_percent=0.0; Air Temp Mean=23.33; Humidity Mean=43.22; Coupon Temp Mean=23.15; Coupon Humidity Mean=41.2,,23.33,43.22,133.04155115433457,4.39003930334374,103.60120814462462,25.123800790784465,19.155633185111512,0.9389763767254958,0.747146619442529,0.0213267413012942,36.40344199767472,2.8815985368892463,766.2855082733896,22.303671524418508,0.0747074952889558,0.0040729587730234,0.7188664683766662,0.0174660168967268,0.801739188511779,0.0182877137468538,0.8779140844530087,0.0058155530178222,,,0.0446379351325427,,,"mixing_temp=30; bath_temp=8; pullcast_speed=5.0; nitrogen=True; coupon_to_bath_wait_time=120; nips_bath_wait_time=1250; polymer_wt=14.0; additive_wt=0.0; cosolvent_type=none; nips_bath_solvent=none; nips_bath_solvent_wt_percent=0.0; Air Temp Mean=23.33; Humidity Mean=43.22; Coupon Temp Mean=23.15; Coupon Humidity Mean=41.2
Thickness: mean=133.04155115433457, SD=4.39003930334374; Elastic Modulus: mean=103.60120814462462, SD=25.123800790784465; Yield Strength: mean=19.155633185111512, SD=0.9389763767254958; Pore Fraction: mean=0.747146619442529, SD=0.0213267413012942; Creep Strain: mean=0.0747074952889558, SD=0.0040729587730234; Strain at 50 bar: mean=0.7188664683766662, SD=0.0174660168967268","[14-0add-8deg-cosolv-none-bathSolv-none-0wt-120s-N2-1250s] Historical observation; chemistry=Polysulfone / PolarClean (inferred); campaign=2026-08-22-exploration-mode; sample_time=2026-08-28 15:11:52. mixing_temp=30; bath_temp=8; pullcast_speed=5.0; nitrogen=True; coupon_to_bath_wait_time=120; nips_bath_wait_time=1250; polymer_wt=14.0; additive_wt=0.0; cosolvent_type=none; nips_bath_solvent=none; nips_bath_solvent_wt_percent=0.0; Air Temp Mean=23.33; Humidity Mean=43.22; Coupon Temp Mean=23.15; Coupon Humidity Mean=41.2. Thickness: mean=133.04155115433457, SD=4.39003930334374; Elastic Modulus: mean=103.60120814462462, SD=25.123800790784465; Yield Strength: mean=19.155633185111512, SD=0.9389763767254958; Pore Fraction: mean=0.747146619442529, SD=0.0213267413012942; Creep Strain: mean=0.0747074952889558, SD=0.0040729587730234; Strain at 50 bar: mean=0.7188664683766662, SD=0.0174660168967268. Modulus and yield strength units: bar; thickness: micrometers; pore fraction and strains: dimensionless. CV Mean=0.0446379351325427; Discarded Fit Quality Mean=unknown; Discarded Fit Reasons=unknown. unknown; aggregate SD is intra-sample, not independent synthesis validation. Pore fraction method: compression-curve changepoint estimate; dimensionless, not independent porosimetry. Historical parameters may be outside current bounds; use current bounds for suggestions.","- **Presence:** Membrane is visible — a pale white/grey coupon is seated within the aperture.

- **Vertical Coverage:** Membrane spans the full top-to-bottom extent of the aperture with no gap at the top or bottom edge. Vertical coverage is complete.

- **Uniformity:** Color and opacity are largely uniform across the membrane surface; a very slight tonal gradient toward the upper portion is present but minor.

- **Defects:** A few faint, fine linear marks are visible within the membrane material itself, consistent with minor surface creases or shallow wrinkles. No trapped air bubbles detected.

- **Summary:** Membrane is present with full vertical coverage and generally uniform appearance, with minor surface creasing noted within the membrane material.",C:\Users\wang9\Documents\GitHub\NIPS-pipeline\data\results\begins_2026-08-22-exploration-mode\agg.csv,2026-08-22-exploration-mode,,,23.15,41.2,none,none,0.0,2026-08-28 17:07:51,14-0add-8deg-cosolv-none-bathSolv-none-0wt-120s-N2-1250s,2026-08-28 15:11:52,2026-08-28 15:11:52,raw specimen filename,14-0add-8deg-cosolv-none-bathSolv-none-0wt-120s-N2-1250s,Polysulfone / PolarClean (inferred),"unknown; aggregate SD is intra-sample, not independent synthesis validation","compression-curve changepoint estimate; dimensionless, not independent porosimetry","Pore Fraction mean=0.747146619442529, SD=0.0213267413012942; compression-curve changepoint estimate; dimensionless, not independent porosimetry"
"2026-08-28
19:14:27",15-0add-12deg-cosolv-none-bathSolv-none-0wt-270s-N2-1300s,57,12,15.0,0.0,11.0,True,270,1300,mixing_temp=57; bath_temp=12; pullcast_speed=11.0; nitrogen=True; coupon_to_bath_wait_time=270; nips_bath_wait_time=1300; polymer_wt=15.0; additive_wt=0.0; cosolvent_type=none; nips_bath_solvent=none; nips_bath_solvent_wt_percent=0.0; Air Temp Mean=23.57; Humidity Mean=40.58; Coupon Temp Mean=23.06; Coupon Humidity Mean=40.72,,23.57,40.58,137.45762314236308,0.5011797938074296,194.30765052963704,8.969256200636039,30.0488033546133,0.2500049333015717,0.6753930754645525,0.0577019022289456,91.91684631991708,10.910200328141634,502.6352226350259,66.6921502805559,0.0745465157813654,0.0006691953362956,0.3971181225651825,0.0449937540938072,0.6151131653347498,0.0173185815548507,0.8183457424437364,0.0321689770813335,,,0.0717437725315113,62.0,2 failed due to yield point (bp1) likely misplaced,"mixing_temp=57; bath_temp=12; pullcast_speed=11.0; nitrogen=True; coupon_to_bath_wait_time=270; nips_bath_wait_time=1300; polymer_wt=15.0; additive_wt=0.0; cosolvent_type=none; nips_bath_solvent=none; nips_bath_solvent_wt_percent=0.0; Air Temp Mean=23.57; Humidity Mean=40.58; Coupon Temp Mean=23.06; Coupon Humidity Mean=40.72
Thickness: mean=137.45762314236308, SD=0.5011797938074296; Elastic Modulus: mean=194.30765052963704, SD=8.969256200636039; Yield Strength: mean=30.0488033546133, SD=0.2500049333015717; Pore Fraction: mean=0.6753930754645525, SD=0.0577019022289456; Creep Strain: mean=0.0745465157813654, SD=0.0006691953362956; Strain at 50 bar: mean=0.3971181225651825, SD=0.0449937540938072","[15-0add-12deg-cosolv-none-bathSolv-none-0wt-270s-N2-1300s] Historical observation; chemistry=Polysulfone / PolarClean (inferred); campaign=2026-08-22-exploration-mode; sample_time=2026-08-28 17:09:24. mixing_temp=57; bath_temp=12; pullcast_speed=11.0; nitrogen=True; coupon_to_bath_wait_time=270; nips_bath_wait_time=1300; polymer_wt=15.0; additive_wt=0.0; cosolvent_type=none; nips_bath_solvent=none; nips_bath_solvent_wt_percent=0.0; Air Temp Mean=23.57; Humidity Mean=40.58; Coupon Temp Mean=23.06; Coupon Humidity Mean=40.72. Thickness: mean=137.45762314236308, SD=0.5011797938074296; Elastic Modulus: mean=194.30765052963704, SD=8.969256200636039; Yield Strength: mean=30.0488033546133, SD=0.2500049333015717; Pore Fraction: mean=0.6753930754645525, SD=0.0577019022289456; Creep Strain: mean=0.0745465157813654, SD=0.0006691953362956; Strain at 50 bar: mean=0.3971181225651825, SD=0.0449937540938072. Modulus and yield strength units: bar; thickness: micrometers; pore fraction and strains: dimensionless. CV Mean=0.0717437725315113; Discarded Fit Quality Mean=62.0; Discarded Fit Reasons=2 failed due to yield point (bp1) likely misplaced. unknown; aggregate SD is intra-sample, not independent synthesis validation. Pore fraction method: compression-curve changepoint estimate; dimensionless, not independent porosimetry. Historical parameters may be outside current bounds; use current bounds for suggestions.","- **Presence:** Membrane is visible — a pale white/grey coupon is seated within the circular aperture.
- **Vertical Coverage:** Membrane spans the full top-to-bottom extent of the aperture with no gap at the top or bottom edge. Vertical coverage is complete.
- **Uniformity:** Color and opacity are consistent across the membrane surface; no patchiness, dark spots, or obvious thickness variation detected.
- **Defects:** No wrinkles or trapped air bubbles visible within the membrane material itself; the surface texture appears smooth and flat.
- **Summary:** The membrane coupon presents complete vertical coverage, uniform appearance, and no detectable surface defects.",C:\Users\wang9\Documents\GitHub\NIPS-pipeline\data\results\begins_2026-08-22-exploration-mode\agg.csv,2026-08-22-exploration-mode,,,23.06,40.72,none,none,0.0,2026-08-28 19:14:27,15-0add-12deg-cosolv-none-bathSolv-none-0wt-270s-N2-1300s,2026-08-28 17:09:24,2026-08-28 17:09:24,raw specimen filename,15-0add-12deg-cosolv-none-bathSolv-none-0wt-270s-N2-1300s_postDiscard,Polysulfone / PolarClean (inferred),"unknown; aggregate SD is intra-sample, not independent synthesis validation","compression-curve changepoint estimate; dimensionless, not independent porosimetry","Pore Fraction mean=0.6753930754645525, SD=0.0577019022289456; compression-curve changepoint estimate; dimensionless, not independent porosimetry"
"2026-08-31
16:42:51",13-0add-18deg-cosolv-none-bathSolv-none-0wt-340s-NoN2-1600s,25,18,13.0,0.0,7.0,False,340,1600,mixing_temp=25; bath_temp=18; pullcast_speed=7.0; nitrogen=False; coupon_to_bath_wait_time=340; nips_bath_wait_time=1600; polymer_wt=13.0; additive_wt=0.0; cosolvent_type=none; nips_bath_solvent=none; nips_bath_solvent_wt_percent=0.0; Air Temp Mean=unknown; Humidity Mean=unknown; Coupon Temp Mean=unknown; Coupon Humidity Mean=unknown,,unknown,unknown,75.34891537033108,5.766747360315218,,,,,,,,,,,,,0.4621803404964895,0.0357242023631993,,,,,,,,37.5,"4 failed due to plateau slope >= elastic modulus, no real transition","mixing_temp=25; bath_temp=18; pullcast_speed=7.0; nitrogen=False; coupon_to_bath_wait_time=340; nips_bath_wait_time=1600; polymer_wt=13.0; additive_wt=0.0; cosolvent_type=none; nips_bath_solvent=none; nips_bath_solvent_wt_percent=0.0; Air Temp Mean=unknown; Humidity Mean=unknown; Coupon Temp Mean=unknown; Coupon Humidity Mean=unknown
Thickness: mean=75.34891537033108, SD=5.766747360315218; Elastic Modulus: mean=unknown, SD=unknown; Yield Strength: mean=unknown, SD=unknown; Pore Fraction: mean=unknown, SD=unknown; Creep Strain: mean=unknown, SD=unknown; Strain at 50 bar: mean=0.4621803404964895, SD=0.0357242023631993","[13-0add-18deg-cosolv-none-bathSolv-none-0wt-340s-NoN2-1600s] Historical observation; chemistry=Polysulfone / PolarClean (inferred); campaign=2026-08-22-exploration-mode; sample_time=2026-08-31 14:38:44. mixing_temp=25; bath_temp=18; pullcast_speed=7.0; nitrogen=False; coupon_to_bath_wait_time=340; nips_bath_wait_time=1600; polymer_wt=13.0; additive_wt=0.0; cosolvent_type=none; nips_bath_solvent=none; nips_bath_solvent_wt_percent=0.0; Air Temp Mean=unknown; Humidity Mean=unknown; Coupon Temp Mean=unknown; Coupon Humidity Mean=unknown. Thickness: mean=75.34891537033108, SD=5.766747360315218; Elastic Modulus: mean=unknown, SD=unknown; Yield Strength: mean=unknown, SD=unknown; Pore Fraction: mean=unknown, SD=unknown; Creep Strain: mean=unknown, SD=unknown; Strain at 50 bar: mean=0.4621803404964895, SD=0.0357242023631993. Modulus and yield strength units: bar; thickness: micrometers; pore fraction and strains: dimensionless. CV Mean=unknown; Discarded Fit Quality Mean=37.5; Discarded Fit Reasons=4 failed due to plateau slope >= elastic modulus, no real transition. unknown; aggregate SD is intra-sample, not independent synthesis validation. Pore fraction method: compression-curve changepoint estimate; dimensionless, not independent porosimetry. Historical parameters may be outside current bounds; use current bounds for suggestions.","**Presence:** A pale/white membrane coupon is visible within the aperture.

**Vertical Coverage:** The membrane does not reach the top edge of the aperture — a clear gap is present at the top, exposing the backing/rig. Bottom coverage appears adequate.

**Uniformity:** The membrane body appears largely uniform in color and opacity with no obvious patchiness or dark spots.

**Defects:** No wrinkles or trapped air bubbles are discernible within the membrane material itself; boundary-edge shadowing is consistent with lighting artifacts.

**Summary:** The coupon shows acceptable uniformity and no internal defects, but exhibits a notable vertical coverage gap at the top edge, which is a real placement defect requiring attention.",C:\Users\wang9\Documents\GitHub\NIPS-pipeline\data\results\begins_2026-08-22-exploration-mode\agg.csv,2026-08-22-exploration-mode,,,unknown,unknown,none,none,0.0,2026-08-31 16:42:51,13-0add-18deg-cosolv-none-bathSolv-none-0wt-340s-NoN2-1600s,2026-08-31 14:38:44,2026-08-31 14:38:44,raw specimen filename,13-0add-18deg-cosolv-none-bathSolv-none-0wt-340s-NoN2-1600s_postDiscard,Polysulfone / PolarClean (inferred),"unknown; aggregate SD is intra-sample, not independent synthesis validation","compression-curve changepoint estimate; dimensionless, not independent porosimetry","Pore Fraction mean=unknown, SD=unknown; compression-curve changepoint estimate; dimensionless, not independent porosimetry"
"2026-08-31
19:13:46",17-0add-22deg-cosolv-none-bathSolv-none-0wt-200s-N2-1450s,25,22,17.0,0.0,19.0,True,200,1450,mixing_temp=25; bath_temp=22; pullcast_speed=19.0; nitrogen=True; coupon_to_bath_wait_time=200; nips_bath_wait_time=1450; polymer_wt=17.0; additive_wt=0.0; cosolvent_type=none; nips_bath_solvent=none; nips_bath_solvent_wt_percent=0.0; Air Temp Mean=23.4; Humidity Mean=51.13; Coupon Temp Mean=23.24; Coupon Humidity Mean=48.77,,23.4,51.13,143.3418415613592,2.726751564961932,261.9281684952907,0.5674323457933212,33.76496903229901,0.711329160604123,0.6183145390764134,0.0236698175843562,91.93750535559744,3.341099072667689,650.3094842144344,1.870723086025692,0.0661267068650865,2.121992519610316e-05,0.2741619801198162,0.0248660481781452,0.5943124281003077,0.012641167231335,0.7209313670407712,0.0208943795567934,,,0.0388778569714346,65.5,2 failed due to yield point (bp1) likely misplaced,"mixing_temp=25; bath_temp=22; pullcast_speed=19.0; nitrogen=True; coupon_to_bath_wait_time=200; nips_bath_wait_time=1450; polymer_wt=17.0; additive_wt=0.0; cosolvent_type=none; nips_bath_solvent=none; nips_bath_solvent_wt_percent=0.0; Air Temp Mean=23.4; Humidity Mean=51.13; Coupon Temp Mean=23.24; Coupon Humidity Mean=48.77
Thickness: mean=143.3418415613592, SD=2.726751564961932; Elastic Modulus: mean=261.9281684952907, SD=0.5674323457933212; Yield Strength: mean=33.76496903229901, SD=0.711329160604123; Pore Fraction: mean=0.6183145390764134, SD=0.0236698175843562; Creep Strain: mean=0.0661267068650865, SD=2.121992519610316e-05; Strain at 50 bar: mean=0.2741619801198162, SD=0.0248660481781452","[17-0add-22deg-cosolv-none-bathSolv-none-0wt-200s-N2-1450s] Historical observation; chemistry=Polysulfone / PolarClean (inferred); campaign=2026-08-22-exploration-mode; sample_time=2026-08-31 17:49:24. mixing_temp=25; bath_temp=22; pullcast_speed=19.0; nitrogen=True; coupon_to_bath_wait_time=200; nips_bath_wait_time=1450; polymer_wt=17.0; additive_wt=0.0; cosolvent_type=none; nips_bath_solvent=none; nips_bath_solvent_wt_percent=0.0; Air Temp Mean=23.4; Humidity Mean=51.13; Coupon Temp Mean=23.24; Coupon Humidity Mean=48.77. Thickness: mean=143.3418415613592, SD=2.726751564961932; Elastic Modulus: mean=261.9281684952907, SD=0.5674323457933212; Yield Strength: mean=33.76496903229901, SD=0.711329160604123; Pore Fraction: mean=0.6183145390764134, SD=0.0236698175843562; Creep Strain: mean=0.0661267068650865, SD=2.121992519610316e-05; Strain at 50 bar: mean=0.2741619801198162, SD=0.0248660481781452. Modulus and yield strength units: bar; thickness: micrometers; pore fraction and strains: dimensionless. CV Mean=0.0388778569714346; Discarded Fit Quality Mean=65.5; Discarded Fit Reasons=2 failed due to yield point (bp1) likely misplaced. unknown; aggregate SD is intra-sample, not independent synthesis validation. Pore fraction method: compression-curve changepoint estimate; dimensionless, not independent porosimetry. Historical parameters may be outside current bounds; use current bounds for suggestions.","- **Presence:** Membrane is visible as a pale white sheet within the aperture.
- **Vertical Coverage:** The membrane appears to reach both the top and bottom edges of the aperture with no discernible vertical gap.
- **Uniformity:** The membrane is largely uniform in color and opacity across its central area; slight tonal variation near edges is consistent with lighting falloff rather than patchiness.
- **Defects:** No wrinkles or trapped air bubbles are detected within the membrane material itself; curved shadow lines at the boundaries are rim/lighting artifacts.
- **Summary:** The membrane coupon presents with full vertical coverage, good uniformity, and no observable structural defects.",C:\Users\wang9\Documents\GitHub\NIPS-pipeline\data\results\begins_2026-08-22-exploration-mode\agg.csv,2026-08-22-exploration-mode,,,23.24,48.77,none,none,0.0,2026-08-31 19:13:46,17-0add-22deg-cosolv-none-bathSolv-none-0wt-200s-N2-1450s,2026-08-31 17:49:24,2026-08-31 17:49:24,raw specimen filename,17-0add-22deg-cosolv-none-bathSolv-none-0wt-200s-N2-1450s_postDiscard,Polysulfone / PolarClean (inferred),"unknown; aggregate SD is intra-sample, not independent synthesis validation","compression-curve changepoint estimate; dimensionless, not independent porosimetry","Pore Fraction mean=0.6183145390764134, SD=0.0236698175843562; compression-curve changepoint estimate; dimensionless, not independent porosimetry"
"2026-08-31
21:26:25",15p8-0add-13deg-cosolv-none-bathSolv-none-0wt-410s-NoN2-1700s,63,13,15.8,0.0,9.0,False,410,1700,mixing_temp=63; bath_temp=13; pullcast_speed=9.0; nitrogen=False; coupon_to_bath_wait_time=410; nips_bath_wait_time=1700; polymer_wt=15.8; additive_wt=0.0; cosolvent_type=none; nips_bath_solvent=none; nips_bath_solvent_wt_percent=0.0; Air Temp Mean=23.78; Humidity Mean=51.05; Coupon Temp Mean=23.54; Coupon Humidity Mean=54.67,,23.78,51.05,134.06401929012853,1.999886714234996,210.04988355627896,88.26338258568592,16.700476979952903,0.8142164762018953,0.5130155415380211,0.032995675818012,38.85000505804643,1.9300967839649128,1063.4878532956968,68.51221503483424,0.0801518814154747,0.0025610940625685,0.5073261923535894,0.0286455027155774,0.5604382419133984,0.030576586126988,0.6194791231550467,0.0268926797623826,,,0.0698720946471131,,,"mixing_temp=63; bath_temp=13; pullcast_speed=9.0; nitrogen=False; coupon_to_bath_wait_time=410; nips_bath_wait_time=1700; polymer_wt=15.8; additive_wt=0.0; cosolvent_type=none; nips_bath_solvent=none; nips_bath_solvent_wt_percent=0.0; Air Temp Mean=23.78; Humidity Mean=51.05; Coupon Temp Mean=23.54; Coupon Humidity Mean=54.67
Thickness: mean=134.06401929012853, SD=1.999886714234996; Elastic Modulus: mean=210.04988355627896, SD=88.26338258568592; Yield Strength: mean=16.700476979952903, SD=0.8142164762018953; Pore Fraction: mean=0.5130155415380211, SD=0.032995675818012; Creep Strain: mean=0.0801518814154747, SD=0.0025610940625685; Strain at 50 bar: mean=0.5073261923535894, SD=0.0286455027155774","[15p8-0add-13deg-cosolv-none-bathSolv-none-0wt-410s-NoN2-1700s] Historical observation; chemistry=Polysulfone / PolarClean (inferred); campaign=2026-08-22-exploration-mode; sample_time=2026-08-31 19:14:43. mixing_temp=63; bath_temp=13; pullcast_speed=9.0; nitrogen=False; coupon_to_bath_wait_time=410; nips_bath_wait_time=1700; polymer_wt=15.8; additive_wt=0.0; cosolvent_type=none; nips_bath_solvent=none; nips_bath_solvent_wt_percent=0.0; Air Temp Mean=23.78; Humidity Mean=51.05; Coupon Temp Mean=23.54; Coupon Humidity Mean=54.67. Thickness: mean=134.06401929012853, SD=1.999886714234996; Elastic Modulus: mean=210.04988355627896, SD=88.26338258568592; Yield Strength: mean=16.700476979952903, SD=0.8142164762018953; Pore Fraction: mean=0.5130155415380211, SD=0.032995675818012; Creep Strain: mean=0.0801518814154747, SD=0.0025610940625685; Strain at 50 bar: mean=0.5073261923535894, SD=0.0286455027155774. Modulus and yield strength units: bar; thickness: micrometers; pore fraction and strains: dimensionless. CV Mean=0.0698720946471131; Discarded Fit Quality Mean=unknown; Discarded Fit Reasons=unknown. unknown; aggregate SD is intra-sample, not independent synthesis validation. Pore fraction method: compression-curve changepoint estimate; dimensionless, not independent porosimetry. Historical parameters may be outside current bounds; use current bounds for suggestions.","- **Presence:** Membrane is visible — a pale/white sheet occupies the aperture.
- **Vertical Coverage:** Full top-to-bottom coverage appears intact; no gap at the top or bottom edge.
- **Uniformity:** The membrane is largely uniform in color and opacity across its surface with no obvious patchiness or dark spots.
- **Defects:** No wrinkles or trapped air bubbles are visible within the membrane material itself. A small droplet is present at the left inner rim edge (likely a liquid artifact on the metal, not a membrane defect).
- **Summary:** The membrane coupon presents with good vertical coverage and a visually uniform, defect-free surface.",C:\Users\wang9\Documents\GitHub\NIPS-pipeline\data\results\begins_2026-08-22-exploration-mode\agg.csv,2026-08-22-exploration-mode,,,23.54,54.67,none,none,0.0,2026-08-31 21:26:25,15p8-0add-13deg-cosolv-none-bathSolv-none-0wt-410s-NoN2-1700s,2026-08-31 19:14:43,2026-08-31 19:14:43,raw specimen filename,15p8-0add-13deg-cosolv-none-bathSolv-none-0wt-410s-NoN2-1700s,Polysulfone / PolarClean (inferred),"unknown; aggregate SD is intra-sample, not independent synthesis validation","compression-curve changepoint estimate; dimensionless, not independent porosimetry","Pore Fraction mean=0.5130155415380211, SD=0.032995675818012; compression-curve changepoint estimate; dimensionless, not independent porosimetry"
"2026-08-31
23:25:56",16p2-0add-7deg-cosolv-none-bathSolv-none-0wt-75s-N2-1380s,47,7,16.2,0.0,13.0,True,75,1380,mixing_temp=47; bath_temp=7; pullcast_speed=13.0; nitrogen=True; coupon_to_bath_wait_time=75; nips_bath_wait_time=1380; polymer_wt=16.2; additive_wt=0.0; cosolvent_type=none; nips_bath_solvent=none; nips_bath_solvent_wt_percent=0.0; Air Temp Mean=23.61; Humidity Mean=50.68; Coupon Temp Mean=23.3; Coupon Humidity Mean=46.71,,23.61,50.68,132.17861368423584,0.5581588768876932,237.05421731713253,15.662668952738212,28.484772453216195,1.3440360284795834,0.5842450048551859,0.0216634788349744,111.13391919604662,8.16702707079113,797.8992012366898,38.37662249935928,0.0597033340645699,0.0031945832616216,0.3222050521299387,0.0369911356678072,0.5668751990048152,0.0272187345185113,0.6670996278669753,0.0227110451611936,,,0.068713199377468,64.0,1 failed due to yield point (bp1) likely misplaced,"mixing_temp=47; bath_temp=7; pullcast_speed=13.0; nitrogen=True; coupon_to_bath_wait_time=75; nips_bath_wait_time=1380; polymer_wt=16.2; additive_wt=0.0; cosolvent_type=none; nips_bath_solvent=none; nips_bath_solvent_wt_percent=0.0; Air Temp Mean=23.61; Humidity Mean=50.68; Coupon Temp Mean=23.3; Coupon Humidity Mean=46.71
Thickness: mean=132.17861368423584, SD=0.5581588768876932; Elastic Modulus: mean=237.05421731713253, SD=15.662668952738212; Yield Strength: mean=28.484772453216195, SD=1.3440360284795834; Pore Fraction: mean=0.5842450048551859, SD=0.0216634788349744; Creep Strain: mean=0.0597033340645699, SD=0.0031945832616216; Strain at 50 bar: mean=0.3222050521299387, SD=0.0369911356678072","[16p2-0add-7deg-cosolv-none-bathSolv-none-0wt-75s-N2-1380s] Historical observation; chemistry=Polysulfone / PolarClean (inferred); campaign=2026-08-22-exploration-mode; sample_time=2026-08-31 21:27:21. mixing_temp=47; bath_temp=7; pullcast_speed=13.0; nitrogen=True; coupon_to_bath_wait_time=75; nips_bath_wait_time=1380; polymer_wt=16.2; additive_wt=0.0; cosolvent_type=none; nips_bath_solvent=none; nips_bath_solvent_wt_percent=0.0; Air Temp Mean=23.61; Humidity Mean=50.68; Coupon Temp Mean=23.3; Coupon Humidity Mean=46.71. Thickness: mean=132.17861368423584, SD=0.5581588768876932; Elastic Modulus: mean=237.05421731713253, SD=15.662668952738212; Yield Strength: mean=28.484772453216195, SD=1.3440360284795834; Pore Fraction: mean=0.5842450048551859, SD=0.0216634788349744; Creep Strain: mean=0.0597033340645699, SD=0.0031945832616216; Strain at 50 bar: mean=0.3222050521299387, SD=0.0369911356678072. Modulus and yield strength units: bar; thickness: micrometers; pore fraction and strains: dimensionless. CV Mean=0.068713199377468; Discarded Fit Quality Mean=64.0; Discarded Fit Reasons=1 failed due to yield point (bp1) likely misplaced. unknown; aggregate SD is intra-sample, not independent synthesis validation. Pore fraction method: compression-curve changepoint estimate; dimensionless, not independent porosimetry. Historical parameters may be outside current bounds; use current bounds for suggestions.","- **Presence:** Membrane is visible — a pale white/grey coupon is present within the aperture.

- **Vertical Coverage:** Membrane spans the full top-to-bottom extent of the aperture with no gap at the top or bottom edge. Vertical coverage is complete.

- **Uniformity:** The membrane is largely uniform in color and opacity across most of its area, with no dark spots or obvious thickness variation in the bulk material.

- **Defects:** A distinct curved fold/wrinkle is visible within the membrane material itself on the right-center region — a raised crease running roughly vertically through the coupon. This is a genuine membrane defect.

- **Summary:** Membrane is present with full vertical coverage, but contains a clear fold/wrinkle defect in the membrane material on the right side.",C:\Users\wang9\Documents\GitHub\NIPS-pipeline\data\results\begins_2026-08-22-exploration-mode\agg.csv,2026-08-22-exploration-mode,,,23.3,46.71,none,none,0.0,2026-08-31 23:25:56,16p2-0add-7deg-cosolv-none-bathSolv-none-0wt-75s-N2-1380s,2026-08-31 21:27:21,2026-08-31 21:27:21,raw specimen filename,16p2-0add-7deg-cosolv-none-bathSolv-none-0wt-75s-N2-1380s_postDiscard,Polysulfone / PolarClean (inferred),"unknown; aggregate SD is intra-sample, not independent synthesis validation","compression-curve changepoint estimate; dimensionless, not independent porosimetry","Pore Fraction mean=0.5842450048551859, SD=0.0216634788349744; compression-curve changepoint estimate; dimensionless, not independent porosimetry"
"2026-09-01
00:45:43",17-0add-5deg-cosolv-none-bathSolv-none-0wt-15s-NoN2-1800s,25,5,17.0,0.0,15.0,False,15,1800,mixing_temp=25; bath_temp=5; pullcast_speed=15.0; nitrogen=False; coupon_to_bath_wait_time=15; nips_bath_wait_time=1800; polymer_wt=17.0; additive_wt=0.0; cosolvent_type=none; nips_bath_solvent=none; nips_bath_solvent_wt_percent=0.0; Air Temp Mean=23.37; Humidity Mean=51.32; Coupon Temp Mean=23.17; Coupon Humidity Mean=54.56,,23.37,51.32,129.79174150164474,7.919470657938648,163.82243462678315,48.07517059200304,13.854966252629096,0.2607136821353635,0.5016334570389384,0.0352798900397127,72.22285065163898,1.6552839940302604,812.93156327504,38.61777438445146,0.0625755064118195,0.0041354671125682,0.4526608303137448,0.0322624870045642,0.5420954013710183,0.0346734747282954,0.6304737794001419,0.0323780194056518,,,0.0838190863673654,,,"mixing_temp=25; bath_temp=5; pullcast_speed=15.0; nitrogen=False; coupon_to_bath_wait_time=15; nips_bath_wait_time=1800; polymer_wt=17.0; additive_wt=0.0; cosolvent_type=none; nips_bath_solvent=none; nips_bath_solvent_wt_percent=0.0; Air Temp Mean=23.37; Humidity Mean=51.32; Coupon Temp Mean=23.17; Coupon Humidity Mean=54.56
Thickness: mean=129.79174150164474, SD=7.919470657938648; Elastic Modulus: mean=163.82243462678315, SD=48.07517059200304; Yield Strength: mean=13.854966252629096, SD=0.2607136821353635; Pore Fraction: mean=0.5016334570389384, SD=0.0352798900397127; Creep Strain: mean=0.0625755064118195, SD=0.0041354671125682; Strain at 50 bar: mean=0.4526608303137448, SD=0.0322624870045642","[17-0add-5deg-cosolv-none-bathSolv-none-0wt-15s-NoN2-1800s] Historical observation; chemistry=Polysulfone / PolarClean (inferred); campaign=2026-08-22-exploration-mode; sample_time=2026-08-31 23:27:05. mixing_temp=25; bath_temp=5; pullcast_speed=15.0; nitrogen=False; coupon_to_bath_wait_time=15; nips_bath_wait_time=1800; polymer_wt=17.0; additive_wt=0.0; cosolvent_type=none; nips_bath_solvent=none; nips_bath_solvent_wt_percent=0.0; Air Temp Mean=23.37; Humidity Mean=51.32; Coupon Temp Mean=23.17; Coupon Humidity Mean=54.56. Thickness: mean=129.79174150164474, SD=7.919470657938648; Elastic Modulus: mean=163.82243462678315, SD=48.07517059200304; Yield Strength: mean=13.854966252629096, SD=0.2607136821353635; Pore Fraction: mean=0.5016334570389384, SD=0.0352798900397127; Creep Strain: mean=0.0625755064118195, SD=0.0041354671125682; Strain at 50 bar: mean=0.4526608303137448, SD=0.0322624870045642. Modulus and yield strength units: bar; thickness: micrometers; pore fraction and strains: dimensionless. CV Mean=0.0838190863673654; Discarded Fit Quality Mean=unknown; Discarded Fit Reasons=unknown. unknown; aggregate SD is intra-sample, not independent synthesis validation. Pore fraction method: compression-curve changepoint estimate; dimensionless, not independent porosimetry. Historical parameters may be outside current bounds; use current bounds for suggestions.","- **Presence:** Membrane is visible — a pale white/grey coupon is seated within the aperture.

- **Vertical Coverage:** Membrane does not fully span the vertical extent; small gaps are visible at both the top and bottom edges where the aperture rim is exposed, indicating incomplete vertical coverage. This is a notable defect.

- **Uniformity:** The membrane body appears largely uniform in color and opacity, with no significant patchiness or dark spots across the central area.

- **Defects:** No wrinkles or trapped air bubbles are evident within the membrane material itself; surface texture is smooth and consistent.

- **Summary:** The membrane is present and internally uniform, but exhibits vertical coverage gaps at both the top and bottom aperture edges, representing a seating defect.",C:\Users\wang9\Documents\GitHub\NIPS-pipeline\data\results\begins_2026-08-22-exploration-mode\agg.csv,2026-08-22-exploration-mode,,,23.17,54.56,none,none,0.0,2026-09-01 00:45:43,17-0add-5deg-cosolv-none-bathSolv-none-0wt-15s-NoN2-1800s,2026-08-31 23:27:05,2026-08-31 23:27:05,raw specimen filename,17-0add-5deg-cosolv-none-bathSolv-none-0wt-15s-NoN2-1800s,Polysulfone / PolarClean (inferred),"unknown; aggregate SD is intra-sample, not independent synthesis validation","compression-curve changepoint estimate; dimensionless, not independent porosimetry","Pore Fraction mean=0.5016334570389384, SD=0.0352798900397127; compression-curve changepoint estimate; dimensionless, not independent porosimetry"
"2026-09-01
02:54:39",14p8-0add-17deg-cosolv-none-bathSolv-none-0wt-530s-N2-1425s,72,17,14.8,0.0,17.0,True,530,1425,mixing_temp=72; bath_temp=17; pullcast_speed=17.0; nitrogen=True; coupon_to_bath_wait_time=530; nips_bath_wait_time=1425; polymer_wt=14.8; additive_wt=0.0; cosolvent_type=none; nips_bath_solvent=none; nips_bath_solvent_wt_percent=0.0; Air Temp Mean=23.9; Humidity Mean=49.5; Coupon Temp Mean=23.25; Coupon Humidity Mean=55.23,,23.9,49.5,131.05935611754853,0.8354000235522779,181.4289921426588,10.63933067297016,22.268570858742507,2.8331459696481742,0.6468321812200022,0.0200770640510307,49.681161399930495,8.642203036105416,936.9410992696256,15.09136959862631,0.0591405333591064,0.0026683981984019,0.6062753525636743,0.0146463893315908,0.6805419344495203,0.0167075827890263,0.750926713021183,0.0161613967494641,,,0.0451484790177253,,,"mixing_temp=72; bath_temp=17; pullcast_speed=17.0; nitrogen=True; coupon_to_bath_wait_time=530; nips_bath_wait_time=1425; polymer_wt=14.8; additive_wt=0.0; cosolvent_type=none; nips_bath_solvent=none; nips_bath_solvent_wt_percent=0.0; Air Temp Mean=23.9; Humidity Mean=49.5; Coupon Temp Mean=23.25; Coupon Humidity Mean=55.23
Thickness: mean=131.05935611754853, SD=0.8354000235522779; Elastic Modulus: mean=181.4289921426588, SD=10.63933067297016; Yield Strength: mean=22.268570858742507, SD=2.8331459696481742; Pore Fraction: mean=0.6468321812200022, SD=0.0200770640510307; Creep Strain: mean=0.0591405333591064, SD=0.0026683981984019; Strain at 50 bar: mean=0.6062753525636743, SD=0.0146463893315908","[14p8-0add-17deg-cosolv-none-bathSolv-none-0wt-530s-N2-1425s] Historical observation; chemistry=Polysulfone / PolarClean (inferred); campaign=2026-08-22-exploration-mode; sample_time=2026-09-01 00:46:35. mixing_temp=72; bath_temp=17; pullcast_speed=17.0; nitrogen=True; coupon_to_bath_wait_time=530; nips_bath_wait_time=1425; polymer_wt=14.8; additive_wt=0.0; cosolvent_type=none; nips_bath_solvent=none; nips_bath_solvent_wt_percent=0.0; Air Temp Mean=23.9; Humidity Mean=49.5; Coupon Temp Mean=23.25; Coupon Humidity Mean=55.23. Thickness: mean=131.05935611754853, SD=0.8354000235522779; Elastic Modulus: mean=181.4289921426588, SD=10.63933067297016; Yield Strength: mean=22.268570858742507, SD=2.8331459696481742; Pore Fraction: mean=0.6468321812200022, SD=0.0200770640510307; Creep Strain: mean=0.0591405333591064, SD=0.0026683981984019; Strain at 50 bar: mean=0.6062753525636743, SD=0.0146463893315908. Modulus and yield strength units: bar; thickness: micrometers; pore fraction and strains: dimensionless. CV Mean=0.0451484790177253; Discarded Fit Quality Mean=unknown; Discarded Fit Reasons=unknown. unknown; aggregate SD is intra-sample, not independent synthesis validation. Pore fraction method: compression-curve changepoint estimate; dimensionless, not independent porosimetry. Historical parameters may be outside current bounds; use current bounds for suggestions.","- **Presence:** Membrane is visible and seated within the aperture.
- **Vertical Coverage:** Membrane spans the full top-to-bottom extent of the aperture with no gaps at the top or bottom edges. ✓
- **Uniformity:** Surface is predominantly uniform white/pale throughout; one very small blue pinpoint mark is visible near center, otherwise consistent opacity and color.
- **Defects:** No wrinkles or trapped air bubbles detected within the membrane material itself. Bright arcs visible on the right rim are rim-edge lighting artifacts, not membrane defects.
- **Summary:** Membrane is fully seated vertically, visually uniform, and defect-free aside from a single minor pinpoint mark near center.",C:\Users\wang9\Documents\GitHub\NIPS-pipeline\data\results\begins_2026-08-22-exploration-mode\agg.csv,2026-08-22-exploration-mode,,,23.25,55.23,none,none,0.0,2026-09-01 02:54:39,14p8-0add-17deg-cosolv-none-bathSolv-none-0wt-530s-N2-1425s,2026-09-01 00:46:35,2026-09-01 00:46:35,raw specimen filename,14p8-0add-17deg-cosolv-none-bathSolv-none-0wt-530s-N2-1425s,Polysulfone / PolarClean (inferred),"unknown; aggregate SD is intra-sample, not independent synthesis validation","compression-curve changepoint estimate; dimensionless, not independent porosimetry","Pore Fraction mean=0.6468321812200022, SD=0.0200770640510307; compression-curve changepoint estimate; dimensionless, not independent porosimetry"
"2026-09-01
04:50:06",16p8-0add-23deg-cosolv-none-bathSolv-none-0wt-50s-NoN2-1200s,42,23,16.8,0.0,10.0,False,50,1200,mixing_temp=42; bath_temp=23; pullcast_speed=10.0; nitrogen=False; coupon_to_bath_wait_time=50; nips_bath_wait_time=1200; polymer_wt=16.8; additive_wt=0.0; cosolvent_type=none; nips_bath_solvent=none; nips_bath_solvent_wt_percent=0.0; Air Temp Mean=23.62; Humidity Mean=52.18; Coupon Temp Mean=23.55; Coupon Humidity Mean=57.17,,23.62,52.18,118.53490841335125,1.5514363993595166,180.34689627006108,39.8679149792741,15.555513527679636,0.2491777850832206,0.5064447573346191,0.0102270590083786,68.36680112344877,3.6760346018894414,762.0474026043639,17.877314807609967,0.0704578088178987,0.0034772498522619,0.4529276947696401,0.0125290084181523,0.5488643805990949,0.0126923298705135,0.6431078914214885,0.0103840911439246,,,0.0312749070093913,,,"mixing_temp=42; bath_temp=23; pullcast_speed=10.0; nitrogen=False; coupon_to_bath_wait_time=50; nips_bath_wait_time=1200; polymer_wt=16.8; additive_wt=0.0; cosolvent_type=none; nips_bath_solvent=none; nips_bath_solvent_wt_percent=0.0; Air Temp Mean=23.62; Humidity Mean=52.18; Coupon Temp Mean=23.55; Coupon Humidity Mean=57.17
Thickness: mean=118.53490841335125, SD=1.5514363993595166; Elastic Modulus: mean=180.34689627006108, SD=39.8679149792741; Yield Strength: mean=15.555513527679636, SD=0.2491777850832206; Pore Fraction: mean=0.5064447573346191, SD=0.0102270590083786; Creep Strain: mean=0.0704578088178987, SD=0.0034772498522619; Strain at 50 bar: mean=0.4529276947696401, SD=0.0125290084181523","[16p8-0add-23deg-cosolv-none-bathSolv-none-0wt-50s-NoN2-1200s] Historical observation; chemistry=Polysulfone / PolarClean (inferred); campaign=2026-08-22-exploration-mode; sample_time=2026-09-01 02:55:37. mixing_temp=42; bath_temp=23; pullcast_speed=10.0; nitrogen=False; coupon_to_bath_wait_time=50; nips_bath_wait_time=1200; polymer_wt=16.8; additive_wt=0.0; cosolvent_type=none; nips_bath_solvent=none; nips_bath_solvent_wt_percent=0.0; Air Temp Mean=23.62; Humidity Mean=52.18; Coupon Temp Mean=23.55; Coupon Humidity Mean=57.17. Thickness: mean=118.53490841335125, SD=1.5514363993595166; Elastic Modulus: mean=180.34689627006108, SD=39.8679149792741; Yield Strength: mean=15.555513527679636, SD=0.2491777850832206; Pore Fraction: mean=0.5064447573346191, SD=0.0102270590083786; Creep Strain: mean=0.0704578088178987, SD=0.0034772498522619; Strain at 50 bar: mean=0.4529276947696401, SD=0.0125290084181523. Modulus and yield strength units: bar; thickness: micrometers; pore fraction and strains: dimensionless. CV Mean=0.0312749070093913; Discarded Fit Quality Mean=unknown; Discarded Fit Reasons=unknown. unknown; aggregate SD is intra-sample, not independent synthesis validation. Pore fraction method: compression-curve changepoint estimate; dimensionless, not independent porosimetry. Historical parameters may be outside current bounds; use current bounds for suggestions.","- **Presence:** Membrane is visible — a pale white/grey sheet occupies the aperture.
- **Vertical Coverage:** Membrane spans the full top-to-bottom extent of the aperture with no gap at either the top or bottom edge. ✓
- **Uniformity:** Largely uniform in color and opacity across the central area; slight tonal gradient toward edges but no obvious patchiness or dark spots.
- **Defects:** A distinct diagonal crease/fold is visible within the membrane material itself, running from upper-center toward the lower-right — this is a genuine wrinkle in the membrane sheet, not a lighting artifact.
- **Summary:** Membrane is present with full vertical coverage, but a clear diagonal wrinkle within the membrane material represents a notable structural defect.",C:\Users\wang9\Documents\GitHub\NIPS-pipeline\data\results\begins_2026-08-22-exploration-mode\agg.csv,2026-08-22-exploration-mode,,,23.55,57.17,none,none,0.0,2026-09-01 04:50:06,16p8-0add-23deg-cosolv-none-bathSolv-none-0wt-50s-NoN2-1200s,2026-09-01 02:55:37,2026-09-01 02:55:37,raw specimen filename,16p8-0add-23deg-cosolv-none-bathSolv-none-0wt-50s-NoN2-1200s,Polysulfone / PolarClean (inferred),"unknown; aggregate SD is intra-sample, not independent synthesis validation","compression-curve changepoint estimate; dimensionless, not independent porosimetry","Pore Fraction mean=0.5064447573346191, SD=0.0102270590083786; compression-curve changepoint estimate; dimensionless, not independent porosimetry"
"2026-09-01
15:36:49",17-0add-5deg-cosolv-none-bathSolv-none-0wt-600s-N2-1800s,25,5,17.0,0.0,6.5,True,600,1800,mixing_temp=25; bath_temp=5; pullcast_speed=6.5; nitrogen=True; coupon_to_bath_wait_time=600; nips_bath_wait_time=1800; polymer_wt=17.0; additive_wt=0.0; cosolvent_type=none; nips_bath_solvent=none; nips_bath_solvent_wt_percent=0.0; Air Temp Mean=23.84; Humidity Mean=49.72; Coupon Temp Mean=23.76; Coupon Humidity Mean=47.580000000000005,,23.84,49.72,128.95941855100708,2.8502037470417325,285.30339100276933,45.12826301639889,34.26874600758957,2.7434859396638807,0.3994899676544612,0.0185150213122893,163.28057827728688,3.8492584155775806,511.7838950108708,45.428576162824776,0.1308290584330547,0.0170734649715647,0.2182161019509096,0.0248019881189766,0.3751812815349879,0.0259019054361182,0.5376739977968158,0.0318642734083571,,,0.0972163770525113,54.0,1 failed due to yield point (bp1) likely misplaced,"mixing_temp=25; bath_temp=5; pullcast_speed=6.5; nitrogen=True; coupon_to_bath_wait_time=600; nips_bath_wait_time=1800; polymer_wt=17.0; additive_wt=0.0; cosolvent_type=none; nips_bath_solvent=none; nips_bath_solvent_wt_percent=0.0; Air Temp Mean=23.84; Humidity Mean=49.72; Coupon Temp Mean=23.76; Coupon Humidity Mean=47.580000000000005
Thickness: mean=128.95941855100708, SD=2.8502037470417325; Elastic Modulus: mean=285.30339100276933, SD=45.12826301639889; Yield Strength: mean=34.26874600758957, SD=2.7434859396638807; Pore Fraction: mean=0.3994899676544612, SD=0.0185150213122893; Creep Strain: mean=0.1308290584330547, SD=0.0170734649715647; Strain at 50 bar: mean=0.2182161019509096, SD=0.0248019881189766","[17-0add-5deg-cosolv-none-bathSolv-none-0wt-600s-N2-1800s] Historical observation; chemistry=Polysulfone / PolarClean (inferred); campaign=2026-08-22-exploration-mode; sample_time=2026-09-01 14:15:56. mixing_temp=25; bath_temp=5; pullcast_speed=6.5; nitrogen=True; coupon_to_bath_wait_time=600; nips_bath_wait_time=1800; polymer_wt=17.0; additive_wt=0.0; cosolvent_type=none; nips_bath_solvent=none; nips_bath_solvent_wt_percent=0.0; Air Temp Mean=23.84; Humidity Mean=49.72; Coupon Temp Mean=23.76; Coupon Humidity Mean=47.580000000000005. Thickness: mean=128.95941855100708, SD=2.8502037470417325; Elastic Modulus: mean=285.30339100276933, SD=45.12826301639889; Yield Strength: mean=34.26874600758957, SD=2.7434859396638807; Pore Fraction: mean=0.3994899676544612, SD=0.0185150213122893; Creep Strain: mean=0.1308290584330547, SD=0.0170734649715647; Strain at 50 bar: mean=0.2182161019509096, SD=0.0248019881189766. Modulus and yield strength units: bar; thickness: micrometers; pore fraction and strains: dimensionless. CV Mean=0.0972163770525113; Discarded Fit Quality Mean=54.0; Discarded Fit Reasons=1 failed due to yield point (bp1) likely misplaced. unknown; aggregate SD is intra-sample, not independent synthesis validation. Pore fraction method: compression-curve changepoint estimate; dimensionless, not independent porosimetry. Historical parameters may be outside current bounds; use current bounds for suggestions.","**Presence:** A membrane (pale white sheet) is visible within the aperture.

**Vertical Coverage:** The membrane does not reach the top edge of the aperture — a clear gap is present at the top, indicating incomplete vertical coverage. The bottom edge appears adequately seated.

**Uniformity:** The membrane interior appears largely uniform in color and opacity with no obvious patchiness or dark spots.

**Defects:** No wrinkles or trapped air bubbles are detected within the membrane material itself; shadowed curves at the boundaries are rim/lighting artifacts.

**Summary:** The membrane is present and internally uniform, but exhibits a notable top-edge vertical gap that constitutes a coverage defect.",C:\Users\wang9\Documents\GitHub\NIPS-pipeline\data\results\begins_2026-08-22-exploration-mode\agg.csv,2026-08-22-exploration-mode,,,23.76,47.580000000000005,none,none,0.0,2026-09-01 15:36:49,17-0add-5deg-cosolv-none-bathSolv-none-0wt-600s-N2-1800s,2026-09-01 14:15:56,2026-09-01 14:15:56,raw specimen filename,17-0add-5deg-cosolv-none-bathSolv-none-0wt-600s-N2-1800s_postDiscard,Polysulfone / PolarClean (inferred),"unknown; aggregate SD is intra-sample, not independent synthesis validation","compression-curve changepoint estimate; dimensionless, not independent porosimetry","Pore Fraction mean=0.3994899676544612, SD=0.0185150213122893; compression-curve changepoint estimate; dimensionless, not independent porosimetry"
"2026-09-01
17:47:45",13p2-0add-6deg-cosolv-none-bathSolv-none-0wt-480s-NoN2-1500s,68,6,13.2,0.0,19.5,False,480,1500,mixing_temp=68; bath_temp=6; pullcast_speed=19.5; nitrogen=False; coupon_to_bath_wait_time=480; nips_bath_wait_time=1500; polymer_wt=13.2; additive_wt=0.0; cosolvent_type=none; nips_bath_solvent=none; nips_bath_solvent_wt_percent=0.0; Air Temp Mean=unknown; Humidity Mean=unknown; Coupon Temp Mean=unknown; Coupon Humidity Mean=unknown,,unknown,unknown,92.84729862499432,10.31166900313815,,,,,,,,,,,,,0.5170213125190326,0.0390857722964131,,,,,,,,42.75,"4 failed due to plateau slope >= elastic modulus, no real transition","mixing_temp=68; bath_temp=6; pullcast_speed=19.5; nitrogen=False; coupon_to_bath_wait_time=480; nips_bath_wait_time=1500; polymer_wt=13.2; additive_wt=0.0; cosolvent_type=none; nips_bath_solvent=none; nips_bath_solvent_wt_percent=0.0; Air Temp Mean=unknown; Humidity Mean=unknown; Coupon Temp Mean=unknown; Coupon Humidity Mean=unknown
Thickness: mean=92.84729862499432, SD=10.31166900313815; Elastic Modulus: mean=unknown, SD=unknown; Yield Strength: mean=unknown, SD=unknown; Pore Fraction: mean=unknown, SD=unknown; Creep Strain: mean=unknown, SD=unknown; Strain at 50 bar: mean=0.5170213125190326, SD=0.0390857722964131","[13p2-0add-6deg-cosolv-none-bathSolv-none-0wt-480s-NoN2-1500s] Historical observation; chemistry=Polysulfone / PolarClean (inferred); campaign=2026-08-22-exploration-mode; sample_time=2026-09-01 15:37:54. mixing_temp=68; bath_temp=6; pullcast_speed=19.5; nitrogen=False; coupon_to_bath_wait_time=480; nips_bath_wait_time=1500; polymer_wt=13.2; additive_wt=0.0; cosolvent_type=none; nips_bath_solvent=none; nips_bath_solvent_wt_percent=0.0; Air Temp Mean=unknown; Humidity Mean=unknown; Coupon Temp Mean=unknown; Coupon Humidity Mean=unknown. Thickness: mean=92.84729862499432, SD=10.31166900313815; Elastic Modulus: mean=unknown, SD=unknown; Yield Strength: mean=unknown, SD=unknown; Pore Fraction: mean=unknown, SD=unknown; Creep Strain: mean=unknown, SD=unknown; Strain at 50 bar: mean=0.5170213125190326, SD=0.0390857722964131. Modulus and yield strength units: bar; thickness: micrometers; pore fraction and strains: dimensionless. CV Mean=unknown; Discarded Fit Quality Mean=42.75; Discarded Fit Reasons=4 failed due to plateau slope >= elastic modulus, no real transition. unknown; aggregate SD is intra-sample, not independent synthesis validation. Pore fraction method: compression-curve changepoint estimate; dimensionless, not independent porosimetry. Historical parameters may be outside current bounds; use current bounds for suggestions.","- **Presence:** Membrane is visible as a pale grey/white sheet within the circular aperture.

- **Vertical Coverage:** Membrane spans the full top-to-bottom extent of the aperture with no gaps at the top or bottom edges. ✓

- **Uniformity:** Moderate non-uniformity present — the membrane shows streaky, variable opacity with lighter and darker grey regions distributed across the surface, suggesting uneven thickness or density.

- **Defects:** Several broad, low-relief undulations are visible within the membrane material itself, consistent with mild wrinkling or surface waviness; no trapped air bubbles detected.

- **Summary:** Membrane is present with full vertical coverage but exhibits notable streaky non-uniformity and mild wrinkling across its surface.",C:\Users\wang9\Documents\GitHub\NIPS-pipeline\data\results\begins_2026-08-22-exploration-mode\agg.csv,2026-08-22-exploration-mode,,,unknown,unknown,none,none,0.0,2026-09-01 17:47:45,13p2-0add-6deg-cosolv-none-bathSolv-none-0wt-480s-NoN2-1500s,2026-09-01 15:37:54,2026-09-01 15:37:54,raw specimen filename,13p2-0add-6deg-cosolv-none-bathSolv-none-0wt-480s-NoN2-1500s_postDiscard,Polysulfone / PolarClean (inferred),"unknown; aggregate SD is intra-sample, not independent synthesis validation","compression-curve changepoint estimate; dimensionless, not independent porosimetry","Pore Fraction mean=unknown, SD=unknown; compression-curve changepoint estimate; dimensionless, not independent porosimetry"
"2026-09-01
21:05:00",16-0add-25deg-cosolv-none-bathSolv-none-0wt-0s-N2-1800s,25,25,16.0,0.0,20.0,True,0,1800,mixing_temp=25; bath_temp=25; pullcast_speed=20.0; nitrogen=True; coupon_to_bath_wait_time=0; nips_bath_wait_time=1800; polymer_wt=16.0; additive_wt=0.0; cosolvent_type=none; nips_bath_solvent=none; nips_bath_solvent_wt_percent=0.0; Air Temp Mean=23.99; Humidity Mean=51.42; Coupon Temp Mean=24.11; Coupon Humidity Mean=46.85,,23.99,51.42,128.85901185354933,2.744708451760058,122.0816837468318,5.109905567215136,10.870502888056048,0.2869080918540165,0.5174825872995483,0.0054771771064885,55.05235221208149,1.3062040762013234,802.482687853603,21.61129821204783,0.0524769383116414,0.0023372643157422,0.4901836201331663,0.0047465652441491,0.570917014520584,0.0040573871634888,0.6583495479398698,0.0040507469869303,,,0.0124738472762458,,,"mixing_temp=25; bath_temp=25; pullcast_speed=20.0; nitrogen=True; coupon_to_bath_wait_time=0; nips_bath_wait_time=1800; polymer_wt=16.0; additive_wt=0.0; cosolvent_type=none; nips_bath_solvent=none; nips_bath_solvent_wt_percent=0.0; Air Temp Mean=23.99; Humidity Mean=51.42; Coupon Temp Mean=24.11; Coupon Humidity Mean=46.85
Thickness: mean=128.85901185354933, SD=2.744708451760058; Elastic Modulus: mean=122.0816837468318, SD=5.109905567215136; Yield Strength: mean=10.870502888056048, SD=0.2869080918540165; Pore Fraction: mean=0.5174825872995483, SD=0.0054771771064885; Creep Strain: mean=0.0524769383116414, SD=0.0023372643157422; Strain at 50 bar: mean=0.4901836201331663, SD=0.0047465652441491","[16-0add-25deg-cosolv-none-bathSolv-none-0wt-0s-N2-1800s] Historical observation; chemistry=Polysulfone / PolarClean (inferred); campaign=2026-08-22-exploration-mode; sample_time=2026-09-01 17:48:47. mixing_temp=25; bath_temp=25; pullcast_speed=20.0; nitrogen=True; coupon_to_bath_wait_time=0; nips_bath_wait_time=1800; polymer_wt=16.0; additive_wt=0.0; cosolvent_type=none; nips_bath_solvent=none; nips_bath_solvent_wt_percent=0.0; Air Temp Mean=23.99; Humidity Mean=51.42; Coupon Temp Mean=24.11; Coupon Humidity Mean=46.85. Thickness: mean=128.85901185354933, SD=2.744708451760058; Elastic Modulus: mean=122.0816837468318, SD=5.109905567215136; Yield Strength: mean=10.870502888056048, SD=0.2869080918540165; Pore Fraction: mean=0.5174825872995483, SD=0.0054771771064885; Creep Strain: mean=0.0524769383116414, SD=0.0023372643157422; Strain at 50 bar: mean=0.4901836201331663, SD=0.0047465652441491. Modulus and yield strength units: bar; thickness: micrometers; pore fraction and strains: dimensionless. CV Mean=0.0124738472762458; Discarded Fit Quality Mean=unknown; Discarded Fit Reasons=unknown. unknown; aggregate SD is intra-sample, not independent synthesis validation. Pore fraction method: compression-curve changepoint estimate; dimensionless, not independent porosimetry. Historical parameters may be outside current bounds; use current bounds for suggestions.","- **Presence:** Membrane is visible — a pale white/opaque sheet is present within the aperture.

- **Vertical Coverage:** The membrane does not fully span the vertical extent; a gap is visible at the top edge where the aperture is exposed, indicating incomplete top coverage. The bottom edge appears adequately seated.

- **Uniformity:** The bulk of the membrane body appears reasonably uniform in opacity, though there is slight tonal variation near the upper-left region.

- **Defects:** A distinct raised wrinkle/fold is visible within the membrane material on the left-center area, along with what appear to be small creases or fold lines nearby — these are genuine membrane-surface defects.

- **Summary:** The membrane shows a top-edge vertical gap and a prominent wrinkle/fold defect within the membrane material itself.",C:\Users\wang9\Documents\GitHub\NIPS-pipeline\data\results\begins_2026-08-22-exploration-mode\agg.csv,2026-08-22-exploration-mode,,,24.11,46.85,none,none,0.0,2026-09-01 21:05:00,16-0add-25deg-cosolv-none-bathSolv-none-0wt-0s-N2-1800s,2026-09-01 17:48:47,2026-09-01 17:48:47,raw specimen filename,16-0add-25deg-cosolv-none-bathSolv-none-0wt-0s-N2-1800s,Polysulfone / PolarClean (inferred),"unknown; aggregate SD is intra-sample, not independent synthesis validation","compression-curve changepoint estimate; dimensionless, not independent porosimetry","Pore Fraction mean=0.5174825872995483, SD=0.0054771771064885; compression-curve changepoint estimate; dimensionless, not independent porosimetry"
"2026-09-01
23:18:03",15p3-0add-9deg-cosolv-none-bathSolv-none-0wt-560s-NoN2-1630s,53,9,15.3,0.0,2.5,False,560,1630,mixing_temp=53; bath_temp=9; pullcast_speed=2.5; nitrogen=False; coupon_to_bath_wait_time=560; nips_bath_wait_time=1630; polymer_wt=15.3; additive_wt=0.0; cosolvent_type=none; nips_bath_solvent=none; nips_bath_solvent_wt_percent=0.0; Air Temp Mean=24.04; Humidity Mean=50.41; Coupon Temp Mean=23.87; Coupon Humidity Mean=53.99,,24.04,50.41,172.9806104052132,3.473962499583636,259.0817072431835,61.28365089320044,15.692441572557351,0.5321995384991062,0.5213943102965217,0.0190500365371655,34.56548357818155,2.853391463510118,1030.0937320467372,24.293245652112173,0.0692056201579356,0.0022775013649312,0.5022981396212451,0.0151520268065725,0.5671155467121366,0.0164003535044887,0.6318576032630727,0.0173075532236028,,,0.0394087097915586,,,"mixing_temp=53; bath_temp=9; pullcast_speed=2.5; nitrogen=False; coupon_to_bath_wait_time=560; nips_bath_wait_time=1630; polymer_wt=15.3; additive_wt=0.0; cosolvent_type=none; nips_bath_solvent=none; nips_bath_solvent_wt_percent=0.0; Air Temp Mean=24.04; Humidity Mean=50.41; Coupon Temp Mean=23.87; Coupon Humidity Mean=53.99
Thickness: mean=172.9806104052132, SD=3.473962499583636; Elastic Modulus: mean=259.0817072431835, SD=61.28365089320044; Yield Strength: mean=15.692441572557351, SD=0.5321995384991062; Pore Fraction: mean=0.5213943102965217, SD=0.0190500365371655; Creep Strain: mean=0.0692056201579356, SD=0.0022775013649312; Strain at 50 bar: mean=0.5022981396212451, SD=0.0151520268065725","[15p3-0add-9deg-cosolv-none-bathSolv-none-0wt-560s-NoN2-1630s] Historical observation; chemistry=Polysulfone / PolarClean (inferred); campaign=2026-08-22-exploration-mode; sample_time=2026-09-01 21:06:06. mixing_temp=53; bath_temp=9; pullcast_speed=2.5; nitrogen=False; coupon_to_bath_wait_time=560; nips_bath_wait_time=1630; polymer_wt=15.3; additive_wt=0.0; cosolvent_type=none; nips_bath_solvent=none; nips_bath_solvent_wt_percent=0.0; Air Temp Mean=24.04; Humidity Mean=50.41; Coupon Temp Mean=23.87; Coupon Humidity Mean=53.99. Thickness: mean=172.9806104052132, SD=3.473962499583636; Elastic Modulus: mean=259.0817072431835, SD=61.28365089320044; Yield Strength: mean=15.692441572557351, SD=0.5321995384991062; Pore Fraction: mean=0.5213943102965217, SD=0.0190500365371655; Creep Strain: mean=0.0692056201579356, SD=0.0022775013649312; Strain at 50 bar: mean=0.5022981396212451, SD=0.0151520268065725. Modulus and yield strength units: bar; thickness: micrometers; pore fraction and strains: dimensionless. CV Mean=0.0394087097915586; Discarded Fit Quality Mean=unknown; Discarded Fit Reasons=unknown. unknown; aggregate SD is intra-sample, not independent synthesis validation. Pore fraction method: compression-curve changepoint estimate; dimensionless, not independent porosimetry. Historical parameters may be outside current bounds; use current bounds for suggestions.","- **Presence:** Membrane is visible — a pale grey/white sheet occupies the aperture.

- **Vertical Coverage:** Full top-to-bottom coverage is present; the membrane reaches both the top and bottom edges of the aperture with no gap.

- **Uniformity:** The membrane is largely uniform in color and opacity across its surface, with only very subtle, gradual tonal variation — no distinct dark spots or patchy regions.

- **Defects:** No wrinkles or trapped air bubbles are detected within the membrane material itself; the curved bright feature at the upper-right is a rim/boundary lighting artifact, not a membrane fold.

- **Summary:** The membrane coupon appears well-seated with complete vertical coverage, good uniformity, and no observable structural defects.",C:\Users\wang9\Documents\GitHub\NIPS-pipeline\data\results\begins_2026-08-22-exploration-mode\agg.csv,2026-08-22-exploration-mode,,,23.87,53.99,none,none,0.0,2026-09-01 23:18:03,15p3-0add-9deg-cosolv-none-bathSolv-none-0wt-560s-NoN2-1630s,2026-09-01 21:06:06,2026-09-01 21:06:06,raw specimen filename,15p3-0add-9deg-cosolv-none-bathSolv-none-0wt-560s-NoN2-1630s,Polysulfone / PolarClean (inferred),"unknown; aggregate SD is intra-sample, not independent synthesis validation","compression-curve changepoint estimate; dimensionless, not independent porosimetry","Pore Fraction mean=0.5213943102965217, SD=0.0190500365371655; compression-curve changepoint estimate; dimensionless, not independent porosimetry"
"2026-09-02
01:13:09",13p7-0add-11deg-cosolv-none-bathSolv-none-0wt-0s-N2-1200s,25,11,13.7,0.0,20.0,True,0,1200,mixing_temp=25; bath_temp=11; pullcast_speed=20.0; nitrogen=True; coupon_to_bath_wait_time=0; nips_bath_wait_time=1200; polymer_wt=13.7; additive_wt=0.0; cosolvent_type=none; nips_bath_solvent=none; nips_bath_solvent_wt_percent=0.0; Air Temp Mean=24.36; Humidity Mean=49.23; Coupon Temp Mean=23.99; Coupon Humidity Mean=46.33,,24.36,49.23,118.41008555273524,2.190223272700957,57.37684385922955,6.42100315214881,5.367770054614667,0.2967031184929118,0.5900739553090036,0.0057999950038011,39.01446560769023,7.989327010094605,891.8261528056654,9.442283808598518,0.0536265689078768,0.0008630419231646,0.6260256848220793,0.0350630120967673,0.6509629393053106,0.0093887276182534,0.7256690922042496,0.0087105744595253,,,0.0247618067606188,65.0,1 failed due to poor full-plateau fit; 1 failed due to elastic/plateau junction mismatch,"mixing_temp=25; bath_temp=11; pullcast_speed=20.0; nitrogen=True; coupon_to_bath_wait_time=0; nips_bath_wait_time=1200; polymer_wt=13.7; additive_wt=0.0; cosolvent_type=none; nips_bath_solvent=none; nips_bath_solvent_wt_percent=0.0; Air Temp Mean=24.36; Humidity Mean=49.23; Coupon Temp Mean=23.99; Coupon Humidity Mean=46.33
Thickness: mean=118.41008555273524, SD=2.190223272700957; Elastic Modulus: mean=57.37684385922955, SD=6.42100315214881; Yield Strength: mean=5.367770054614667, SD=0.2967031184929118; Pore Fraction: mean=0.5900739553090036, SD=0.0057999950038011; Creep Strain: mean=0.0536265689078768, SD=0.0008630419231646; Strain at 50 bar: mean=0.6260256848220793, SD=0.0350630120967673","[13p7-0add-11deg-cosolv-none-bathSolv-none-0wt-0s-N2-1200s] Historical observation; chemistry=Polysulfone / PolarClean (inferred); campaign=2026-08-22-exploration-mode; sample_time=2026-09-01 23:19:07. mixing_temp=25; bath_temp=11; pullcast_speed=20.0; nitrogen=True; coupon_to_bath_wait_time=0; nips_bath_wait_time=1200; polymer_wt=13.7; additive_wt=0.0; cosolvent_type=none; nips_bath_solvent=none; nips_bath_solvent_wt_percent=0.0; Air Temp Mean=24.36; Humidity Mean=49.23; Coupon Temp Mean=23.99; Coupon Humidity Mean=46.33. Thickness: mean=118.41008555273524, SD=2.190223272700957; Elastic Modulus: mean=57.37684385922955, SD=6.42100315214881; Yield Strength: mean=5.367770054614667, SD=0.2967031184929118; Pore Fraction: mean=0.5900739553090036, SD=0.0057999950038011; Creep Strain: mean=0.0536265689078768, SD=0.0008630419231646; Strain at 50 bar: mean=0.6260256848220793, SD=0.0350630120967673. Modulus and yield strength units: bar; thickness: micrometers; pore fraction and strains: dimensionless. CV Mean=0.0247618067606188; Discarded Fit Quality Mean=65.0; Discarded Fit Reasons=1 failed due to poor full-plateau fit; 1 failed due to elastic/plateau junction mismatch. unknown; aggregate SD is intra-sample, not independent synthesis validation. Pore fraction method: compression-curve changepoint estimate; dimensionless, not independent porosimetry. Historical parameters may be outside current bounds; use current bounds for suggestions.","- **Presence**: Membrane is visible — a pale white sheet occupies the aperture.

- **Vertical Coverage**: The membrane spans the full top-to-bottom extent of the aperture with no gap at the top or bottom edge. ✓

- **Uniformity**: The membrane is largely uniform in color and opacity across its central area, with a slight tonal gradient toward the upper portion but no obvious patchiness or dark spots.

- **Defects**: A distinct diagonal fold/wrinkle is visible within the membrane material itself on the upper-right region, running from roughly the top-center toward the right edge — this is a genuine membrane defect.

- **Summary**: Membrane is present with full vertical coverage, but a clear diagonal fold within the membrane material is a notable fabrication defect.",C:\Users\wang9\Documents\GitHub\NIPS-pipeline\data\results\begins_2026-08-22-exploration-mode\agg.csv,2026-08-22-exploration-mode,,,23.99,46.33,none,none,0.0,2026-09-02 01:13:09,13p7-0add-11deg-cosolv-none-bathSolv-none-0wt-0s-N2-1200s,2026-09-01 23:19:07,2026-09-01 23:19:07,raw specimen filename,13p7-0add-11deg-cosolv-none-bathSolv-none-0wt-0s-N2-1200s_postDiscard,Polysulfone / PolarClean (inferred),"unknown; aggregate SD is intra-sample, not independent synthesis validation","compression-curve changepoint estimate; dimensionless, not independent porosimetry","Pore Fraction mean=0.5900739553090036, SD=0.0057999950038011; compression-curve changepoint estimate; dimensionless, not independent porosimetry"
"2026-09-04
18:50:34",17-0add-14deg-cosolv-none-bathSolv-none-0wt-250s-NoN2-1480s,25,14,17.0,0.0,7.0,False,250,1480,mixing_temp=25; bath_temp=14; pullcast_speed=7.0; nitrogen=False; coupon_to_bath_wait_time=250; nips_bath_wait_time=1480; polymer_wt=17.0; additive_wt=0.0; cosolvent_type=none; nips_bath_solvent=none; nips_bath_solvent_wt_percent=0.0; Air Temp Mean=24.62; Humidity Mean=48.33; Coupon Temp Mean=24.55; Coupon Humidity Mean=51.5,,24.62,48.33,149.61582562490054,2.630302158632326,297.4386060145594,20.543130316997058,24.439650761059287,0.8685051657372773,0.5088910339008296,0.0123377924064969,47.42676616780192,1.9293004380158136,845.4398022773321,21.03482894774684,0.0751241222863515,0.0047322095101891,0.4538254394497583,0.0089715063559692,0.5467689856842097,0.0095761417730031,0.629965634224851,0.0084560615643269,,,0.0285710012313355,,,"mixing_temp=25; bath_temp=14; pullcast_speed=7.0; nitrogen=False; coupon_to_bath_wait_time=250; nips_bath_wait_time=1480; polymer_wt=17.0; additive_wt=0.0; cosolvent_type=none; nips_bath_solvent=none; nips_bath_solvent_wt_percent=0.0; Air Temp Mean=24.62; Humidity Mean=48.33; Coupon Temp Mean=24.55; Coupon Humidity Mean=51.5
Thickness: mean=149.61582562490054, SD=2.630302158632326; Elastic Modulus: mean=297.4386060145594, SD=20.543130316997058; Yield Strength: mean=24.439650761059287, SD=0.8685051657372773; Pore Fraction: mean=0.5088910339008296, SD=0.0123377924064969; Creep Strain: mean=0.0751241222863515, SD=0.0047322095101891; Strain at 50 bar: mean=0.4538254394497583, SD=0.0089715063559692","[17-0add-14deg-cosolv-none-bathSolv-none-0wt-250s-NoN2-1480s] Historical observation; chemistry=Polysulfone / PolarClean (inferred); campaign=2026-08-22-exploration-mode; sample_time=2026-09-04 17:37:15. mixing_temp=25; bath_temp=14; pullcast_speed=7.0; nitrogen=False; coupon_to_bath_wait_time=250; nips_bath_wait_time=1480; polymer_wt=17.0; additive_wt=0.0; cosolvent_type=none; nips_bath_solvent=none; nips_bath_solvent_wt_percent=0.0; Air Temp Mean=24.62; Humidity Mean=48.33; Coupon Temp Mean=24.55; Coupon Humidity Mean=51.5. Thickness: mean=149.61582562490054, SD=2.630302158632326; Elastic Modulus: mean=297.4386060145594, SD=20.543130316997058; Yield Strength: mean=24.439650761059287, SD=0.8685051657372773; Pore Fraction: mean=0.5088910339008296, SD=0.0123377924064969; Creep Strain: mean=0.0751241222863515, SD=0.0047322095101891; Strain at 50 bar: mean=0.4538254394497583, SD=0.0089715063559692. Modulus and yield strength units: bar; thickness: micrometers; pore fraction and strains: dimensionless. CV Mean=0.0285710012313355; Discarded Fit Quality Mean=unknown; Discarded Fit Reasons=unknown. unknown; aggregate SD is intra-sample, not independent synthesis validation. Pore fraction method: compression-curve changepoint estimate; dimensionless, not independent porosimetry. Historical parameters may be outside current bounds; use current bounds for suggestions.","- **Presence:** Membrane is visible as a pale white sheet within the aperture.
- **Vertical Coverage:** The membrane does not reach the bottom edge of the aperture — a clear gap is present at the lower boundary, indicating incomplete vertical coverage. Top edge appears adequately seated.
- **Uniformity:** The membrane interior appears uniformly bright white with no patchiness, dark spots, or obvious thickness variation.
- **Defects:** No wrinkles or trapped air bubbles are detected within the membrane material itself; curved shadows at the boundaries are rim/lighting artifacts.
- **Summary:** The membrane is present and internally uniform, but exhibits a notable vertical coverage gap at the bottom edge of the aperture, which is a real defect requiring attention.",C:\Users\wang9\Documents\GitHub\NIPS-pipeline\data\results\begins_2026-08-22-exploration-mode\agg.csv,2026-08-22-exploration-mode,,,24.55,51.5,none,none,0.0,2026-09-04 18:50:34,17-0add-14deg-cosolv-none-bathSolv-none-0wt-250s-NoN2-1480s,2026-09-04 17:37:15,2026-09-04 17:37:15,raw specimen filename,17-0add-14deg-cosolv-none-bathSolv-none-0wt-250s-NoN2-1480s,Polysulfone / PolarClean (inferred),"unknown; aggregate SD is intra-sample, not independent synthesis validation","compression-curve changepoint estimate; dimensionless, not independent porosimetry","Pore Fraction mean=0.5088910339008296, SD=0.0123377924064969; compression-curve changepoint estimate; dimensionless, not independent porosimetry"
"2026-09-04
20:56:28",14p3-0add-16deg-cosolv-none-bathSolv-none-0wt-100s-NoN2-1550s,77,16,14.3,0.0,1.0,False,100,1550,mixing_temp=77; bath_temp=16; pullcast_speed=1.0; nitrogen=False; coupon_to_bath_wait_time=100; nips_bath_wait_time=1550; polymer_wt=14.3; additive_wt=0.0; cosolvent_type=none; nips_bath_solvent=none; nips_bath_solvent_wt_percent=0.0; Air Temp Mean=25.36; Humidity Mean=45.43; Coupon Temp Mean=24.57; Coupon Humidity Mean=51.66,,25.36,45.43,137.13181473085535,4.652552549870817,157.01668755341316,25.83835019780822,16.2373737728301,0.5723092096804734,0.5680672987411998,0.0191482487167904,41.96999585176382,3.0652685873337133,972.4370356169812,60.01286117089846,0.0643012236534625,0.002509410996939,0.545426943483128,0.0218411668870586,0.6144943040746966,0.0233454271868613,0.6809848508822715,0.0254071774603998,,,0.0475864158272879,,,"mixing_temp=77; bath_temp=16; pullcast_speed=1.0; nitrogen=False; coupon_to_bath_wait_time=100; nips_bath_wait_time=1550; polymer_wt=14.3; additive_wt=0.0; cosolvent_type=none; nips_bath_solvent=none; nips_bath_solvent_wt_percent=0.0; Air Temp Mean=25.36; Humidity Mean=45.43; Coupon Temp Mean=24.57; Coupon Humidity Mean=51.66
Thickness: mean=137.13181473085535, SD=4.652552549870817; Elastic Modulus: mean=157.01668755341316, SD=25.83835019780822; Yield Strength: mean=16.2373737728301, SD=0.5723092096804734; Pore Fraction: mean=0.5680672987411998, SD=0.0191482487167904; Creep Strain: mean=0.0643012236534625, SD=0.002509410996939; Strain at 50 bar: mean=0.545426943483128, SD=0.0218411668870586","[14p3-0add-16deg-cosolv-none-bathSolv-none-0wt-100s-NoN2-1550s] Historical observation; chemistry=Polysulfone / PolarClean (inferred); campaign=2026-08-22-exploration-mode; sample_time=2026-09-04 18:51:31. mixing_temp=77; bath_temp=16; pullcast_speed=1.0; nitrogen=False; coupon_to_bath_wait_time=100; nips_bath_wait_time=1550; polymer_wt=14.3; additive_wt=0.0; cosolvent_type=none; nips_bath_solvent=none; nips_bath_solvent_wt_percent=0.0; Air Temp Mean=25.36; Humidity Mean=45.43; Coupon Temp Mean=24.57; Coupon Humidity Mean=51.66. Thickness: mean=137.13181473085535, SD=4.652552549870817; Elastic Modulus: mean=157.01668755341316, SD=25.83835019780822; Yield Strength: mean=16.2373737728301, SD=0.5723092096804734; Pore Fraction: mean=0.5680672987411998, SD=0.0191482487167904; Creep Strain: mean=0.0643012236534625, SD=0.002509410996939; Strain at 50 bar: mean=0.545426943483128, SD=0.0218411668870586. Modulus and yield strength units: bar; thickness: micrometers; pore fraction and strains: dimensionless. CV Mean=0.0475864158272879; Discarded Fit Quality Mean=unknown; Discarded Fit Reasons=unknown. unknown; aggregate SD is intra-sample, not independent synthesis validation. Pore fraction method: compression-curve changepoint estimate; dimensionless, not independent porosimetry. Historical parameters may be outside current bounds; use current bounds for suggestions.","- **Presence:** Membrane is visible — a pale white/off-white sheet occupies the aperture.

- **Vertical Coverage:** Membrane spans the full top-to-bottom extent of the aperture with no gap at either edge. ✓

- **Uniformity:** Largely uniform in color and opacity across the central area; slight tonal gradient toward the right side but no distinct dark spots or obvious thickness patches.

- **Defects:** One subtle linear crease/wrinkle is visible in the membrane material on the right-center region; no trapped air bubbles detected within the membrane sheet itself.

- **Summary:** Membrane is present with full vertical coverage and generally good uniformity, but a minor wrinkle in the right-center area is noted.",C:\Users\wang9\Documents\GitHub\NIPS-pipeline\data\results\begins_2026-08-22-exploration-mode\agg.csv,2026-08-22-exploration-mode,,,24.57,51.66,none,none,0.0,2026-09-04 20:56:28,14p3-0add-16deg-cosolv-none-bathSolv-none-0wt-100s-NoN2-1550s,2026-09-04 18:51:31,2026-09-04 18:51:31,raw specimen filename,14p3-0add-16deg-cosolv-none-bathSolv-none-0wt-100s-NoN2-1550s,Polysulfone / PolarClean (inferred),"unknown; aggregate SD is intra-sample, not independent synthesis validation","compression-curve changepoint estimate; dimensionless, not independent porosimetry","Pore Fraction mean=0.5680672987411998, SD=0.0191482487167904; compression-curve changepoint estimate; dimensionless, not independent porosimetry"
"2026-09-04
22:58:21",16p5-0add-19deg-cosolv-none-bathSolv-none-0wt-175s-N2-1450s,58,19,16.5,0.0,12.0,True,175,1450,mixing_temp=58; bath_temp=19; pullcast_speed=12.0; nitrogen=True; coupon_to_bath_wait_time=175; nips_bath_wait_time=1450; polymer_wt=16.5; additive_wt=0.0; cosolvent_type=none; nips_bath_solvent=none; nips_bath_solvent_wt_percent=0.0; Air Temp Mean=24.96; Humidity Mean=45.41; Coupon Temp Mean=24.69; Coupon Humidity Mean=46.86,,24.96,45.41,135.68360368547283,2.629879632560227,437.90755302333423,102.31807738079202,27.141986252900296,1.810055857825433,0.3935045614827014,0.0165422137132257,147.58322442782247,6.384663969886791,419.7454509867924,70.52989007353763,0.1508046960211502,0.044925574118072,0.21650996493478,0.0197640201992516,0.3851490073734626,0.0243436611474768,0.5784237026292076,0.0473141937451559,,,0.0934683606104618,,,"mixing_temp=58; bath_temp=19; pullcast_speed=12.0; nitrogen=True; coupon_to_bath_wait_time=175; nips_bath_wait_time=1450; polymer_wt=16.5; additive_wt=0.0; cosolvent_type=none; nips_bath_solvent=none; nips_bath_solvent_wt_percent=0.0; Air Temp Mean=24.96; Humidity Mean=45.41; Coupon Temp Mean=24.69; Coupon Humidity Mean=46.86
Thickness: mean=135.68360368547283, SD=2.629879632560227; Elastic Modulus: mean=437.90755302333423, SD=102.31807738079202; Yield Strength: mean=27.141986252900296, SD=1.810055857825433; Pore Fraction: mean=0.3935045614827014, SD=0.0165422137132257; Creep Strain: mean=0.1508046960211502, SD=0.044925574118072; Strain at 50 bar: mean=0.21650996493478, SD=0.0197640201992516","[16p5-0add-19deg-cosolv-none-bathSolv-none-0wt-175s-N2-1450s] Historical observation; chemistry=Polysulfone / PolarClean (inferred); campaign=2026-08-22-exploration-mode; sample_time=2026-09-04 20:57:23. mixing_temp=58; bath_temp=19; pullcast_speed=12.0; nitrogen=True; coupon_to_bath_wait_time=175; nips_bath_wait_time=1450; polymer_wt=16.5; additive_wt=0.0; cosolvent_type=none; nips_bath_solvent=none; nips_bath_solvent_wt_percent=0.0; Air Temp Mean=24.96; Humidity Mean=45.41; Coupon Temp Mean=24.69; Coupon Humidity Mean=46.86. Thickness: mean=135.68360368547283, SD=2.629879632560227; Elastic Modulus: mean=437.90755302333423, SD=102.31807738079202; Yield Strength: mean=27.141986252900296, SD=1.810055857825433; Pore Fraction: mean=0.3935045614827014, SD=0.0165422137132257; Creep Strain: mean=0.1508046960211502, SD=0.044925574118072; Strain at 50 bar: mean=0.21650996493478, SD=0.0197640201992516. Modulus and yield strength units: bar; thickness: micrometers; pore fraction and strains: dimensionless. CV Mean=0.0934683606104618; Discarded Fit Quality Mean=unknown; Discarded Fit Reasons=unknown. unknown; aggregate SD is intra-sample, not independent synthesis validation. Pore fraction method: compression-curve changepoint estimate; dimensionless, not independent porosimetry. Historical parameters may be outside current bounds; use current bounds for suggestions.","- **Presence:** Membrane is visible — a pale white/light-grey coupon is present within the aperture.
- **Vertical Coverage:** Membrane spans the full top-to-bottom extent of the aperture with no gap at the top or bottom edge. ✓
- **Uniformity:** Color and opacity are largely uniform across the membrane surface; no significant patchiness or dark spots detected.
- **Defects:** A distinct fold or wrinkle is visible in the upper-right region of the membrane material itself — the membrane sheet appears lifted/creased there, not a lighting artifact.
- **Summary:** Membrane is present with full vertical coverage and generally uniform appearance, but a clear fold/wrinkle defect in the upper-right portion of the membrane material is noted.",C:\Users\wang9\Documents\GitHub\NIPS-pipeline\data\results\begins_2026-08-22-exploration-mode\agg.csv,2026-08-22-exploration-mode,,,24.69,46.86,none,none,0.0,2026-09-04 22:58:21,16p5-0add-19deg-cosolv-none-bathSolv-none-0wt-175s-N2-1450s,2026-09-04 20:57:23,2026-09-04 20:57:23,raw specimen filename,16p5-0add-19deg-cosolv-none-bathSolv-none-0wt-175s-N2-1450s,Polysulfone / PolarClean (inferred),"unknown; aggregate SD is intra-sample, not independent synthesis validation","compression-curve changepoint estimate; dimensionless, not independent porosimetry","Pore Fraction mean=0.3935045614827014, SD=0.0165422137132257; compression-curve changepoint estimate; dimensionless, not independent porosimetry"
"2026-09-05
00:18:32",17-0add-21deg-cosolv-none-bathSolv-none-0wt-325s-N2-1800s,25,21,17.0,0.0,11.0,True,325,1800,mixing_temp=25; bath_temp=21; pullcast_speed=11.0; nitrogen=True; coupon_to_bath_wait_time=325; nips_bath_wait_time=1800; polymer_wt=17.0; additive_wt=0.0; cosolvent_type=none; nips_bath_solvent=none; nips_bath_solvent_wt_percent=0.0; Air Temp Mean=24.71; Humidity Mean=46.41; Coupon Temp Mean=24.64; Coupon Humidity Mean=43.72,,24.71,46.41,153.128648643543,5.634016355299079,324.2381102972895,75.01255225797837,31.51713161614712,0.2912851501369094,0.4524030324948195,0.0467465062566236,127.71527362311303,15.647298159368772,511.8996964853424,127.75371459440962,0.0935568519150669,0.0380708380489012,0.2515194224588731,0.0326535985111186,0.4341905194272143,0.0440176463948634,0.5900184165324373,0.0289204843301554,,,0.1075376986265493,,,"mixing_temp=25; bath_temp=21; pullcast_speed=11.0; nitrogen=True; coupon_to_bath_wait_time=325; nips_bath_wait_time=1800; polymer_wt=17.0; additive_wt=0.0; cosolvent_type=none; nips_bath_solvent=none; nips_bath_solvent_wt_percent=0.0; Air Temp Mean=24.71; Humidity Mean=46.41; Coupon Temp Mean=24.64; Coupon Humidity Mean=43.72
Thickness: mean=153.128648643543, SD=5.634016355299079; Elastic Modulus: mean=324.2381102972895, SD=75.01255225797837; Yield Strength: mean=31.51713161614712, SD=0.2912851501369094; Pore Fraction: mean=0.4524030324948195, SD=0.0467465062566236; Creep Strain: mean=0.0935568519150669, SD=0.0380708380489012; Strain at 50 bar: mean=0.2515194224588731, SD=0.0326535985111186","[17-0add-21deg-cosolv-none-bathSolv-none-0wt-325s-N2-1800s] Historical observation; chemistry=Polysulfone / PolarClean (inferred); campaign=2026-08-22-exploration-mode; sample_time=2026-09-04 22:59:24. mixing_temp=25; bath_temp=21; pullcast_speed=11.0; nitrogen=True; coupon_to_bath_wait_time=325; nips_bath_wait_time=1800; polymer_wt=17.0; additive_wt=0.0; cosolvent_type=none; nips_bath_solvent=none; nips_bath_solvent_wt_percent=0.0; Air Temp Mean=24.71; Humidity Mean=46.41; Coupon Temp Mean=24.64; Coupon Humidity Mean=43.72. Thickness: mean=153.128648643543, SD=5.634016355299079; Elastic Modulus: mean=324.2381102972895, SD=75.01255225797837; Yield Strength: mean=31.51713161614712, SD=0.2912851501369094; Pore Fraction: mean=0.4524030324948195, SD=0.0467465062566236; Creep Strain: mean=0.0935568519150669, SD=0.0380708380489012; Strain at 50 bar: mean=0.2515194224588731, SD=0.0326535985111186. Modulus and yield strength units: bar; thickness: micrometers; pore fraction and strains: dimensionless. CV Mean=0.1075376986265493; Discarded Fit Quality Mean=unknown; Discarded Fit Reasons=unknown. unknown; aggregate SD is intra-sample, not independent synthesis validation. Pore fraction method: compression-curve changepoint estimate; dimensionless, not independent porosimetry. Historical parameters may be outside current bounds; use current bounds for suggestions.","**Presence:** Membrane is visible — a pale white/grey coupon is present within the aperture.

**Vertical Coverage:** The membrane does not reach the top edge of the aperture; a clear gap is visible between the membrane's upper boundary and the top of the aperture. Bottom edge contact appears adequate.

**Uniformity:** Non-uniform — the membrane shows distinct tonal variation, with a darker central region surrounded by a lighter periphery, indicating uneven opacity or thickness distribution.

**Defects:** Several wrinkles are visible within the membrane material itself, appearing as curved raised ridges across the surface. One small apparent bubble or pinhole is visible near the right-center area.

**Summary:** The membrane exhibits a significant top-edge vertical coverage gap, internal wrinkling, tonal non-uniformity, and a probable pinhole defect.",C:\Users\wang9\Documents\GitHub\NIPS-pipeline\data\results\begins_2026-08-22-exploration-mode\agg.csv,2026-08-22-exploration-mode,,,24.64,43.72,none,none,0.0,2026-09-05 00:18:32,17-0add-21deg-cosolv-none-bathSolv-none-0wt-325s-N2-1800s,2026-09-04 22:59:24,2026-09-04 22:59:24,raw specimen filename,17-0add-21deg-cosolv-none-bathSolv-none-0wt-325s-N2-1800s,Polysulfone / PolarClean (inferred),"unknown; aggregate SD is intra-sample, not independent synthesis validation","compression-curve changepoint estimate; dimensionless, not independent porosimetry","Pore Fraction mean=0.4524030324948195, SD=0.0467465062566236; compression-curve changepoint estimate; dimensionless, not independent porosimetry"
"2026-09-05
02:19:54",16p5-0add-24deg-cosolv-none-bathSolv-none-0wt-390s-NoN2-1200s,25,24,16.5,0.0,4.0,False,390,1200,mixing_temp=25; bath_temp=24; pullcast_speed=4.0; nitrogen=False; coupon_to_bath_wait_time=390; nips_bath_wait_time=1200; polymer_wt=16.5; additive_wt=0.0; cosolvent_type=none; nips_bath_solvent=none; nips_bath_solvent_wt_percent=0.0; Air Temp Mean=25.14; Humidity Mean=48.06; Coupon Temp Mean=25.2; Coupon Humidity Mean=51.79,,25.14,48.06,152.1455300594041,10.906804071616191,282.72566358067945,99.8371253147328,20.632496904577103,0.2031162160101143,0.5678760954081274,0.0143149398034078,42.66254949400352,1.5809084062515937,899.7040696492444,46.106632519927786,0.0723616979500909,0.0032833375074101,0.5224040165478813,0.0159453175228752,0.6092702498465552,0.012915340165814,0.6831733814300105,0.0102011161978962,,,0.0366665742897912,,,"mixing_temp=25; bath_temp=24; pullcast_speed=4.0; nitrogen=False; coupon_to_bath_wait_time=390; nips_bath_wait_time=1200; polymer_wt=16.5; additive_wt=0.0; cosolvent_type=none; nips_bath_solvent=none; nips_bath_solvent_wt_percent=0.0; Air Temp Mean=25.14; Humidity Mean=48.06; Coupon Temp Mean=25.2; Coupon Humidity Mean=51.79
Thickness: mean=152.1455300594041, SD=10.906804071616191; Elastic Modulus: mean=282.72566358067945, SD=99.8371253147328; Yield Strength: mean=20.632496904577103, SD=0.2031162160101143; Pore Fraction: mean=0.5678760954081274, SD=0.0143149398034078; Creep Strain: mean=0.0723616979500909, SD=0.0032833375074101; Strain at 50 bar: mean=0.5224040165478813, SD=0.0159453175228752","[16p5-0add-24deg-cosolv-none-bathSolv-none-0wt-390s-NoN2-1200s] Historical observation; chemistry=Polysulfone / PolarClean (inferred); campaign=2026-08-22-exploration-mode; sample_time=2026-09-05 00:19:29. mixing_temp=25; bath_temp=24; pullcast_speed=4.0; nitrogen=False; coupon_to_bath_wait_time=390; nips_bath_wait_time=1200; polymer_wt=16.5; additive_wt=0.0; cosolvent_type=none; nips_bath_solvent=none; nips_bath_solvent_wt_percent=0.0; Air Temp Mean=25.14; Humidity Mean=48.06; Coupon Temp Mean=25.2; Coupon Humidity Mean=51.79. Thickness: mean=152.1455300594041, SD=10.906804071616191; Elastic Modulus: mean=282.72566358067945, SD=99.8371253147328; Yield Strength: mean=20.632496904577103, SD=0.2031162160101143; Pore Fraction: mean=0.5678760954081274, SD=0.0143149398034078; Creep Strain: mean=0.0723616979500909, SD=0.0032833375074101; Strain at 50 bar: mean=0.5224040165478813, SD=0.0159453175228752. Modulus and yield strength units: bar; thickness: micrometers; pore fraction and strains: dimensionless. CV Mean=0.0366665742897912; Discarded Fit Quality Mean=unknown; Discarded Fit Reasons=unknown. unknown; aggregate SD is intra-sample, not independent synthesis validation. Pore fraction method: compression-curve changepoint estimate; dimensionless, not independent porosimetry. Historical parameters may be outside current bounds; use current bounds for suggestions.","- **Presence:** Membrane is visible as a pale/white sheet within the aperture.
- **Vertical Coverage:** Significant gap at the top edge — the membrane does not reach the top of the aperture, exposing the backing/substrate above it. Bottom edge appears to reach the lower aperture boundary.
- **Uniformity:** Non-uniform; the membrane is bunched and displaced toward the center-upper region, leaving large areas of exposed backing visible.
- **Defects:** Pronounced wrinkling and folding within the membrane material itself, including raised ridges and a looped/curled strand at the top — these are genuine membrane deformation defects, not lighting artifacts.
- **Summary:** Severely defective coupon with a top vertical coverage gap, heavy wrinkling, and significant folding of the membrane layer.",C:\Users\wang9\Documents\GitHub\NIPS-pipeline\data\results\begins_2026-08-22-exploration-mode\agg.csv,2026-08-22-exploration-mode,,,25.2,51.79,none,none,0.0,2026-09-05 02:19:54,16p5-0add-24deg-cosolv-none-bathSolv-none-0wt-390s-NoN2-1200s,2026-09-05 00:19:29,2026-09-05 00:19:29,raw specimen filename,16p5-0add-24deg-cosolv-none-bathSolv-none-0wt-390s-NoN2-1200s,Polysulfone / PolarClean (inferred),"unknown; aggregate SD is intra-sample, not independent synthesis validation","compression-curve changepoint estimate; dimensionless, not independent porosimetry","Pore Fraction mean=0.5678760954081274, SD=0.0143149398034078; compression-curve changepoint estimate; dimensionless, not independent porosimetry"
"2026-09-05
04:18:27",16p5-0add-5deg-cosolv-none-bathSolv-none-0wt-160s-N2-1200s,32,5,16.5,0.0,17.0,True,160,1200,mixing_temp=32; bath_temp=5; pullcast_speed=17.0; nitrogen=True; coupon_to_bath_wait_time=160; nips_bath_wait_time=1200; polymer_wt=16.5; additive_wt=0.0; cosolvent_type=none; nips_bath_solvent=none; nips_bath_solvent_wt_percent=0.0; Air Temp Mean=24.56; Humidity Mean=47.44; Coupon Temp Mean=24.44; Coupon Humidity Mean=44.64000000000001,,24.56,47.44,137.66606653305504,6.161236254333318,234.2464478028236,5.6199250108408005,31.091215860618075,1.5538625889491653,0.4599123352809326,0.0483654085149834,153.58733349834884,11.658169922237,497.1487291391484,82.12734442159983,0.1296145951656486,0.0645576005676082,0.2754177612591121,0.0095662854155623,0.4214169852125312,0.0119807245772359,0.607622555319356,0.0382348620872866,,,0.0523480350448802,57.0,1 failed due to yield point (bp1) likely misplaced,"mixing_temp=32; bath_temp=5; pullcast_speed=17.0; nitrogen=True; coupon_to_bath_wait_time=160; nips_bath_wait_time=1200; polymer_wt=16.5; additive_wt=0.0; cosolvent_type=none; nips_bath_solvent=none; nips_bath_solvent_wt_percent=0.0; Air Temp Mean=24.56; Humidity Mean=47.44; Coupon Temp Mean=24.44; Coupon Humidity Mean=44.64000000000001
Thickness: mean=137.66606653305504, SD=6.161236254333318; Elastic Modulus: mean=234.2464478028236, SD=5.6199250108408005; Yield Strength: mean=31.091215860618075, SD=1.5538625889491653; Pore Fraction: mean=0.4599123352809326, SD=0.0483654085149834; Creep Strain: mean=0.1296145951656486, SD=0.0645576005676082; Strain at 50 bar: mean=0.2754177612591121, SD=0.0095662854155623","[16p5-0add-5deg-cosolv-none-bathSolv-none-0wt-160s-N2-1200s] Historical observation; chemistry=Polysulfone / PolarClean (inferred); campaign=2026-08-22-exploration-mode; sample_time=2026-09-05 02:20:49. mixing_temp=32; bath_temp=5; pullcast_speed=17.0; nitrogen=True; coupon_to_bath_wait_time=160; nips_bath_wait_time=1200; polymer_wt=16.5; additive_wt=0.0; cosolvent_type=none; nips_bath_solvent=none; nips_bath_solvent_wt_percent=0.0; Air Temp Mean=24.56; Humidity Mean=47.44; Coupon Temp Mean=24.44; Coupon Humidity Mean=44.64000000000001. Thickness: mean=137.66606653305504, SD=6.161236254333318; Elastic Modulus: mean=234.2464478028236, SD=5.6199250108408005; Yield Strength: mean=31.091215860618075, SD=1.5538625889491653; Pore Fraction: mean=0.4599123352809326, SD=0.0483654085149834; Creep Strain: mean=0.1296145951656486, SD=0.0645576005676082; Strain at 50 bar: mean=0.2754177612591121, SD=0.0095662854155623. Modulus and yield strength units: bar; thickness: micrometers; pore fraction and strains: dimensionless. CV Mean=0.0523480350448802; Discarded Fit Quality Mean=57.0; Discarded Fit Reasons=1 failed due to yield point (bp1) likely misplaced. unknown; aggregate SD is intra-sample, not independent synthesis validation. Pore fraction method: compression-curve changepoint estimate; dimensionless, not independent porosimetry. Historical parameters may be outside current bounds; use current bounds for suggestions.","**Presence:** Membrane is visible — a pale white sheet occupies the central aperture.

**Vertical Coverage:** Significant gap at the top edge; the membrane does not reach the upper boundary of the aperture, exposing the backing/rim. Bottom edge appears adequately seated. This is a notable vertical coverage defect.

**Uniformity:** The visible membrane area appears largely uniform in color and opacity, with no obvious patchiness or dark spots.

**Defects:** A small fragment or torn piece of material is visible at the upper-right region of the membrane surface — this appears to be a physical debris/tear artifact, not a lighting reflection.

**Summary:** The membrane shows an unacceptable top-edge vertical gap and a surface debris/tear fragment, both warranting rejection or re-seating.",C:\Users\wang9\Documents\GitHub\NIPS-pipeline\data\results\begins_2026-08-22-exploration-mode\agg.csv,2026-08-22-exploration-mode,,,24.44,44.64000000000001,none,none,0.0,2026-09-05 04:18:27,16p5-0add-5deg-cosolv-none-bathSolv-none-0wt-160s-N2-1200s,2026-09-05 02:20:49,2026-09-05 02:20:49,raw specimen filename,16p5-0add-5deg-cosolv-none-bathSolv-none-0wt-160s-N2-1200s_postDiscard,Polysulfone / PolarClean (inferred),"unknown; aggregate SD is intra-sample, not independent synthesis validation","compression-curve changepoint estimate; dimensionless, not independent porosimetry","Pore Fraction mean=0.4599123352809326, SD=0.0483654085149834; compression-curve changepoint estimate; dimensionless, not independent porosimetry"
"2026-09-05
06:24:45",15p7-0add-20deg-cosolv-none-bathSolv-none-0wt-35s-N2-1680s,73,20,15.7,0.0,16.0,True,35,1680,mixing_temp=73; bath_temp=20; pullcast_speed=16.0; nitrogen=True; coupon_to_bath_wait_time=35; nips_bath_wait_time=1680; polymer_wt=15.7; additive_wt=0.0; cosolvent_type=none; nips_bath_solvent=none; nips_bath_solvent_wt_percent=0.0; Air Temp Mean=25.05; Humidity Mean=46.92; Coupon Temp Mean=24.28; Coupon Humidity Mean=53.93,,25.05,46.92,149.49565453788944,4.572720591557595,162.5046437779161,31.75510955148014,13.642722218838076,3.9751725236948494,0.5135322258636409,0.0485529490502602,41.37691075262762,4.866972205446679,974.861000553926,36.79833486505056,0.0449292601382255,0.0025991549949559,0.495067458106485,0.0436719721732607,0.5617367702468106,0.0476893801936886,0.632234438952959,0.0497928363473345,,,0.107840439944476,,,"mixing_temp=73; bath_temp=20; pullcast_speed=16.0; nitrogen=True; coupon_to_bath_wait_time=35; nips_bath_wait_time=1680; polymer_wt=15.7; additive_wt=0.0; cosolvent_type=none; nips_bath_solvent=none; nips_bath_solvent_wt_percent=0.0; Air Temp Mean=25.05; Humidity Mean=46.92; Coupon Temp Mean=24.28; Coupon Humidity Mean=53.93
Thickness: mean=149.49565453788944, SD=4.572720591557595; Elastic Modulus: mean=162.5046437779161, SD=31.75510955148014; Yield Strength: mean=13.642722218838076, SD=3.9751725236948494; Pore Fraction: mean=0.5135322258636409, SD=0.0485529490502602; Creep Strain: mean=0.0449292601382255, SD=0.0025991549949559; Strain at 50 bar: mean=0.495067458106485, SD=0.0436719721732607","[15p7-0add-20deg-cosolv-none-bathSolv-none-0wt-35s-N2-1680s] Historical observation; chemistry=Polysulfone / PolarClean (inferred); campaign=2026-08-22-exploration-mode; sample_time=2026-09-05 04:19:28. mixing_temp=73; bath_temp=20; pullcast_speed=16.0; nitrogen=True; coupon_to_bath_wait_time=35; nips_bath_wait_time=1680; polymer_wt=15.7; additive_wt=0.0; cosolvent_type=none; nips_bath_solvent=none; nips_bath_solvent_wt_percent=0.0; Air Temp Mean=25.05; Humidity Mean=46.92; Coupon Temp Mean=24.28; Coupon Humidity Mean=53.93. Thickness: mean=149.49565453788944, SD=4.572720591557595; Elastic Modulus: mean=162.5046437779161, SD=31.75510955148014; Yield Strength: mean=13.642722218838076, SD=3.9751725236948494; Pore Fraction: mean=0.5135322258636409, SD=0.0485529490502602; Creep Strain: mean=0.0449292601382255, SD=0.0025991549949559; Strain at 50 bar: mean=0.495067458106485, SD=0.0436719721732607. Modulus and yield strength units: bar; thickness: micrometers; pore fraction and strains: dimensionless. CV Mean=0.107840439944476; Discarded Fit Quality Mean=unknown; Discarded Fit Reasons=unknown. unknown; aggregate SD is intra-sample, not independent synthesis validation. Pore fraction method: compression-curve changepoint estimate; dimensionless, not independent porosimetry. Historical parameters may be outside current bounds; use current bounds for suggestions.","- **Presence:** Membrane is visible — a pale white/grey sheet occupies the aperture.

- **Vertical Coverage:** Membrane spans the full top-to-bottom extent of the aperture with no gap at the top or bottom edge. ✓

- **Uniformity:** The membrane body is largely uniform in color and opacity, with a slight tonal gradient but no obvious patchiness or dark spots.

- **Defects:** A distinct raised fold or wrinkle is present within the membrane material on the right side, creating a curved ridge across roughly the upper-right quadrant. This is a genuine membrane-material defect, not a lighting artifact.

- **Summary:** Membrane is present with full vertical coverage, but a clear fold/wrinkle within the membrane material on the right side represents a notable fabrication defect.",C:\Users\wang9\Documents\GitHub\NIPS-pipeline\data\results\begins_2026-08-22-exploration-mode\agg.csv,2026-08-22-exploration-mode,,,24.28,53.93,none,none,0.0,2026-09-05 06:24:45,15p7-0add-20deg-cosolv-none-bathSolv-none-0wt-35s-N2-1680s,2026-09-05 04:19:28,2026-09-05 04:19:28,raw specimen filename,15p7-0add-20deg-cosolv-none-bathSolv-none-0wt-35s-N2-1680s,Polysulfone / PolarClean (inferred),"unknown; aggregate SD is intra-sample, not independent synthesis validation","compression-curve changepoint estimate; dimensionless, not independent porosimetry","Pore Fraction mean=0.5135322258636409, SD=0.0485529490502602; compression-curve changepoint estimate; dimensionless, not independent porosimetry"
"2026-09-05
08:32:41",16p5-0add-5deg-cosolv-none-bathSolv-none-0wt-300s-N2-1500s,25,5,16.5,0.0,18.0,True,300,1500,mixing_temp=25; bath_temp=5; pullcast_speed=18.0; nitrogen=True; coupon_to_bath_wait_time=300; nips_bath_wait_time=1500; polymer_wt=16.5; additive_wt=0.0; cosolvent_type=none; nips_bath_solvent=none; nips_bath_solvent_wt_percent=0.0; Air Temp Mean=25.06; Humidity Mean=45.51; Coupon Temp Mean=24.399999999999995; Coupon Humidity Mean=50.51,,25.06,45.51,115.47388067616107,3.797093689187779,256.918738012754,48.97254372150659,27.828141845693303,6.571862643632699,0.3789714948870341,0.0731653344836065,155.30134812579675,3.8293535784021167,580.5120648569293,269.6628391532535,0.0903640041324333,0.0191132833062123,0.2403649884192009,0.0393079431514384,0.3879086113977979,0.0471802727473898,0.5488237869192855,0.0404064749155871,,,0.1569302356239024,63.0,1 failed due to yield point (bp1) likely misplaced,"mixing_temp=25; bath_temp=5; pullcast_speed=18.0; nitrogen=True; coupon_to_bath_wait_time=300; nips_bath_wait_time=1500; polymer_wt=16.5; additive_wt=0.0; cosolvent_type=none; nips_bath_solvent=none; nips_bath_solvent_wt_percent=0.0; Air Temp Mean=25.06; Humidity Mean=45.51; Coupon Temp Mean=24.399999999999995; Coupon Humidity Mean=50.51
Thickness: mean=115.47388067616107, SD=3.797093689187779; Elastic Modulus: mean=256.918738012754, SD=48.97254372150659; Yield Strength: mean=27.828141845693303, SD=6.571862643632699; Pore Fraction: mean=0.3789714948870341, SD=0.0731653344836065; Creep Strain: mean=0.0903640041324333, SD=0.0191132833062123; Strain at 50 bar: mean=0.2403649884192009, SD=0.0393079431514384","[16p5-0add-5deg-cosolv-none-bathSolv-none-0wt-300s-N2-1500s] Historical observation; chemistry=Polysulfone / PolarClean (inferred); campaign=2026-08-22-exploration-mode; sample_time=2026-09-05 06:25:46. mixing_temp=25; bath_temp=5; pullcast_speed=18.0; nitrogen=True; coupon_to_bath_wait_time=300; nips_bath_wait_time=1500; polymer_wt=16.5; additive_wt=0.0; cosolvent_type=none; nips_bath_solvent=none; nips_bath_solvent_wt_percent=0.0; Air Temp Mean=25.06; Humidity Mean=45.51; Coupon Temp Mean=24.399999999999995; Coupon Humidity Mean=50.51. Thickness: mean=115.47388067616107, SD=3.797093689187779; Elastic Modulus: mean=256.918738012754, SD=48.97254372150659; Yield Strength: mean=27.828141845693303, SD=6.571862643632699; Pore Fraction: mean=0.3789714948870341, SD=0.0731653344836065; Creep Strain: mean=0.0903640041324333, SD=0.0191132833062123; Strain at 50 bar: mean=0.2403649884192009, SD=0.0393079431514384. Modulus and yield strength units: bar; thickness: micrometers; pore fraction and strains: dimensionless. CV Mean=0.1569302356239024; Discarded Fit Quality Mean=63.0; Discarded Fit Reasons=1 failed due to yield point (bp1) likely misplaced. unknown; aggregate SD is intra-sample, not independent synthesis validation. Pore fraction method: compression-curve changepoint estimate; dimensionless, not independent porosimetry. Historical parameters may be outside current bounds; use current bounds for suggestions.","- **Presence:** Membrane is visible — a pale white/grey coupon is present within the aperture.

- **Vertical Coverage:** The membrane does not reach the top edge of the aperture, leaving a clear gap at the top; the bottom edge also falls short, exposing the metal rim. Both top and bottom vertical coverage gaps are present — this is a defect.

- **Uniformity:** The membrane body appears largely uniform in opacity and color, with no obvious patchiness or dark spots.

- **Defects:** Two faint linear surface marks are visible within the membrane material itself, consistent with minor surface creases or shallow wrinkles; no trapped air bubbles detected.

- **Summary:** The coupon shows acceptable surface uniformity but has significant vertical coverage deficiencies at both the top and bottom aperture edges, plus minor surface creasing.",C:\Users\wang9\Documents\GitHub\NIPS-pipeline\data\results\begins_2026-08-22-exploration-mode\agg.csv,2026-08-22-exploration-mode,,,24.399999999999995,50.51,none,none,0.0,2026-09-05 08:32:41,16p5-0add-5deg-cosolv-none-bathSolv-none-0wt-300s-N2-1500s,2026-09-05 06:25:46,2026-09-05 06:25:46,raw specimen filename,16p5-0add-5deg-cosolv-none-bathSolv-none-0wt-300s-N2-1500s_postDiscard,Polysulfone / PolarClean (inferred),"unknown; aggregate SD is intra-sample, not independent synthesis validation","compression-curve changepoint estimate; dimensionless, not independent porosimetry","Pore Fraction mean=0.3789714948870341, SD=0.0731653344836065; compression-curve changepoint estimate; dimensionless, not independent porosimetry"
"2026-09-08
20:07:23",16p5-0add-16deg-cosolv-none-bathSolv-none-0wt-55s-N2-1620s,76,16,16.5,0.0,6.0,True,55,1620,mixing_temp=76; bath_temp=16; pullcast_speed=6.0; nitrogen=True; coupon_to_bath_wait_time=55; nips_bath_wait_time=1620; polymer_wt=16.5; additive_wt=0.0; cosolvent_type=none; nips_bath_solvent=none; nips_bath_solvent_wt_percent=0.0; Air Temp Mean=25.81; Humidity Mean=41.81; Coupon Temp Mean=25.5; Coupon Humidity Mean=41.26,,25.81,41.81,131.24404723479176,2.16565717223273,243.8339128481088,117.058919830813,24.678522723587783,1.0071999084059104,0.600779019392396,0.0292326674277434,61.3179629866817,18.779805985767336,843.6205577871422,50.53370857479848,0.0472688746878807,0.0019236365665953,0.4990054438506462,0.0880598574635808,0.6229657136999402,0.0373160065470159,0.7084869650698427,0.0336781393316316,,,0.1121182135848345,,,"mixing_temp=76; bath_temp=16; pullcast_speed=6.0; nitrogen=True; coupon_to_bath_wait_time=55; nips_bath_wait_time=1620; polymer_wt=16.5; additive_wt=0.0; cosolvent_type=none; nips_bath_solvent=none; nips_bath_solvent_wt_percent=0.0; Air Temp Mean=25.81; Humidity Mean=41.81; Coupon Temp Mean=25.5; Coupon Humidity Mean=41.26
Thickness: mean=131.24404723479176, SD=2.16565717223273; Elastic Modulus: mean=243.8339128481088, SD=117.058919830813; Yield Strength: mean=24.678522723587783, SD=1.0071999084059104; Pore Fraction: mean=0.600779019392396, SD=0.0292326674277434; Creep Strain: mean=0.0472688746878807, SD=0.0019236365665953; Strain at 50 bar: mean=0.4990054438506462, SD=0.0880598574635808","[16p5-0add-16deg-cosolv-none-bathSolv-none-0wt-55s-N2-1620s] Historical observation; chemistry=Polysulfone / PolarClean (inferred); campaign=2026-08-22-exploration-mode; sample_time=2026-09-08 17:48:16. mixing_temp=76; bath_temp=16; pullcast_speed=6.0; nitrogen=True; coupon_to_bath_wait_time=55; nips_bath_wait_time=1620; polymer_wt=16.5; additive_wt=0.0; cosolvent_type=none; nips_bath_solvent=none; nips_bath_solvent_wt_percent=0.0; Air Temp Mean=25.81; Humidity Mean=41.81; Coupon Temp Mean=25.5; Coupon Humidity Mean=41.26. Thickness: mean=131.24404723479176, SD=2.16565717223273; Elastic Modulus: mean=243.8339128481088, SD=117.058919830813; Yield Strength: mean=24.678522723587783, SD=1.0071999084059104; Pore Fraction: mean=0.600779019392396, SD=0.0292326674277434; Creep Strain: mean=0.0472688746878807, SD=0.0019236365665953; Strain at 50 bar: mean=0.4990054438506462, SD=0.0880598574635808. Modulus and yield strength units: bar; thickness: micrometers; pore fraction and strains: dimensionless. CV Mean=0.1121182135848345; Discarded Fit Quality Mean=unknown; Discarded Fit Reasons=unknown. unknown; aggregate SD is intra-sample, not independent synthesis validation. Pore fraction method: compression-curve changepoint estimate; dimensionless, not independent porosimetry. Historical parameters may be outside current bounds; use current bounds for suggestions.","- **Presence:** Membrane is visible — a pale white/opaque sheet occupies the central aperture.

- **Vertical Coverage:** Incomplete — a clear gap exists at the top edge where the membrane does not reach the upper aperture boundary; bottom coverage appears adequate.

- **Uniformity:** Largely uniform in color and opacity across the main body; slight tonal gradient toward center is consistent with lighting.

- **Defects:** One small, narrow elongated feature (possible trapped air bubble or minor fold) is visible near the center of the membrane surface; a few faint linear marks are present but subtle.

- **Summary:** Membrane shows a notable top-edge vertical coverage gap and a probable small central bubble/fold, both warranting attention before proceeding.",C:\Users\wang9\Documents\GitHub\NIPS-pipeline\data\results\begins_2026-08-22-exploration-mode\agg.csv,2026-08-22-exploration-mode,,,25.5,41.26,none,none,0.0,2026-09-08 20:07:23,16p5-0add-16deg-cosolv-none-bathSolv-none-0wt-55s-N2-1620s,2026-09-08 17:48:16,2026-09-08 17:48:16,raw specimen filename,16p5-0add-16deg-cosolv-none-bathSolv-none-0wt-55s-N2-1620s,Polysulfone / PolarClean (inferred),"unknown; aggregate SD is intra-sample, not independent synthesis validation","compression-curve changepoint estimate; dimensionless, not independent porosimetry","Pore Fraction mean=0.600779019392396, SD=0.0292326674277434; compression-curve changepoint estimate; dimensionless, not independent porosimetry"
"2026-09-08
22:28:06",15p5-0add-25deg-cosolv-none-bathSolv-none-0wt-80s-N2-1800s,66,25,15.5,0.0,10.0,True,80,1800,mixing_temp=66; bath_temp=25; pullcast_speed=10.0; nitrogen=True; coupon_to_bath_wait_time=80; nips_bath_wait_time=1800; polymer_wt=15.5; additive_wt=0.0; cosolvent_type=none; nips_bath_solvent=none; nips_bath_solvent_wt_percent=0.0; Air Temp Mean=25.33; Humidity Mean=43.97; Coupon Temp Mean=24.93; Coupon Humidity Mean=43.81,,25.33,43.97,120.04319063577567,1.1602365492243274,211.02310600721384,41.02593880132983,24.153877462094297,6.991217231013621,0.4246138354396847,0.1263454612524566,139.25096191881013,3.541094404629502,521.1898803129202,222.278891020266,0.0883688769555026,0.0266588875697166,0.317789796888174,0.0165016738265833,0.4669898509614841,0.0059073849819819,0.622450924692741,0.0156877757515052,,,0.0617967191181616,47.0,1 failed due to yield point (bp1) likely misplaced,"mixing_temp=66; bath_temp=25; pullcast_speed=10.0; nitrogen=True; coupon_to_bath_wait_time=80; nips_bath_wait_time=1800; polymer_wt=15.5; additive_wt=0.0; cosolvent_type=none; nips_bath_solvent=none; nips_bath_solvent_wt_percent=0.0; Air Temp Mean=25.33; Humidity Mean=43.97; Coupon Temp Mean=24.93; Coupon Humidity Mean=43.81
Thickness: mean=120.04319063577567, SD=1.1602365492243274; Elastic Modulus: mean=211.02310600721384, SD=41.02593880132983; Yield Strength: mean=24.153877462094297, SD=6.991217231013621; Pore Fraction: mean=0.4246138354396847, SD=0.1263454612524566; Creep Strain: mean=0.0883688769555026, SD=0.0266588875697166; Strain at 50 bar: mean=0.317789796888174, SD=0.0165016738265833","[15p5-0add-25deg-cosolv-none-bathSolv-none-0wt-80s-N2-1800s] Historical observation; chemistry=Polysulfone / PolarClean (inferred); campaign=2026-08-22-exploration-mode; sample_time=2026-09-08 20:08:27. mixing_temp=66; bath_temp=25; pullcast_speed=10.0; nitrogen=True; coupon_to_bath_wait_time=80; nips_bath_wait_time=1800; polymer_wt=15.5; additive_wt=0.0; cosolvent_type=none; nips_bath_solvent=none; nips_bath_solvent_wt_percent=0.0; Air Temp Mean=25.33; Humidity Mean=43.97; Coupon Temp Mean=24.93; Coupon Humidity Mean=43.81. Thickness: mean=120.04319063577567, SD=1.1602365492243274; Elastic Modulus: mean=211.02310600721384, SD=41.02593880132983; Yield Strength: mean=24.153877462094297, SD=6.991217231013621; Pore Fraction: mean=0.4246138354396847, SD=0.1263454612524566; Creep Strain: mean=0.0883688769555026, SD=0.0266588875697166; Strain at 50 bar: mean=0.317789796888174, SD=0.0165016738265833. Modulus and yield strength units: bar; thickness: micrometers; pore fraction and strains: dimensionless. CV Mean=0.0617967191181616; Discarded Fit Quality Mean=47.0; Discarded Fit Reasons=1 failed due to yield point (bp1) likely misplaced. unknown; aggregate SD is intra-sample, not independent synthesis validation. Pore fraction method: compression-curve changepoint estimate; dimensionless, not independent porosimetry. Historical parameters may be outside current bounds; use current bounds for suggestions.","- **Presence:** Membrane is visible — a pale white/light-grey sheet occupies the aperture.
- **Vertical Coverage:** Membrane spans fully from top to bottom edge of the aperture with no gaps; vertical coverage is complete.
- **Uniformity:** Color and opacity are consistent throughout; no dark spots, patchiness, or obvious thickness variation detected.
- **Defects:** No wrinkles, folds, or trapped air bubbles visible within the membrane material itself; surface texture appears smooth and featureless.
- **Summary:** The membrane coupon presents complete vertical coverage, uniform appearance, and no detectable structural defects.",C:\Users\wang9\Documents\GitHub\NIPS-pipeline\data\results\begins_2026-08-22-exploration-mode\agg.csv,2026-08-22-exploration-mode,,,24.93,43.81,none,none,0.0,2026-09-08 22:28:06,15p5-0add-25deg-cosolv-none-bathSolv-none-0wt-80s-N2-1800s,2026-09-08 20:08:27,2026-09-08 20:08:27,raw specimen filename,15p5-0add-25deg-cosolv-none-bathSolv-none-0wt-80s-N2-1800s_postDiscard,Polysulfone / PolarClean (inferred),"unknown; aggregate SD is intra-sample, not independent synthesis validation","compression-curve changepoint estimate; dimensionless, not independent porosimetry","Pore Fraction mean=0.4246138354396847, SD=0.1263454612524566; compression-curve changepoint estimate; dimensionless, not independent porosimetry"
"2026-09-09
02:51:52",15p5-0add-5deg-cosolv-none-bathSolv-none-0wt-0s-NoN2-1800s,78,5,15.5,0.0,9.0,False,0,1800,mixing_temp=78; bath_temp=5; pullcast_speed=9.0; nitrogen=False; coupon_to_bath_wait_time=0; nips_bath_wait_time=1800; polymer_wt=15.5; additive_wt=0.0; cosolvent_type=none; nips_bath_solvent=none; nips_bath_solvent_wt_percent=0.0; Air Temp Mean=24.82; Humidity Mean=46.62; Coupon Temp Mean=24.2; Coupon Humidity Mean=51.43,,24.82,46.62,144.3376148060173,3.4550579900332234,141.10316513286358,41.20393835144567,9.851212151787845,1.879685860128408,0.5086385292572093,0.0309105289953549,52.08244324139706,6.521891117852621,1058.777263822355,299.9251306859437,0.0498202637890628,0.0039974195877407,0.4833074892108369,0.0406201473859958,0.5524831777512457,0.0253366506104416,0.6209367693094265,0.012600672688616,,,0.070516988368629,,,"mixing_temp=78; bath_temp=5; pullcast_speed=9.0; nitrogen=False; coupon_to_bath_wait_time=0; nips_bath_wait_time=1800; polymer_wt=15.5; additive_wt=0.0; cosolvent_type=none; nips_bath_solvent=none; nips_bath_solvent_wt_percent=0.0; Air Temp Mean=24.82; Humidity Mean=46.62; Coupon Temp Mean=24.2; Coupon Humidity Mean=51.43
Thickness: mean=144.3376148060173, SD=3.4550579900332234; Elastic Modulus: mean=141.10316513286358, SD=41.20393835144567; Yield Strength: mean=9.851212151787845, SD=1.879685860128408; Pore Fraction: mean=0.5086385292572093, SD=0.0309105289953549; Creep Strain: mean=0.0498202637890628, SD=0.0039974195877407; Strain at 50 bar: mean=0.4833074892108369, SD=0.0406201473859958","[15p5-0add-5deg-cosolv-none-bathSolv-none-0wt-0s-NoN2-1800s] Historical observation; chemistry=Polysulfone / PolarClean (inferred); campaign=2026-08-22-exploration-mode; sample_time=2026-09-09 00:32:37. mixing_temp=78; bath_temp=5; pullcast_speed=9.0; nitrogen=False; coupon_to_bath_wait_time=0; nips_bath_wait_time=1800; polymer_wt=15.5; additive_wt=0.0; cosolvent_type=none; nips_bath_solvent=none; nips_bath_solvent_wt_percent=0.0; Air Temp Mean=24.82; Humidity Mean=46.62; Coupon Temp Mean=24.2; Coupon Humidity Mean=51.43. Thickness: mean=144.3376148060173, SD=3.4550579900332234; Elastic Modulus: mean=141.10316513286358, SD=41.20393835144567; Yield Strength: mean=9.851212151787845, SD=1.879685860128408; Pore Fraction: mean=0.5086385292572093, SD=0.0309105289953549; Creep Strain: mean=0.0498202637890628, SD=0.0039974195877407; Strain at 50 bar: mean=0.4833074892108369, SD=0.0406201473859958. Modulus and yield strength units: bar; thickness: micrometers; pore fraction and strains: dimensionless. CV Mean=0.070516988368629; Discarded Fit Quality Mean=unknown; Discarded Fit Reasons=unknown. unknown; aggregate SD is intra-sample, not independent synthesis validation. Pore fraction method: compression-curve changepoint estimate; dimensionless, not independent porosimetry. Historical parameters may be outside current bounds; use current bounds for suggestions.","- **Presence**: Membrane is visible — a pale white/light-grey sheet occupies the aperture.
- **Vertical Coverage**: Membrane spans fully from top to bottom edge of the aperture with no gaps detected.
- **Uniformity**: Appearance is largely uniform in color and opacity; a very slight tonal gradient (slightly darker toward top) is present but minor. A few tiny dark specks are visible, likely surface particulates.
- **Defects**: No wrinkles or trapped air bubbles are evident within the membrane material itself; texture is smooth throughout.
- **Summary**: The membrane coupon presents as well-seated with full vertical coverage, good uniformity, and no significant structural defects.",C:\Users\wang9\Documents\GitHub\NIPS-pipeline\data\results\begins_2026-08-22-exploration-mode\agg.csv,2026-08-22-exploration-mode,,,24.2,51.43,none,none,0.0,2026-09-09 02:51:52,15p5-0add-5deg-cosolv-none-bathSolv-none-0wt-0s-NoN2-1800s,2026-09-09 00:32:37,2026-09-09 00:32:37,raw specimen filename,15p5-0add-5deg-cosolv-none-bathSolv-none-0wt-0s-NoN2-1800s,Polysulfone / PolarClean (inferred),"unknown; aggregate SD is intra-sample, not independent synthesis validation","compression-curve changepoint estimate; dimensionless, not independent porosimetry","Pore Fraction mean=0.5086385292572093, SD=0.0309105289953549; compression-curve changepoint estimate; dimensionless, not independent porosimetry"
"2026-09-09
05:54:26",16p5-0add-25deg-cosolv-none-bathSolv-none-0wt-130s-NoN2-1250s,62,25,16.5,0.0,5.0,False,130,1250,mixing_temp=62; bath_temp=25; pullcast_speed=5.0; nitrogen=False; coupon_to_bath_wait_time=130; nips_bath_wait_time=1250; polymer_wt=16.5; additive_wt=0.0; cosolvent_type=none; nips_bath_solvent=none; nips_bath_solvent_wt_percent=0.0; Air Temp Mean=24.45; Humidity Mean=48.22; Coupon Temp Mean=24.46; Coupon Humidity Mean=52.44,,24.45,48.22,148.1998306470955,3.836972965803231,291.04112210288025,28.94571352267561,23.93125875465677,0.6201983815877727,0.5377058402888748,0.0256789188004155,45.61606665203487,5.302323153511357,829.2932758466674,23.33781414986269,0.076155095016294,0.000949850182153,0.4764069160396871,0.0178243511672977,0.5759315399503413,0.0234816114887042,0.6623411630865352,0.026187075045283,,,0.0513335365557189,,,"mixing_temp=62; bath_temp=25; pullcast_speed=5.0; nitrogen=False; coupon_to_bath_wait_time=130; nips_bath_wait_time=1250; polymer_wt=16.5; additive_wt=0.0; cosolvent_type=none; nips_bath_solvent=none; nips_bath_solvent_wt_percent=0.0; Air Temp Mean=24.45; Humidity Mean=48.22; Coupon Temp Mean=24.46; Coupon Humidity Mean=52.44
Thickness: mean=148.1998306470955, SD=3.836972965803231; Elastic Modulus: mean=291.04112210288025, SD=28.94571352267561; Yield Strength: mean=23.93125875465677, SD=0.6201983815877727; Pore Fraction: mean=0.5377058402888748, SD=0.0256789188004155; Creep Strain: mean=0.076155095016294, SD=0.000949850182153; Strain at 50 bar: mean=0.4764069160396871, SD=0.0178243511672977","[16p5-0add-25deg-cosolv-none-bathSolv-none-0wt-130s-NoN2-1250s] Historical observation; chemistry=Polysulfone / PolarClean (inferred); campaign=2026-08-22-exploration-mode; sample_time=2026-09-09 02:52:52. mixing_temp=62; bath_temp=25; pullcast_speed=5.0; nitrogen=False; coupon_to_bath_wait_time=130; nips_bath_wait_time=1250; polymer_wt=16.5; additive_wt=0.0; cosolvent_type=none; nips_bath_solvent=none; nips_bath_solvent_wt_percent=0.0; Air Temp Mean=24.45; Humidity Mean=48.22; Coupon Temp Mean=24.46; Coupon Humidity Mean=52.44. Thickness: mean=148.1998306470955, SD=3.836972965803231; Elastic Modulus: mean=291.04112210288025, SD=28.94571352267561; Yield Strength: mean=23.93125875465677, SD=0.6201983815877727; Pore Fraction: mean=0.5377058402888748, SD=0.0256789188004155; Creep Strain: mean=0.076155095016294, SD=0.000949850182153; Strain at 50 bar: mean=0.4764069160396871, SD=0.0178243511672977. Modulus and yield strength units: bar; thickness: micrometers; pore fraction and strains: dimensionless. CV Mean=0.0513335365557189; Discarded Fit Quality Mean=unknown; Discarded Fit Reasons=unknown. unknown; aggregate SD is intra-sample, not independent synthesis validation. Pore fraction method: compression-curve changepoint estimate; dimensionless, not independent porosimetry. Historical parameters may be outside current bounds; use current bounds for suggestions.","- **Presence**: Membrane is visible — a pale white/grey sheet occupies the aperture.
- **Vertical Coverage**: Membrane spans fully from top to bottom edge of the aperture with no vertical gap detected.
- **Uniformity**: Generally uniform in color and opacity across the central area; slight tonal gradient toward the upper edge but no distinct dark spots or obvious thickness patches.
- **Defects**: No wrinkles or trapped air bubbles discernible within the membrane material itself; bright striped reflections on the right rim and glare along edges are lighting artifacts on the metal, not membrane defects.
- **Summary**: Membrane is present with full vertical coverage and no detectable structural defects in the membrane material.",C:\Users\wang9\Documents\GitHub\NIPS-pipeline\data\results\begins_2026-08-22-exploration-mode\agg.csv,2026-08-22-exploration-mode,,,24.46,52.44,none,none,0.0,2026-09-09 05:54:26,16p5-0add-25deg-cosolv-none-bathSolv-none-0wt-130s-NoN2-1250s,2026-09-09 02:52:52,2026-09-09 02:52:52,raw specimen filename,16p5-0add-25deg-cosolv-none-bathSolv-none-0wt-130s-NoN2-1250s,Polysulfone / PolarClean (inferred),"unknown; aggregate SD is intra-sample, not independent synthesis validation","compression-curve changepoint estimate; dimensionless, not independent porosimetry","Pore Fraction mean=0.5377058402888748, SD=0.0256789188004155; compression-curve changepoint estimate; dimensionless, not independent porosimetry"
"2026-09-09
08:07:45",16p3-0add-5deg-cosolv-none-bathSolv-none-0wt-350s-NoN2-1450s,38,5,16.3,0.0,15.0,False,350,1450,mixing_temp=38; bath_temp=5; pullcast_speed=15.0; nitrogen=False; coupon_to_bath_wait_time=350; nips_bath_wait_time=1450; polymer_wt=16.3; additive_wt=0.0; cosolvent_type=none; nips_bath_solvent=none; nips_bath_solvent_wt_percent=0.0; Air Temp Mean=24.43; Humidity Mean=48.24; Coupon Temp Mean=24.040000000000003; Coupon Humidity Mean=52.21,,24.43,48.24,168.63455090015717,10.143294171025303,302.0733161113524,40.59735600187855,20.5729550221343,0.6405447895142379,0.5656180190891792,0.0150999336459173,43.11961201443119,2.45228588584462,1000.8431005031896,52.63901147334138,0.0751416242307162,0.000790626193122,0.5215519064830194,0.0250435326750138,0.6003908418842202,0.017783862668405,0.6683117293767623,0.0196300129257899,,,0.0452314596668027,61.0,1 failed due to elastic/plateau junction mismatch,"mixing_temp=38; bath_temp=5; pullcast_speed=15.0; nitrogen=False; coupon_to_bath_wait_time=350; nips_bath_wait_time=1450; polymer_wt=16.3; additive_wt=0.0; cosolvent_type=none; nips_bath_solvent=none; nips_bath_solvent_wt_percent=0.0; Air Temp Mean=24.43; Humidity Mean=48.24; Coupon Temp Mean=24.040000000000003; Coupon Humidity Mean=52.21
Thickness: mean=168.63455090015717, SD=10.143294171025303; Elastic Modulus: mean=302.0733161113524, SD=40.59735600187855; Yield Strength: mean=20.5729550221343, SD=0.6405447895142379; Pore Fraction: mean=0.5656180190891792, SD=0.0150999336459173; Creep Strain: mean=0.0751416242307162, SD=0.000790626193122; Strain at 50 bar: mean=0.5215519064830194, SD=0.0250435326750138","[16p3-0add-5deg-cosolv-none-bathSolv-none-0wt-350s-NoN2-1450s] Historical observation; chemistry=Polysulfone / PolarClean (inferred); campaign=2026-08-22-exploration-mode; sample_time=2026-09-09 05:55:22. mixing_temp=38; bath_temp=5; pullcast_speed=15.0; nitrogen=False; coupon_to_bath_wait_time=350; nips_bath_wait_time=1450; polymer_wt=16.3; additive_wt=0.0; cosolvent_type=none; nips_bath_solvent=none; nips_bath_solvent_wt_percent=0.0; Air Temp Mean=24.43; Humidity Mean=48.24; Coupon Temp Mean=24.040000000000003; Coupon Humidity Mean=52.21. Thickness: mean=168.63455090015717, SD=10.143294171025303; Elastic Modulus: mean=302.0733161113524, SD=40.59735600187855; Yield Strength: mean=20.5729550221343, SD=0.6405447895142379; Pore Fraction: mean=0.5656180190891792, SD=0.0150999336459173; Creep Strain: mean=0.0751416242307162, SD=0.000790626193122; Strain at 50 bar: mean=0.5215519064830194, SD=0.0250435326750138. Modulus and yield strength units: bar; thickness: micrometers; pore fraction and strains: dimensionless. CV Mean=0.0452314596668027; Discarded Fit Quality Mean=61.0; Discarded Fit Reasons=1 failed due to elastic/plateau junction mismatch. unknown; aggregate SD is intra-sample, not independent synthesis validation. Pore fraction method: compression-curve changepoint estimate; dimensionless, not independent porosimetry. Historical parameters may be outside current bounds; use current bounds for suggestions.","- **Presence:** Membrane is visible — a pale white/grey coupon is present within the aperture.

- **Vertical Coverage:** Significant defect — the membrane does not span the full vertical extent. It tapers to a narrow point at the top and does not reach the bottom edge, leaving substantial exposed backing/aperture area above and below the membrane material.

- **Uniformity:** Non-uniform; the membrane shows an irregular triangular/conical shape with uneven opacity and thickness distribution across its area.

- **Defects:** Visible wrinkling and what appears to be a trapped air bubble or fold in the central-lower region of the membrane material itself.

- **Summary:** This coupon exhibits critical vertical coverage failure, significant wrinkling, and a probable trapped air/fold defect, indicating a poorly formed membrane sample.",C:\Users\wang9\Documents\GitHub\NIPS-pipeline\data\results\begins_2026-08-22-exploration-mode\agg.csv,2026-08-22-exploration-mode,,,24.040000000000003,52.21,none,none,0.0,2026-09-09 08:07:45,16p3-0add-5deg-cosolv-none-bathSolv-none-0wt-350s-NoN2-1450s,2026-09-09 05:55:22,2026-09-09 05:55:22,raw specimen filename,16p3-0add-5deg-cosolv-none-bathSolv-none-0wt-350s-NoN2-1450s_postDiscard,Polysulfone / PolarClean (inferred),"unknown; aggregate SD is intra-sample, not independent synthesis validation","compression-curve changepoint estimate; dimensionless, not independent porosimetry","Pore Fraction mean=0.5656180190891792, SD=0.0150999336459173; compression-curve changepoint estimate; dimensionless, not independent porosimetry"
"2026-09-09
10:24:23",14p6-0add-10deg-cosolv-none-bathSolv-none-0wt-540s-NoN2-1580s,43,10,14.6,0.0,20.0,False,540,1580,mixing_temp=43; bath_temp=10; pullcast_speed=20.0; nitrogen=False; coupon_to_bath_wait_time=540; nips_bath_wait_time=1580; polymer_wt=14.6; additive_wt=0.0; cosolvent_type=none; nips_bath_solvent=none; nips_bath_solvent_wt_percent=0.0; Air Temp Mean=24.42; Humidity Mean=48.59; Coupon Temp Mean=24.03; Coupon Humidity Mean=52.48,,24.42,48.59,150.6207264396122,8.446313999679331,143.78412630607443,18.71913211699454,16.511099406818417,1.8917479558009416,0.5781677675506484,0.0158321127768223,45.27002200546833,5.905994525221286,901.00305574166,71.23149327954525,0.073312114083159,0.0031222558850537,0.5404709418889972,0.020789652552279,0.6234274344893198,0.0208415438763083,0.700208549305604,0.0244879050987618,,,0.0454469255091206,,,"mixing_temp=43; bath_temp=10; pullcast_speed=20.0; nitrogen=False; coupon_to_bath_wait_time=540; nips_bath_wait_time=1580; polymer_wt=14.6; additive_wt=0.0; cosolvent_type=none; nips_bath_solvent=none; nips_bath_solvent_wt_percent=0.0; Air Temp Mean=24.42; Humidity Mean=48.59; Coupon Temp Mean=24.03; Coupon Humidity Mean=52.48
Thickness: mean=150.6207264396122, SD=8.446313999679331; Elastic Modulus: mean=143.78412630607443, SD=18.71913211699454; Yield Strength: mean=16.511099406818417, SD=1.8917479558009416; Pore Fraction: mean=0.5781677675506484, SD=0.0158321127768223; Creep Strain: mean=0.073312114083159, SD=0.0031222558850537; Strain at 50 bar: mean=0.5404709418889972, SD=0.020789652552279","[14p6-0add-10deg-cosolv-none-bathSolv-none-0wt-540s-NoN2-1580s] Historical observation; chemistry=Polysulfone / PolarClean (inferred); campaign=2026-08-22-exploration-mode; sample_time=2026-09-09 08:08:41. mixing_temp=43; bath_temp=10; pullcast_speed=20.0; nitrogen=False; coupon_to_bath_wait_time=540; nips_bath_wait_time=1580; polymer_wt=14.6; additive_wt=0.0; cosolvent_type=none; nips_bath_solvent=none; nips_bath_solvent_wt_percent=0.0; Air Temp Mean=24.42; Humidity Mean=48.59; Coupon Temp Mean=24.03; Coupon Humidity Mean=52.48. Thickness: mean=150.6207264396122, SD=8.446313999679331; Elastic Modulus: mean=143.78412630607443, SD=18.71913211699454; Yield Strength: mean=16.511099406818417, SD=1.8917479558009416; Pore Fraction: mean=0.5781677675506484, SD=0.0158321127768223; Creep Strain: mean=0.073312114083159, SD=0.0031222558850537; Strain at 50 bar: mean=0.5404709418889972, SD=0.020789652552279. Modulus and yield strength units: bar; thickness: micrometers; pore fraction and strains: dimensionless. CV Mean=0.0454469255091206; Discarded Fit Quality Mean=unknown; Discarded Fit Reasons=unknown. unknown; aggregate SD is intra-sample, not independent synthesis validation. Pore fraction method: compression-curve changepoint estimate; dimensionless, not independent porosimetry. Historical parameters may be outside current bounds; use current bounds for suggestions.","- **Presence:** Membrane is visible — a pale grey/white sheet occupies the aperture.

- **Vertical Coverage:** Full top-to-bottom coverage appears intact; no gap at the top or bottom edge of the aperture.

- **Uniformity:** Mostly uniform in color and opacity across the central area; subtle vertical streaking/tonal variation is present but minor.

- **Defects:** No wrinkles or trapped air bubbles are detected within the membrane material itself. Bright curved highlights visible at the aperture boundary are rim/lighting artifacts, not membrane defects.

- **Summary:** The membrane coupon presents with good vertical coverage and acceptable uniformity, with no significant wrinkles or bubble defects observed.",C:\Users\wang9\Documents\GitHub\NIPS-pipeline\data\results\begins_2026-08-22-exploration-mode\agg.csv,2026-08-22-exploration-mode,,,24.03,52.48,none,none,0.0,2026-09-09 10:24:23,14p6-0add-10deg-cosolv-none-bathSolv-none-0wt-540s-NoN2-1580s,2026-09-09 08:08:41,2026-09-09 08:08:41,raw specimen filename,14p6-0add-10deg-cosolv-none-bathSolv-none-0wt-540s-NoN2-1580s,Polysulfone / PolarClean (inferred),"unknown; aggregate SD is intra-sample, not independent synthesis validation","compression-curve changepoint estimate; dimensionless, not independent porosimetry","Pore Fraction mean=0.5781677675506484, SD=0.0158321127768223; compression-curve changepoint estimate; dimensionless, not independent porosimetry"
"2026-09-09
12:36:56",14-0add-20deg-cosolv-none-bathSolv-none-0wt-420s-NoN2-1350s,52,20,14.0,0.0,3.0,False,420,1350,mixing_temp=52; bath_temp=20; pullcast_speed=3.0; nitrogen=False; coupon_to_bath_wait_time=420; nips_bath_wait_time=1350; polymer_wt=14.0; additive_wt=0.0; cosolvent_type=none; nips_bath_solvent=none; nips_bath_solvent_wt_percent=0.0; Air Temp Mean=24.74; Humidity Mean=48.49; Coupon Temp Mean=24.52; Coupon Humidity Mean=53.17,,24.74,48.49,140.1968301117071,6.722849159315015,90.9939394371412,10.366917341845271,13.500280094756349,2.083653168021685,0.5701043518073593,0.0287965036865884,42.10593439895269,2.9316299283368483,982.802809826447,100.57473752285864,0.0711754119293705,0.0086857804592464,0.5632540665752757,0.0188515663283323,0.6218999236330693,0.021996324009971,0.6899767664068236,0.0253658004414342,,,0.0450882981846456,,,"mixing_temp=52; bath_temp=20; pullcast_speed=3.0; nitrogen=False; coupon_to_bath_wait_time=420; nips_bath_wait_time=1350; polymer_wt=14.0; additive_wt=0.0; cosolvent_type=none; nips_bath_solvent=none; nips_bath_solvent_wt_percent=0.0; Air Temp Mean=24.74; Humidity Mean=48.49; Coupon Temp Mean=24.52; Coupon Humidity Mean=53.17
Thickness: mean=140.1968301117071, SD=6.722849159315015; Elastic Modulus: mean=90.9939394371412, SD=10.366917341845271; Yield Strength: mean=13.500280094756349, SD=2.083653168021685; Pore Fraction: mean=0.5701043518073593, SD=0.0287965036865884; Creep Strain: mean=0.0711754119293705, SD=0.0086857804592464; Strain at 50 bar: mean=0.5632540665752757, SD=0.0188515663283323","[14-0add-20deg-cosolv-none-bathSolv-none-0wt-420s-NoN2-1350s] Historical observation; chemistry=Polysulfone / PolarClean (inferred); campaign=2026-08-22-exploration-mode; sample_time=2026-09-09 10:25:25. mixing_temp=52; bath_temp=20; pullcast_speed=3.0; nitrogen=False; coupon_to_bath_wait_time=420; nips_bath_wait_time=1350; polymer_wt=14.0; additive_wt=0.0; cosolvent_type=none; nips_bath_solvent=none; nips_bath_solvent_wt_percent=0.0; Air Temp Mean=24.74; Humidity Mean=48.49; Coupon Temp Mean=24.52; Coupon Humidity Mean=53.17. Thickness: mean=140.1968301117071, SD=6.722849159315015; Elastic Modulus: mean=90.9939394371412, SD=10.366917341845271; Yield Strength: mean=13.500280094756349, SD=2.083653168021685; Pore Fraction: mean=0.5701043518073593, SD=0.0287965036865884; Creep Strain: mean=0.0711754119293705, SD=0.0086857804592464; Strain at 50 bar: mean=0.5632540665752757, SD=0.0188515663283323. Modulus and yield strength units: bar; thickness: micrometers; pore fraction and strains: dimensionless. CV Mean=0.0450882981846456; Discarded Fit Quality Mean=unknown; Discarded Fit Reasons=unknown. unknown; aggregate SD is intra-sample, not independent synthesis validation. Pore fraction method: compression-curve changepoint estimate; dimensionless, not independent porosimetry. Historical parameters may be outside current bounds; use current bounds for suggestions.","- **Presence**: Membrane is visible — a pale white/grey sheet occupies the aperture.
- **Vertical Coverage**: Membrane spans the full top-to-bottom extent of the aperture with no gaps at the top or bottom edges. ✓
- **Uniformity**: Mostly uniform in opacity; subtle streaky grey tonal variation runs vertically across the membrane surface, suggesting mild thickness non-uniformity.
- **Defects**: Several faint linear streaks/marks are visible within the membrane material itself, consistent with minor surface striations or casting lines; no trapped air bubbles detected. No true wrinkles confirmed within the membrane sheet.
- **Summary**: Membrane is present with full vertical coverage and no major structural defects, though mild streaking within the membrane material warrants attention.",C:\Users\wang9\Documents\GitHub\NIPS-pipeline\data\results\begins_2026-08-22-exploration-mode\agg.csv,2026-08-22-exploration-mode,,,24.52,53.17,none,none,0.0,2026-09-09 12:36:56,14-0add-20deg-cosolv-none-bathSolv-none-0wt-420s-NoN2-1350s,2026-09-09 10:25:25,2026-09-09 10:25:25,raw specimen filename,14-0add-20deg-cosolv-none-bathSolv-none-0wt-420s-NoN2-1350s,Polysulfone / PolarClean (inferred),"unknown; aggregate SD is intra-sample, not independent synthesis validation","compression-curve changepoint estimate; dimensionless, not independent porosimetry","Pore Fraction mean=0.5701043518073593, SD=0.0287965036865884; compression-curve changepoint estimate; dimensionless, not independent porosimetry"
