date,name,mixing_temp,bath_temp,polymer_wt,additive_wt,pullcast_speed,nitrogen,coupon_to_bath_wait_time,nips_bath_wait_time,polymer_type,solvent_type,cosolvent_type,nips_bath_solvent,nips_bath_solvent_wt_percent,formatted_parameters,initial_report,Air Temp Mean,Humidity Mean,Coupon Temp Mean,Coupon Humidity Mean,Thickness Mean,Thickness SD,Elastic Modulus Mean,Elastic Modulus SD,Yield Strength Mean,Yield Strength SD,Pore Fraction Mean,Pore Fraction SD,Slope Plateau Mean,Slope Plateau SD,Slope Densification Mean,Slope Densification SD,Creep Strain Mean,Creep Strain SD,Strain at 50 bar Mean,Strain at 50 bar SD,Strain at 80 bar Mean,Strain at 80 bar SD,Strain at 150 bar Mean,Strain at 150 bar SD,Strain at 500 bar Mean,Strain at 500 bar SD,CV Mean,Discarded Fit Quality Mean,Discarded Fit Reasons,formatted_parameters_withProp,final_report,quality_report,source_csv,campaign,processed_time,condition,specimen_time,sample_time,time_source,chemistry,source_name,validation_status,pore_fraction_method,pore_fraction_report
"2026-09-10
18:59:48",17-0add-5deg-cosolv-none-bathSolv-none-0wt-30s-N2-1200s_run2,25,5,17.0,0.0,10,True,30,1200,Primospire,NMP,none,none,0.0,mixing_temp=25; bath_temp=5; pullcast_speed=10; nitrogen=True; coupon_to_bath_wait_time=30; nips_bath_wait_time=1200; polymer_wt=17.0; additive_wt=0.0; cosolvent_type=none; nips_bath_solvent=none; nips_bath_solvent_wt_percent=0.0; Air Temp Mean=26.5; Humidity Mean=37.38; Coupon Temp Mean=unknown; Coupon Humidity Mean=unknown,,26.5,37.38,unknown,unknown,138.64726248284074,3.255693785034882,547.2247195308832,108.57448911921004,35.531922709260094,4.034748177140476,0.3110403914865278,0.0134546842694695,193.84573254872964,9.036374774980198,610.1801239265466,17.061211810156998,0.1339119696162211,0.0040445847243497,0.1220270661810957,0.0339893344814098,0.2679272844077722,0.0222253113870014,0.4449699278229907,0.0,,,0.1117627316098951,58.0,1 failed due to yield point (bp1) likely misplaced,"mixing_temp=25; bath_temp=5; pullcast_speed=10; nitrogen=True; coupon_to_bath_wait_time=30; nips_bath_wait_time=1200; polymer_wt=17.0; additive_wt=0.0; cosolvent_type=none; nips_bath_solvent=none; nips_bath_solvent_wt_percent=0.0; Air Temp Mean=26.5; Humidity Mean=37.38; Coupon Temp Mean=unknown; Coupon Humidity Mean=unknown
Thickness: mean=138.64726248284074, SD=3.255693785034882; Elastic Modulus: mean=547.2247195308832, SD=108.57448911921004; Yield Strength: mean=35.531922709260094, SD=4.034748177140476; Pore Fraction: mean=0.3110403914865278, SD=0.0134546842694695; Creep Strain: mean=0.1339119696162211, SD=0.0040445847243497; Strain at 50 bar: mean=0.1220270661810957, SD=0.0339893344814098","[17-0add-5deg-cosolv-none-bathSolv-none-0wt-30s-N2-1200s_run2] Historical observation; chemistry=Primospire / NMP; campaign=2026-09-10-exploration-mode; sample_time=2026-09-10 17:07:16. mixing_temp=25; bath_temp=5; pullcast_speed=10; nitrogen=True; coupon_to_bath_wait_time=30; nips_bath_wait_time=1200; polymer_wt=17.0; additive_wt=0.0; cosolvent_type=none; nips_bath_solvent=none; nips_bath_solvent_wt_percent=0.0; Air Temp Mean=26.5; Humidity Mean=37.38; Coupon Temp Mean=unknown; Coupon Humidity Mean=unknown. Thickness: mean=138.64726248284074, SD=3.255693785034882; Elastic Modulus: mean=547.2247195308832, SD=108.57448911921004; Yield Strength: mean=35.531922709260094, SD=4.034748177140476; Pore Fraction: mean=0.3110403914865278, SD=0.0134546842694695; Creep Strain: mean=0.1339119696162211, SD=0.0040445847243497; Strain at 50 bar: mean=0.1220270661810957, SD=0.0339893344814098. Modulus and yield strength units: bar; thickness: micrometers; pore fraction and strains: dimensionless. CV Mean=0.1117627316098951; Discarded Fit Quality Mean=58.0; Discarded Fit Reasons=1 failed due to yield point (bp1) likely misplaced. unknown; aggregate SD is intra-sample, not independent synthesis validation. Pore fraction method: compression-curve changepoint estimate; dimensionless, not independent porosimetry. Historical parameters may be outside current bounds; use current bounds for suggestions.","- **Presence:** Membrane is visible — a pale white/grey sheet occupies the aperture.

- **Vertical Coverage:** Membrane spans the full top-to-bottom extent of the aperture with no gap at either the top or bottom edge. ✓

- **Uniformity:** Color and opacity are largely consistent across the membrane surface; a subtle tonal gradient toward the lower portion is minor and likely lighting-related.

- **Defects:** No wrinkles or trapped air bubbles are detected within the membrane material itself. Bright highlights visible at the aperture rim and boundary edges are lighting/specular artifacts, not membrane defects.

- **Summary:** The membrane coupon presents as intact, fully vertically covering, and free of observable structural defects.",C:\Users\wang9\Documents\GitHub\NIPS-pipeline\data\results\begins_2026-09-10-exploration-mode\agg.csv,2026-09-10-exploration-mode,2026-09-10 18:59:48,17-0add-5deg-cosolv-none-bathSolv-none-0wt-30s-N2-1200s_run2,2026-09-10 17:07:16,2026-09-10 17:07:16,raw specimen filename,Primospire / NMP,17-0add-5deg-cosolv-none-bathSolv-none-0wt-30s-N2-1200s_run2_postDiscard,"unknown; aggregate SD is intra-sample, not independent synthesis validation","compression-curve changepoint estimate; dimensionless, not independent porosimetry","Pore Fraction mean=0.3110403914865278, SD=0.0134546842694695; compression-curve changepoint estimate; dimensionless, not independent porosimetry"
"2026-09-11
00:10:33",19-0add-5deg-cosolv-none-bathSolv-none-0wt-0s-N2-1500s,60,5,19.0,0.0,3,True,0,1500,Primospire,NMP,none,none,0.0,mixing_temp=60; bath_temp=5; pullcast_speed=3; nitrogen=True; coupon_to_bath_wait_time=0; nips_bath_wait_time=1500; polymer_wt=19.0; additive_wt=0.0; cosolvent_type=none; nips_bath_solvent=none; nips_bath_solvent_wt_percent=0.0; Air Temp Mean=unknown; Humidity Mean=unknown; Coupon Temp Mean=unknown; Coupon Humidity Mean=unknown,,unknown,unknown,unknown,unknown,130.37864715909754,1.2409524282075424,,,,,,,,,,,,,0.0912559305075878,0.0083238883464064,,,,,,,,50.25,4 failed due to yield point (bp1) likely misplaced,"mixing_temp=60; bath_temp=5; pullcast_speed=3; nitrogen=True; coupon_to_bath_wait_time=0; nips_bath_wait_time=1500; polymer_wt=19.0; additive_wt=0.0; cosolvent_type=none; nips_bath_solvent=none; nips_bath_solvent_wt_percent=0.0; Air Temp Mean=unknown; Humidity Mean=unknown; Coupon Temp Mean=unknown; Coupon Humidity Mean=unknown
Thickness: mean=130.37864715909754, SD=1.2409524282075424; Elastic Modulus: mean=unknown, SD=unknown; Yield Strength: mean=unknown, SD=unknown; Pore Fraction: mean=unknown, SD=unknown; Creep Strain: mean=unknown, SD=unknown; Strain at 50 bar: mean=0.0912559305075878, SD=0.0083238883464064","[19-0add-5deg-cosolv-none-bathSolv-none-0wt-0s-N2-1500s] Historical observation; chemistry=Primospire / NMP; campaign=2026-09-10-exploration-mode; sample_time=2026-09-10 22:01:51. mixing_temp=60; bath_temp=5; pullcast_speed=3; nitrogen=True; coupon_to_bath_wait_time=0; nips_bath_wait_time=1500; polymer_wt=19.0; additive_wt=0.0; cosolvent_type=none; nips_bath_solvent=none; nips_bath_solvent_wt_percent=0.0; Air Temp Mean=unknown; Humidity Mean=unknown; Coupon Temp Mean=unknown; Coupon Humidity Mean=unknown. Thickness: mean=130.37864715909754, SD=1.2409524282075424; Elastic Modulus: mean=unknown, SD=unknown; Yield Strength: mean=unknown, SD=unknown; Pore Fraction: mean=unknown, SD=unknown; Creep Strain: mean=unknown, SD=unknown; Strain at 50 bar: mean=0.0912559305075878, SD=0.0083238883464064. Modulus and yield strength units: bar; thickness: micrometers; pore fraction and strains: dimensionless. CV Mean=unknown; Discarded Fit Quality Mean=50.25; Discarded Fit Reasons=4 failed due to yield point (bp1) likely misplaced. unknown; aggregate SD is intra-sample, not independent synthesis validation. Pore fraction method: compression-curve changepoint estimate; dimensionless, not independent porosimetry. Historical parameters may be outside current bounds; use current bounds for suggestions.","- **Presence:** Membrane is visible — a pale white/opaque sheet seated within the circular aperture.
- **Vertical Coverage:** Membrane spans the full top-to-bottom extent of the aperture with no gap at the top or bottom edge. ✓
- **Uniformity:** Largely uniform in color and opacity; a subtle tonal gradient toward the lower portion is present but minor and likely lighting-related.
- **Defects:** No wrinkles or trapped air bubbles detected within the membrane material itself; bright highlights visible on the metal rim are lighting artifacts, not membrane defects.
- **Summary:** Membrane appears well-seated with complete vertical coverage, good uniformity, and no observable structural defects.",C:\Users\wang9\Documents\GitHub\NIPS-pipeline\data\results\begins_2026-09-10-exploration-mode\agg.csv,2026-09-10-exploration-mode,2026-09-11 00:10:33,19-0add-5deg-cosolv-none-bathSolv-none-0wt-0s-N2-1500s,2026-09-10 22:01:51,2026-09-10 22:01:51,raw specimen filename,Primospire / NMP,19-0add-5deg-cosolv-none-bathSolv-none-0wt-0s-N2-1500s_postDiscard,"unknown; aggregate SD is intra-sample, not independent synthesis validation","compression-curve changepoint estimate; dimensionless, not independent porosimetry","Pore Fraction mean=unknown, SD=unknown; compression-curve changepoint estimate; dimensionless, not independent porosimetry"
"2026-09-11
02:33:46",18-0add-15deg-cosolv-none-bathSolv-none-0wt-600s-NoN2-1350s,80,15,18.0,0.0,15,False,600,1350,Primospire,NMP,none,none,0.0,mixing_temp=80; bath_temp=15; pullcast_speed=15; nitrogen=False; coupon_to_bath_wait_time=600; nips_bath_wait_time=1350; polymer_wt=18.0; additive_wt=0.0; cosolvent_type=none; nips_bath_solvent=none; nips_bath_solvent_wt_percent=0.0; Air Temp Mean=25.08; Humidity Mean=43.42; Coupon Temp Mean=25.09; Coupon Humidity Mean=46.4,,25.08,43.42,25.09,46.4,140.7531149179445,1.5477192725460558,476.8239714904814,82.40982423789978,37.74941192541009,2.979954489760354,0.393141631578043,0.0285303968096367,143.85437482642877,4.62758653866535,494.679706933645,28.31274676626239,0.1014847900145822,0.0136696277816685,0.1782010806973933,0.0267815884690474,0.3566924681570313,0.0301143399333295,0.5190776959749954,0.018043983369569,,,0.091226454397247,0.0,1 failed due to insufficient data to fit,"mixing_temp=80; bath_temp=15; pullcast_speed=15; nitrogen=False; coupon_to_bath_wait_time=600; nips_bath_wait_time=1350; polymer_wt=18.0; additive_wt=0.0; cosolvent_type=none; nips_bath_solvent=none; nips_bath_solvent_wt_percent=0.0; Air Temp Mean=25.08; Humidity Mean=43.42; Coupon Temp Mean=25.09; Coupon Humidity Mean=46.4
Thickness: mean=140.7531149179445, SD=1.5477192725460558; Elastic Modulus: mean=476.8239714904814, SD=82.40982423789978; Yield Strength: mean=37.74941192541009, SD=2.979954489760354; Pore Fraction: mean=0.393141631578043, SD=0.0285303968096367; Creep Strain: mean=0.1014847900145822, SD=0.0136696277816685; Strain at 50 bar: mean=0.1782010806973933, SD=0.0267815884690474","[18-0add-15deg-cosolv-none-bathSolv-none-0wt-600s-NoN2-1350s] Historical observation; chemistry=Primospire / NMP; campaign=2026-09-10-exploration-mode; sample_time=2026-09-11 00:11:31. mixing_temp=80; bath_temp=15; pullcast_speed=15; nitrogen=False; coupon_to_bath_wait_time=600; nips_bath_wait_time=1350; polymer_wt=18.0; additive_wt=0.0; cosolvent_type=none; nips_bath_solvent=none; nips_bath_solvent_wt_percent=0.0; Air Temp Mean=25.08; Humidity Mean=43.42; Coupon Temp Mean=25.09; Coupon Humidity Mean=46.4. Thickness: mean=140.7531149179445, SD=1.5477192725460558; Elastic Modulus: mean=476.8239714904814, SD=82.40982423789978; Yield Strength: mean=37.74941192541009, SD=2.979954489760354; Pore Fraction: mean=0.393141631578043, SD=0.0285303968096367; Creep Strain: mean=0.1014847900145822, SD=0.0136696277816685; Strain at 50 bar: mean=0.1782010806973933, SD=0.0267815884690474. Modulus and yield strength units: bar; thickness: micrometers; pore fraction and strains: dimensionless. CV Mean=0.091226454397247; Discarded Fit Quality Mean=0.0; Discarded Fit Reasons=1 failed due to insufficient data to fit. unknown; aggregate SD is intra-sample, not independent synthesis validation. Pore fraction method: compression-curve changepoint estimate; dimensionless, not independent porosimetry. Historical parameters may be outside current bounds; use current bounds for suggestions.","- **Presence:** Membrane is visible — a pale white/grey sheet occupies the aperture.

- **Vertical Coverage:** The membrane does not reach the top edge of the aperture; a clear gap is visible at the top, exposing the backing/rim. This is a notable vertical coverage defect.

- **Uniformity:** The main body of the membrane appears largely uniform in color and opacity, with no obvious patchiness or dark spots across the central area.

- **Defects:** No wrinkles or trapped air bubbles are evident within the membrane material itself; rim-area highlights are lighting artifacts.

- **Summary:** The membrane is present and internally uniform, but fails to achieve full vertical coverage due to a distinct gap at the top edge of the aperture.",C:\Users\wang9\Documents\GitHub\NIPS-pipeline\data\results\begins_2026-09-10-exploration-mode\agg.csv,2026-09-10-exploration-mode,2026-09-11 02:33:46,18-0add-15deg-cosolv-none-bathSolv-none-0wt-600s-NoN2-1350s,2026-09-11 00:11:31,2026-09-11 00:11:31,raw specimen filename,Primospire / NMP,18-0add-15deg-cosolv-none-bathSolv-none-0wt-600s-NoN2-1350s_postDiscard,"unknown; aggregate SD is intra-sample, not independent synthesis validation","compression-curve changepoint estimate; dimensionless, not independent porosimetry","Pore Fraction mean=0.393141631578043, SD=0.0285303968096367; compression-curve changepoint estimate; dimensionless, not independent porosimetry"
"2026-09-11
04:44:04",20-0add-5deg-cosolv-none-bathSolv-none-0wt-150s-N2-1650s,45,5,20.0,0.0,7,True,150,1650,Primospire,NMP,none,none,0.0,mixing_temp=45; bath_temp=5; pullcast_speed=7; nitrogen=True; coupon_to_bath_wait_time=150; nips_bath_wait_time=1650; polymer_wt=20.0; additive_wt=0.0; cosolvent_type=none; nips_bath_solvent=none; nips_bath_solvent_wt_percent=0.0; Air Temp Mean=unknown; Humidity Mean=unknown; Coupon Temp Mean=unknown; Coupon Humidity Mean=unknown,,unknown,unknown,unknown,unknown,132.1734121542532,1.229101934336706,,,,,,,,,,,,,0.0912348125571937,0.0099151513228957,,,,,,,,30.0,4 failed due to yield point (bp1) likely misplaced,"mixing_temp=45; bath_temp=5; pullcast_speed=7; nitrogen=True; coupon_to_bath_wait_time=150; nips_bath_wait_time=1650; polymer_wt=20.0; additive_wt=0.0; cosolvent_type=none; nips_bath_solvent=none; nips_bath_solvent_wt_percent=0.0; Air Temp Mean=unknown; Humidity Mean=unknown; Coupon Temp Mean=unknown; Coupon Humidity Mean=unknown
Thickness: mean=132.1734121542532, SD=1.229101934336706; Elastic Modulus: mean=unknown, SD=unknown; Yield Strength: mean=unknown, SD=unknown; Pore Fraction: mean=unknown, SD=unknown; Creep Strain: mean=unknown, SD=unknown; Strain at 50 bar: mean=0.0912348125571937, SD=0.0099151513228957","[20-0add-5deg-cosolv-none-bathSolv-none-0wt-150s-N2-1650s] Historical observation; chemistry=Primospire / NMP; campaign=2026-09-10-exploration-mode; sample_time=2026-09-11 02:34:43. mixing_temp=45; bath_temp=5; pullcast_speed=7; nitrogen=True; coupon_to_bath_wait_time=150; nips_bath_wait_time=1650; polymer_wt=20.0; additive_wt=0.0; cosolvent_type=none; nips_bath_solvent=none; nips_bath_solvent_wt_percent=0.0; Air Temp Mean=unknown; Humidity Mean=unknown; Coupon Temp Mean=unknown; Coupon Humidity Mean=unknown. Thickness: mean=132.1734121542532, SD=1.229101934336706; Elastic Modulus: mean=unknown, SD=unknown; Yield Strength: mean=unknown, SD=unknown; Pore Fraction: mean=unknown, SD=unknown; Creep Strain: mean=unknown, SD=unknown; Strain at 50 bar: mean=0.0912348125571937, SD=0.0099151513228957. Modulus and yield strength units: bar; thickness: micrometers; pore fraction and strains: dimensionless. CV Mean=unknown; Discarded Fit Quality Mean=30.0; Discarded Fit Reasons=4 failed due to yield point (bp1) likely misplaced. unknown; aggregate SD is intra-sample, not independent synthesis validation. Pore fraction method: compression-curve changepoint estimate; dimensionless, not independent porosimetry. Historical parameters may be outside current bounds; use current bounds for suggestions.","- **Presence:** Membrane is visible — a pale white/light-grey sheet occupies the aperture.
- **Vertical Coverage:** Full top-to-bottom coverage confirmed; membrane reaches both the top and bottom edges of the aperture with no gaps.
- **Uniformity:** Membrane appears largely uniform in color and opacity across its surface, with only a very subtle, gradual tonal gradient — no distinct patches or dark spots.
- **Defects:** No wrinkles or trapped air bubbles detected within the membrane material itself; texture is smooth throughout.
- **Summary:** The membrane coupon presents as fully vertically seated, visually uniform, and free of observable wrinkles or bubble defects.",C:\Users\wang9\Documents\GitHub\NIPS-pipeline\data\results\begins_2026-09-10-exploration-mode\agg.csv,2026-09-10-exploration-mode,2026-09-11 04:44:04,20-0add-5deg-cosolv-none-bathSolv-none-0wt-150s-N2-1650s,2026-09-11 02:34:43,2026-09-11 02:34:43,raw specimen filename,Primospire / NMP,20-0add-5deg-cosolv-none-bathSolv-none-0wt-150s-N2-1650s_postDiscard,"unknown; aggregate SD is intra-sample, not independent synthesis validation","compression-curve changepoint estimate; dimensionless, not independent porosimetry","Pore Fraction mean=unknown, SD=unknown; compression-curve changepoint estimate; dimensionless, not independent porosimetry"
"2026-09-11
06:46:12",17-0add-10deg-cosolv-none-bathSolv-none-0wt-90s-NoN2-1400s,35,10,17.0,0.0,20,False,90,1400,Primospire,NMP,none,none,0.0,mixing_temp=35; bath_temp=10; pullcast_speed=20; nitrogen=False; coupon_to_bath_wait_time=90; nips_bath_wait_time=1400; polymer_wt=17.0; additive_wt=0.0; cosolvent_type=none; nips_bath_solvent=none; nips_bath_solvent_wt_percent=0.0; Air Temp Mean=25.32; Humidity Mean=42.27; Coupon Temp Mean=24.66; Coupon Humidity Mean=46.28,,25.32,42.27,24.66,46.28,150.15094400816812,1.8298567995475497,401.2628903765892,1.271131601243809,35.33980850621198,1.00191421940114,0.3159024957544042,0.0033622240747484,192.27697626233007,3.1530767899734258,646.9632857599984,17.004665936588424,0.1074516499979794,0.0017334791495037,0.1492654735707716,0.03315661662247,0.3064640690508206,0.0005771847284412,0.4279156172632428,0.0005541824818082,,,0.0123043612026929,29.0,1 failed due to yield point (bp1) likely misplaced; 1 failed due to insufficient data to fit,"mixing_temp=35; bath_temp=10; pullcast_speed=20; nitrogen=False; coupon_to_bath_wait_time=90; nips_bath_wait_time=1400; polymer_wt=17.0; additive_wt=0.0; cosolvent_type=none; nips_bath_solvent=none; nips_bath_solvent_wt_percent=0.0; Air Temp Mean=25.32; Humidity Mean=42.27; Coupon Temp Mean=24.66; Coupon Humidity Mean=46.28
Thickness: mean=150.15094400816812, SD=1.8298567995475497; Elastic Modulus: mean=401.2628903765892, SD=1.271131601243809; Yield Strength: mean=35.33980850621198, SD=1.00191421940114; Pore Fraction: mean=0.3159024957544042, SD=0.0033622240747484; Creep Strain: mean=0.1074516499979794, SD=0.0017334791495037; Strain at 50 bar: mean=0.1492654735707716, SD=0.03315661662247","[17-0add-10deg-cosolv-none-bathSolv-none-0wt-90s-NoN2-1400s] Historical observation; chemistry=Primospire / NMP; campaign=2026-09-10-exploration-mode; sample_time=2026-09-11 04:45:09. mixing_temp=35; bath_temp=10; pullcast_speed=20; nitrogen=False; coupon_to_bath_wait_time=90; nips_bath_wait_time=1400; polymer_wt=17.0; additive_wt=0.0; cosolvent_type=none; nips_bath_solvent=none; nips_bath_solvent_wt_percent=0.0; Air Temp Mean=25.32; Humidity Mean=42.27; Coupon Temp Mean=24.66; Coupon Humidity Mean=46.28. Thickness: mean=150.15094400816812, SD=1.8298567995475497; Elastic Modulus: mean=401.2628903765892, SD=1.271131601243809; Yield Strength: mean=35.33980850621198, SD=1.00191421940114; Pore Fraction: mean=0.3159024957544042, SD=0.0033622240747484; Creep Strain: mean=0.1074516499979794, SD=0.0017334791495037; Strain at 50 bar: mean=0.1492654735707716, SD=0.03315661662247. Modulus and yield strength units: bar; thickness: micrometers; pore fraction and strains: dimensionless. CV Mean=0.0123043612026929; Discarded Fit Quality Mean=29.0; Discarded Fit Reasons=1 failed due to yield point (bp1) likely misplaced; 1 failed due to insufficient data to fit. unknown; aggregate SD is intra-sample, not independent synthesis validation. Pore fraction method: compression-curve changepoint estimate; dimensionless, not independent porosimetry. Historical parameters may be outside current bounds; use current bounds for suggestions.","- **Presence:** Membrane is visible — a pale white/off-white sheet occupies the aperture.

- **Vertical Coverage:** Membrane spans the full top-to-bottom extent of the aperture with no gap at either the top or bottom edge. ✓

- **Uniformity:** Largely uniform in color and opacity across the central area; slight tonal gradient toward the upper region but no obvious patchy or dark spots.

- **Defects:** One small pinhole/dark spot visible near the upper-center of the membrane. The large bright diagonal feature on the right side is a specular reflection on the metal rim/aperture boundary — not a membrane defect.

- **Summary:** Membrane is present with full vertical coverage and generally good uniformity, but one small pinhole near the upper center warrants attention.",C:\Users\wang9\Documents\GitHub\NIPS-pipeline\data\results\begins_2026-09-10-exploration-mode\agg.csv,2026-09-10-exploration-mode,2026-09-11 06:46:12,17-0add-10deg-cosolv-none-bathSolv-none-0wt-90s-NoN2-1400s,2026-09-11 04:45:09,2026-09-11 04:45:09,raw specimen filename,Primospire / NMP,17-0add-10deg-cosolv-none-bathSolv-none-0wt-90s-NoN2-1400s_postDiscard,"unknown; aggregate SD is intra-sample, not independent synthesis validation","compression-curve changepoint estimate; dimensionless, not independent porosimetry","Pore Fraction mean=0.3159024957544042, SD=0.0033622240747484; compression-curve changepoint estimate; dimensionless, not independent porosimetry"
"2026-09-11
20:11:34",20p5-0add-5deg-cosolv-none-bathSolv-none-0wt-225s-NoN2-1750s,50,5,20.5,0.0,5,False,225,1750,Primospire,NMP,none,none,0.0,mixing_temp=50; bath_temp=5; pullcast_speed=5; nitrogen=False; coupon_to_bath_wait_time=225; nips_bath_wait_time=1750; polymer_wt=20.5; additive_wt=0.0; cosolvent_type=none; nips_bath_solvent=none; nips_bath_solvent_wt_percent=0.0; Air Temp Mean=unknown; Humidity Mean=unknown; Coupon Temp Mean=unknown; Coupon Humidity Mean=unknown,,unknown,unknown,unknown,unknown,148.32268790693294,6.517410377697948,,,,,,,,,,,,,0.1132078322583507,0.0211080692596841,,,,,,,,46.75,4 failed due to yield point (bp1) likely misplaced,"mixing_temp=50; bath_temp=5; pullcast_speed=5; nitrogen=False; coupon_to_bath_wait_time=225; nips_bath_wait_time=1750; polymer_wt=20.5; additive_wt=0.0; cosolvent_type=none; nips_bath_solvent=none; nips_bath_solvent_wt_percent=0.0; Air Temp Mean=unknown; Humidity Mean=unknown; Coupon Temp Mean=unknown; Coupon Humidity Mean=unknown
Thickness: mean=148.32268790693294, SD=6.517410377697948; Elastic Modulus: mean=unknown, SD=unknown; Yield Strength: mean=unknown, SD=unknown; Pore Fraction: mean=unknown, SD=unknown; Creep Strain: mean=unknown, SD=unknown; Strain at 50 bar: mean=0.1132078322583507, SD=0.0211080692596841","[20p5-0add-5deg-cosolv-none-bathSolv-none-0wt-225s-NoN2-1750s] Historical observation; chemistry=Primospire / NMP; campaign=2026-09-10-exploration-mode; sample_time=2026-09-11 17:58:22. mixing_temp=50; bath_temp=5; pullcast_speed=5; nitrogen=False; coupon_to_bath_wait_time=225; nips_bath_wait_time=1750; polymer_wt=20.5; additive_wt=0.0; cosolvent_type=none; nips_bath_solvent=none; nips_bath_solvent_wt_percent=0.0; Air Temp Mean=unknown; Humidity Mean=unknown; Coupon Temp Mean=unknown; Coupon Humidity Mean=unknown. Thickness: mean=148.32268790693294, SD=6.517410377697948; Elastic Modulus: mean=unknown, SD=unknown; Yield Strength: mean=unknown, SD=unknown; Pore Fraction: mean=unknown, SD=unknown; Creep Strain: mean=unknown, SD=unknown; Strain at 50 bar: mean=0.1132078322583507, SD=0.0211080692596841. Modulus and yield strength units: bar; thickness: micrometers; pore fraction and strains: dimensionless. CV Mean=unknown; Discarded Fit Quality Mean=46.75; Discarded Fit Reasons=4 failed due to yield point (bp1) likely misplaced. unknown; aggregate SD is intra-sample, not independent synthesis validation. Pore fraction method: compression-curve changepoint estimate; dimensionless, not independent porosimetry. Historical parameters may be outside current bounds; use current bounds for suggestions.","- **Presence**: Membrane is visible — a pale white/off-white sheet occupies the aperture.

- **Vertical Coverage**: Membrane spans the full top-to-bottom extent of the aperture with no gap at either the top or bottom edge. ✓

- **Uniformity**: Color and opacity are largely consistent across the membrane surface; slight tonal gradient toward the center is consistent with even illumination rather than thickness variation.

- **Defects**: No wrinkles or trapped air bubbles are detected within the membrane material itself. Bright highlights visible at the aperture rim and boundary edges are lighting/specular artifacts, not membrane defects.

- **Summary**: The membrane coupon presents as fully seated vertically, visually uniform, and free of wrinkles or bubble defects.",C:\Users\wang9\Documents\GitHub\NIPS-pipeline\data\results\begins_2026-09-10-exploration-mode\agg.csv,2026-09-10-exploration-mode,2026-09-11 20:11:34,20p5-0add-5deg-cosolv-none-bathSolv-none-0wt-225s-NoN2-1750s,2026-09-11 17:58:22,2026-09-11 17:58:22,raw specimen filename,Primospire / NMP,20p5-0add-5deg-cosolv-none-bathSolv-none-0wt-225s-NoN2-1750s_postDiscard,"unknown; aggregate SD is intra-sample, not independent synthesis validation","compression-curve changepoint estimate; dimensionless, not independent porosimetry","Pore Fraction mean=unknown, SD=unknown; compression-curve changepoint estimate; dimensionless, not independent porosimetry"
"2026-09-11
23:06:06",17p5-0add-25deg-cosolv-none-bathSolv-none-0wt-375s-N2-1300s,55,25,17.5,0.0,11,True,375,1300,Primospire,NMP,none,none,0.0,mixing_temp=55; bath_temp=25; pullcast_speed=11; nitrogen=True; coupon_to_bath_wait_time=375; nips_bath_wait_time=1300; polymer_wt=17.5; additive_wt=0.0; cosolvent_type=none; nips_bath_solvent=none; nips_bath_solvent_wt_percent=0.0; Air Temp Mean=24.84; Humidity Mean=45.22; Coupon Temp Mean=24.99; Coupon Humidity Mean=38.4,,24.84,45.22,24.99,38.4,135.46640223412726,6.866757804172505,591.6726110492291,71.26902317465033,39.81738834221224,2.737912322701032,0.2830419683229737,0.0104033070742601,221.64237693876723,6.980547726767327,553.7618963899835,24.46563020904444,0.114493633033623,0.0050487285374395,0.1022306995970407,0.0221170545356644,0.2473024155894888,0.015233385943326,0.3988862339845973,0.0171977186550761,,,0.1086755099223757,54.5,2 failed due to yield point (bp1) likely misplaced,"mixing_temp=55; bath_temp=25; pullcast_speed=11; nitrogen=True; coupon_to_bath_wait_time=375; nips_bath_wait_time=1300; polymer_wt=17.5; additive_wt=0.0; cosolvent_type=none; nips_bath_solvent=none; nips_bath_solvent_wt_percent=0.0; Air Temp Mean=24.84; Humidity Mean=45.22; Coupon Temp Mean=24.99; Coupon Humidity Mean=38.4
Thickness: mean=135.46640223412726, SD=6.866757804172505; Elastic Modulus: mean=591.6726110492291, SD=71.26902317465033; Yield Strength: mean=39.81738834221224, SD=2.737912322701032; Pore Fraction: mean=0.2830419683229737, SD=0.0104033070742601; Creep Strain: mean=0.114493633033623, SD=0.0050487285374395; Strain at 50 bar: mean=0.1022306995970407, SD=0.0221170545356644","[17p5-0add-25deg-cosolv-none-bathSolv-none-0wt-375s-N2-1300s] Historical observation; chemistry=Primospire / NMP; campaign=2026-09-10-exploration-mode; sample_time=2026-09-11 20:12:34. mixing_temp=55; bath_temp=25; pullcast_speed=11; nitrogen=True; coupon_to_bath_wait_time=375; nips_bath_wait_time=1300; polymer_wt=17.5; additive_wt=0.0; cosolvent_type=none; nips_bath_solvent=none; nips_bath_solvent_wt_percent=0.0; Air Temp Mean=24.84; Humidity Mean=45.22; Coupon Temp Mean=24.99; Coupon Humidity Mean=38.4. Thickness: mean=135.46640223412726, SD=6.866757804172505; Elastic Modulus: mean=591.6726110492291, SD=71.26902317465033; Yield Strength: mean=39.81738834221224, SD=2.737912322701032; Pore Fraction: mean=0.2830419683229737, SD=0.0104033070742601; Creep Strain: mean=0.114493633033623, SD=0.0050487285374395; Strain at 50 bar: mean=0.1022306995970407, SD=0.0221170545356644. Modulus and yield strength units: bar; thickness: micrometers; pore fraction and strains: dimensionless. CV Mean=0.1086755099223757; Discarded Fit Quality Mean=54.5; Discarded Fit Reasons=2 failed due to yield point (bp1) likely misplaced. unknown; aggregate SD is intra-sample, not independent synthesis validation. Pore fraction method: compression-curve changepoint estimate; dimensionless, not independent porosimetry. Historical parameters may be outside current bounds; use current bounds for suggestions.","- **Presence**: Membrane is clearly visible as a pale white/light-grey sheet within the circular aperture.

- **Vertical Coverage**: Membrane spans the full top-to-bottom extent of the aperture with no gap at the top or bottom edge. Vertical coverage is complete.

- **Uniformity**: Membrane appears visually uniform in color and opacity throughout; no patchiness, dark spots, or notable thickness variation observed.

- **Defects**: No wrinkles or trapped air bubbles detected within the membrane material itself; the bright reflection visible at the upper-right is a lighting artifact on the metal rim, not a membrane defect.

- **Summary**: The membrane coupon presents complete vertical coverage, uniform appearance, and no detectable structural defects.",C:\Users\wang9\Documents\GitHub\NIPS-pipeline\data\results\begins_2026-09-10-exploration-mode\agg.csv,2026-09-10-exploration-mode,2026-09-11 23:06:06,17p5-0add-25deg-cosolv-none-bathSolv-none-0wt-375s-N2-1300s,2026-09-11 20:12:34,2026-09-11 20:12:34,raw specimen filename,Primospire / NMP,17p5-0add-25deg-cosolv-none-bathSolv-none-0wt-375s-N2-1300s_postDiscard,"unknown; aggregate SD is intra-sample, not independent synthesis validation","compression-curve changepoint estimate; dimensionless, not independent porosimetry","Pore Fraction mean=0.2830419683229737, SD=0.0104033070742601; compression-curve changepoint estimate; dimensionless, not independent porosimetry"
"2026-09-12
01:14:34",18-0add-20deg-cosolv-none-bathSolv-none-0wt-500s-N2-1450s,30,20,18.0,0.0,16,True,500,1450,Primospire,NMP,none,none,0.0,mixing_temp=30; bath_temp=20; pullcast_speed=16; nitrogen=True; coupon_to_bath_wait_time=500; nips_bath_wait_time=1450; polymer_wt=18.0; additive_wt=0.0; cosolvent_type=none; nips_bath_solvent=none; nips_bath_solvent_wt_percent=0.0; Air Temp Mean=25.07; Humidity Mean=44.34; Coupon Temp Mean=25.14; Coupon Humidity Mean=38.01,,25.07,44.34,25.14,38.01,132.94021392683842,5.795775705905526,400.0068360487557,0.0,57.25894462488046,0.0,0.2925592376147131,0.0,261.46881664712424,0.0,579.0857593525933,0.0,0.1084899911534152,0.0,0.1194306158615042,0.0331985603273794,0.248736991227908,0.0,0.3932933983430228,0.0,,,,38.0,"2 failed due to yield point (bp1) likely misplaced; 1 failed due to plateau slope >= elastic modulus, no real transition","mixing_temp=30; bath_temp=20; pullcast_speed=16; nitrogen=True; coupon_to_bath_wait_time=500; nips_bath_wait_time=1450; polymer_wt=18.0; additive_wt=0.0; cosolvent_type=none; nips_bath_solvent=none; nips_bath_solvent_wt_percent=0.0; Air Temp Mean=25.07; Humidity Mean=44.34; Coupon Temp Mean=25.14; Coupon Humidity Mean=38.01
Thickness: mean=132.94021392683842, SD=5.795775705905526; Elastic Modulus: mean=400.0068360487557, SD=0.0; Yield Strength: mean=57.25894462488046, SD=0.0; Pore Fraction: mean=0.2925592376147131, SD=0.0; Creep Strain: mean=0.1084899911534152, SD=0.0; Strain at 50 bar: mean=0.1194306158615042, SD=0.0331985603273794","[18-0add-20deg-cosolv-none-bathSolv-none-0wt-500s-N2-1450s] Historical observation; chemistry=Primospire / NMP; campaign=2026-09-10-exploration-mode; sample_time=2026-09-11 23:07:06. mixing_temp=30; bath_temp=20; pullcast_speed=16; nitrogen=True; coupon_to_bath_wait_time=500; nips_bath_wait_time=1450; polymer_wt=18.0; additive_wt=0.0; cosolvent_type=none; nips_bath_solvent=none; nips_bath_solvent_wt_percent=0.0; Air Temp Mean=25.07; Humidity Mean=44.34; Coupon Temp Mean=25.14; Coupon Humidity Mean=38.01. Thickness: mean=132.94021392683842, SD=5.795775705905526; Elastic Modulus: mean=400.0068360487557, SD=0.0; Yield Strength: mean=57.25894462488046, SD=0.0; Pore Fraction: mean=0.2925592376147131, SD=0.0; Creep Strain: mean=0.1084899911534152, SD=0.0; Strain at 50 bar: mean=0.1194306158615042, SD=0.0331985603273794. Modulus and yield strength units: bar; thickness: micrometers; pore fraction and strains: dimensionless. CV Mean=unknown; Discarded Fit Quality Mean=38.0; Discarded Fit Reasons=2 failed due to yield point (bp1) likely misplaced; 1 failed due to plateau slope >= elastic modulus, no real transition. unknown; aggregate SD is intra-sample, not independent synthesis validation. Pore fraction method: compression-curve changepoint estimate; dimensionless, not independent porosimetry. Historical parameters may be outside current bounds; use current bounds for suggestions.","- **Presence:** Membrane is visible — a pale white/grey sheet occupies the aperture.

- **Vertical Coverage:** Membrane reaches both the top and bottom edges of the aperture with no gap; vertical coverage is complete.

- **Uniformity:** Largely uniform in color and opacity across the central area; slight tonal gradient toward edges but no distinct dark spots or pronounced thickness variation.

- **Defects:** No wrinkles or trapped air bubbles are detected within the membrane material itself. Bright curved lines at the top and along the rim are specular highlights on the metal aperture, not membrane defects.

- **Summary:** The membrane is fully present with complete vertical coverage, uniform appearance, and no observable wrinkles or bubbles.",C:\Users\wang9\Documents\GitHub\NIPS-pipeline\data\results\begins_2026-09-10-exploration-mode\agg.csv,2026-09-10-exploration-mode,2026-09-12 01:14:34,18-0add-20deg-cosolv-none-bathSolv-none-0wt-500s-N2-1450s,2026-09-11 23:07:06,2026-09-11 23:07:06,raw specimen filename,Primospire / NMP,18-0add-20deg-cosolv-none-bathSolv-none-0wt-500s-N2-1450s_postDiscard,"unknown; aggregate SD is intra-sample, not independent synthesis validation","compression-curve changepoint estimate; dimensionless, not independent porosimetry","Pore Fraction mean=0.2925592376147131, SD=0.0; compression-curve changepoint estimate; dimensionless, not independent porosimetry"
"2026-09-12
03:20:18",17p5-0add-25deg-cosolv-none-bathSolv-none-0wt-120s-N2-1800s,25,25,17.5,0.0,9,True,120,1800,Primospire,NMP,none,none,0.0,mixing_temp=25; bath_temp=25; pullcast_speed=9; nitrogen=True; coupon_to_bath_wait_time=120; nips_bath_wait_time=1800; polymer_wt=17.5; additive_wt=0.0; cosolvent_type=none; nips_bath_solvent=none; nips_bath_solvent_wt_percent=0.0; Air Temp Mean=25.89; Humidity Mean=42.39; Coupon Temp Mean=25.84; Coupon Humidity Mean=34.94,,25.89,42.39,25.84,34.94,142.95302455147362,4.686949745213245,494.64425765,166.73177460541464,42.98919319125653,1.9672962695432084,0.3007299297551939,0.0235090721755769,223.22455448188293,11.691319166153036,563.033202858541,8.894846762684438,0.1018623916535625,0.0044780273742411,0.1620511169573859,0.0404142899108319,0.2682470685825117,0.0305585022029729,0.4111514928273923,0.0228297727806834,,,0.1758898298776772,26.5,"2 failed due to plateau slope >= elastic modulus, no real transition","mixing_temp=25; bath_temp=25; pullcast_speed=9; nitrogen=True; coupon_to_bath_wait_time=120; nips_bath_wait_time=1800; polymer_wt=17.5; additive_wt=0.0; cosolvent_type=none; nips_bath_solvent=none; nips_bath_solvent_wt_percent=0.0; Air Temp Mean=25.89; Humidity Mean=42.39; Coupon Temp Mean=25.84; Coupon Humidity Mean=34.94
Thickness: mean=142.95302455147362, SD=4.686949745213245; Elastic Modulus: mean=494.64425765, SD=166.73177460541464; Yield Strength: mean=42.98919319125653, SD=1.9672962695432084; Pore Fraction: mean=0.3007299297551939, SD=0.0235090721755769; Creep Strain: mean=0.1018623916535625, SD=0.0044780273742411; Strain at 50 bar: mean=0.1620511169573859, SD=0.0404142899108319","[17p5-0add-25deg-cosolv-none-bathSolv-none-0wt-120s-N2-1800s] Historical observation; chemistry=Primospire / NMP; campaign=2026-09-10-exploration-mode; sample_time=2026-09-12 01:15:41. mixing_temp=25; bath_temp=25; pullcast_speed=9; nitrogen=True; coupon_to_bath_wait_time=120; nips_bath_wait_time=1800; polymer_wt=17.5; additive_wt=0.0; cosolvent_type=none; nips_bath_solvent=none; nips_bath_solvent_wt_percent=0.0; Air Temp Mean=25.89; Humidity Mean=42.39; Coupon Temp Mean=25.84; Coupon Humidity Mean=34.94. Thickness: mean=142.95302455147362, SD=4.686949745213245; Elastic Modulus: mean=494.64425765, SD=166.73177460541464; Yield Strength: mean=42.98919319125653, SD=1.9672962695432084; Pore Fraction: mean=0.3007299297551939, SD=0.0235090721755769; Creep Strain: mean=0.1018623916535625, SD=0.0044780273742411; Strain at 50 bar: mean=0.1620511169573859, SD=0.0404142899108319. Modulus and yield strength units: bar; thickness: micrometers; pore fraction and strains: dimensionless. CV Mean=0.1758898298776772; Discarded Fit Quality Mean=26.5; Discarded Fit Reasons=2 failed due to plateau slope >= elastic modulus, no real transition. unknown; aggregate SD is intra-sample, not independent synthesis validation. Pore fraction method: compression-curve changepoint estimate; dimensionless, not independent porosimetry. Historical parameters may be outside current bounds; use current bounds for suggestions.","- **Presence**: Membrane is visible.
- **Vertical Coverage**: The membrane does not reach the top edge of the aperture, leaving a clear gap at the top — this is a vertical coverage defect.
- **Uniformity**: The membrane body is largely uniform pale/white in color, though slight opacity variation is present near the lower-center region.
- **Defects**: Multiple distinct wrinkles are visible within the membrane material itself — a prominent fold/crease runs along the right portion, and a smaller enclosed oval-shaped bubble or fold is present in the upper-left area of the membrane.
- **Summary**: The membrane exhibits significant defects including a top-edge vertical gap, a large right-side fold/crease, and a trapped bubble or fold near the upper-left interior.",C:\Users\wang9\Documents\GitHub\NIPS-pipeline\data\results\begins_2026-09-10-exploration-mode\agg.csv,2026-09-10-exploration-mode,2026-09-12 03:20:18,17p5-0add-25deg-cosolv-none-bathSolv-none-0wt-120s-N2-1800s,2026-09-12 01:15:41,2026-09-12 01:15:41,raw specimen filename,Primospire / NMP,17p5-0add-25deg-cosolv-none-bathSolv-none-0wt-120s-N2-1800s_postDiscard,"unknown; aggregate SD is intra-sample, not independent synthesis validation","compression-curve changepoint estimate; dimensionless, not independent porosimetry","Pore Fraction mean=0.3007299297551939, SD=0.0235090721755769; compression-curve changepoint estimate; dimensionless, not independent porosimetry"
"2026-09-12
05:35:05",17p5-0add-10deg-cosolv-none-bathSolv-none-0wt-15s-N2-1800s,65,10,17.5,0.0,6,True,15,1800,Primospire,NMP,none,none,0.0,mixing_temp=65; bath_temp=10; pullcast_speed=6; nitrogen=True; coupon_to_bath_wait_time=15; nips_bath_wait_time=1800; polymer_wt=17.5; additive_wt=0.0; cosolvent_type=none; nips_bath_solvent=none; nips_bath_solvent_wt_percent=0.0; Air Temp Mean=25.59; Humidity Mean=43.49; Coupon Temp Mean=24.92; Coupon Humidity Mean=37.34,,25.59,43.49,24.92,37.34,144.9458757783808,3.430759151685506,708.9375919217312,215.6016088925699,39.01695241818834,3.950682469063495,0.2767675118680276,0.01711152713806,211.56090740151336,18.223044614418324,605.5797453529343,15.42549429073918,0.1044806142544438,0.0046924489684474,0.1054705744112006,0.0273804075807285,0.2410661896492259,0.0255230327768824,0.3662090265362787,0.0139225022693709,,,0.1285172906599692,,,"mixing_temp=65; bath_temp=10; pullcast_speed=6; nitrogen=True; coupon_to_bath_wait_time=15; nips_bath_wait_time=1800; polymer_wt=17.5; additive_wt=0.0; cosolvent_type=none; nips_bath_solvent=none; nips_bath_solvent_wt_percent=0.0; Air Temp Mean=25.59; Humidity Mean=43.49; Coupon Temp Mean=24.92; Coupon Humidity Mean=37.34
Thickness: mean=144.9458757783808, SD=3.430759151685506; Elastic Modulus: mean=708.9375919217312, SD=215.6016088925699; Yield Strength: mean=39.01695241818834, SD=3.950682469063495; Pore Fraction: mean=0.2767675118680276, SD=0.01711152713806; Creep Strain: mean=0.1044806142544438, SD=0.0046924489684474; Strain at 50 bar: mean=0.1054705744112006, SD=0.0273804075807285","[17p5-0add-10deg-cosolv-none-bathSolv-none-0wt-15s-N2-1800s] Historical observation; chemistry=Primospire / NMP; campaign=2026-09-10-exploration-mode; sample_time=2026-09-12 03:21:17. mixing_temp=65; bath_temp=10; pullcast_speed=6; nitrogen=True; coupon_to_bath_wait_time=15; nips_bath_wait_time=1800; polymer_wt=17.5; additive_wt=0.0; cosolvent_type=none; nips_bath_solvent=none; nips_bath_solvent_wt_percent=0.0; Air Temp Mean=25.59; Humidity Mean=43.49; Coupon Temp Mean=24.92; Coupon Humidity Mean=37.34. Thickness: mean=144.9458757783808, SD=3.430759151685506; Elastic Modulus: mean=708.9375919217312, SD=215.6016088925699; Yield Strength: mean=39.01695241818834, SD=3.950682469063495; Pore Fraction: mean=0.2767675118680276, SD=0.01711152713806; Creep Strain: mean=0.1044806142544438, SD=0.0046924489684474; Strain at 50 bar: mean=0.1054705744112006, SD=0.0273804075807285. Modulus and yield strength units: bar; thickness: micrometers; pore fraction and strains: dimensionless. CV Mean=0.1285172906599692; Discarded Fit Quality Mean=unknown; Discarded Fit Reasons=unknown. unknown; aggregate SD is intra-sample, not independent synthesis validation. Pore fraction method: compression-curve changepoint estimate; dimensionless, not independent porosimetry. Historical parameters may be outside current bounds; use current bounds for suggestions.","- **Presence**: Membrane is visible — a pale white/grey sheet occupies the aperture.
- **Vertical Coverage**: Membrane spans the full top-to-bottom extent of the aperture with no gap at the top or bottom edge. ✓
- **Uniformity**: Largely uniform in color and opacity across the central area; slight tonal gradient toward the lower portion but no distinct dark spots or patchy regions.
- **Defects**: No wrinkles or trapped air bubbles detected within the membrane material itself. The bright arc at the top and the tan/bronze region at the upper-right are rim-edge lighting artifacts, not membrane defects.
- **Summary**: Membrane is present, vertically complete, and free of observable wrinkles or bubbles, presenting an acceptably uniform appearance.",C:\Users\wang9\Documents\GitHub\NIPS-pipeline\data\results\begins_2026-09-10-exploration-mode\agg.csv,2026-09-10-exploration-mode,2026-09-12 05:35:05,17p5-0add-10deg-cosolv-none-bathSolv-none-0wt-15s-N2-1800s,2026-09-12 03:21:17,2026-09-12 03:21:17,raw specimen filename,Primospire / NMP,17p5-0add-10deg-cosolv-none-bathSolv-none-0wt-15s-N2-1800s,"unknown; aggregate SD is intra-sample, not independent synthesis validation","compression-curve changepoint estimate; dimensionless, not independent porosimetry","Pore Fraction mean=0.2767675118680276, SD=0.01711152713806; compression-curve changepoint estimate; dimensionless, not independent porosimetry"
"2026-09-14
19:03:07",19-0add-15deg-cosolv-none-bathSolv-none-0wt-30s-N2-1600s,65,15,19.0,0.0,2,True,30,1600,Primospire,NMP,none,none,0.0,mixing_temp=65; bath_temp=15; pullcast_speed=2; nitrogen=True; coupon_to_bath_wait_time=30; nips_bath_wait_time=1600; polymer_wt=19.0; additive_wt=0.0; cosolvent_type=none; nips_bath_solvent=none; nips_bath_solvent_wt_percent=0.0; Air Temp Mean=26.36; Humidity Mean=35.4; Coupon Temp Mean=25.91; Coupon Humidity Mean=33.85,,26.36,35.4,25.91,33.85,130.29592679747864,2.81633520261768,491.0986856588916,59.333581131636976,61.58340833855733,5.119455217659045,0.2721733597905329,0.0076079012259838,271.47700870838025,7.989180193369691,503.5717937816949,42.14167830703437,0.1157719738615415,0.0041948972844849,0.110868860005053,0.0251768927311057,0.2057196691583734,0.0136849678627312,0.3778483509274754,0.0110624257626827,,,0.0905776618327297,62.0,2 failed due to yield point (bp1) likely misplaced,"mixing_temp=65; bath_temp=15; pullcast_speed=2; nitrogen=True; coupon_to_bath_wait_time=30; nips_bath_wait_time=1600; polymer_wt=19.0; additive_wt=0.0; cosolvent_type=none; nips_bath_solvent=none; nips_bath_solvent_wt_percent=0.0; Air Temp Mean=26.36; Humidity Mean=35.4; Coupon Temp Mean=25.91; Coupon Humidity Mean=33.85
Thickness: mean=130.29592679747864, SD=2.81633520261768; Elastic Modulus: mean=491.0986856588916, SD=59.333581131636976; Yield Strength: mean=61.58340833855733, SD=5.119455217659045; Pore Fraction: mean=0.2721733597905329, SD=0.0076079012259838; Creep Strain: mean=0.1157719738615415, SD=0.0041948972844849; Strain at 50 bar: mean=0.110868860005053, SD=0.0251768927311057","[19-0add-15deg-cosolv-none-bathSolv-none-0wt-30s-N2-1600s] Historical observation; chemistry=Primospire / NMP; campaign=2026-09-10-exploration-mode; sample_time=2026-09-14 16:56:45. mixing_temp=65; bath_temp=15; pullcast_speed=2; nitrogen=True; coupon_to_bath_wait_time=30; nips_bath_wait_time=1600; polymer_wt=19.0; additive_wt=0.0; cosolvent_type=none; nips_bath_solvent=none; nips_bath_solvent_wt_percent=0.0; Air Temp Mean=26.36; Humidity Mean=35.4; Coupon Temp Mean=25.91; Coupon Humidity Mean=33.85. Thickness: mean=130.29592679747864, SD=2.81633520261768; Elastic Modulus: mean=491.0986856588916, SD=59.333581131636976; Yield Strength: mean=61.58340833855733, SD=5.119455217659045; Pore Fraction: mean=0.2721733597905329, SD=0.0076079012259838; Creep Strain: mean=0.1157719738615415, SD=0.0041948972844849; Strain at 50 bar: mean=0.110868860005053, SD=0.0251768927311057. Modulus and yield strength units: bar; thickness: micrometers; pore fraction and strains: dimensionless. CV Mean=0.0905776618327297; Discarded Fit Quality Mean=62.0; Discarded Fit Reasons=2 failed due to yield point (bp1) likely misplaced. unknown; aggregate SD is intra-sample, not independent synthesis validation. Pore fraction method: compression-curve changepoint estimate; dimensionless, not independent porosimetry. Historical parameters may be outside current bounds; use current bounds for suggestions.","- **Presence:** Membrane is visible — a pale white/grey sheet occupies the aperture.

- **Vertical Coverage:** Full top-to-bottom coverage confirmed; no gap at the top or bottom edge.

- **Uniformity:** Largely uniform in color and opacity across the membrane surface; very slight tonal gradient (marginally darker toward center-bottom) but no significant patchiness or thickness variation.

- **Defects:** No wrinkles or trapped air bubbles detected within the membrane material itself. Two tiny particulate specks are visible on the membrane surface but are minor surface contaminants, not structural defects.

- **Summary:** The membrane coupon presents with complete vertical coverage, good overall uniformity, and no wrinkle or bubble defects — only negligible surface particulates noted.",C:\Users\wang9\Documents\GitHub\NIPS-pipeline\data\results\begins_2026-09-10-exploration-mode\agg.csv,2026-09-10-exploration-mode,2026-09-14 19:03:07,19-0add-15deg-cosolv-none-bathSolv-none-0wt-30s-N2-1600s,2026-09-14 16:56:45,2026-09-14 16:56:45,raw specimen filename,Primospire / NMP,19-0add-15deg-cosolv-none-bathSolv-none-0wt-30s-N2-1600s_postDiscard,"unknown; aggregate SD is intra-sample, not independent synthesis validation","compression-curve changepoint estimate; dimensionless, not independent porosimetry","Pore Fraction mean=0.2721733597905329, SD=0.0076079012259838; compression-curve changepoint estimate; dimensionless, not independent porosimetry"
"2026-09-14
21:12:19",17p5-0add-10deg-cosolv-none-bathSolv-none-0wt-15s-N2-1800s_run2,65,10,17.5,0.0,6,True,15,1800,Primospire,NMP,none,none,0.0,mixing_temp=65; bath_temp=10; pullcast_speed=6; nitrogen=True; coupon_to_bath_wait_time=15; nips_bath_wait_time=1800; polymer_wt=17.5; additive_wt=0.0; cosolvent_type=none; nips_bath_solvent=none; nips_bath_solvent_wt_percent=0.0; Air Temp Mean=26.35; Humidity Mean=35.51; Coupon Temp Mean=25.72; Coupon Humidity Mean=32.52,,26.35,35.51,25.72,32.52,137.19741965299653,2.290845824618642,474.7204003779564,0.0,56.19932403483422,0.0,0.3318323279194016,0.0,201.17480552831205,0.0,464.2924523791252,0.0,0.1464663793228028,0.0,0.0967700162136756,0.0171961956378195,0.2583789063804097,0.0,0.450321653519839,0.0,,,,39.66666666666666,2 failed due to yield point (bp1) likely misplaced; 1 failed due to insufficient data to fit,"mixing_temp=65; bath_temp=10; pullcast_speed=6; nitrogen=True; coupon_to_bath_wait_time=15; nips_bath_wait_time=1800; polymer_wt=17.5; additive_wt=0.0; cosolvent_type=none; nips_bath_solvent=none; nips_bath_solvent_wt_percent=0.0; Air Temp Mean=26.35; Humidity Mean=35.51; Coupon Temp Mean=25.72; Coupon Humidity Mean=32.52
Thickness: mean=137.19741965299653, SD=2.290845824618642; Elastic Modulus: mean=474.7204003779564, SD=0.0; Yield Strength: mean=56.19932403483422, SD=0.0; Pore Fraction: mean=0.3318323279194016, SD=0.0; Creep Strain: mean=0.1464663793228028, SD=0.0; Strain at 50 bar: mean=0.0967700162136756, SD=0.0171961956378195","[17p5-0add-10deg-cosolv-none-bathSolv-none-0wt-15s-N2-1800s_run2] Historical observation; chemistry=Primospire / NMP; campaign=2026-09-10-exploration-mode; sample_time=2026-09-14 19:04:11. mixing_temp=65; bath_temp=10; pullcast_speed=6; nitrogen=True; coupon_to_bath_wait_time=15; nips_bath_wait_time=1800; polymer_wt=17.5; additive_wt=0.0; cosolvent_type=none; nips_bath_solvent=none; nips_bath_solvent_wt_percent=0.0; Air Temp Mean=26.35; Humidity Mean=35.51; Coupon Temp Mean=25.72; Coupon Humidity Mean=32.52. Thickness: mean=137.19741965299653, SD=2.290845824618642; Elastic Modulus: mean=474.7204003779564, SD=0.0; Yield Strength: mean=56.19932403483422, SD=0.0; Pore Fraction: mean=0.3318323279194016, SD=0.0; Creep Strain: mean=0.1464663793228028, SD=0.0; Strain at 50 bar: mean=0.0967700162136756, SD=0.0171961956378195. Modulus and yield strength units: bar; thickness: micrometers; pore fraction and strains: dimensionless. CV Mean=unknown; Discarded Fit Quality Mean=39.66666666666666; Discarded Fit Reasons=2 failed due to yield point (bp1) likely misplaced; 1 failed due to insufficient data to fit. unknown; aggregate SD is intra-sample, not independent synthesis validation. Pore fraction method: compression-curve changepoint estimate; dimensionless, not independent porosimetry. Historical parameters may be outside current bounds; use current bounds for suggestions.","- **Presence:** Membrane is visible — a pale white/opaque coupon seated within the circular aperture.

- **Vertical Coverage:** Membrane reaches both the top and bottom edges of the aperture with no visible gap; vertical coverage appears complete.

- **Uniformity:** The membrane is largely uniform in color and opacity across its face, with a slight tonal gradient (marginally darker toward the lower center) but no distinct patches or thick/thin zones of concern.

- **Defects:** A gentle curved crease/fold is visible within the membrane material on the right side, consistent with a wrinkle in the membrane sheet itself — not a lighting artifact.

- **Summary:** Membrane is present with full vertical coverage and generally good uniformity, but a wrinkle on the right side is a notable defect.",C:\Users\wang9\Documents\GitHub\NIPS-pipeline\data\results\begins_2026-09-10-exploration-mode\agg.csv,2026-09-10-exploration-mode,2026-09-14 21:12:19,17p5-0add-10deg-cosolv-none-bathSolv-none-0wt-15s-N2-1800s_run2,2026-09-14 19:04:11,2026-09-14 19:04:11,raw specimen filename,Primospire / NMP,17p5-0add-10deg-cosolv-none-bathSolv-none-0wt-15s-N2-1800s_run2_postDiscard,"unknown; aggregate SD is intra-sample, not independent synthesis validation","compression-curve changepoint estimate; dimensionless, not independent porosimetry","Pore Fraction mean=0.3318323279194016, SD=0.0; compression-curve changepoint estimate; dimensionless, not independent porosimetry"
"2026-09-14
23:08:32",17-0add-5deg-cosolv-none-bathSolv-none-0wt-0s-N2-1200s,35,5,17.0,0.0,8,True,0,1200,Primospire,NMP,none,none,0.0,mixing_temp=35; bath_temp=5; pullcast_speed=8; nitrogen=True; coupon_to_bath_wait_time=0; nips_bath_wait_time=1200; polymer_wt=17.0; additive_wt=0.0; cosolvent_type=none; nips_bath_solvent=none; nips_bath_solvent_wt_percent=0.0; Air Temp Mean=26.27; Humidity Mean=31.399999999999995; Coupon Temp Mean=25.17; Coupon Humidity Mean=30.5,,26.27,31.399999999999995,25.17,30.5,146.23404498921522,3.2073856225091086,569.3013717667037,95.45758857055374,40.8101613841479,3.665387751049999,0.2890137876905612,0.0056063071016235,206.81448163662856,20.885305799376564,639.1240411656598,37.66638494429621,0.1062006407911188,0.0015547175118293,0.1305557490658407,0.0126432783572403,0.2592228616196012,0.0060799085019842,0.3922401272540763,0.0104664416184185,,,0.0456409896758129,60.0,1 failed due to poor plateau fit (early),"mixing_temp=35; bath_temp=5; pullcast_speed=8; nitrogen=True; coupon_to_bath_wait_time=0; nips_bath_wait_time=1200; polymer_wt=17.0; additive_wt=0.0; cosolvent_type=none; nips_bath_solvent=none; nips_bath_solvent_wt_percent=0.0; Air Temp Mean=26.27; Humidity Mean=31.399999999999995; Coupon Temp Mean=25.17; Coupon Humidity Mean=30.5
Thickness: mean=146.23404498921522, SD=3.2073856225091086; Elastic Modulus: mean=569.3013717667037, SD=95.45758857055374; Yield Strength: mean=40.8101613841479, SD=3.665387751049999; Pore Fraction: mean=0.2890137876905612, SD=0.0056063071016235; Creep Strain: mean=0.1062006407911188, SD=0.0015547175118293; Strain at 50 bar: mean=0.1305557490658407, SD=0.0126432783572403","[17-0add-5deg-cosolv-none-bathSolv-none-0wt-0s-N2-1200s] Historical observation; chemistry=Primospire / NMP; campaign=2026-09-10-exploration-mode; sample_time=2026-09-14 21:13:19. mixing_temp=35; bath_temp=5; pullcast_speed=8; nitrogen=True; coupon_to_bath_wait_time=0; nips_bath_wait_time=1200; polymer_wt=17.0; additive_wt=0.0; cosolvent_type=none; nips_bath_solvent=none; nips_bath_solvent_wt_percent=0.0; Air Temp Mean=26.27; Humidity Mean=31.399999999999995; Coupon Temp Mean=25.17; Coupon Humidity Mean=30.5. Thickness: mean=146.23404498921522, SD=3.2073856225091086; Elastic Modulus: mean=569.3013717667037, SD=95.45758857055374; Yield Strength: mean=40.8101613841479, SD=3.665387751049999; Pore Fraction: mean=0.2890137876905612, SD=0.0056063071016235; Creep Strain: mean=0.1062006407911188, SD=0.0015547175118293; Strain at 50 bar: mean=0.1305557490658407, SD=0.0126432783572403. Modulus and yield strength units: bar; thickness: micrometers; pore fraction and strains: dimensionless. CV Mean=0.0456409896758129; Discarded Fit Quality Mean=60.0; Discarded Fit Reasons=1 failed due to poor plateau fit (early). unknown; aggregate SD is intra-sample, not independent synthesis validation. Pore fraction method: compression-curve changepoint estimate; dimensionless, not independent porosimetry. Historical parameters may be outside current bounds; use current bounds for suggestions.","- **Presence:** Membrane is visible — a pale white/grey sheet occupies the aperture.

- **Vertical Coverage:** The membrane does not reach the top edge of the aperture; a clear gap is visible at the upper portion, exposing the backing/substrate beneath the rim. This is a vertical coverage defect.

- **Uniformity:** The covered region appears largely uniform in color and opacity, with no significant patchiness or thickness variation across the membrane body.

- **Defects:** No wrinkles or trapped air bubbles are evident within the membrane material itself; the curved bright feature at the upper-right is a rim/lighting artifact, not a membrane fold.

- **Summary:** The membrane is present and visually uniform where it exists, but fails to achieve full vertical top-to-bottom coverage of the aperture, constituting a notable placement defect.",C:\Users\wang9\Documents\GitHub\NIPS-pipeline\data\results\begins_2026-09-10-exploration-mode\agg.csv,2026-09-10-exploration-mode,2026-09-14 23:08:32,17-0add-5deg-cosolv-none-bathSolv-none-0wt-0s-N2-1200s,2026-09-14 21:13:19,2026-09-14 21:13:19,raw specimen filename,Primospire / NMP,17-0add-5deg-cosolv-none-bathSolv-none-0wt-0s-N2-1200s_postDiscard,"unknown; aggregate SD is intra-sample, not independent synthesis validation","compression-curve changepoint estimate; dimensionless, not independent porosimetry","Pore Fraction mean=0.2890137876905612, SD=0.0056063071016235; compression-curve changepoint estimate; dimensionless, not independent porosimetry"
"2026-09-15
01:15:32",18-0add-5deg-cosolv-none-bathSolv-none-0wt-270s-N2-1700s,25,5,18.0,0.0,17,True,270,1700,Primospire,NMP,none,none,0.0,mixing_temp=25; bath_temp=5; pullcast_speed=17; nitrogen=True; coupon_to_bath_wait_time=270; nips_bath_wait_time=1700; polymer_wt=18.0; additive_wt=0.0; cosolvent_type=none; nips_bath_solvent=none; nips_bath_solvent_wt_percent=0.0; Air Temp Mean=unknown; Humidity Mean=unknown; Coupon Temp Mean=unknown; Coupon Humidity Mean=unknown,,unknown,unknown,unknown,unknown,157.44016509142045,2.2949435369394986,,,,,,,,,,,,,0.0728936645649611,0.0163964228250125,,,,,,,,28.25,3 failed due to yield point (bp1) likely misplaced; 1 failed due to insufficient data to fit,"mixing_temp=25; bath_temp=5; pullcast_speed=17; nitrogen=True; coupon_to_bath_wait_time=270; nips_bath_wait_time=1700; polymer_wt=18.0; additive_wt=0.0; cosolvent_type=none; nips_bath_solvent=none; nips_bath_solvent_wt_percent=0.0; Air Temp Mean=unknown; Humidity Mean=unknown; Coupon Temp Mean=unknown; Coupon Humidity Mean=unknown
Thickness: mean=157.44016509142045, SD=2.2949435369394986; Elastic Modulus: mean=unknown, SD=unknown; Yield Strength: mean=unknown, SD=unknown; Pore Fraction: mean=unknown, SD=unknown; Creep Strain: mean=unknown, SD=unknown; Strain at 50 bar: mean=0.0728936645649611, SD=0.0163964228250125","[18-0add-5deg-cosolv-none-bathSolv-none-0wt-270s-N2-1700s] Historical observation; chemistry=Primospire / NMP; campaign=2026-09-10-exploration-mode; sample_time=2026-09-14 23:09:41. mixing_temp=25; bath_temp=5; pullcast_speed=17; nitrogen=True; coupon_to_bath_wait_time=270; nips_bath_wait_time=1700; polymer_wt=18.0; additive_wt=0.0; cosolvent_type=none; nips_bath_solvent=none; nips_bath_solvent_wt_percent=0.0; Air Temp Mean=unknown; Humidity Mean=unknown; Coupon Temp Mean=unknown; Coupon Humidity Mean=unknown. Thickness: mean=157.44016509142045, SD=2.2949435369394986; Elastic Modulus: mean=unknown, SD=unknown; Yield Strength: mean=unknown, SD=unknown; Pore Fraction: mean=unknown, SD=unknown; Creep Strain: mean=unknown, SD=unknown; Strain at 50 bar: mean=0.0728936645649611, SD=0.0163964228250125. Modulus and yield strength units: bar; thickness: micrometers; pore fraction and strains: dimensionless. CV Mean=unknown; Discarded Fit Quality Mean=28.25; Discarded Fit Reasons=3 failed due to yield point (bp1) likely misplaced; 1 failed due to insufficient data to fit. unknown; aggregate SD is intra-sample, not independent synthesis validation. Pore fraction method: compression-curve changepoint estimate; dimensionless, not independent porosimetry. Historical parameters may be outside current bounds; use current bounds for suggestions.","- **Presence:** Membrane is visible — a pale white/off-white sheet occupies the aperture.
- **Vertical Coverage:** Membrane spans the full top-to-bottom extent of the aperture with no gaps at either edge. ✓
- **Uniformity:** Largely uniform in color and opacity across the central area; a subtle tonal gradient toward the lower portion is minor and likely lighting-related.
- **Defects:** A distinct curved fold/wrinkle is visible within the membrane material itself on the upper-right quadrant, creating a raised crease in the pale sheet. No trapped air bubbles detected.
- **Summary:** Membrane is present with full vertical coverage and generally good uniformity, but a clear wrinkle/fold within the membrane material on the upper-right is a notable defect.",C:\Users\wang9\Documents\GitHub\NIPS-pipeline\data\results\begins_2026-09-10-exploration-mode\agg.csv,2026-09-10-exploration-mode,2026-09-15 01:15:32,18-0add-5deg-cosolv-none-bathSolv-none-0wt-270s-N2-1700s,2026-09-14 23:09:41,2026-09-14 23:09:41,raw specimen filename,Primospire / NMP,18-0add-5deg-cosolv-none-bathSolv-none-0wt-270s-N2-1700s_postDiscard,"unknown; aggregate SD is intra-sample, not independent synthesis validation","compression-curve changepoint estimate; dimensionless, not independent porosimetry","Pore Fraction mean=unknown, SD=unknown; compression-curve changepoint estimate; dimensionless, not independent porosimetry"
"2026-09-15
03:25:06",18p5-0add-5deg-cosolv-none-bathSolv-none-0wt-330s-NoN2-1800s,25,5,18.5,0.0,19,False,330,1800,Primospire,NMP,none,none,0.0,mixing_temp=25; bath_temp=5; pullcast_speed=19; nitrogen=False; coupon_to_bath_wait_time=330; nips_bath_wait_time=1800; polymer_wt=18.5; additive_wt=0.0; cosolvent_type=none; nips_bath_solvent=none; nips_bath_solvent_wt_percent=0.0; Air Temp Mean=26.05; Humidity Mean=34.35; Coupon Temp Mean=25.81; Coupon Humidity Mean=38.0,,26.05,34.35,25.81,38.0,138.96073738758702,4.683905985990409,667.126655495392,0.0,45.073760613122616,0.0,0.2501868679942843,0.0,249.4377580197253,0.0,455.93585962574497,0.0,0.1251399575742544,0.0,0.1113737651444407,0.0290899308067037,0.1913293554387382,0.0,,,,,,37.0,2 failed due to yield point (bp1) likely misplaced; 1 failed due to insufficient data to fit,"mixing_temp=25; bath_temp=5; pullcast_speed=19; nitrogen=False; coupon_to_bath_wait_time=330; nips_bath_wait_time=1800; polymer_wt=18.5; additive_wt=0.0; cosolvent_type=none; nips_bath_solvent=none; nips_bath_solvent_wt_percent=0.0; Air Temp Mean=26.05; Humidity Mean=34.35; Coupon Temp Mean=25.81; Coupon Humidity Mean=38.0
Thickness: mean=138.96073738758702, SD=4.683905985990409; Elastic Modulus: mean=667.126655495392, SD=0.0; Yield Strength: mean=45.073760613122616, SD=0.0; Pore Fraction: mean=0.2501868679942843, SD=0.0; Creep Strain: mean=0.1251399575742544, SD=0.0; Strain at 50 bar: mean=0.1113737651444407, SD=0.0290899308067037","[18p5-0add-5deg-cosolv-none-bathSolv-none-0wt-330s-NoN2-1800s] Historical observation; chemistry=Primospire / NMP; campaign=2026-09-10-exploration-mode; sample_time=2026-09-15 01:17:04. mixing_temp=25; bath_temp=5; pullcast_speed=19; nitrogen=False; coupon_to_bath_wait_time=330; nips_bath_wait_time=1800; polymer_wt=18.5; additive_wt=0.0; cosolvent_type=none; nips_bath_solvent=none; nips_bath_solvent_wt_percent=0.0; Air Temp Mean=26.05; Humidity Mean=34.35; Coupon Temp Mean=25.81; Coupon Humidity Mean=38.0. Thickness: mean=138.96073738758702, SD=4.683905985990409; Elastic Modulus: mean=667.126655495392, SD=0.0; Yield Strength: mean=45.073760613122616, SD=0.0; Pore Fraction: mean=0.2501868679942843, SD=0.0; Creep Strain: mean=0.1251399575742544, SD=0.0; Strain at 50 bar: mean=0.1113737651444407, SD=0.0290899308067037. Modulus and yield strength units: bar; thickness: micrometers; pore fraction and strains: dimensionless. CV Mean=unknown; Discarded Fit Quality Mean=37.0; Discarded Fit Reasons=2 failed due to yield point (bp1) likely misplaced; 1 failed due to insufficient data to fit. unknown; aggregate SD is intra-sample, not independent synthesis validation. Pore fraction method: compression-curve changepoint estimate; dimensionless, not independent porosimetry. Historical parameters may be outside current bounds; use current bounds for suggestions.","- **Presence:** Membrane is visible — a pale white/opaque sheet occupies the aperture.

- **Vertical Coverage:** The membrane spans the full top-to-bottom extent of the aperture with no gap at the top or bottom edge. ✓

- **Uniformity:** Largely uniform in color and opacity across the central area; minor tonal variation present but no significant dark spots or patchy opacity differences.

- **Defects:** A distinct raised bubble/blister is visible within the membrane material on the left-center region. Additionally, a pronounced fold/wrinkle is present along the right portion of the membrane sheet itself.

- **Summary:** Membrane is present with full vertical coverage but exhibits a trapped air bubble and a significant fold/wrinkle within the membrane material.",C:\Users\wang9\Documents\GitHub\NIPS-pipeline\data\results\begins_2026-09-10-exploration-mode\agg.csv,2026-09-10-exploration-mode,2026-09-15 03:25:06,18p5-0add-5deg-cosolv-none-bathSolv-none-0wt-330s-NoN2-1800s,2026-09-15 01:17:04,2026-09-15 01:17:04,raw specimen filename,Primospire / NMP,18p5-0add-5deg-cosolv-none-bathSolv-none-0wt-330s-NoN2-1800s_postDiscard,"unknown; aggregate SD is intra-sample, not independent synthesis validation","compression-curve changepoint estimate; dimensionless, not independent porosimetry","Pore Fraction mean=0.2501868679942843, SD=0.0; compression-curve changepoint estimate; dimensionless, not independent porosimetry"
"2026-09-15
18:48:42",18-0add-5deg-cosolv-none-bathSolv-none-0wt-180s-N2-1800s,45,5,18.0,0.0,4,True,180,1800,Primospire,NMP,none,none,0.0,mixing_temp=45; bath_temp=5; pullcast_speed=4; nitrogen=True; coupon_to_bath_wait_time=180; nips_bath_wait_time=1800; polymer_wt=18.0; additive_wt=0.0; cosolvent_type=none; nips_bath_solvent=none; nips_bath_solvent_wt_percent=0.0; Air Temp Mean=25.28; Humidity Mean=43.05; Coupon Temp Mean=24.96; Coupon Humidity Mean=39.89,,25.28,43.05,24.96,39.89,132.81705842311987,2.183614027145444,596.3105756419634,0.0,54.44817996636278,0.0,0.2998803310347956,0.0,238.27685229523576,0.0,564.1990969236317,0.0,0.1344395420790799,0.0,0.1283167791869562,0.0372702533235757,0.2192793751183284,0.0,,,,,,22.666666666666668,"2 failed due to plateau slope >= elastic modulus, no real transition; 1 failed due to yield point (bp1) likely misplaced","mixing_temp=45; bath_temp=5; pullcast_speed=4; nitrogen=True; coupon_to_bath_wait_time=180; nips_bath_wait_time=1800; polymer_wt=18.0; additive_wt=0.0; cosolvent_type=none; nips_bath_solvent=none; nips_bath_solvent_wt_percent=0.0; Air Temp Mean=25.28; Humidity Mean=43.05; Coupon Temp Mean=24.96; Coupon Humidity Mean=39.89
Thickness: mean=132.81705842311987, SD=2.183614027145444; Elastic Modulus: mean=596.3105756419634, SD=0.0; Yield Strength: mean=54.44817996636278, SD=0.0; Pore Fraction: mean=0.2998803310347956, SD=0.0; Creep Strain: mean=0.1344395420790799, SD=0.0; Strain at 50 bar: mean=0.1283167791869562, SD=0.0372702533235757","[18-0add-5deg-cosolv-none-bathSolv-none-0wt-180s-N2-1800s] Historical observation; chemistry=Primospire / NMP; campaign=2026-09-10-exploration-mode; sample_time=2026-09-15 16:38:04. mixing_temp=45; bath_temp=5; pullcast_speed=4; nitrogen=True; coupon_to_bath_wait_time=180; nips_bath_wait_time=1800; polymer_wt=18.0; additive_wt=0.0; cosolvent_type=none; nips_bath_solvent=none; nips_bath_solvent_wt_percent=0.0; Air Temp Mean=25.28; Humidity Mean=43.05; Coupon Temp Mean=24.96; Coupon Humidity Mean=39.89. Thickness: mean=132.81705842311987, SD=2.183614027145444; Elastic Modulus: mean=596.3105756419634, SD=0.0; Yield Strength: mean=54.44817996636278, SD=0.0; Pore Fraction: mean=0.2998803310347956, SD=0.0; Creep Strain: mean=0.1344395420790799, SD=0.0; Strain at 50 bar: mean=0.1283167791869562, SD=0.0372702533235757. Modulus and yield strength units: bar; thickness: micrometers; pore fraction and strains: dimensionless. CV Mean=unknown; Discarded Fit Quality Mean=22.666666666666668; Discarded Fit Reasons=2 failed due to plateau slope >= elastic modulus, no real transition; 1 failed due to yield point (bp1) likely misplaced. unknown; aggregate SD is intra-sample, not independent synthesis validation. Pore fraction method: compression-curve changepoint estimate; dimensionless, not independent porosimetry. Historical parameters may be outside current bounds; use current bounds for suggestions.","- **Presence:** Membrane is visible within the aperture.
- **Vertical Coverage:** Membrane spans the full top-to-bottom extent of the aperture with no gaps at the top or bottom edges.
- **Uniformity:** The central membrane body appears largely uniform in color and opacity with no significant patchiness or dark spots.
- **Defects:** Multiple distinct wrinkles are visible within the membrane material itself — prominent raised fold lines run vertically on both the left and right interior regions of the membrane sheet, indicating real wrinkling defects.
- **Summary:** Membrane is present with full vertical coverage, but exhibits clear wrinkling defects across the membrane surface that represent a notable fabrication concern.",C:\Users\wang9\Documents\GitHub\NIPS-pipeline\data\results\begins_2026-09-10-exploration-mode\agg.csv,2026-09-10-exploration-mode,2026-09-15 18:48:42,18-0add-5deg-cosolv-none-bathSolv-none-0wt-180s-N2-1800s,2026-09-15 16:38:04,2026-09-15 16:38:04,raw specimen filename,Primospire / NMP,18-0add-5deg-cosolv-none-bathSolv-none-0wt-180s-N2-1800s_postDiscard,"unknown; aggregate SD is intra-sample, not independent synthesis validation","compression-curve changepoint estimate; dimensionless, not independent porosimetry","Pore Fraction mean=0.2998803310347956, SD=0.0; compression-curve changepoint estimate; dimensionless, not independent porosimetry"
"2026-09-15
20:53:02",19p5-0add-5deg-cosolv-none-bathSolv-none-0wt-0s-N2-1500s,55,5,19.5,0.0,18,True,0,1500,Primospire,NMP,none,none,0.0,mixing_temp=55; bath_temp=5; pullcast_speed=18; nitrogen=True; coupon_to_bath_wait_time=0; nips_bath_wait_time=1500; polymer_wt=19.5; additive_wt=0.0; cosolvent_type=none; nips_bath_solvent=none; nips_bath_solvent_wt_percent=0.0; Air Temp Mean=25.93; Humidity Mean=43.25; Coupon Temp Mean=24.87; Coupon Humidity Mean=38.65,,25.93,43.25,24.87,38.65,141.31574221996223,2.296194508220956,566.8597158111197,0.0,63.33412377472556,0.0,0.331683789896615,0.0,202.1929221251947,0.0,367.7939180724902,0.0,0.1309781776611563,0.0,0.0873469688658573,0.0132562536830585,0.2135102212673484,0.0,,,,,,38.66666666666666,3 failed due to yield point (bp1) likely misplaced,"mixing_temp=55; bath_temp=5; pullcast_speed=18; nitrogen=True; coupon_to_bath_wait_time=0; nips_bath_wait_time=1500; polymer_wt=19.5; additive_wt=0.0; cosolvent_type=none; nips_bath_solvent=none; nips_bath_solvent_wt_percent=0.0; Air Temp Mean=25.93; Humidity Mean=43.25; Coupon Temp Mean=24.87; Coupon Humidity Mean=38.65
Thickness: mean=141.31574221996223, SD=2.296194508220956; Elastic Modulus: mean=566.8597158111197, SD=0.0; Yield Strength: mean=63.33412377472556, SD=0.0; Pore Fraction: mean=0.331683789896615, SD=0.0; Creep Strain: mean=0.1309781776611563, SD=0.0; Strain at 50 bar: mean=0.0873469688658573, SD=0.0132562536830585","[19p5-0add-5deg-cosolv-none-bathSolv-none-0wt-0s-N2-1500s] Historical observation; chemistry=Primospire / NMP; campaign=2026-09-10-exploration-mode; sample_time=2026-09-15 18:50:08. mixing_temp=55; bath_temp=5; pullcast_speed=18; nitrogen=True; coupon_to_bath_wait_time=0; nips_bath_wait_time=1500; polymer_wt=19.5; additive_wt=0.0; cosolvent_type=none; nips_bath_solvent=none; nips_bath_solvent_wt_percent=0.0; Air Temp Mean=25.93; Humidity Mean=43.25; Coupon Temp Mean=24.87; Coupon Humidity Mean=38.65. Thickness: mean=141.31574221996223, SD=2.296194508220956; Elastic Modulus: mean=566.8597158111197, SD=0.0; Yield Strength: mean=63.33412377472556, SD=0.0; Pore Fraction: mean=0.331683789896615, SD=0.0; Creep Strain: mean=0.1309781776611563, SD=0.0; Strain at 50 bar: mean=0.0873469688658573, SD=0.0132562536830585. Modulus and yield strength units: bar; thickness: micrometers; pore fraction and strains: dimensionless. CV Mean=unknown; Discarded Fit Quality Mean=38.66666666666666; Discarded Fit Reasons=3 failed due to yield point (bp1) likely misplaced. unknown; aggregate SD is intra-sample, not independent synthesis validation. Pore fraction method: compression-curve changepoint estimate; dimensionless, not independent porosimetry. Historical parameters may be outside current bounds; use current bounds for suggestions.","- **Presence:** Membrane is visible — a pale white/grey sheet is present within the aperture.

- **Vertical Coverage:** Incomplete. The membrane does not reach the top edge of the aperture, leaving a visible gap at the upper portion. The bottom edge also falls short of the lower aperture boundary.

- **Uniformity:** The central body of the membrane appears reasonably uniform in opacity and color, with no obvious dark spots or patchiness in the bulk material.

- **Defects:** Multiple distinct wrinkles/folds are visible within the membrane material itself — notably along the upper-left edge and along the right side — confirmed as structural deformation in the pale sheet, not lighting artifacts.

- **Summary:** The membrane exhibits significant vertical coverage gaps at both top and bottom edges, plus multiple wrinkles within the membrane material.",C:\Users\wang9\Documents\GitHub\NIPS-pipeline\data\results\begins_2026-09-10-exploration-mode\agg.csv,2026-09-10-exploration-mode,2026-09-15 20:53:02,19p5-0add-5deg-cosolv-none-bathSolv-none-0wt-0s-N2-1500s,2026-09-15 18:50:08,2026-09-15 18:50:08,raw specimen filename,Primospire / NMP,19p5-0add-5deg-cosolv-none-bathSolv-none-0wt-0s-N2-1500s_postDiscard,"unknown; aggregate SD is intra-sample, not independent synthesis validation","compression-curve changepoint estimate; dimensionless, not independent porosimetry","Pore Fraction mean=0.331683789896615, SD=0.0; compression-curve changepoint estimate; dimensionless, not independent porosimetry"
"2026-09-15
23:03:21",20-0add-5deg-cosolv-none-bathSolv-none-0wt-420s-N2-1350s,35,5,20.0,0.0,16,True,420,1350,Primospire,NMP,none,none,0.0,mixing_temp=35; bath_temp=5; pullcast_speed=16; nitrogen=True; coupon_to_bath_wait_time=420; nips_bath_wait_time=1350; polymer_wt=20.0; additive_wt=0.0; cosolvent_type=none; nips_bath_solvent=none; nips_bath_solvent_wt_percent=0.0; Air Temp Mean=unknown; Humidity Mean=unknown; Coupon Temp Mean=unknown; Coupon Humidity Mean=unknown,,unknown,unknown,unknown,unknown,130.4610463995407,3.5683144186563545,,,,,,,,,,,,,0.0624883734821647,0.0155344760043247,,,,,,,,36.75,2 failed due to poor plateau fit (early); 1 failed due to yield point (bp1) likely misplaced; 1 failed due to plateau/elastic slopes too similar,"mixing_temp=35; bath_temp=5; pullcast_speed=16; nitrogen=True; coupon_to_bath_wait_time=420; nips_bath_wait_time=1350; polymer_wt=20.0; additive_wt=0.0; cosolvent_type=none; nips_bath_solvent=none; nips_bath_solvent_wt_percent=0.0; Air Temp Mean=unknown; Humidity Mean=unknown; Coupon Temp Mean=unknown; Coupon Humidity Mean=unknown
Thickness: mean=130.4610463995407, SD=3.5683144186563545; Elastic Modulus: mean=unknown, SD=unknown; Yield Strength: mean=unknown, SD=unknown; Pore Fraction: mean=unknown, SD=unknown; Creep Strain: mean=unknown, SD=unknown; Strain at 50 bar: mean=0.0624883734821647, SD=0.0155344760043247","[20-0add-5deg-cosolv-none-bathSolv-none-0wt-420s-N2-1350s] Historical observation; chemistry=Primospire / NMP; campaign=2026-09-10-exploration-mode; sample_time=2026-09-15 20:54:17. mixing_temp=35; bath_temp=5; pullcast_speed=16; nitrogen=True; coupon_to_bath_wait_time=420; nips_bath_wait_time=1350; polymer_wt=20.0; additive_wt=0.0; cosolvent_type=none; nips_bath_solvent=none; nips_bath_solvent_wt_percent=0.0; Air Temp Mean=unknown; Humidity Mean=unknown; Coupon Temp Mean=unknown; Coupon Humidity Mean=unknown. Thickness: mean=130.4610463995407, SD=3.5683144186563545; Elastic Modulus: mean=unknown, SD=unknown; Yield Strength: mean=unknown, SD=unknown; Pore Fraction: mean=unknown, SD=unknown; Creep Strain: mean=unknown, SD=unknown; Strain at 50 bar: mean=0.0624883734821647, SD=0.0155344760043247. Modulus and yield strength units: bar; thickness: micrometers; pore fraction and strains: dimensionless. CV Mean=unknown; Discarded Fit Quality Mean=36.75; Discarded Fit Reasons=2 failed due to poor plateau fit (early); 1 failed due to yield point (bp1) likely misplaced; 1 failed due to plateau/elastic slopes too similar. unknown; aggregate SD is intra-sample, not independent synthesis validation. Pore fraction method: compression-curve changepoint estimate; dimensionless, not independent porosimetry. Historical parameters may be outside current bounds; use current bounds for suggestions.","- **Presence:** Membrane is clearly visible as a pale white sheet within the aperture.
- **Vertical Coverage:** Membrane spans the full top-to-bottom extent of the aperture with no gaps at the top or bottom edges.
- **Uniformity:** Appearance is largely uniform in color and opacity; a very slight tonal gradient toward the upper portion is present but minor.
- **Defects:** No wrinkles, folds, or trapped air bubbles are detected within the membrane material itself. The bright diagonal feature on the right is a specular reflection on the metal rim, not a membrane defect.
- **Summary:** The membrane coupon is well-seated with complete vertical coverage, uniform appearance, and no observable structural defects.",C:\Users\wang9\Documents\GitHub\NIPS-pipeline\data\results\begins_2026-09-10-exploration-mode\agg.csv,2026-09-10-exploration-mode,2026-09-15 23:03:21,20-0add-5deg-cosolv-none-bathSolv-none-0wt-420s-N2-1350s,2026-09-15 20:54:17,2026-09-15 20:54:17,raw specimen filename,Primospire / NMP,20-0add-5deg-cosolv-none-bathSolv-none-0wt-420s-N2-1350s_postDiscard,"unknown; aggregate SD is intra-sample, not independent synthesis validation","compression-curve changepoint estimate; dimensionless, not independent porosimetry","Pore Fraction mean=unknown, SD=unknown; compression-curve changepoint estimate; dimensionless, not independent porosimetry"
"2026-09-16
01:14:54",19-0add-10deg-cosolv-none-bathSolv-none-0wt-240s-NoN2-1600s,70,10,19.0,0.0,10,False,240,1600,Primospire,NMP,none,none,0.0,mixing_temp=70; bath_temp=10; pullcast_speed=10; nitrogen=False; coupon_to_bath_wait_time=240; nips_bath_wait_time=1600; polymer_wt=19.0; additive_wt=0.0; cosolvent_type=none; nips_bath_solvent=none; nips_bath_solvent_wt_percent=0.0; Air Temp Mean=25.08; Humidity Mean=46.14000000000001; Coupon Temp Mean=24.89; Coupon Humidity Mean=48.02,,25.08,46.14000000000001,24.89,48.02,132.07013601663493,2.1559169270861003,516.2195550132484,27.57520651114168,55.09062683354546,1.132498976549242,0.3291694125036117,0.016988041730957,214.13601784486937,12.80901528728748,483.8708831038921,23.60577216363508,0.1051705209130138,0.0043328624031482,0.1115319423690207,0.0044157595316722,0.2498155454917369,0.013948243398753,0.4285923647747358,0.0153686106662079,,,0.0556980944367417,58.0,1 failed due to yield point (bp1) likely misplaced,"mixing_temp=70; bath_temp=10; pullcast_speed=10; nitrogen=False; coupon_to_bath_wait_time=240; nips_bath_wait_time=1600; polymer_wt=19.0; additive_wt=0.0; cosolvent_type=none; nips_bath_solvent=none; nips_bath_solvent_wt_percent=0.0; Air Temp Mean=25.08; Humidity Mean=46.14000000000001; Coupon Temp Mean=24.89; Coupon Humidity Mean=48.02
Thickness: mean=132.07013601663493, SD=2.1559169270861003; Elastic Modulus: mean=516.2195550132484, SD=27.57520651114168; Yield Strength: mean=55.09062683354546, SD=1.132498976549242; Pore Fraction: mean=0.3291694125036117, SD=0.016988041730957; Creep Strain: mean=0.1051705209130138, SD=0.0043328624031482; Strain at 50 bar: mean=0.1115319423690207, SD=0.0044157595316722","[19-0add-10deg-cosolv-none-bathSolv-none-0wt-240s-NoN2-1600s] Historical observation; chemistry=Primospire / NMP; campaign=2026-09-10-exploration-mode; sample_time=2026-09-15 23:04:23. mixing_temp=70; bath_temp=10; pullcast_speed=10; nitrogen=False; coupon_to_bath_wait_time=240; nips_bath_wait_time=1600; polymer_wt=19.0; additive_wt=0.0; cosolvent_type=none; nips_bath_solvent=none; nips_bath_solvent_wt_percent=0.0; Air Temp Mean=25.08; Humidity Mean=46.14000000000001; Coupon Temp Mean=24.89; Coupon Humidity Mean=48.02. Thickness: mean=132.07013601663493, SD=2.1559169270861003; Elastic Modulus: mean=516.2195550132484, SD=27.57520651114168; Yield Strength: mean=55.09062683354546, SD=1.132498976549242; Pore Fraction: mean=0.3291694125036117, SD=0.016988041730957; Creep Strain: mean=0.1051705209130138, SD=0.0043328624031482; Strain at 50 bar: mean=0.1115319423690207, SD=0.0044157595316722. Modulus and yield strength units: bar; thickness: micrometers; pore fraction and strains: dimensionless. CV Mean=0.0556980944367417; Discarded Fit Quality Mean=58.0; Discarded Fit Reasons=1 failed due to yield point (bp1) likely misplaced. unknown; aggregate SD is intra-sample, not independent synthesis validation. Pore fraction method: compression-curve changepoint estimate; dimensionless, not independent porosimetry. Historical parameters may be outside current bounds; use current bounds for suggestions.","- **Presence:** Membrane is visible — a pale white/off-white sheet occupies the aperture.
- **Vertical Coverage:** Membrane spans the full top-to-bottom extent of the aperture with no gaps at the top or bottom edges. ✓
- **Uniformity:** Largely uniform in color and opacity across the central area; slight tonal gradient toward edges but no distinct dark spots or patchy regions.
- **Defects:** A visible fold or wrinkle is present within the membrane material itself on the right side, where the membrane sheet appears to double over, creating a curved crease line distinct from rim glare.
- **Summary:** Membrane is present with full vertical coverage and generally uniform appearance, but a clear fold/wrinkle defect is present within the membrane on the right side.",C:\Users\wang9\Documents\GitHub\NIPS-pipeline\data\results\begins_2026-09-10-exploration-mode\agg.csv,2026-09-10-exploration-mode,2026-09-16 01:14:54,19-0add-10deg-cosolv-none-bathSolv-none-0wt-240s-NoN2-1600s,2026-09-15 23:04:23,2026-09-15 23:04:23,raw specimen filename,Primospire / NMP,19-0add-10deg-cosolv-none-bathSolv-none-0wt-240s-NoN2-1600s_postDiscard,"unknown; aggregate SD is intra-sample, not independent synthesis validation","compression-curve changepoint estimate; dimensionless, not independent porosimetry","Pore Fraction mean=0.3291694125036117, SD=0.016988041730957; compression-curve changepoint estimate; dimensionless, not independent porosimetry"
"2026-09-16
03:22:19",19-0add-5deg-cosolv-none-bathSolv-none-0wt-60s-NoN2-1800s,30,5,19.0,0.0,15,False,60,1800,Primospire,NMP,none,none,0.0,mixing_temp=30; bath_temp=5; pullcast_speed=15; nitrogen=False; coupon_to_bath_wait_time=60; nips_bath_wait_time=1800; polymer_wt=19.0; additive_wt=0.0; cosolvent_type=none; nips_bath_solvent=none; nips_bath_solvent_wt_percent=0.0; Air Temp Mean=unknown; Humidity Mean=unknown; Coupon Temp Mean=unknown; Coupon Humidity Mean=unknown,,unknown,unknown,unknown,unknown,144.71662766040964,5.960380152398403,,,,,,,,,,,,,0.0775120934610194,0.0208259856391231,,,,,,,,56.0,4 failed due to yield point (bp1) likely misplaced,"mixing_temp=30; bath_temp=5; pullcast_speed=15; nitrogen=False; coupon_to_bath_wait_time=60; nips_bath_wait_time=1800; polymer_wt=19.0; additive_wt=0.0; cosolvent_type=none; nips_bath_solvent=none; nips_bath_solvent_wt_percent=0.0; Air Temp Mean=unknown; Humidity Mean=unknown; Coupon Temp Mean=unknown; Coupon Humidity Mean=unknown
Thickness: mean=144.71662766040964, SD=5.960380152398403; Elastic Modulus: mean=unknown, SD=unknown; Yield Strength: mean=unknown, SD=unknown; Pore Fraction: mean=unknown, SD=unknown; Creep Strain: mean=unknown, SD=unknown; Strain at 50 bar: mean=0.0775120934610194, SD=0.0208259856391231","[19-0add-5deg-cosolv-none-bathSolv-none-0wt-60s-NoN2-1800s] Historical observation; chemistry=Primospire / NMP; campaign=2026-09-10-exploration-mode; sample_time=2026-09-16 01:16:02. mixing_temp=30; bath_temp=5; pullcast_speed=15; nitrogen=False; coupon_to_bath_wait_time=60; nips_bath_wait_time=1800; polymer_wt=19.0; additive_wt=0.0; cosolvent_type=none; nips_bath_solvent=none; nips_bath_solvent_wt_percent=0.0; Air Temp Mean=unknown; Humidity Mean=unknown; Coupon Temp Mean=unknown; Coupon Humidity Mean=unknown. Thickness: mean=144.71662766040964, SD=5.960380152398403; Elastic Modulus: mean=unknown, SD=unknown; Yield Strength: mean=unknown, SD=unknown; Pore Fraction: mean=unknown, SD=unknown; Creep Strain: mean=unknown, SD=unknown; Strain at 50 bar: mean=0.0775120934610194, SD=0.0208259856391231. Modulus and yield strength units: bar; thickness: micrometers; pore fraction and strains: dimensionless. CV Mean=unknown; Discarded Fit Quality Mean=56.0; Discarded Fit Reasons=4 failed due to yield point (bp1) likely misplaced. unknown; aggregate SD is intra-sample, not independent synthesis validation. Pore fraction method: compression-curve changepoint estimate; dimensionless, not independent porosimetry. Historical parameters may be outside current bounds; use current bounds for suggestions.","- **Presence:** Membrane is visible — a pale white coupon is seated within the aperture.
- **Vertical Coverage:** Membrane reaches both the top and bottom edges of the aperture with no vertical gap detected.
- **Uniformity:** Overall color and opacity are consistent; the membrane appears predominantly uniform white with no dark spots or obvious thickness variation.
- **Defects:** Several curved ridge-like wrinkles are visible within the membrane material itself, running across the central and upper-left regions — these are genuine surface deformations, not lighting artifacts.
- **Summary:** Membrane is present with adequate vertical coverage but exhibits multiple wrinkles within the membrane body that constitute notable surface defects.",C:\Users\wang9\Documents\GitHub\NIPS-pipeline\data\results\begins_2026-09-10-exploration-mode\agg.csv,2026-09-10-exploration-mode,2026-09-16 03:22:19,19-0add-5deg-cosolv-none-bathSolv-none-0wt-60s-NoN2-1800s,2026-09-16 01:16:02,2026-09-16 01:16:02,raw specimen filename,Primospire / NMP,19-0add-5deg-cosolv-none-bathSolv-none-0wt-60s-NoN2-1800s_postDiscard,"unknown; aggregate SD is intra-sample, not independent synthesis validation","compression-curve changepoint estimate; dimensionless, not independent porosimetry","Pore Fraction mean=unknown, SD=unknown; compression-curve changepoint estimate; dimensionless, not independent porosimetry"
"2026-09-16
13:58:34",17p5-0add-20deg-cosolv-none-bathSolv-none-0wt-90s-N2-1250s,50,20,17.5,0.0,7,True,90,1250,Primospire,NMP,none,none,0.0,mixing_temp=50; bath_temp=20; pullcast_speed=7; nitrogen=True; coupon_to_bath_wait_time=90; nips_bath_wait_time=1250; polymer_wt=17.5; additive_wt=0.0; cosolvent_type=none; nips_bath_solvent=none; nips_bath_solvent_wt_percent=0.0; Air Temp Mean=25.62; Humidity Mean=43.79; Coupon Temp Mean=25.37; Coupon Humidity Mean=39.75,,25.62,43.79,25.37,39.75,152.36930634772955,1.7016098936891495,683.2933993361506,0.0,49.8590293639877,0.0,0.2824090400796656,0.0,238.19753201921657,0.0,593.1893461362499,0.0,0.1008062864981397,0.0,0.0876254354735242,0.0075183092926861,0.2136584385172621,0.0,0.370575644835135,0.0,,,,54.66666666666666,3 failed due to yield point (bp1) likely misplaced,"mixing_temp=50; bath_temp=20; pullcast_speed=7; nitrogen=True; coupon_to_bath_wait_time=90; nips_bath_wait_time=1250; polymer_wt=17.5; additive_wt=0.0; cosolvent_type=none; nips_bath_solvent=none; nips_bath_solvent_wt_percent=0.0; Air Temp Mean=25.62; Humidity Mean=43.79; Coupon Temp Mean=25.37; Coupon Humidity Mean=39.75
Thickness: mean=152.36930634772955, SD=1.7016098936891495; Elastic Modulus: mean=683.2933993361506, SD=0.0; Yield Strength: mean=49.8590293639877, SD=0.0; Pore Fraction: mean=0.2824090400796656, SD=0.0; Creep Strain: mean=0.1008062864981397, SD=0.0; Strain at 50 bar: mean=0.0876254354735242, SD=0.0075183092926861","[17p5-0add-20deg-cosolv-none-bathSolv-none-0wt-90s-N2-1250s] Historical observation; chemistry=Primospire / NMP; campaign=2026-09-10-exploration-mode; sample_time=2026-09-16 11:59:03. mixing_temp=50; bath_temp=20; pullcast_speed=7; nitrogen=True; coupon_to_bath_wait_time=90; nips_bath_wait_time=1250; polymer_wt=17.5; additive_wt=0.0; cosolvent_type=none; nips_bath_solvent=none; nips_bath_solvent_wt_percent=0.0; Air Temp Mean=25.62; Humidity Mean=43.79; Coupon Temp Mean=25.37; Coupon Humidity Mean=39.75. Thickness: mean=152.36930634772955, SD=1.7016098936891495; Elastic Modulus: mean=683.2933993361506, SD=0.0; Yield Strength: mean=49.8590293639877, SD=0.0; Pore Fraction: mean=0.2824090400796656, SD=0.0; Creep Strain: mean=0.1008062864981397, SD=0.0; Strain at 50 bar: mean=0.0876254354735242, SD=0.0075183092926861. Modulus and yield strength units: bar; thickness: micrometers; pore fraction and strains: dimensionless. CV Mean=unknown; Discarded Fit Quality Mean=54.66666666666666; Discarded Fit Reasons=3 failed due to yield point (bp1) likely misplaced. unknown; aggregate SD is intra-sample, not independent synthesis validation. Pore fraction method: compression-curve changepoint estimate; dimensionless, not independent porosimetry. Historical parameters may be outside current bounds; use current bounds for suggestions.","- **Presence:** Membrane is visible as a pale white sheet within the aperture.
- **Vertical Coverage:** Membrane appears to span the full top-to-bottom extent of the aperture with no discernible gap at either the top or bottom edge.
- **Uniformity:** Appearance is largely uniform and white/opaque across the central area; slight tonal variation near edges is consistent with aperture shadowing rather than membrane patchiness.
- **Defects:** No wrinkles, folds, or trapped air bubbles are detectable within the membrane material itself; a faint mark near the left-center is very minor and may be a surface artifact.
- **Summary:** Membrane coupon presents as well-seated with full vertical coverage, good uniformity, and no significant structural defects.",C:\Users\wang9\Documents\GitHub\NIPS-pipeline\data\results\begins_2026-09-10-exploration-mode\agg.csv,2026-09-10-exploration-mode,2026-09-16 13:58:34,17p5-0add-20deg-cosolv-none-bathSolv-none-0wt-90s-N2-1250s,2026-09-16 11:59:03,2026-09-16 11:59:03,raw specimen filename,Primospire / NMP,17p5-0add-20deg-cosolv-none-bathSolv-none-0wt-90s-N2-1250s_postDiscard,"unknown; aggregate SD is intra-sample, not independent synthesis validation","compression-curve changepoint estimate; dimensionless, not independent porosimetry","Pore Fraction mean=0.2824090400796656, SD=0.0; compression-curve changepoint estimate; dimensionless, not independent porosimetry"
"2026-09-16
16:19:29",17-0add-5deg-cosolv-none-bathSolv-none-0wt-480s-N2-1750s,75,5,17.0,0.0,10,True,480,1750,Primospire,NMP,none,none,0.0,mixing_temp=75; bath_temp=5; pullcast_speed=10; nitrogen=True; coupon_to_bath_wait_time=480; nips_bath_wait_time=1750; polymer_wt=17.0; additive_wt=0.0; cosolvent_type=none; nips_bath_solvent=none; nips_bath_solvent_wt_percent=0.0; Air Temp Mean=25.22; Humidity Mean=44.89; Coupon Temp Mean=25.41; Coupon Humidity Mean=38.3,,25.22,44.89,25.41,38.3,122.7422847403386,42.9635866932097,363.83234013516426,0.0,48.17708371199353,0.0,0.328447997799515,0.0,222.1228097275525,0.0,575.4344734843572,0.0,0.0951374753302091,0.0,0.2379066750753886,0.2173227429464753,0.2866704057512669,0.0,,,,,,38.333333333333336,"2 failed due to plateau slope >= elastic modulus, no real transition; 1 failed due to yield point (bp1) likely misplaced","mixing_temp=75; bath_temp=5; pullcast_speed=10; nitrogen=True; coupon_to_bath_wait_time=480; nips_bath_wait_time=1750; polymer_wt=17.0; additive_wt=0.0; cosolvent_type=none; nips_bath_solvent=none; nips_bath_solvent_wt_percent=0.0; Air Temp Mean=25.22; Humidity Mean=44.89; Coupon Temp Mean=25.41; Coupon Humidity Mean=38.3
Thickness: mean=122.7422847403386, SD=42.9635866932097; Elastic Modulus: mean=363.83234013516426, SD=0.0; Yield Strength: mean=48.17708371199353, SD=0.0; Pore Fraction: mean=0.328447997799515, SD=0.0; Creep Strain: mean=0.0951374753302091, SD=0.0; Strain at 50 bar: mean=0.2379066750753886, SD=0.2173227429464753","[17-0add-5deg-cosolv-none-bathSolv-none-0wt-480s-N2-1750s] Historical observation; chemistry=Primospire / NMP; campaign=2026-09-10-exploration-mode; sample_time=2026-09-16 13:59:33. mixing_temp=75; bath_temp=5; pullcast_speed=10; nitrogen=True; coupon_to_bath_wait_time=480; nips_bath_wait_time=1750; polymer_wt=17.0; additive_wt=0.0; cosolvent_type=none; nips_bath_solvent=none; nips_bath_solvent_wt_percent=0.0; Air Temp Mean=25.22; Humidity Mean=44.89; Coupon Temp Mean=25.41; Coupon Humidity Mean=38.3. Thickness: mean=122.7422847403386, SD=42.9635866932097; Elastic Modulus: mean=363.83234013516426, SD=0.0; Yield Strength: mean=48.17708371199353, SD=0.0; Pore Fraction: mean=0.328447997799515, SD=0.0; Creep Strain: mean=0.0951374753302091, SD=0.0; Strain at 50 bar: mean=0.2379066750753886, SD=0.2173227429464753. Modulus and yield strength units: bar; thickness: micrometers; pore fraction and strains: dimensionless. CV Mean=unknown; Discarded Fit Quality Mean=38.333333333333336; Discarded Fit Reasons=2 failed due to plateau slope >= elastic modulus, no real transition; 1 failed due to yield point (bp1) likely misplaced. unknown; aggregate SD is intra-sample, not independent synthesis validation. Pore fraction method: compression-curve changepoint estimate; dimensionless, not independent porosimetry. Historical parameters may be outside current bounds; use current bounds for suggestions.","- **Presence:** Membrane is visible as a pale white/grey sheet within the aperture.

- **Vertical Coverage:** A significant gap is present at the top edge — the membrane does not reach the top of the aperture, exposing the metal rim and backing material there. Bottom edge coverage appears adequate.

- **Uniformity:** Non-uniform; the membrane shows uneven opacity and patchy coloration across its surface.

- **Defects:** Multiple prominent wrinkles are visible within the membrane material itself, forming curved ridge lines across the coupon. No trapped air bubbles are apparent.

- **Summary:** This coupon exhibits a critical top-edge vertical coverage gap, substantial wrinkling, and non-uniform appearance, indicating a poorly seated or defective membrane sample.",C:\Users\wang9\Documents\GitHub\NIPS-pipeline\data\results\begins_2026-09-10-exploration-mode\agg.csv,2026-09-10-exploration-mode,2026-09-16 16:19:29,17-0add-5deg-cosolv-none-bathSolv-none-0wt-480s-N2-1750s,2026-09-16 13:59:33,2026-09-16 13:59:33,raw specimen filename,Primospire / NMP,17-0add-5deg-cosolv-none-bathSolv-none-0wt-480s-N2-1750s_postDiscard,"unknown; aggregate SD is intra-sample, not independent synthesis validation","compression-curve changepoint estimate; dimensionless, not independent porosimetry","Pore Fraction mean=0.328447997799515, SD=0.0; compression-curve changepoint estimate; dimensionless, not independent porosimetry"
"2026-09-16
20:54:08",18p5-0add-25deg-cosolv-none-bathSolv-none-0wt-200s-N2-1800s,40,25,18.5,0.0,4,True,200,1800,Primospire,NMP,none,none,0.0,mixing_temp=40; bath_temp=25; pullcast_speed=4; nitrogen=True; coupon_to_bath_wait_time=200; nips_bath_wait_time=1800; polymer_wt=18.5; additive_wt=0.0; cosolvent_type=none; nips_bath_solvent=none; nips_bath_solvent_wt_percent=0.0; Air Temp Mean=unknown; Humidity Mean=unknown; Coupon Temp Mean=unknown; Coupon Humidity Mean=unknown,,unknown,unknown,unknown,unknown,125.406362838409,2.794428718396008,,,,,,,,,,,,,0.0503508730280794,0.0221915744096401,,,,,,,,34.0,3 failed due to yield point (bp1) likely misplaced; 1 failed due to insufficient data to fit,"mixing_temp=40; bath_temp=25; pullcast_speed=4; nitrogen=True; coupon_to_bath_wait_time=200; nips_bath_wait_time=1800; polymer_wt=18.5; additive_wt=0.0; cosolvent_type=none; nips_bath_solvent=none; nips_bath_solvent_wt_percent=0.0; Air Temp Mean=unknown; Humidity Mean=unknown; Coupon Temp Mean=unknown; Coupon Humidity Mean=unknown
Thickness: mean=125.406362838409, SD=2.794428718396008; Elastic Modulus: mean=unknown, SD=unknown; Yield Strength: mean=unknown, SD=unknown; Pore Fraction: mean=unknown, SD=unknown; Creep Strain: mean=unknown, SD=unknown; Strain at 50 bar: mean=0.0503508730280794, SD=0.0221915744096401","[18p5-0add-25deg-cosolv-none-bathSolv-none-0wt-200s-N2-1800s] Historical observation; chemistry=Primospire / NMP; campaign=2026-09-10-exploration-mode; sample_time=2026-09-16 18:43:58. mixing_temp=40; bath_temp=25; pullcast_speed=4; nitrogen=True; coupon_to_bath_wait_time=200; nips_bath_wait_time=1800; polymer_wt=18.5; additive_wt=0.0; cosolvent_type=none; nips_bath_solvent=none; nips_bath_solvent_wt_percent=0.0; Air Temp Mean=unknown; Humidity Mean=unknown; Coupon Temp Mean=unknown; Coupon Humidity Mean=unknown. Thickness: mean=125.406362838409, SD=2.794428718396008; Elastic Modulus: mean=unknown, SD=unknown; Yield Strength: mean=unknown, SD=unknown; Pore Fraction: mean=unknown, SD=unknown; Creep Strain: mean=unknown, SD=unknown; Strain at 50 bar: mean=0.0503508730280794, SD=0.0221915744096401. Modulus and yield strength units: bar; thickness: micrometers; pore fraction and strains: dimensionless. CV Mean=unknown; Discarded Fit Quality Mean=34.0; Discarded Fit Reasons=3 failed due to yield point (bp1) likely misplaced; 1 failed due to insufficient data to fit. unknown; aggregate SD is intra-sample, not independent synthesis validation. Pore fraction method: compression-curve changepoint estimate; dimensionless, not independent porosimetry. Historical parameters may be outside current bounds; use current bounds for suggestions.","- **Presence**: Membrane is visible — a pale white/light-grey sheet occupies the aperture.

- **Vertical Coverage**: Membrane spans the full top-to-bottom extent of the aperture with no gap at the top or bottom edge. ✓

- **Uniformity**: Overall color and opacity are consistent across the membrane body; slight tonal gradient toward edges is consistent with lighting rather than thickness variation.

- **Defects**: Several low-amplitude wavy creases/wrinkles are visible within the membrane material itself, running roughly horizontally across the upper and lower portions of the sheet. No trapped air bubbles detected.

- **Summary**: Membrane is present with full vertical coverage and acceptable uniformity, but exhibits mild wrinkling within the membrane material that warrants attention.",C:\Users\wang9\Documents\GitHub\NIPS-pipeline\data\results\begins_2026-09-10-exploration-mode\agg.csv,2026-09-10-exploration-mode,2026-09-16 20:54:08,18p5-0add-25deg-cosolv-none-bathSolv-none-0wt-200s-N2-1800s,2026-09-16 18:43:58,2026-09-16 18:43:58,raw specimen filename,Primospire / NMP,18p5-0add-25deg-cosolv-none-bathSolv-none-0wt-200s-N2-1800s_postDiscard,"unknown; aggregate SD is intra-sample, not independent synthesis validation","compression-curve changepoint estimate; dimensionless, not independent porosimetry","Pore Fraction mean=unknown, SD=unknown; compression-curve changepoint estimate; dimensionless, not independent porosimetry"
"2026-09-16
23:10:05",18p5-0add-5deg-cosolv-none-bathSolv-none-0wt-105s-N2-1800s,65,5,18.5,0.0,11,True,105,1800,Primospire,NMP,none,none,0.0,mixing_temp=65; bath_temp=5; pullcast_speed=11; nitrogen=True; coupon_to_bath_wait_time=105; nips_bath_wait_time=1800; polymer_wt=18.5; additive_wt=0.0; cosolvent_type=none; nips_bath_solvent=none; nips_bath_solvent_wt_percent=0.0; Air Temp Mean=25.48; Humidity Mean=42.57; Coupon Temp Mean=25.14; Coupon Humidity Mean=47.56,,25.48,42.57,25.14,47.56,126.24814025362376,4.214400619243018,592.7746765763949,45.46973391996164,48.01438685774978,1.8488544991121207,0.3277002148602644,0.0325349497328531,195.9759398708874,27.670226712867763,447.4780790185435,30.19087712633598,0.1326240988715094,0.0035050813677159,0.1065619912924171,0.0183235437816917,0.2521999270419588,0.0379993436696059,0.4346946508098179,0.0,,,0.1501323324267127,0.0,1 failed due to insufficient data to fit,"mixing_temp=65; bath_temp=5; pullcast_speed=11; nitrogen=True; coupon_to_bath_wait_time=105; nips_bath_wait_time=1800; polymer_wt=18.5; additive_wt=0.0; cosolvent_type=none; nips_bath_solvent=none; nips_bath_solvent_wt_percent=0.0; Air Temp Mean=25.48; Humidity Mean=42.57; Coupon Temp Mean=25.14; Coupon Humidity Mean=47.56
Thickness: mean=126.24814025362376, SD=4.214400619243018; Elastic Modulus: mean=592.7746765763949, SD=45.46973391996164; Yield Strength: mean=48.01438685774978, SD=1.8488544991121207; Pore Fraction: mean=0.3277002148602644, SD=0.0325349497328531; Creep Strain: mean=0.1326240988715094, SD=0.0035050813677159; Strain at 50 bar: mean=0.1065619912924171, SD=0.0183235437816917","[18p5-0add-5deg-cosolv-none-bathSolv-none-0wt-105s-N2-1800s] Historical observation; chemistry=Primospire / NMP; campaign=2026-09-10-exploration-mode; sample_time=2026-09-16 20:55:08. mixing_temp=65; bath_temp=5; pullcast_speed=11; nitrogen=True; coupon_to_bath_wait_time=105; nips_bath_wait_time=1800; polymer_wt=18.5; additive_wt=0.0; cosolvent_type=none; nips_bath_solvent=none; nips_bath_solvent_wt_percent=0.0; Air Temp Mean=25.48; Humidity Mean=42.57; Coupon Temp Mean=25.14; Coupon Humidity Mean=47.56. Thickness: mean=126.24814025362376, SD=4.214400619243018; Elastic Modulus: mean=592.7746765763949, SD=45.46973391996164; Yield Strength: mean=48.01438685774978, SD=1.8488544991121207; Pore Fraction: mean=0.3277002148602644, SD=0.0325349497328531; Creep Strain: mean=0.1326240988715094, SD=0.0035050813677159; Strain at 50 bar: mean=0.1065619912924171, SD=0.0183235437816917. Modulus and yield strength units: bar; thickness: micrometers; pore fraction and strains: dimensionless. CV Mean=0.1501323324267127; Discarded Fit Quality Mean=0.0; Discarded Fit Reasons=1 failed due to insufficient data to fit. unknown; aggregate SD is intra-sample, not independent synthesis validation. Pore fraction method: compression-curve changepoint estimate; dimensionless, not independent porosimetry. Historical parameters may be outside current bounds; use current bounds for suggestions.","- **Presence:** Membrane is visible — a pale white/grey sheet occupies the aperture.

- **Vertical Coverage:** The membrane reaches the bottom edge adequately, but there is a gap at the top edge where the aperture rim is exposed without membrane coverage — a vertical coverage defect.

- **Uniformity:** Non-uniform; the left-center region shows a distinctly darker, slightly translucent zone contrasting with the surrounding pale area, indicating thickness or opacity variation.

- **Defects:** A prominent raised ridge/fold loop is visible within the membrane material itself in the left-center area, consistent with a wrinkle or fold in the membrane sheet. One small bubble is also present near the fold.

- **Summary:** Membrane shows a top-edge vertical gap, significant wrinkling/folding with an associated bubble, and notable opacity non-uniformity.",C:\Users\wang9\Documents\GitHub\NIPS-pipeline\data\results\begins_2026-09-10-exploration-mode\agg.csv,2026-09-10-exploration-mode,2026-09-16 23:10:05,18p5-0add-5deg-cosolv-none-bathSolv-none-0wt-105s-N2-1800s,2026-09-16 20:55:08,2026-09-16 20:55:08,raw specimen filename,Primospire / NMP,18p5-0add-5deg-cosolv-none-bathSolv-none-0wt-105s-N2-1800s_postDiscard,"unknown; aggregate SD is intra-sample, not independent synthesis validation","compression-curve changepoint estimate; dimensionless, not independent porosimetry","Pore Fraction mean=0.3277002148602644, SD=0.0325349497328531; compression-curve changepoint estimate; dimensionless, not independent porosimetry"
"2026-09-17
01:57:26",20-0add-25deg-cosolv-none-bathSolv-none-0wt-30s-N2-1200s,25,25,20.0,0.0,3,True,30,1200,Primospire,NMP,none,none,0.0,mixing_temp=25; bath_temp=25; pullcast_speed=3; nitrogen=True; coupon_to_bath_wait_time=30; nips_bath_wait_time=1200; polymer_wt=20.0; additive_wt=0.0; cosolvent_type=none; nips_bath_solvent=none; nips_bath_solvent_wt_percent=0.0; Air Temp Mean=unknown; Humidity Mean=unknown; Coupon Temp Mean=unknown; Coupon Humidity Mean=unknown,,unknown,unknown,unknown,unknown,133.0131041391998,2.5602690221950075,,,,,,,,,,,,,0.0979239465634636,0.0140145694479642,,,,,,,,37.0,3 failed due to yield point (bp1) likely misplaced; 1 failed due to insufficient data to fit,"mixing_temp=25; bath_temp=25; pullcast_speed=3; nitrogen=True; coupon_to_bath_wait_time=30; nips_bath_wait_time=1200; polymer_wt=20.0; additive_wt=0.0; cosolvent_type=none; nips_bath_solvent=none; nips_bath_solvent_wt_percent=0.0; Air Temp Mean=unknown; Humidity Mean=unknown; Coupon Temp Mean=unknown; Coupon Humidity Mean=unknown
Thickness: mean=133.0131041391998, SD=2.5602690221950075; Elastic Modulus: mean=unknown, SD=unknown; Yield Strength: mean=unknown, SD=unknown; Pore Fraction: mean=unknown, SD=unknown; Creep Strain: mean=unknown, SD=unknown; Strain at 50 bar: mean=0.0979239465634636, SD=0.0140145694479642","[20-0add-25deg-cosolv-none-bathSolv-none-0wt-30s-N2-1200s] Historical observation; chemistry=Primospire / NMP; campaign=2026-09-10-exploration-mode; sample_time=2026-09-16 23:11:06. mixing_temp=25; bath_temp=25; pullcast_speed=3; nitrogen=True; coupon_to_bath_wait_time=30; nips_bath_wait_time=1200; polymer_wt=20.0; additive_wt=0.0; cosolvent_type=none; nips_bath_solvent=none; nips_bath_solvent_wt_percent=0.0; Air Temp Mean=unknown; Humidity Mean=unknown; Coupon Temp Mean=unknown; Coupon Humidity Mean=unknown. Thickness: mean=133.0131041391998, SD=2.5602690221950075; Elastic Modulus: mean=unknown, SD=unknown; Yield Strength: mean=unknown, SD=unknown; Pore Fraction: mean=unknown, SD=unknown; Creep Strain: mean=unknown, SD=unknown; Strain at 50 bar: mean=0.0979239465634636, SD=0.0140145694479642. Modulus and yield strength units: bar; thickness: micrometers; pore fraction and strains: dimensionless. CV Mean=unknown; Discarded Fit Quality Mean=37.0; Discarded Fit Reasons=3 failed due to yield point (bp1) likely misplaced; 1 failed due to insufficient data to fit. unknown; aggregate SD is intra-sample, not independent synthesis validation. Pore fraction method: compression-curve changepoint estimate; dimensionless, not independent porosimetry. Historical parameters may be outside current bounds; use current bounds for suggestions.","- **Presence:** Membrane is visible — a pale white/grey coupon is seated within the aperture.
- **Vertical Coverage:** Membrane spans the full top-to-bottom extent of the aperture with no gap at either the top or bottom edge. ✓
- **Uniformity:** Color and opacity are consistent throughout; no dark spots, patchiness, or obvious thickness variation detected.
- **Defects:** No wrinkles or trapped air bubbles visible within the membrane material itself; surface texture appears smooth and featureless.
- **Summary:** The membrane coupon presents with complete vertical coverage, uniform appearance, and no observable defects within the membrane material.",C:\Users\wang9\Documents\GitHub\NIPS-pipeline\data\results\begins_2026-09-10-exploration-mode\agg.csv,2026-09-10-exploration-mode,2026-09-17 01:57:26,20-0add-25deg-cosolv-none-bathSolv-none-0wt-30s-N2-1200s,2026-09-16 23:11:06,2026-09-16 23:11:06,raw specimen filename,Primospire / NMP,20-0add-25deg-cosolv-none-bathSolv-none-0wt-30s-N2-1200s_postDiscard,"unknown; aggregate SD is intra-sample, not independent synthesis validation","compression-curve changepoint estimate; dimensionless, not independent porosimetry","Pore Fraction mean=unknown, SD=unknown; compression-curve changepoint estimate; dimensionless, not independent porosimetry"
"2026-09-17
16:18:28",17p5-0add-5deg-cosolv-none-bathSolv-none-0wt-550s-N2-1450s,25,5,17.5,0.0,12,True,550,1450,Primospire,NMP,none,none,0.0,mixing_temp=25; bath_temp=5; pullcast_speed=12; nitrogen=True; coupon_to_bath_wait_time=550; nips_bath_wait_time=1450; polymer_wt=17.5; additive_wt=0.0; cosolvent_type=none; nips_bath_solvent=none; nips_bath_solvent_wt_percent=0.0; Air Temp Mean=26.01; Humidity Mean=47.28; Coupon Temp Mean=26.02; Coupon Humidity Mean=43.76,,26.01,47.28,26.02,43.76,142.7682837758955,5.77504821062124,777.8944506423975,157.69240110348835,51.143861479337446,1.4264073242505295,0.2729734772586035,0.0061674446308514,244.68142728355684,27.0437873500696,581.4327234113235,12.995770600774222,0.1062644028062929,0.004285913294551,0.0658719089930056,0.0218752264896438,0.1980547652012749,0.0073296552245985,0.3588135616489011,0.0118018207680113,,,0.0645891874258917,48.5,2 failed due to yield point (bp1) likely misplaced,"mixing_temp=25; bath_temp=5; pullcast_speed=12; nitrogen=True; coupon_to_bath_wait_time=550; nips_bath_wait_time=1450; polymer_wt=17.5; additive_wt=0.0; cosolvent_type=none; nips_bath_solvent=none; nips_bath_solvent_wt_percent=0.0; Air Temp Mean=26.01; Humidity Mean=47.28; Coupon Temp Mean=26.02; Coupon Humidity Mean=43.76
Thickness: mean=142.7682837758955, SD=5.77504821062124; Elastic Modulus: mean=777.8944506423975, SD=157.69240110348835; Yield Strength: mean=51.143861479337446, SD=1.4264073242505295; Pore Fraction: mean=0.2729734772586035, SD=0.0061674446308514; Creep Strain: mean=0.1062644028062929, SD=0.004285913294551; Strain at 50 bar: mean=0.0658719089930056, SD=0.0218752264896438","[17p5-0add-5deg-cosolv-none-bathSolv-none-0wt-550s-N2-1450s] Historical observation; chemistry=Primospire / NMP; campaign=2026-09-10-exploration-mode; sample_time=2026-09-17 14:13:31. mixing_temp=25; bath_temp=5; pullcast_speed=12; nitrogen=True; coupon_to_bath_wait_time=550; nips_bath_wait_time=1450; polymer_wt=17.5; additive_wt=0.0; cosolvent_type=none; nips_bath_solvent=none; nips_bath_solvent_wt_percent=0.0; Air Temp Mean=26.01; Humidity Mean=47.28; Coupon Temp Mean=26.02; Coupon Humidity Mean=43.76. Thickness: mean=142.7682837758955, SD=5.77504821062124; Elastic Modulus: mean=777.8944506423975, SD=157.69240110348835; Yield Strength: mean=51.143861479337446, SD=1.4264073242505295; Pore Fraction: mean=0.2729734772586035, SD=0.0061674446308514; Creep Strain: mean=0.1062644028062929, SD=0.004285913294551; Strain at 50 bar: mean=0.0658719089930056, SD=0.0218752264896438. Modulus and yield strength units: bar; thickness: micrometers; pore fraction and strains: dimensionless. CV Mean=0.0645891874258917; Discarded Fit Quality Mean=48.5; Discarded Fit Reasons=2 failed due to yield point (bp1) likely misplaced. unknown; aggregate SD is intra-sample, not independent synthesis validation. Pore fraction method: compression-curve changepoint estimate; dimensionless, not independent porosimetry. Historical parameters may be outside current bounds; use current bounds for suggestions.","- **Presence:** Membrane is visible as a pale white sheet within the aperture.
- **Vertical Coverage:** The membrane does not reach the top edge of the aperture — a clear gap is present at the top, indicating incomplete vertical coverage. Bottom edge appears adequately seated.
- **Uniformity:** The membrane body appears visually uniform in color and opacity with no patchiness or dark spots detected.
- **Defects:** No wrinkles or trapped air bubbles are evident within the membrane material itself; boundary shadows are lighting/rim artifacts.
- **Summary:** The membrane is present and internally uniform, but exhibits a notable top-edge vertical coverage gap that constitutes a real placement defect.",C:\Users\wang9\Documents\GitHub\NIPS-pipeline\data\results\begins_2026-09-10-exploration-mode\agg.csv,2026-09-10-exploration-mode,2026-09-17 16:18:28,17p5-0add-5deg-cosolv-none-bathSolv-none-0wt-550s-N2-1450s,2026-09-17 14:13:31,2026-09-17 14:13:31,raw specimen filename,Primospire / NMP,17p5-0add-5deg-cosolv-none-bathSolv-none-0wt-550s-N2-1450s_postDiscard,"unknown; aggregate SD is intra-sample, not independent synthesis validation","compression-curve changepoint estimate; dimensionless, not independent porosimetry","Pore Fraction mean=0.2729734772586035, SD=0.0061674446308514; compression-curve changepoint estimate; dimensionless, not independent porosimetry"
"2026-09-17
18:35:01",17p5-0add-5deg-cosolv-none-bathSolv-none-0wt-350s-N2-1800s,50,5,17.5,0.0,9,True,350,1800,Primospire,NMP,none,none,0.0,mixing_temp=50; bath_temp=5; pullcast_speed=9; nitrogen=True; coupon_to_bath_wait_time=350; nips_bath_wait_time=1800; polymer_wt=17.5; additive_wt=0.0; cosolvent_type=none; nips_bath_solvent=none; nips_bath_solvent_wt_percent=0.0; Air Temp Mean=25.58; Humidity Mean=47.44; Coupon Temp Mean=25.45; Coupon Humidity Mean=42.75,,25.58,47.44,25.45,42.75,131.67602484731134,2.249002956771513,472.30114534096816,47.71556378796184,57.11167300702439,1.7877003146691666,0.3199007252695264,0.0053706133017174,232.2859320088868,6.924596886658677,568.0429451465802,45.323933355591095,0.111551007554699,0.0018295537762318,0.1202944087458184,0.0093540378034536,0.2430776940923465,0.0080232153120407,0.4090781347216618,0.0072560069478481,,,0.0420670018716853,57.0,1 failed due to yield point (bp1) likely misplaced,"mixing_temp=50; bath_temp=5; pullcast_speed=9; nitrogen=True; coupon_to_bath_wait_time=350; nips_bath_wait_time=1800; polymer_wt=17.5; additive_wt=0.0; cosolvent_type=none; nips_bath_solvent=none; nips_bath_solvent_wt_percent=0.0; Air Temp Mean=25.58; Humidity Mean=47.44; Coupon Temp Mean=25.45; Coupon Humidity Mean=42.75
Thickness: mean=131.67602484731134, SD=2.249002956771513; Elastic Modulus: mean=472.30114534096816, SD=47.71556378796184; Yield Strength: mean=57.11167300702439, SD=1.7877003146691666; Pore Fraction: mean=0.3199007252695264, SD=0.0053706133017174; Creep Strain: mean=0.111551007554699, SD=0.0018295537762318; Strain at 50 bar: mean=0.1202944087458184, SD=0.0093540378034536","[17p5-0add-5deg-cosolv-none-bathSolv-none-0wt-350s-N2-1800s] Historical observation; chemistry=Primospire / NMP; campaign=2026-09-10-exploration-mode; sample_time=2026-09-17 16:19:29. mixing_temp=50; bath_temp=5; pullcast_speed=9; nitrogen=True; coupon_to_bath_wait_time=350; nips_bath_wait_time=1800; polymer_wt=17.5; additive_wt=0.0; cosolvent_type=none; nips_bath_solvent=none; nips_bath_solvent_wt_percent=0.0; Air Temp Mean=25.58; Humidity Mean=47.44; Coupon Temp Mean=25.45; Coupon Humidity Mean=42.75. Thickness: mean=131.67602484731134, SD=2.249002956771513; Elastic Modulus: mean=472.30114534096816, SD=47.71556378796184; Yield Strength: mean=57.11167300702439, SD=1.7877003146691666; Pore Fraction: mean=0.3199007252695264, SD=0.0053706133017174; Creep Strain: mean=0.111551007554699, SD=0.0018295537762318; Strain at 50 bar: mean=0.1202944087458184, SD=0.0093540378034536. Modulus and yield strength units: bar; thickness: micrometers; pore fraction and strains: dimensionless. CV Mean=0.0420670018716853; Discarded Fit Quality Mean=57.0; Discarded Fit Reasons=1 failed due to yield point (bp1) likely misplaced. unknown; aggregate SD is intra-sample, not independent synthesis validation. Pore fraction method: compression-curve changepoint estimate; dimensionless, not independent porosimetry. Historical parameters may be outside current bounds; use current bounds for suggestions.","- **Presence:** Membrane is visible — a pale white/grey sheet occupies the aperture.

- **Vertical Coverage:** Membrane spans the full top-to-bottom extent of the aperture with no gap at either the top or bottom edge.

- **Uniformity:** Largely uniform in color and opacity across most of the surface; a slightly darker tonal gradient is present in the lower-right quadrant but is subtle.

- **Defects:** A distinct raised fold/wrinkle is visible within the membrane material on the left-center region — multiple curved ridges indicate a buckled or creased area in the membrane itself. One small dark pinpoint speck is also noted in the lower-right area.

- **Summary:** Membrane has full vertical coverage but exhibits a notable wrinkle/fold defect in the left-center zone and a minor pinpoint speck.",C:\Users\wang9\Documents\GitHub\NIPS-pipeline\data\results\begins_2026-09-10-exploration-mode\agg.csv,2026-09-10-exploration-mode,2026-09-17 18:35:01,17p5-0add-5deg-cosolv-none-bathSolv-none-0wt-350s-N2-1800s,2026-09-17 16:19:29,2026-09-17 16:19:29,raw specimen filename,Primospire / NMP,17p5-0add-5deg-cosolv-none-bathSolv-none-0wt-350s-N2-1800s_postDiscard,"unknown; aggregate SD is intra-sample, not independent synthesis validation","compression-curve changepoint estimate; dimensionless, not independent porosimetry","Pore Fraction mean=0.3199007252695264, SD=0.0053706133017174; compression-curve changepoint estimate; dimensionless, not independent porosimetry"
"2026-09-17
21:38:41",19p5-0add-25deg-cosolv-none-bathSolv-none-0wt-130s-NoN2-1550s,80,25,19.5,0.0,6,False,130,1550,Primospire,NMP,none,none,0.0,mixing_temp=80; bath_temp=25; pullcast_speed=6; nitrogen=False; coupon_to_bath_wait_time=130; nips_bath_wait_time=1550; polymer_wt=19.5; additive_wt=0.0; cosolvent_type=none; nips_bath_solvent=none; nips_bath_solvent_wt_percent=0.0; Air Temp Mean=25.28; Humidity Mean=49.05; Coupon Temp Mean=25.44; Coupon Humidity Mean=49.76,,25.28,49.05,25.44,49.76,134.84366665675827,6.994439193134179,350.74920693839715,0.0,66.81221644114177,0.0,0.4295402516941594,0.0,279.3717846045075,0.0,504.2731342183554,0.0,0.1059496775983253,0.0,0.1633816206028086,0.0600850981679149,0.3372137624223736,0.0,,,,,,33.0,"2 failed due to yield point (bp1) likely misplaced; 1 failed due to plateau slope >= elastic modulus, no real transition","mixing_temp=80; bath_temp=25; pullcast_speed=6; nitrogen=False; coupon_to_bath_wait_time=130; nips_bath_wait_time=1550; polymer_wt=19.5; additive_wt=0.0; cosolvent_type=none; nips_bath_solvent=none; nips_bath_solvent_wt_percent=0.0; Air Temp Mean=25.28; Humidity Mean=49.05; Coupon Temp Mean=25.44; Coupon Humidity Mean=49.76
Thickness: mean=134.84366665675827, SD=6.994439193134179; Elastic Modulus: mean=350.74920693839715, SD=0.0; Yield Strength: mean=66.81221644114177, SD=0.0; Pore Fraction: mean=0.4295402516941594, SD=0.0; Creep Strain: mean=0.1059496775983253, SD=0.0; Strain at 50 bar: mean=0.1633816206028086, SD=0.0600850981679149","[19p5-0add-25deg-cosolv-none-bathSolv-none-0wt-130s-NoN2-1550s] Historical observation; chemistry=Primospire / NMP; campaign=2026-09-10-exploration-mode; sample_time=2026-09-17 18:36:00. mixing_temp=80; bath_temp=25; pullcast_speed=6; nitrogen=False; coupon_to_bath_wait_time=130; nips_bath_wait_time=1550; polymer_wt=19.5; additive_wt=0.0; cosolvent_type=none; nips_bath_solvent=none; nips_bath_solvent_wt_percent=0.0; Air Temp Mean=25.28; Humidity Mean=49.05; Coupon Temp Mean=25.44; Coupon Humidity Mean=49.76. Thickness: mean=134.84366665675827, SD=6.994439193134179; Elastic Modulus: mean=350.74920693839715, SD=0.0; Yield Strength: mean=66.81221644114177, SD=0.0; Pore Fraction: mean=0.4295402516941594, SD=0.0; Creep Strain: mean=0.1059496775983253, SD=0.0; Strain at 50 bar: mean=0.1633816206028086, SD=0.0600850981679149. Modulus and yield strength units: bar; thickness: micrometers; pore fraction and strains: dimensionless. CV Mean=unknown; Discarded Fit Quality Mean=33.0; Discarded Fit Reasons=2 failed due to yield point (bp1) likely misplaced; 1 failed due to plateau slope >= elastic modulus, no real transition. unknown; aggregate SD is intra-sample, not independent synthesis validation. Pore fraction method: compression-curve changepoint estimate; dimensionless, not independent porosimetry. Historical parameters may be outside current bounds; use current bounds for suggestions.","- **Presence**: Membrane is visible — a pale white/opaque coupon is seated within the aperture.

- **Vertical Coverage**: Membrane spans the full top-to-bottom extent of the aperture with no gap at the top or bottom edge. Vertical coverage is complete.

- **Uniformity**: The membrane is largely uniform in color and opacity across its surface, with consistent pale white appearance and no obvious patchiness or dark spots.

- **Defects**: One small, localized bright feature is visible near the upper-left interior of the membrane material, consistent with a minor wrinkle or fold within the membrane itself.

- **Summary**: Membrane is present with full vertical coverage and generally good uniformity, with one small wrinkle-like feature noted in the upper-left region of the membrane.",C:\Users\wang9\Documents\GitHub\NIPS-pipeline\data\results\begins_2026-09-10-exploration-mode\agg.csv,2026-09-10-exploration-mode,2026-09-17 21:38:41,19p5-0add-25deg-cosolv-none-bathSolv-none-0wt-130s-NoN2-1550s,2026-09-17 18:36:00,2026-09-17 18:36:00,raw specimen filename,Primospire / NMP,19p5-0add-25deg-cosolv-none-bathSolv-none-0wt-130s-NoN2-1550s_postDiscard,"unknown; aggregate SD is intra-sample, not independent synthesis validation","compression-curve changepoint estimate; dimensionless, not independent porosimetry","Pore Fraction mean=0.4295402516941594, SD=0.0; compression-curve changepoint estimate; dimensionless, not independent porosimetry"
"2026-09-17
23:48:20",17p5-0add-5deg-cosolv-none-bathSolv-none-0wt-550s-N2-1450s_run2,25,5,17.5,0.0,12,True,550,1450,Primospire,NMP,none,none,0.0,mixing_temp=25; bath_temp=5; pullcast_speed=12; nitrogen=True; coupon_to_bath_wait_time=550; nips_bath_wait_time=1450; polymer_wt=17.5; additive_wt=0.0; cosolvent_type=none; nips_bath_solvent=none; nips_bath_solvent_wt_percent=0.0; Air Temp Mean=25.71; Humidity Mean=43.44; Coupon Temp Mean=25.88; Coupon Humidity Mean=40.8,,25.71,43.44,25.88,40.8,171.71661624954083,21.804563720453,342.4994563222881,11.287284682192649,29.559879778325417,20.0598565346657,0.3462998274597554,0.0124131387768591,168.21401053160378,61.21979624509625,558.0799844662831,44.29527875721834,0.0836464983042237,0.0114167271161954,0.1826612578622188,0.0580432512623432,0.3257931960662368,0.056122762973437,0.4823120172198168,0.0467832926881133,,,0.2503662587182044,51.5,2 failed due to yield point (bp1) likely misplaced,"mixing_temp=25; bath_temp=5; pullcast_speed=12; nitrogen=True; coupon_to_bath_wait_time=550; nips_bath_wait_time=1450; polymer_wt=17.5; additive_wt=0.0; cosolvent_type=none; nips_bath_solvent=none; nips_bath_solvent_wt_percent=0.0; Air Temp Mean=25.71; Humidity Mean=43.44; Coupon Temp Mean=25.88; Coupon Humidity Mean=40.8
Thickness: mean=171.71661624954083, SD=21.804563720453; Elastic Modulus: mean=342.4994563222881, SD=11.287284682192649; Yield Strength: mean=29.559879778325417, SD=20.0598565346657; Pore Fraction: mean=0.3462998274597554, SD=0.0124131387768591; Creep Strain: mean=0.0836464983042237, SD=0.0114167271161954; Strain at 50 bar: mean=0.1826612578622188, SD=0.0580432512623432","[17p5-0add-5deg-cosolv-none-bathSolv-none-0wt-550s-N2-1450s_run2] Historical observation; chemistry=Primospire / NMP; campaign=2026-09-10-exploration-mode; sample_time=2026-09-17 21:39:55. mixing_temp=25; bath_temp=5; pullcast_speed=12; nitrogen=True; coupon_to_bath_wait_time=550; nips_bath_wait_time=1450; polymer_wt=17.5; additive_wt=0.0; cosolvent_type=none; nips_bath_solvent=none; nips_bath_solvent_wt_percent=0.0; Air Temp Mean=25.71; Humidity Mean=43.44; Coupon Temp Mean=25.88; Coupon Humidity Mean=40.8. Thickness: mean=171.71661624954083, SD=21.804563720453; Elastic Modulus: mean=342.4994563222881, SD=11.287284682192649; Yield Strength: mean=29.559879778325417, SD=20.0598565346657; Pore Fraction: mean=0.3462998274597554, SD=0.0124131387768591; Creep Strain: mean=0.0836464983042237, SD=0.0114167271161954; Strain at 50 bar: mean=0.1826612578622188, SD=0.0580432512623432. Modulus and yield strength units: bar; thickness: micrometers; pore fraction and strains: dimensionless. CV Mean=0.2503662587182044; Discarded Fit Quality Mean=51.5; Discarded Fit Reasons=2 failed due to yield point (bp1) likely misplaced. unknown; aggregate SD is intra-sample, not independent synthesis validation. Pore fraction method: compression-curve changepoint estimate; dimensionless, not independent porosimetry. Historical parameters may be outside current bounds; use current bounds for suggestions.","- **Presence:** Membrane is visible — a pale white/grey sheet occupying the aperture.

- **Vertical Coverage:** Membrane appears to span the full top-to-bottom extent of the aperture with no gap at the top or bottom edge.

- **Uniformity:** Largely uniform in color and opacity across most of the surface; minor subtle tonal variation near the lower-centre region but no pronounced patchiness.

- **Defects:** A distinct raised fold/wrinkle is present within the membrane material on the left-centre area, forming a closed loop ridge clearly within the membrane sheet itself — this is a genuine membrane wrinkle, not a lighting artifact. Two small particulate specks are also visible on the membrane surface.

- **Summary:** Membrane shows good vertical coverage and general uniformity but has a notable wrinkle/fold defect on the left side and minor surface particulates.",C:\Users\wang9\Documents\GitHub\NIPS-pipeline\data\results\begins_2026-09-10-exploration-mode\agg.csv,2026-09-10-exploration-mode,2026-09-17 23:48:20,17p5-0add-5deg-cosolv-none-bathSolv-none-0wt-550s-N2-1450s_run2,2026-09-17 21:39:55,2026-09-17 21:39:55,raw specimen filename,Primospire / NMP,17p5-0add-5deg-cosolv-none-bathSolv-none-0wt-550s-N2-1450s_run2_postDiscard,"unknown; aggregate SD is intra-sample, not independent synthesis validation","compression-curve changepoint estimate; dimensionless, not independent porosimetry","Pore Fraction mean=0.3462998274597554, SD=0.0124131387768591; compression-curve changepoint estimate; dimensionless, not independent porosimetry"
